#| curve1 -- this file is used in the development of CHARIOT: Curves, Hackability And Restriction-less Instrument Oriented Tracker
 | Copyright (C) 2026 wqy24
 | This file is under the same license as CHARIOT
 |
 | CHARIOT is free software: you can redistribute it and/or modify
 | it under the terms of the GNU General Public License as published by
 | the Free Software Foundation, either version 3 of the License, or
 | (at your option) any later version.
 |
 | CHARIOT is distributed in the hope that it will be useful,
 | but WITHOUT ANY WARRANTY; without even the implied warranty of
 | MERCHANTABILITY or FITNESS FOR A PARTICULAR PURPOSE. See the
 | GNU General Public License for more details.
 |
 | You should have received a copy of the GNU General Public License
 | along with CHARIOT. If not, see <https://www.gnu.org/licenses/>.
 |#

(0 -3.400923485277214e-5 -6.801049923914305e-5 -1.0200302163118868e-4 -1.3598680178495507e-4 -1.6996183949181978e-4 -2.0392813454352392e-4 -2.3788568673217063e-4 -2.7183449585022545e-4 -3.057745616905158e-4 -3.3970588404623177e-4 -3.736284627109258e-4 -4.075422974785126e-4 -4.414473881432695e-4 -4.753437344998366e-4 -5.092313363432166e-4 -5.43110193468775e-4 -5.769803056722402e-4 -6.108416727497033e-4 -6.446942944976188e-4 -6.785381707128038e-4 -7.123733011924389e-4 -7.46199685734068e-4 -7.800173241355975e-4 -8.138262161952987e-4 -8.476263617118046e-4 -8.814177604841131e-4 -9.15200412311585e-4 -9.489743169939451e-4 -9.827394743312813e-4 -0.0010164958841240466 -0.0010502435461730562 -0.0010839824602794908 -0.0011177126262448946 -0.0011514340438711756 -0.0011851467129606061 -0.001218850633315823 -0.0012525458047398274 -0.0012862322270359842 -0.0013199099000080245 -0.0013535788234600415 -0.0013872389971964956 -0.0014208904210222095 -0.0014545330947423726 -0.0014881670181625384 -0.0015217921910886253 -0.0015554086133269156 -0.0015890162846840595 -0.00162261520496707 -0.0016562053739833254 -0.0016897867915405711 -0.0017233594574469165 -0.001756923371510835 -0.0017904785335411684 -0.0018240249433471231 -0.0018575626007382702 -0.0018910915055245475 -0.0019246116575162581 -0.001958123056524071 -0.0019916257023590224 -0.002025119594832513 -0.0020586047337563087 -0.0020920811189425455 -0.0021255487502037213 -0.0021590076273527025 -0.002192457750202721 -0.0022258991185673768 -0.002259331732260635 -0.002292755591096827 -0.002326170694890652 -0.002359577043457175 -0.0023929746366118288 -0.002426363474170412 -0.0024597435559490914 -0.0024931148817644 -0.002526477451433237 -0.002559831264772872 -0.002593176321600937 -0.0026265126217354363 -0.0026598401649947385 -0.0026931589511975797 -0.002726468980163066 -0.0027597702517106683 -0.002793062765660226 -0.0028263465218319483 -0.002859621520046409 -0.0028928877601245508 -0.0029261452418876863 -0.0029593939651574946 -0.0029926339297560215 -0.0030258651355056843 -0.0030590875822292664 -0.0030923012697499186 -0.0031255061978911623 -0.003158702366476887 -0.0031918897753313497 -0.003225068424279176 -0.0032582383131453596 -0.0032913994417552665 -0.0033245518099346283 -0.0033576954175095447 -0.0033908302643064878 -0.0034239563501522953 -0.003457073674874175 -0.003490182238299707 -0.0035232820402568347 -0.003556373080573876 -0.003589455359079517 -0.0036225288756028097 -0.003655593629973181 -0.003688649622020424 -0.0037216968515747014 -0.003754735318466548 -0.0037877650225268647 -0.0038207859635869274 -0.003853798141478377 -0.003886801556033226 -0.0039197962070838584 -0.003952782094463028 -0.003985759218003856 -0.004018727577539836 -0.0040516871729048345 -0.004084638003933085 -0.00411758007045919 -0.004150513372318126 -0.0041834379093452405 -0.00421635368137625 -0.004249260688247241 -0.004282158929794671 -0.00431504840585537 -0.00434792911626654 -0.004380801060865749 -0.004413664239490941 -0.0044465186519804314 -0.004479364298172901 -0.004512201177907408 -0.00454502929102338 -0.004577848637360615 -0.004610659216759283 -0.004643461029059928 -0.004676254074103461 -0.00470903835173117 -0.0047418138617847105 -0.00477458060410611 -0.004807338578537774 -0.00484008778492247 -0.0048728282231033475 -0.00490555989292392 -0.004938282794228078 -0.004970996926860084 -0.00500370229066457 -0.005036398885486544 -0.0050690867111713835 -0.00510176576756484 -0.005134436054513038 -0.005167097571862473 -0.005199750319460016 -0.005232394297152905 -0.00526502950478876 -0.005297655942215564 -0.0053302736092816815 -0.005362882505835844 -0.00539548263172716 -0.005428073986805108 -0.005460656570919545 -0.005493230383920692 -0.005525795425659154 -0.005558351695985903 -0.0055908991947522845 -0.005623437921810023 -0.00565596787701121 -0.005688489060208314 -0.005721001471254178 -0.005753505110002016 -0.005785999976305419 -0.005818486070018351 -0.005850963390995151 -0.005883431939090525 -0.005915891714159564 -0.005948342716057729 -0.005980784944640854 -0.006013218399765145 -0.006045643081287189 -0.00607805898906394 -0.006110466122952735 -0.006142864482811281 -0.006175254068497656 -0.006207634879870319 -0.006240006916788101 -0.006272370179110209 -0.0063047246666962245 -0.006337070379406103 -0.006369407317100177 -0.0064017354796391535 -0.006434054866884113 -0.006466365478696513 -0.006498667314938187 -0.006530960375471343 -0.006563244660158564 -0.006595520168862806 -0.00662778690144741 -0.006660044857776082 -0.006692294037712908 -0.006724534441122354 -0.006756766067869253 -0.006788988917818818 -0.006821202990836643 -0.006853408286788691 -0.006885604805541305 -0.006917792546961204 -0.006949971510915478 -0.006982141697271603 -0.007014303105897423 -0.007046455736661162 -0.007078599589431419 -0.007110734664077171 -0.007142860960467774 -0.007174978478472955 -0.007207087217962821 -0.007239187178807855 -0.007271278360878918 -0.007303360764047247 -0.007335434388184458 -0.00736749923316254 -0.007399555298853861 -0.007431602585131172 -0.007463641091867587 -0.007495670818936615 -0.00752769176621213 -0.007559703933568387 -0.0075917073208800175 -0.007623701928022034 -0.007655687754869823 -0.00768766480129915 -0.007719633067186161 -0.007751592552407375 -0.007783543256839689 -0.007815485180360383 -0.007847418322847112 -0.007879342684177908 -0.007911258264231181 -0.007943165062885723 -0.0079750630800207 -0.008006952315515656 -0.00803883276925052 -0.008070704441105594 -0.008102567330961557 -0.008134421438699468 -0.008166266764200769 -0.008198103307347273 -0.008229931068021177 -0.00826175004610506 -0.008293560241481875 -0.008325361654034948 -0.008357154283647994 -0.008388938130205107 -0.008420713193590754 -0.008452479473689782 -0.00848423697038742 -0.008515985683569278 -0.00854772561312134 -0.008579456758929974 -0.008611179120881924 -0.008642892698864318 -0.008674597492764655 -0.008706293502470824 -0.008737980727871087 -0.008769659168854093 -0.00880132882530886 -0.008832989697124793 -0.008864641784191675 -0.00889628508639967 -0.008927919603639325 -0.00895954533580156 -0.00899116228277768 -0.00902277044445937 -0.009054369820738692 -0.009085960411508096 -0.009117542216660402 -0.00914911523608882 -0.009180679469686934 -0.00921223491734871 -0.009243781578968498 -0.009275319454441027 -0.009306848543661405 -0.009338368846525122 -0.009369880362928048 -0.009401383092766434 -0.009432877035936918 -0.009464362192336512 -0.009495838561862606 -0.009527306144412984 -0.009558764939885799 -0.009590214948179588 -0.009621656169193277 -0.009653088602826166 -0.009684512248977937 -0.009715927107548651 -0.009747333178438762 -0.009778730461549093 -0.009810118956780857 -0.009841498664035643 -0.009872869583215423 -0.009904231714222556 -0.009935585056959776 -0.009966929611330206 -0.009998265377237343 -0.010029592354585073 -0.010060910543277658 -0.010092219943219754 -0.010123520554316381 -0.01015481237647296 -0.010186095409595282 -0.010217369653589518 -0.01024863510836224 -0.010279891773820386 -0.010311139649871275 -0.010342378736422624 -0.010373609033382516 -0.010404830540659427 -0.010436043258162216 -0.010467247185800119 -0.010498442323482758 -0.010529628671120138 -0.01056080622862265 -0.010591974995901062 -0.01062313497286653 -0.010654286159430593 -0.010685428555505168 -0.010716562161002564 -0.010747686975835467 -0.010778802999916948 -0.010809910233160462 -0.01084100867547985 -0.010872098326789332 -0.01090317918700351 -0.010934251256037383 -0.010965314533806317 -0.01099636902022607 -0.011027414715212784 -0.011058451618682985 -0.011089479730553582 -0.01112049905074187 -0.011151509579165525 -0.011182511315742603 -0.011213504260391562 -0.01124448841303122 -0.011275463773580803 -0.011306430341959897 -0.011337388118088496 -0.011368337101886965 -0.011399277293276056 -0.011430208692176907 -0.011461131298511036 -0.011492045112200354 -0.011522950133167153 -0.011553846361334106 -0.011584733796624277 -0.011615612438961113 -0.011646482288268442 -0.01167734334447048 -0.011708195607491829 -0.011739039077257481 -0.0117698737536928 -0.011800699636723547 -0.011831516726275857 -0.011862325022276275 -0.011893124524651699 -0.01192391523332943 -0.01195469714823716 -0.011985470269302951 -0.012016234596455263 -0.012046990129622933 -0.01207773686873519 -0.012108474813721648 -0.012139203964512308 -0.012169924321037548 -0.012200635883228143 -0.012231338651015248 -0.012262032624330408 -0.01229271780310555 -0.012323394187272992 -0.012354061776765431 -0.012384720571515954 -0.012415370571458037 -0.012446011776525545 -0.01247664418665272 -0.01250726780177419 -0.012537882621824982 -0.0125684886467405 -0.01259908587645654 -0.012629674310909278 -0.01266025395003528 -0.012690824793771503 -0.012721386842055284 -0.012751940094824355 -0.01278248455201682 -0.012813020213571192 -0.012843547079426348 -0.012874065149521571 -0.01290457442379652 -0.012935074902191247 -0.012965566584646189 -0.012996049471102163 -0.013026523561500391 -0.013056988855782468 -0.013087445353890377 -0.013117893055766494 -0.013148331961353584 -0.013178762070594785 -0.013209183383433649 -0.013239595899814095 -0.013269999619680431 -0.013300394542977363 -0.013330780669649971 -0.013361157999643743 -0.013391526532904532 -0.013421886269378593 -0.01345223720901257 -0.013482579351753485 -0.013512912697548759 -0.013543237246346197 -0.013573552998093989 -0.013603859952740719 -0.01363415811023535 -0.013664447470527247 -0.013694728033566157 -0.01372499979930221 -0.013755262767685931 -0.013785516938668235 -0.013815762312200417 -0.013845998888234172 -0.013876226666721576 -0.013906445647615095 -0.01393665583086759 -0.013966857216432298 -0.013997049804262862 -0.014027233594313298 -0.014057408586538022 -0.014087574780891829 -0.014117732177329917 -0.014147880775807855 -0.014178020576281626 -0.014208151578707575 -0.014238273783042456 -0.014268387189243406 -0.01429849179726795 -0.014328587607073999 -0.014358674618619865 -0.014388752831864235 -0.014418822246766204 -0.014448882863285238 -0.014478934681381199 -0.014508977701014348 -0.014539011922145325 -0.014569037344735162 -0.014599053968745284 -0.014629061794137501 -0.014659060820874021 -0.014689051048917436 -0.014719032478230726 -0.014749005108777268 -0.014778968940520824 -0.014808923973425543 -0.014838870207455977 -0.01486880764257706 -0.014898736278754115 -0.014928656115952857 -0.014958567154139391 -0.014988469393280215 -0.015018362833342213 -0.015048247474292667 -0.015078123316099246 -0.01510799035873 -0.015137848602153387 -0.015167698046338246 -0.015197538691253811 -0.015227370536869698 -0.015257193583155925 -0.015287007830082891 -0.015316813277621393 -0.015346609925742626 -0.015376397774418156 -0.015406176823619956 -0.015435947073320383 -0.015465708523492192 -0.015495461174108527 -0.015525205025142916 -0.015554940076569285 -0.015584666328361956 -0.015614383780495629 -0.01564409243294541 -0.01567379228568679 -0.015703483338695645 -0.01573316559194826 -0.015762839045421292 -0.015792503699091798 -0.015822159552937236 -0.015851806606935442 -0.015881444861064655 -0.015911074315303485 -0.01594069496963097 -0.015970306824026507 -0.0159999098784699 -0.016029504132941342 -0.016059089587421412 -0.0160886662418911 -0.016118234096331764 -0.016147793150725176 -0.01617734340505349 -0.01620688485929925 -0.016236417513445393 -0.01626594136747525 -0.016295456421372558 -0.01632496267512142 -0.016354460128706345 -0.016383948782112242 -0.016413428635324405 -0.01644289968832852 -0.016472361941110666 -0.016501815393657318 -0.016531260045955343 -0.01656069589799199 -0.016590122949754926 -0.016619541201232185 -0.016648950652412207 -0.016678351303283823 -0.016707743153836257 -0.016737126204059122 -0.016766500453942436 -0.016795865903476596 -0.0168252225526524 -0.016854570401461037 -0.016883909449894093 -0.01691323969794354 -0.016942561145601755 -0.01697187379286149 -0.017001177639715915 -0.017030472686158572 -0.017059758932183405 -0.017089036377784757 -0.017118305022957355 -0.017147564867696325 -0.017176815911997188 -0.017206058155855856 -0.017235291599268628 -0.017264516242232218 -0.017293732084743708 -0.017322939126800593 -0.01735213736840075 -0.017381326809542463 -0.017410507450224395 -0.01743967929044561 -0.01746884233020558 -0.017497996569504144 -0.01752714200834155 -0.01755627864671844 -0.017585406484635854 -0.017614525522095224 -0.017643635759098365 -0.017672737195647503 -0.017701829831745244 -0.01773091366739461 -0.017759988702598987 -0.017789054937362186 -0.017818112371688385 -0.017847161005582188 -0.017876200839048558 -0.01790523187209288 -0.017934254104720923 -0.017963267536938853 -0.01799227216875323 -0.01802126800017101 -0.018050255031199537 -0.018079233261846565 -0.018108202692120233 -0.018137163322029068 -0.01816611515158201 -0.01819505818078838 -0.0182239924096579 -0.018252917838200686 -0.018281834466427244 -0.018310742294348488 -0.018339641321975717 -0.018368531549320628 -0.018397412976395314 -0.018426285603212262 -0.018455149429784354 -0.018484004456124872 -0.018512850682247485 -0.01854168810816628 -0.0185705167338957 -0.01859933655945062 -0.01862814758484629 -0.018656949810098373 -0.018685743235222912 -0.018714527860236353 -0.01874330368515553 -0.018772070709997687 -0.018800828934780453 -0.018829578359521863 -0.018858318984240327 -0.018887050808954677 -0.018915773833684126 -0.018944488058448283 -0.01897319348326716 -0.019001890108161168 -0.019030577933151098 -0.019059256958258153 -0.01908792718350392 -0.019116588608910398 -0.019145241234499972 -0.019173885060295416 -0.019202520086319917 -0.019231146312597047 -0.01925976373915078 -0.019288372366005488 -0.01931697219318593 -0.019345563220717274 -0.019374145448625073 -0.019402718876935284 -0.01943128350567426 -0.01945983933486875 -0.019488386364545904 -0.01951692459473325 -0.019545454025458747 -0.01957397465675071 -0.01960248648863789 -0.019630989521149406 -0.01965948375431479 -0.019687969188163963 -0.019716445822727253 -0.019744913658035376 -0.01977337269411944 -0.019801822931010963 -0.019830264368741857 -0.019858697007344425 -0.01988712084685137 -0.019915535887295797 -0.01994394212871121 -0.019972339571131495 -0.020000728214590955 -0.020029108059124275 -0.020057479104766553 -0.020085841351553255 -0.02011419479952029 -0.020142539448703922 -0.02017087529914083 -0.020199202350868105 -0.02022752060392321 -0.020255830058344016 -0.0202841307141688 -0.020312422571436225 -0.020340705630185356 -0.020368979890455663 -0.020397245352286996 -0.020425502015719625 -0.020453749880794195 -0.020481988947551776 -0.0205102192160338 -0.020538440686282147 -0.020566653358339043 -0.02059485723224714 -0.020623052308049488 -0.020651238585789527 -0.0206794160655111 -0.020707584747258447 -0.02073574463107621 -0.020763895717009415 -0.02079203800510351 -0.020820171495404317 -0.020848296187958075 -0.020876412082811407 -0.02090451918001135 -0.020932617479605328 -0.020960706981641167 -0.020988787686167083 -0.02101685959323171 -0.02104492270288406 -0.021072977015173563 -0.02110102253015003 -0.021129059247863673 -0.021157087168365125 -0.021185106291705388 -0.021213116617935877 -0.02124111814710841 -0.02126911087927519 -0.021297094814488833 -0.021325069952802343 -0.021353036294269132 -0.021380993838943006 -0.02140894258687818 -0.021436882538129243 -0.02146481369275121 -0.02149273605079948 -0.02152064961232986 -0.021548554377398537 -0.021576450346062127 -0.021604337518377623 -0.02163221589440243 -0.021660085474194343 -0.02168794625781156 -0.021715798245312674 -0.02174364143675668 -0.021771475832202992 -0.021799301431711382 -0.021827118235342065 -0.02185492624315561 -0.02188272545521303 -0.02191051587157572 -0.021938297492305456 -0.02196607031746445 -0.021993834347115274 -0.02202158958132094 -0.022049336020144823 -0.022077073663650724 -0.02210480251190283 -0.02213252256496573 -0.022160233822904413 -0.02218793628578427 -0.0222156299536711 -0.02224331482663108 -0.02227099090473081 -0.022298658188037265 -0.022326316676617858 -0.02235396637054035 -0.02238160726987296 -0.022409239374684253 -0.022436862685043232 -0.02246447720101928 -0.022492082922682195 -0.022519679850102156 -0.022547267983349766 -0.02257484732249601 -0.022602417867612266 -0.022629979618770342 -0.02265753257604243 -0.02268507673950111 -0.022712612109219377 -0.022740138685270625 -0.022767656467728645 -0.022795165456667627 -0.022822665652162177 -0.022850157054287272 -0.022877639663118326 -0.02290511347873111 -0.022932578501201843 -0.0229600347306071 -0.022987482167023895 -0.023014920810529606 -0.023042350661202055 -0.023069771719119413 -0.0230971839843603 -0.023124587457003708 -0.02315198213712904 -0.023179368024816092 -0.023206745120145072 -0.023234113423196586 -0.02326147293405163 -0.02328882365279161 -0.02331616557949833 -0.02334349871425401 -0.02337082305714124 -0.023398138608243024 -0.023425445367642798 -0.023452743335424353 -0.023480032511671897 -0.02350731289647006 -0.02353458448990384 -0.023561847292058655 -0.02358910130302033 -0.023616346522875066 -0.023643582951709496 -0.023670810589610628 -0.023698029436665886 -0.023725239492963103 -0.023752440758590485 -0.023779633233636664 -0.02380681691819066 -0.023833991812341918 -0.023861157916180244 -0.023888315229795884 -0.023915463753279458 -0.02394260348672201 -0.02396973443021496 -0.02399685658385015 -0.024023969947719822 -0.02405107452191661 -0.02407817030653356 -0.024105257301664105 -0.02413233550740209 -0.024159404923841766 -0.024186465551077774 -0.02421351738920516 -0.024240560438319382 -0.024267594698516286 -0.024294620169892124 -0.024321636852543564 -0.024348644746567644 -0.024375643852061833 -0.024402634169123992 -0.024429615697852382 -0.02445658843834566 -0.02448355239070291 -0.02451050755502358 -0.024537453931407546 -0.024564391519955084 -0.024591320320766868 -0.024618240333943973 -0.024645151559587877 -0.024672053997800453 -0.024698947648683984 -0.02472583251234117 -0.02475270858887508 -0.024779575878389203 -0.024806434380987438 -0.024833284096774075 -0.024860125025853795 -0.02488695716833171 -0.024913780524313325 -0.024940595093904522 -0.024967400877211617 -0.02499419787434131 -0.02502098608540072 -0.025047765510497335 -0.025074536149739087 -0.025101298003234282 -0.025128051071091645 -0.02515479535342029 -0.025181530850329734 -0.02520825756192991 -0.025234975488331146 -0.025261684629644163 -0.025288384985980107 -0.025315076557450498 -0.025341759344167276 -0.025368433346242784 -0.02539509856378976 -0.025421754996921352 -0.02544840264575111 -0.025475041510392978 -0.02550167159096131 -0.025528292887570865 -0.025554905400336798 -0.025581509129374666 -0.025608104074800433 -0.02563469023673047 -0.02566126761528154 -0.025687836210570816 -0.025714396022715875 -0.025740947051834693 -0.025767489298045645 -0.02579402276146752 -0.0258205474422195 -0.025847063340421174 -0.02587357045619253 -0.025900068789653972 -0.025926558340926272 -0.025953039110130666 -0.02597951109738873 -0.02600597430282248 -0.026032428726554327 -0.02605887436870707 -0.026085311229403937 -0.02611173930876854 -0.0261381586069249 -0.026164569123997443 -0.026190970860110997 -0.02621736381539079 -0.026243747989962447 -0.026270123383952022 -0.026296489997485937 -0.026322847830691044 -0.02634919688369459 -0.026375537156624218 -0.026401868649607987 -0.026428191362774345 -0.026454505296252158 -0.02648081045017068 -0.02650710682465958 -0.026533394419848932 -0.02655967323586919 -0.026585943272851253 -0.026612204530926383 -0.026638457010226265 -0.026664700710882987 -0.026690935633029038 -0.026717161776797307 -0.026743379142321087 -0.026769587729734083 -0.026795787539170387 -0.02682197857076452 -0.026848160824651374 -0.026874334300966276 -0.026900498999844938 -0.026926654921423467 -0.026952802065838402 -0.02697894043322666 -0.027005070023725576 -0.02703119083747288 -0.027057302874606705 -0.02708340613526561 -0.02710950061958852 -0.027135586327714782 -0.02716166325978417 -0.02718773141593682 -0.027213790796313295 -0.02723984140105456 -0.02726588323030197 -0.02729191628419731 -0.02731794056288275 -0.027343956066500863 -0.02736996279519463 -0.027395960749107436 -0.027421949928383076 -0.027447930333165727 -0.027473901963600014 -0.027499864819830903 -0.027525818902003816 -0.027551764210264562 -0.027577700744759345 -0.027603628505634775 -0.02762954749303789 -0.027655457707116096 -0.02768135914801723 -0.02770725181588951 -0.027733135710881575 -0.027759010833142476 -0.027784877182821646 -0.02781073476006893 -0.027836583565034573 -0.027862423597869244 -0.02788825485872399 -0.027914077347750275 -0.027939891065099958 -0.027965696010925335 -0.027991492185379045 -0.028017279588614184 -0.02804305822078424 -0.02806882808204309 -0.028094589172545023 -0.02812034149244473 -0.02814608504189733 -0.028171819821058305 -0.028197545830083576 -0.028223263069129437 -0.028248971538352614 -0.028274671237910217 -0.02830036216795978 -0.02832604432865922 -0.028351717720166876 -0.028377382342641484 -0.028403038196242177 -0.028428685281128505 -0.02845432359746041 -0.02847995314539825 -0.028505573925102765 -0.02853118593673514 -0.028556789180456933 -0.028582383656430104 -0.028607969364817035 -0.028633546305780487 -0.028659114479483667 -0.028684673886090143 -0.02871022452576391 -0.02873576639866936 -0.0287612995049713 -0.028786823844834927 -0.02881233941842585 -0.028837846225910083 -0.02886334426745403 -0.028888833543224534 -0.0289143140533888 -0.02893978579811446 -0.028965248777569563 -0.028990702991922527 -0.029016148441342197 -0.02904158512599784 -0.02906701304605908 -0.029092432201695995 -0.029117842593079025 -0.029143244220379044 -0.02916863708376733 -0.02919402118341553 -0.029219396519495754 -0.029244763092180458 -0.029270120901642542 -0.029295469948055288 -0.029320810231592408 -0.029346141752427977 -0.029371464510736526 -0.029396778506692933 -0.02942208374047254 -0.02944738021225105 -0.029472667922204574 -0.02949794687050967 -0.02952321705734325 -0.02954847848288264 -0.029573731147305594 -0.02959897505079026 -0.029624210193515174 -0.029649436575659303 -0.029674654197401996 -0.029699863058923012 -0.02972506316040254 -0.029750254502021123 -0.029775437083959765 -0.02980061090639982 -0.029825775969523093 -0.029850932273511765 -0.029876079818548437 -0.029901218604816107 -0.029926348632498177 -0.029951469901778455 -0.029976582412841152 -0.030001686165870893 -0.030026781161052687 -0.030051867398571984 -0.0300769448786146 -0.030102013601366762 -0.030127073567015123 -0.03015212477574674 -0.030177167227749036 -0.030202200923209882 -0.030227225862317537 -0.030252242045260662 -0.03027724947222833 -0.030302248143410003 -0.030327238058995575 -0.030352219219175313 -0.030377191624139915 -0.030402155274080474 -0.030427110169188473 -0.030452056309655823 -0.03047699369567483 -0.03050192232743821 -0.030526842205139064 -0.030551753328970928 -0.03057665569912771 -0.030601549315803746 -0.030626434179193765 -0.030651310289492924 -0.030676177646896754 -0.0307010362516012 -0.030725886103802613 -0.03075072720369776 -0.030775559551483794 -0.03080038314735828 -0.03082519799151921 -0.030850004084164932 -0.030874801425494258 -0.030899590015706344 -0.030924369855000793 -0.030949140943577595 -0.030973903281637166 -0.030998656869380282 -0.03102340170700818 -0.03104813779472246 -0.03107286513272515 -0.031097583721218652 -0.031122293560405818 -0.03114699465048986 -0.031171686991674434 -0.03119637058416358 -0.031221045428161724 -0.031245711523873742 -0.031270368871504875 -0.031295017471260796 -0.031319657323347565 -0.03134428842797164 -0.03136891078533992 -0.03139352439565967 -0.031418129259138575 -0.03144272537598473 -0.03146731274640662 -0.03149189137061315 -0.031516461248813625 -0.03154102238121775 -0.031565574768035634 -0.0315901184094778 -0.031614653305755164 -0.03163917945707907 -0.03166369686366123 -0.031688205525713796 -0.031712705443449285 -0.031737196617080674 -0.03176167904682129 -0.031786152732884904 -0.03181061767548565 -0.03183507387483814 -0.03185952133115729 -0.0318839600446585 -0.031908390015557564 -0.03193281124407063 -0.03195722373041431 -0.03198162747480558 -0.03200602247746187 -0.03203040873860095 -0.032054786258441034 -0.03207915503720074 -0.032103515075099065 -0.032127866372355464 -0.03215220892918974 -0.03217654274582211 -0.03220086782247324 -0.03222518415936415 -0.03224949175671629 -0.03227379061475151 -0.03229808073369206 -0.03232236211376059 -0.03234663475518018 -0.03237089865817429 -0.03239515382296679 -0.032419400249781946 -0.032443637938844465 -0.03246786689037941 -0.03249208710461227 -0.032516298581768965 -0.03254050132207578 -0.0325646953257594 -0.03258888059304697 -0.032613057124165984 -0.03263722491934435 -0.03266138397881042 -0.03268553430279288 -0.032709675891520906 -0.03273380874522401 -0.03275793286413214 -0.03278204824847563 -0.032806154898485235 -0.032830252814392114 -0.03285434199642783 -0.03287842244482435 -0.03290249415981402 -0.032926557141629634 -0.032950611390504356 -0.032974656906671784 -0.032998693690365885 -0.03302272174182107 -0.03304674106127211 -0.033070751648954226 -0.03309475350510302 -0.033118746629954496 -0.03314273102374506 -0.03316670668671153 -0.03319067361909116 -0.03321463182112153 -0.033238581293040706 -0.0332625220350871 -0.033286454047499574 -0.033310377330517366 -0.03333429188438011 -0.03335819770932787 -0.033382094805601115 -0.033405983173440686 -0.03342986281308787 -0.03345373372478432 -0.033477595908772126 -0.03350144936529377 -0.03352529409459211 -0.03354913009691046 -0.0335729573724925 -0.03359677592158235 -0.033620585744424475 -0.03364438684126381 -0.03366817921234565 -0.03369196285791571 -0.03371573777822013 -0.033739503973505405 -0.03376326144401849 -0.03378701019000668 -0.03381075021171775 -0.033834481509399814 -0.033858204083301424 -0.03388191793367153 -0.0339056230607595 -0.03392931946481506 -0.0339530071460884 -0.03397668610483006 -0.03400035634129104 -0.0340240178557227 -0.0340476706483768 -0.034071314719505544 -0.03409495006936152 -0.03411857669819772 -0.03414219460626752 -0.03416580379382473 -0.03418940426112356 -0.034212996008418615 -0.034236579035964894 -0.03426015334401783 -0.03428371893283323 -0.03430727580266733 -0.03433082395377674 -0.03435436338641851 -0.03437789410085007 -0.03440141609732925 -0.034424929376114306 -0.034448433937463885 -0.03447192978163704 -0.03449541690889321 -0.03451889531949229 -0.03454236501369451 -0.03456582599176054 -0.034589278253951486 -0.03461272180052879 -0.034636156631754345 -0.03465958274789043 -0.034683000149199734 -0.03470640883594534 -0.03472980880839077 -0.034753200066799904 -0.03477658261143705 -0.0347999564425669 -0.03482332156045458 -0.03484667796536561 -0.03487002565756589 -0.03489336463732177 -0.034916694904899945 -0.03494001646056757 -0.03496332930459216 -0.034986633437241656 -0.0350099288587844 -0.03503321556948916 -0.03505649356962504 -0.035079762859461634 -0.035103023439268875 -0.035126275309317126 -0.035149518469877156 -0.03517275292122012 -0.03519597866361761 -0.035219195697341575 -0.03524240402266441 -0.035265603639858895 -0.035288794549198206 -0.035311976750955945 -0.03533515024540608 -0.03535831503282303 -0.03538147111348159 -0.03540461848765696 -0.03542775715562474 -0.035450887117660944 -0.03547400837404199 -0.03549712092504469 -0.03552022477094626 -0.03554331991202432 -0.03556640634855693 -0.03558948408082248 -0.03561255310909982 -0.035635613433668174 -0.03565866505480721 -0.03568170797279694 -0.03570474218791783 -0.03572776770045074 -0.0357507845106769 -0.035773792618877975 -0.035796792025336026 -0.03581978273033352 -0.035842764734153314 -0.03586573803707869 -0.03588870263939332 -0.03591165854138127 -0.03593460574332702 -0.035957544245515456 -0.03598047404823188 -0.03600339515176195 -0.03602630755639178 -0.03604921126240785 -0.036072106270097076 -0.03609499257974674 -0.03611787019164456 -0.03614073910607864 -0.03616359932333747 -0.03618645084371 -0.036209293667485515 -0.03623212779495376 -0.036254953226404825 -0.036277769962129267 -0.03630057800241799 -0.03632337734756234 -0.036346167997854034 -0.03636894995358522 -0.03639172321504844 -0.03641448778253663 -0.03643724365634313 -0.036459990836761685 -0.03648272932408647 -0.03650545911861201 -0.03652818022063328 -0.03655089263044563 -0.03657359634834482 -0.036596291374627006 -0.036618977709588774 -0.03664165535352708 -0.036664324306739285 -0.036686984569523184 -0.03670963614217695 -0.03673227902499915 -0.03675491321828877 -0.03677753872234521 -0.03680015553746824 -0.036822763663958036 -0.036845363102115225 -0.03686795385224079 -0.036890535914636105 -0.036913109289602994 -0.03693567397744365 -0.03695822997846067 -0.036980777292957075 -0.03700331592123626 -0.03702584586360204 -0.03704836712035863 -0.037070879691810645 -0.0370933835782631 -0.037115878780021413 -0.03713836529739141 -0.037160843130679314 -0.03718331228019174 -0.03720577274623575 -0.03722822452911873 -0.037250667629148554 -0.03727310204663342 -0.03729552778188199 -0.037317944835203294 -0.037340353206906776 -0.03736275289730227 -0.03738514390670002 -0.037407526235410694 -0.03742989988374531 -0.037452264852015346 -0.03747462114053264 -0.03749696874960944 -0.03751930767955842 -0.03754163793069263 -0.03756395950332552 -0.03758627239777097 -0.03760857661434323 -0.037630872153356955 -0.03765315901512724 -0.037675437199969526 -0.0376977067081997 -0.03771996754013403 -0.03774221969608918 -0.03776446317638224 -0.03778669798133068 -0.03780892411125237 -0.037831141566465595 -0.03785335034728904 -0.03787555045404178 -0.03789774188704331 -0.037919924646613506 -0.03794209873307265 -0.03796426414674145 -0.03798642088794097 -0.03800856895699273 -0.038030708354218595 -0.038052839079940864 -0.03807496113448225 -0.038097074518165824 -0.038119179231315095 -0.03814127527425397 -0.038163362647306735 -0.038185441350798086 -0.038207511385053156 -0.03822957275039741 -0.038251625447156774 -0.03827366947565754 -0.03829570483622643 -0.03831773152919054 -0.03833974955487738 -0.03836175891361486 -0.038383759605731274 -0.03840575163155537 -0.03842773499141623 -0.038449709685643374 -0.03847167571456671 -0.03849363307851656 -0.03851558177782364 -0.03853752181281905 -0.03855945318383434 -0.03858137589120139 -0.03860328993525253 -0.038625195316320485 -0.03864709203473837 -0.038668980090839716 -0.03869085948495843 -0.038712730217428826 -0.038734592288585626 -0.03875644569876399 -0.03877829044829938 -0.03880012653752776 -0.03882195396678545 -0.03884377273640914 -0.03886558284673601 -0.03888738429810353 -0.03890917709084965 -0.0389309612253127 -0.038952736701831414 -0.03897450352074487 -0.038996261682392626 -0.039018011187114614 -0.039039752035251146 -0.03906148422714296 -0.039083207763131164 -0.039104922643557305 -0.03912662886876328 -0.03914832643909145 -0.039170015354884506 -0.039191695616485604 -0.03921336722423825 -0.03923503017848638 -0.03925668447957431 -0.03927833012784678 -0.0392999671236489 -0.0393215954673262 -0.03934321515922461 -0.039364826199690436 -0.039386428589070425 -0.03940802232771169 -0.039429607415961763 -0.03945118385416855 -0.03947275164268038 -0.03949431078184598 -0.03951586127201448 -0.03953740311353538 -0.03955893630675861 -0.03958046085203449 -0.03960197674971374 -0.03962348400014749 -0.039644982603687234 -0.03966647256068491 -0.039687953871492807 -0.039709426536463664 -0.0397308905559506 -0.03975234593030712 -0.03977379265988713 -0.03979523074504496 -0.039816660186135305 -0.03983808098351328 -0.03985949313753441 -0.03988089664855457 -0.03990229151693011 -0.039923677743017694 -0.03994505532717447 -0.039966424269757904 -0.039987784571125916 -0.04000913623163681 -0.040030479251649285 -0.04005181363152243 -0.04007313937161576 -0.04009445647228917 -0.040115764933902946 -0.04013706475681779 -0.040158355941394774 -0.04017963848799541 -0.040200912396981606 -0.04022217766871561 -0.04024343430356012 -0.04026468230187824 -0.04028592166403344 -0.04030715239038961 -0.04032837448131102 -0.04034958793716235 -0.04037079275830868 -0.04039198894511548 -0.04041317649794864 -0.04043435541717442 -0.04045552570315949 -0.0404766873562709 -0.04049784037687614 -0.040518984765343075 -0.04054012052203995 -0.040561247647335444 -0.0405823661415986 -0.04060347600519888 -0.040624577238506134 -0.040645669841890615 -0.040666753815722975 -0.040687829160374264 -0.0407088958762159 -0.04072995396361977 -0.04075100342295808 -0.04077204425460347 -0.040793076458929 -0.04081410003630809 -0.040835114987114556 -0.04085612131172264 -0.04087711901050696 -0.04089810808384256 -0.04091908853210483 -0.040940060355669605 -0.040961023554913094 -0.04098197813021192 -0.041002924081943073 -0.041023861410483975 -0.041044790116212426 -0.04106571019950664 -0.04108662166074518 -0.041107524500307066 -0.04112841871857171 -0.04114930431591886 -0.041170181292728716 -0.04119104964938187 -0.04121190938625931 -0.04123276050374239 -0.04125360300221289 -0.041274436882053 -0.04129526214364526 -0.041316078787372645 -0.04133688681361854 -0.04135768622276666 -0.041378477015201184 -0.04139925919130666 -0.04142003275146801 -0.04144079769607063 -0.04146155402550021 -0.04148230174014291 -0.041503040840385266 -0.04152377132661421 -0.04154449319921703 -0.0415652064585815 -0.0415859111050957 -0.04160660713914817 -0.04162729456112779 -0.041647973371423896 -0.041668643570426184 -0.04168930515852474 -0.04170995813611007 -0.04173060250357306 -0.04175123826130501 -0.041771865409697566 -0.04179248394914285 -0.04181309388003332 -0.041833695202761825 -0.04185428791772165 -0.041874872025306466 -0.04189544752591032 -0.04191601441992766 -0.04193657270775334 -0.0419571223897826 -0.04197766346641108 -0.041998195938034805 -0.04201871980505023 -0.042039235067854175 -0.04205974172684384 -0.04208023978241686 -0.04210072923497124 -0.04212121008490539 -0.0421416823326181 -0.04216214597850858 -0.042182601022976426 -0.04220304746642162 -0.04222348530924454 -0.042243914551845965 -0.04226433519462707 -0.042284747237989424 -0.04230515068233498 -0.042325545528066104 -0.042345931775585544 -0.04236630942529646 -0.04238667847760238 -0.042407038932907225 -0.04242739079161535 -0.04244773405413148 -0.04246806872086073 -0.042488394792208596 -0.04250871226858102 -0.04252902115038427 -0.042549321438025076 -0.04256961313191051 -0.042589896232448056 -0.04261017074004561 -0.042630436655111445 -0.04265069397805421 -0.04267094270928298 -0.042691182849207227 -0.04271141439823678 -0.0427316373567819 -0.04275185172525321 -0.04277205750406177 -0.042792254693618983 -0.04281244329433666 -0.04283262330662705 -0.04285279473090274 -0.04287295756757674 -0.042893111817062436 -0.04291325747977362 -0.04293339455612449 -0.04295352304652961 -0.04297364295140394 -0.04299375427116286 -0.04301385700622213 -0.04303395115699789 -0.043054036723906675 -0.04307411370736545 -0.04309418210779152 -0.043114241925602606 -0.04313429316121685 -0.04315433581505275 -0.0431743698875292 -0.04319439537906549 -0.04321441229008134 -0.04323442062099681 -0.04325442037223236 -0.0432744115442089 -0.04329439413734765 -0.04331436815207028 -0.04333433358879884 -0.04335429044795576 -0.04337423872996386 -0.0433941784352464 -0.04341410956422696 -0.04343403211732956 -0.04345394609497862 -0.0434738514975989 -0.04349374832561562 -0.04351363657945434 -0.04353351625954103 -0.04355338736630204 -0.04357324990016416 -0.04359310386155451 -0.04361294925090064 -0.04363278606863047 -0.04365261431517234 -0.04367243399095493 -0.0436922450964074 -0.043712047631959225 -0.043731841598040284 -0.04375162699508088 -0.043771403823511655 -0.0437911720837637 -0.04381093177626848 -0.043830682901457835 -0.043850425459763996 -0.043870159451619595 -0.04388988487745768 -0.043909601737711634 -0.04392931003281529 -0.04394900976320283 -0.04396870092930885 -0.043988383531568316 -0.044008057570416634 -0.04402772304628953 -0.04404737995962316 -0.04406702831085411 -0.044086668100419266 -0.04410629932875597 -0.044125921996301935 -0.044145536103495295 -0.04416514165077453 -0.044184738638578525 -0.04420432706734656 -0.04422390693751833 -0.04424347824953386 -0.044263041003833624 -0.04428259520085847 -0.04430214084104962 -0.0443216779248487 -0.04434120645269772 -0.0443607264250391 -0.04438023784231561 -0.04439974070497045 -0.04441923501344718 -0.04443872076818979 -0.044458197969642614 -0.04447766661825041 -0.04449712671445831 -0.04451657825871183 -0.04453602125145689 -0.0445554556931398 -0.044574881584207256 -0.044594298925106315 -0.04461370771628449 -0.044633107958189616 -0.04465249965126995 -0.04467188279597416 -0.04469125739275123 -0.04471062344205063 -0.04472998094432214 -0.04474932990001597 -0.0447686703095827 -0.044788002173473326 -0.04480732549213919 -0.044826640266032086 -0.04484594649560412 -0.04486524418130785 -0.044884533323596196 -0.04490381392292246 -0.04492308597974037 -0.04494234949450398 -0.044961604467667796 -0.044980850899686675 -0.045000088791015865 -0.045019318142111034 -0.045038538953428194 -0.04505775122542378 -0.0450769549585546 -0.045096150153277836 -0.045115336810051095 -0.045134514929332355 -0.04515368451157998 -0.04517284555725269 -0.04519199806680966 -0.04521114204071041 -0.04523027747941485 -0.04524940438338328 -0.045268522753076405 -0.045287632588955296 -0.04530673389148143 -0.04532582666111665 -0.04534491089832321 -0.04536398660356373 -0.045383053777301244 -0.04540211241999914 -0.045421162532121216 -0.045440204114131674 -0.045459237166495046 -0.045478261689676315 -0.04549727768414082 -0.04551628515035429 -0.04553528408878283 -0.045554274499892966 -0.045573256384151564 -0.04559222974202594 -0.045611194573983715 -0.04563015088049297 -0.04564909866202215 -0.04566803791904006 -0.04568696865201592 -0.04570589086141934 -0.04572480454772029 -0.04574370971138915 -0.04576260635289669 -0.045781494472714034 -0.045800374071312745 -0.04581924514916472 -0.04583810770674225 -0.04585696174451807 -0.045875807262965224 -0.045894644262557176 -0.045913472743767794 -0.04593229270707129 -0.04595110415294232 -0.04596990708185587 -0.04598870149428732 -0.046007487390712476 -0.046026264771607484 -0.04604503363744892 -0.04606379398871369 -0.046082545825879145 -0.04610128914942297 -0.04612002395982325 -0.04613875025755851 -0.04615746804310755 -0.04617617731694969 -0.046194878079564516 -0.04621357033143206 -0.04623225407303273 -0.04625092930484732 -0.04626959602735699 -0.04628825424104331 -0.04630690394638823 -0.046325545143874075 -0.04634417783398355 -0.046362802017199764 -0.04638141769400622 -0.04640002486488675 -0.04641862353032564 -0.0464372136908075 -0.046455795346817375 -0.046474368498840665 -0.046492933147363164 -0.04651148929287104 -0.04653003693585085 -0.046548576076789555 -0.046567106716174464 -0.04658562885449331 -0.04660414249223417 -0.04662264762988553 -0.04664114426793625 -0.0466596324068756 -0.046678112047193174 -0.046696583189379026 -0.046715045833923524 -0.0467334999813175 -0.04675194563205204 -0.04677038278661874 -0.04678881144550956 -0.046807231609216765 -0.0468256432782331 -0.04684404645305161 -0.04686244113416577 -0.046880827322069454 -0.04689920501725686 -0.04691757422022263 -0.046935934931461754 -0.0469542871514696 -0.04697263088074197 -0.046990966119774956 -0.04700929286906514 -0.047027611129109394 -0.047045920900405026 -0.04706422218344973 -0.04708251497874155 -0.047100799286778926 -0.0471190751080607 -0.04713734244308607 -0.04715560129235461 -0.0471738516563663 -0.0471920935356215 -0.047210326930620945 -0.04722855184186575 -0.04724676826985742 -0.047264976215097836 -0.04728317567808925 -0.0473013666593343 -0.04731954915933603 -0.04733772317859785 -0.04735588871762356 -0.04737404577691729 -0.04739219435698362 -0.047410334458327485 -0.04742846608145421 -0.04744658922686947 -0.04746470389507935 -0.04748281008659032 -0.0475009078019092 -0.04751899704154322 -0.047537077805999986 -0.04755515009578748 -0.04757321391141408 -0.047591269253388496 -0.047609316122219886 -0.04762735451841772 -0.04764538444249193 -0.04766340589495275 -0.047681418876310847 -0.047699423387077236 -0.04771741942776332 -0.04773540699888091 -0.04775338610094215 -0.04777135673445959 -0.04778931889994618 -0.04780727259791523 -0.047825217828880405 -0.04784315459335577 -0.04786108289185581 -0.047879002724895314 -0.04789691409298952 -0.047914816996653994 -0.04793271143640472 -0.047950597412758034 -0.04796847492623066 -0.0479863439773397 -0.048004204566602676 -0.04802205669453739 -0.04803990036166214 -0.048057735568495526 -0.04807556231555654 -0.048093380603364586 -0.04811119043243939 -0.04812899180330113 -0.0481467847164703 -0.048164569172467794 -0.04818234517181488 -0.048200112715033244 -0.04821787180264489 -0.04823562243517223 -0.04825336461313806 -0.04827109833706553 -0.04828882360747821 -0.0483065404249 -0.04832424878985522 -0.048341948702868565 -0.04835964016446504 -0.048377323175170114 -0.04839499773550962 -0.0484126638460097 -0.04843032150719696 -0.04844797071959836 -0.048465611483741164 -0.04848324380015313 -0.048500867669362305 -0.048518483091897144 -0.04853609006828652 -0.04855368859905962 -0.04857127868474602 -0.048588860325875706 -0.04860643352297901 -0.048623998276586644 -0.04864155458722973 -0.04865910245543974 -0.048676641881748486 -0.04869417286668822 -0.04871169541079157 -0.048729209514591476 -0.04874671517862132 -0.04876421240341483 -0.04878170118950611 -0.04879918153742967 -0.04881665344772034 -0.04883411692091337 -0.04885157195754439 -0.04886901855814937 -0.04888645672326469 -0.04890388645342709 -0.048921307749173706 -0.04893872061104199 -0.048956125039569864 -0.048973521035295536 -0.04899090859875764 -0.04900828773049518 -0.049025658431047524 -0.049043020700954426 -0.049060374540756 -0.04907771995099275 -0.04909505693220555 -0.04911238548493564 -0.04912970560972467 -0.04914701730711461 -0.04916432057764786 -0.049181615421867136 -0.0491989018403156 -0.04921617983353673 -0.0492334494020744 -0.049250710546472856 -0.04926796326727674 -0.049285207565031026 -0.049302443440281084 -0.04931967089357267 -0.04933688992545192 -0.0493541005364653 -0.04937130272715967 -0.04938849649808231 -0.04940568184978081 -0.04942285878280317 -0.04944002729769775 -0.049457187395013286 -0.0494743390752989 -0.049491482339104054 -0.04950861718697862 -0.04952574361947283 -0.04954286163713729 -0.049559971240522985 -0.04957707243018125 -0.04959416520666381 -0.04961124957052278 -0.049628325522310626 -0.04964539306258017 -0.04966245219188467 -0.049679502910777676 -0.04969654521981318 -0.04971357911954549 -0.04973060461052935 -0.049747621693319796 -0.049764630368472305 -0.049781630636542715 -0.04979862249808718 -0.049815605953662336 -0.04983258100382506 -0.04984954764913269 -0.04986650589014293 -0.0498834557274138 -0.04990039716150378 -0.049917330192971635 -0.04993425482237654 -0.04995117105027804 -0.04996807887723607 -0.049984978303810906 -0.0500018693305632 -0.050018751958054 -0.050035626186844706 -0.05005249201749706 -0.05006934945057327 -0.050086198486635786 -0.05010303912624753 -0.05011987136997176 -0.05013669521837208 -0.05015351067201251 -0.05017031773145743 -0.05018711639727157 -0.050203906670020025 -0.0502206885502683 -0.05023746203858223 -0.050254227135528046 -0.05027098384167234 -0.05028773215758209 -0.0503044720838246 -0.0503212036209676 -0.050337926769579155 -0.0503546415302277 -0.050371347903482036 -0.05038804588991137 -0.050404735490085256 -0.050421416704573625 -0.05043808953394672 -0.050454753978775246 -0.050471410039630224 -0.05048805771708304 -0.0505046970117055 -0.05052132792406969 -0.050537950454748154 -0.05055456460431376 -0.05057117037333974 -0.05058776776239973 -0.050604356772067705 -0.050620937402917995 -0.05063750965552537 -0.05065407353046486 -0.05067062902831197 -0.05068717614964251 -0.05070371489503265 -0.050720245265058986 -0.05073676726029843 -0.05075328088132829 -0.05076978612872623 -0.05078628300307028 -0.05080277150493885 -0.05081925163491072 -0.050835723393565 -0.050852186781481214 -0.05086864179923922 -0.05088508844741928 -0.050901526726602 -0.05091795663736834 -0.05093437818029965 -0.050950791355977645 -0.050967196164984394 -0.05098359260790235 -0.05099998068531432 -0.05101636039780348 -0.05103273174595337 -0.051049094730347924 -0.051065449351571396 -0.05108179561020844 -0.051098133506844064 -0.05111446304206364 -0.05113078421645294 -0.05114709703059805 -0.05116340148508544 -0.051179697580501976 -0.051195985317434835 -0.051212264696471624 -0.051228535718200276 -0.051244798383209084 -0.05126105269208673 -0.05127729864542224 -0.051293536243805046 -0.051309765487824885 -0.05132598637807191 -0.0513421989151366 -0.051358403099609845 -0.05137459893208286 -0.05139078641314725 -0.05140696554339495 -0.05142313632341833 -0.05143929875381003 -0.05145545283516313 -0.05147159856807105 -0.05148773595312757 -0.05150386499092683 -0.05151998568206336 -0.05153609802713203 -0.05155220202672807 -0.05156829768144711 -0.05158438499188509 -0.05160046395863836 -0.05161653458230364 -0.051632596863477945 -0.051648650802758725 -0.051664696400743775 -0.05168073365803125 -0.05169676257521963 -0.05171278315290785 -0.051728795391695115 -0.05174479929218105 -0.05176079485496561 -0.05177678208064915 -0.05179276096983234 -0.051808731523116255 -0.05182469374110232 -0.05184064762439231 -0.051856593173588386 -0.05187253038929303 -0.051888459272109146 -0.05190437982263996 -0.05192029204148907 -0.05193619592926044 -0.05195209148655838 -0.0519679787139876 -0.05198385761215312 -0.05199972818166036 -0.052015590423115085 -0.052031444337123464 -0.052047289924291924 -0.05206312718522739 -0.052078956120537034 -0.052094776730828456 -0.05211058901670958 -0.05212639297878875 -0.052142188617674584 -0.05215797593397612 -0.05217375492830277 -0.05218952560126425 -0.052205287953470667 -0.05222104198553251 -0.052236787698060616 -0.05225252509166615 -0.05226825416696067 -0.05228397492455608 -0.0522996873650647 -0.052315391489099104 -0.0523310872972723 -0.05234677479019768 -0.0523624539684889 -0.05237812483276008 -0.05239378738362563 -0.052409441621700345 -0.0524250875475994 -0.052440725161938276 -0.05245635446533285 -0.052471975458399364 -0.05248758814175443 -0.052503192516014964 -0.0525187885817983 -0.052534376339722105 -0.05254995579040439 -0.05256552693446356 -0.05258108977251836 -0.05259664430518788 -0.0526121905330916 -0.052627728456849335 -0.0526432580770813 -0.05265877939440798 -0.05267429240945032 -0.05268979712282955 -0.0527052935351673 -0.05272078164708553 -0.05273626145920658 -0.052751732972153145 -0.05276719618654827 -0.05278265110301537 -0.05279809772217818 -0.05281353604466085 -0.052828966071087856 -0.052844387802084 -0.05285980123827454 -0.05287520638028497 -0.052890603228741215 -0.05290599178426955 -0.052921372047496605 -0.05293674401904933 -0.05295210769955509 -0.052967463089641564 -0.05298281018993683 -0.052998149001069236 -0.0530134795236676 -0.05302880175836102 -0.05304411570577899 -0.05305942136655132 -0.053074718741308216 -0.053090007830680214 -0.05310528863529822 -0.053120561155793486 -0.053135825392797625 -0.05315108134694263 -0.05316632901886081 -0.05318156840918482 -0.053196799518547735 -0.05321202234758292 -0.053227236896924136 -0.05324244316720547 -0.05325764115906141 -0.05327283087312676 -0.053288012310036645 -0.053303185470426645 -0.05331835035493262 -0.05333350696419078 -0.05334865529883773 -0.0533637953595104 -0.05337892714684611 -0.05339405066148249 -0.05340916590405755 -0.05342427287520965 -0.05343937157557751 -0.053454462005800174 -0.05346954416651709 -0.05348461805836802 -0.05349968368199309 -0.05351474103803279 -0.05352979012712796 -0.0535448309499198 -0.05355986350704982 -0.05357488779915992 -0.053589903826892375 -0.05360491159088979 -0.0536199110917951 -0.053634902330251616 -0.05364988530690301 -0.053664860022393304 -0.05367982647736684 -0.053694784672468354 -0.05370973460834293 -0.053724676285635986 -0.05373960970499329 -0.05375453486706097 -0.05376945177248552 -0.05378436042191377 -0.05379926081599291 -0.053814152955370474 -0.05382903684069436 -0.05384391247261278 -0.05385877985177438 -0.05387363897882806 -0.05388848985442314 -0.053903332479209254 -0.05391816685383642 -0.05393299297895496 -0.053947810855215605 -0.0539626204832694 -0.05397742186376773 -0.05399221499736237 -0.054006999884705406 -0.05402177652644932 -0.054036544923246915 -0.054051305075751316 -0.05406605698461606 -0.054080800650495 -0.05409553607404234 -0.054110263255912644 -0.054124982196760804 -0.05413969289724212 -0.054154395358012135 -0.05416908957972687 -0.05418377556304258 -0.05419845330861596 -0.054213122817104 -0.05422778408916404 -0.05424243712545382 -0.05425708192663138 -0.05427171849335512 -0.05428634682628378 -0.05430096692607647 -0.054315578793392674 -0.05433018242889215 -0.05434477783323505 -0.05435936500708187 -0.054373943951093476 -0.05438851466593105 -0.05440307715225613 -0.05441763141073061 -0.05443217744201671 -0.05444671524677704 -0.054461244825674535 -0.05447576617937244 -0.05449027930853443 -0.05450478421382446 -0.054519280895906845 -0.05453376935544627 -0.054548249593107764 -0.054562721609556664 -0.05457718540545871 -0.05459164098147996 -0.0546060883382868 -0.05462052747654602 -0.054634958396924685 -0.054649381100090266 -0.054663795586710556 -0.054678201857453694 -0.054692599912988166 -0.05470698975398281 -0.05472137138110679 -0.05473574479502964 -0.05475010999642126 -0.05476446698595183 -0.054778815764291944 -0.054793156332112486 -0.05480748869008472 -0.05482181283888027 -0.05483612877917105 -0.05485043651162938 -0.054864736036927875 -0.054879027355739525 -0.054893310468737674 -0.05490758537659597 -0.05492185207998845 -0.05493611057958946 -0.054950360876073724 -0.05496460297011628 -0.05497883686239254 -0.054993062553578234 -0.05500728004434943 -0.0550214893353826 -0.0550356904273545 -0.05504988332094224 -0.05506406801682329 -0.05507824451567542 -0.05509241281817684 -0.05510657292500601 -0.055120724836841765 -0.05513486855436329 -0.05514900407825011 -0.055163131409182095 -0.05517725054783945 -0.055191361494902724 -0.05520546425105284 -0.055219558816971 -0.0552336451933388 -0.05524772338083818 -0.0552617933801514 -0.05527585519196106 -0.055289908816950104 -0.055303954255801854 -0.055317991509199936 -0.055332020577828316 -0.05534604146237134 -0.05536005416351365 -0.05537405868194026 -0.05538805501833652 -0.05540204317338811 -0.05541602314778106 -0.055429994942201744 -0.0554439585573369 -0.05545791399387353 -0.055471861252499075 -0.055485800333901256 -0.05549973123876813 -0.055513653967788144 -0.055527568521650056 -0.05554147490104294 -0.05555537310665627 -0.055569263139179814 -0.05558314499930368 -0.05559701868771834 -0.05561088420511459 -0.05562474155218359 -0.055638590729616785 -0.05565243173810605 -0.05566626457834351 -0.05568008925102168 -0.05569390575683337 -0.05570771409647181 -0.055721514270630476 -0.05573530628000326 -0.05574909012528434 -0.05576286580716827 -0.055776633326349925 -0.05579039268352448 -0.055804143879387556 -0.05581788691463499 -0.05583162178996305 -0.055845348506068294 -0.05585906706364763 -0.05587277746339829 -0.05588647970601787 -0.05590017379220432 -0.05591385972265586 -0.05592753749807111 -0.05594120711914901 -0.05595486858658883 -0.05596852190109018 -0.05598216706335302 -0.055995804074077615 -0.05600943293396462 -0.05602305364371497 -0.05603666620402998 -0.0560502706156113 -0.05606386687916086 -0.05607745499538101 -0.056091034964974376 -0.05610460678864396 -0.05611817046709307 -0.05613172600102535 -0.0561452733911448 -0.05615881263815579 -0.05617234374276292 -0.05618586670567123 -0.05619938152758605 -0.056212888209213045 -0.05622638675125824 -0.05623987715442795 -0.05625335941942889 -0.05626683354696806 -0.05628029953775282 -0.056293757392490824 -0.05630720711189014 -0.05632064869665909 -0.05633408214750637 -0.056347507465141014 -0.05636092465027238 -0.056374333703610155 -0.05638773462586438 -0.05640112741774543 -0.056414512079963966 -0.05642788861323106 -0.05644125701825804 -0.056454617295756654 -0.0564679694464389 -0.05648131347101716 -0.05649464937020415 -0.05650797714471287 -0.05652129679525671 -0.056534608322549376 -0.05654791172730491 -0.05656120701023765 -0.05657449417206234 -0.056587773213493994 -0.056601044135247996 -0.05661430693804 -0.056627561622586094 -0.05664080818960261 -0.05665404663980628 -0.056667276973914105 -0.05668049919264345 -0.05669371329671204 -0.05670691928683787 -0.056720117163739286 -0.056733306928135045 -0.056746488580744124 -0.05675966212228588 -0.05677282755347999 -0.056785984875046505 -0.05679913408770574 -0.05681227519217841 -0.05682540818918549 -0.05683853307944835 -0.05685164986368865 -0.0568647585426284 -0.05687785911698995 -0.05689095158749592 -0.05690403595486936 -0.056917112219833574 -0.05693018038311221 -0.05694324044542927 -0.05695629240750906 -0.056969336270076235 -0.05698237203385577 -0.05699539969957299 -0.05700841926795349 -0.05702143073972328 -0.05703443411560863 -0.05704742939633617 -0.05706041658263285 -0.05707339567522598 -0.05708636667484315 -0.057099329582212296 -0.0571122843980617 -0.05712523112311997 -0.05713816975811602 -0.057151100303779095 -0.057164022760838804 -0.05717693713002507 -0.05718984341206809 -0.05720274160769847 -0.057215631717647104 -0.05722851374264522 -0.05724138768342435 -0.05725425354071639 -0.05726711131525354 -0.05727996100776836 -0.057292802618993686 -0.05730563614966271 -0.057318461600508984 -0.05733127897226631 -0.057344088265668884 -0.057356889481451206 -0.05736968262034809 -0.0573824676830947 -0.0573952446704265 -0.05740801358307932 -0.057420774421789264 -0.05743352718729279 -0.05744627188032671 -0.05745900850162812 -0.05747173705193446 -0.05748445753198346 -0.05749716994251326 -0.05750987428426223 -0.05752257055796913 -0.057535258764373015 -0.057547938904213274 -0.057560610978229634 -0.05757327498716212 -0.0575859309317511 -0.05759857881273726 -0.05761121863086162 -0.05762385038686552 -0.05763647408149061 -0.0576490897154789 -0.05766169728957268 -0.05767429680451459 -0.05768688826104759 -0.05769947165991498 -0.05771204700186036 -0.05772461428762764 -0.05773717351796109 -0.057749724693605314 -0.05776226781530517 -0.05777480288380591 -0.05778732989985306 -0.057799848864192524 -0.05781235977757049 -0.05782486264073345 -0.05783735745442827 -0.05784984421940211 -0.057862322936402436 -0.057874793606177075 -0.05788725622947415 -0.05789971080704212 -0.05791215733962976 -0.057924595827986175 -0.05793702627286076 -0.05794944867500326 -0.05796186303516376 -0.057974269354092625 -0.057986667632540574 -0.05799905787125863 -0.05801144007099811 -0.05802381423251074 -0.05803618035654844 -0.0580485384438636 -0.05806088849520881 -0.058073230511337025 -0.058085564493001514 -0.058097890440955875 -0.058110208355954034 -0.05812251823875021 -0.058134820090098974 -0.058147113910755194 -0.05815939970147406 -0.05817167746301108 -0.058183947196122104 -0.05819620890156328 -0.05820846258009108 -0.05822070823246231 -0.058232945859434074 -0.058245175461763804 -0.05825739704020924 -0.058269610595528466 -0.058281816128479866 -0.05829401363982213 -0.058306203130314316 -0.05831838460071575 -0.05833055805178611 -0.05834272348428536 -0.05835488089897379 -0.058367030296612034 -0.058379171677961056 -0.05839130504378205 -0.05840343039483663 -0.05841554773188667 -0.058427657055694374 -0.05843975836702228 -0.058451851666633206 -0.058463936955290334 -0.05847601423375713 -0.058488083502797376 -0.058500144763175214 -0.05851219801565503 -0.05852424326100157 -0.05853628049997994 -0.05854830973335547 -0.05856033096189386 -0.058572344186361126 -0.0585843494075236 -0.05859634662614789 -0.05860833584300101 -0.05862031705885016 -0.05863229027446299 -0.05864425549060737 -0.058656212708051526 -0.05866816192756399 -0.05868010314991362 -0.05869203637586956 -0.05870396160620132 -0.05871587884167866 -0.058727788083071726 -0.05873968933115091 -0.058751582586686966 -0.058763467850450946 -0.058775345123214195 -0.05878721440574844 -0.05879907569882563 -0.05881092900321809 -0.05882277431969846 -0.05883461164903965 -0.058846440992014935 -0.058858262349397866 -0.0588700757219623 -0.05888188111048246 -0.058893678515732836 -0.05890546793848825 -0.05891724937952383 -0.058929022839615014 -0.05894078831953756 -0.05895254582006754 -0.058964295341981325 -0.05897603688605562 -0.05898777045306741 -0.05899949604379405 -0.05901121365901313 -0.059022923299502615 -0.05903462496604075 -0.059046318659406086 -0.05905800438037751 -0.05906968212973422 -0.05908135190825573 -0.05909301371672181 -0.05910466755591259 -0.05911631342660854 -0.05912795132959035 -0.059139581265639125 -0.0591512032355362 -0.05916281724006326 -0.05917442328000229 -0.05918602135613557 -0.05919761146924573 -0.059209193620115695 -0.05922076780952865 -0.05923233403826817 -0.059243892307118094 -0.05925544261686258 -0.059266984968286064 -0.05927851936217336 -0.059290045799309535 -0.05930156428047999 -0.059313074806470426 -0.059324577378066845 -0.059336071996055575 -0.05934755866122324 -0.0593590373743568 -0.05937050813624347 -0.059381970947670816 -0.059393425809426706 -0.05940487272229933 -0.05941631168707713 -0.059427742704548904 -0.059439165775503774 -0.05945058090073112 -0.059461988081020656 -0.059473387317162396 -0.059484778609946665 -0.05949616196016411 -0.05950753736860566 -0.05951890483606255 -0.059530264363326375 -0.05954161595118895 -0.05955295960044245 -0.059564295311879366 -0.05957562308629247 -0.059586942924474855 -0.0595982548272199 -0.059609558795321316 -0.059620854829573106 -0.05963214293076956 -0.05964342309970534 -0.05965469533717532 -0.05966595964397475 -0.059677216020899176 -0.05968846446874441 -0.05969970498830661 -0.05971093758038222 -0.05972216224576799 -0.05973337898526099 -0.05974458779965856 -0.059755788689758386 -0.059766981656358444 -0.059778166700257 -0.05978934382225264 -0.05980051302314424 -0.059811674303731 -0.05982282766481239 -0.05983397310718824 -0.05984511063165863 -0.059856240239023986 -0.059867361930084975 -0.05987847570564263 -0.059889581566498234 -0.05990067951345347 -0.0599117695473102 -0.059922851668870666 -0.05993392587893739 -0.0599449921783132 -0.05995605056780122 -0.0599671010482049 -0.05997814362032796 -0.05998917828497444 -0.060000205042948666 -0.060011223895055296 -0.06002223484209927 -0.060033237884885834 -0.060044233024220524 -0.06005522026090918 -0.060066199595757964 -0.06007717102957334 -0.06008813456316201 -0.06009909019733108 -0.06011003793288787 -0.06012097777064004 -0.06013190971139554 -0.06014283375596263 -0.06015374990514987 -0.06016465815976608 -0.06017555852062047 -0.06018645098852246 -0.0601973355642818 -0.06020821224870855 -0.06021908104261308 -0.06022994194680602 -0.060240794962098346 -0.060251640089301284 -0.06026247732922641 -0.06027330668268555 -0.06028412815049087 -0.060294941733454815 -0.06030574743239014 -0.06031654524810988 -0.06032733518142737 -0.06033811723315627 -0.0603488914041105 -0.060359657695104305 -0.060370416106952235 -0.06038116664046911 -0.06039190929647009 -0.06040264407577054 -0.060413370979186254 -0.06042409000753323 -0.06043480116162778 -0.060445504442286545 -0.06045619985032642 -0.060466887386564624 -0.06047756705181868 -0.060488238846906364 -0.0604989027726458 -0.060509558829855384 -0.06052020701935382 -0.06053084734196007 -0.06054147979849346 -0.06055210438977355 -0.06056272111662021 -0.060573329979853645 -0.06058393098029432 -0.06059452411876296 -0.06060510939608068 -0.060615686813068795 -0.060626256370549 -0.06063681806934318 -0.06064737191027364 -0.060657917894162874 -0.06066845602183373 -0.06067898629410933 -0.0606895087118131 -0.06070002327576873 -0.06071052998680026 -0.06072102884573198 -0.06073151985338847 -0.06074200301059463 -0.06075247831817567 -0.060762945776957025 -0.060773405387764476 -0.060783857151424106 -0.060794301068762255 -0.06080473714060557 -0.06081516536778101 -0.06082558575111581 -0.06083599829143746 -0.06084640298957382 -0.060856799846352984 -0.06086718886260338 -0.06087757003915368 -0.06088794337683289 -0.06089830887647028 -0.06090866653889543 -0.06091901636493821 -0.06092935835542876 -0.06093969251119754 -0.060950018833075284 -0.060960337321893036 -0.06097064797848209 -0.06098095080367409 -0.060991245798300925 -0.06100153296319478 -0.06101181229918815 -0.06102208380711384 -0.061032347487804846 -0.06104260334209459 -0.06105285137081665 -0.06106309157480505 -0.06107332395489393 -0.06108354851191787 -0.061093765246711645 -0.06110397416011035 -0.06111417525294936 -0.06112436852606439 -0.06113455398029135 -0.06114473161646653 -0.06115490143542644 -0.06116506343800794 -0.06117521762504811 -0.0611853639973844 -0.061195502555854465 -0.06120563330129632 -0.06121575623454821 -0.06122587135644871 -0.06123597866783667 -0.06124607816955121 -0.061256169862431764 -0.061266253747318034 -0.061276329825050005 -0.061286398096468006 -0.06129645856241256 -0.06130651122372456 -0.061316556081245144 -0.06132659313581572 -0.06133662238827802 -0.061346643839474066 -0.06135665749024615 -0.06136666334143683 -0.06137666139388897 -0.06138665164844574 -0.061396634105950566 -0.061406608767247184 -0.06141657563317957 -0.06142653470459205 -0.061436485982329175 -0.06144642946723585 -0.06145636516015719 -0.06146629306193864 -0.061476213173425914 -0.06148612549546501 -0.061496030028902256 -0.06150592677458417 -0.06151581573335765 -0.061525696906069814 -0.06153557029356811 -0.061545435896700244 -0.061555293716314186 -0.061565143753258264 -0.06157498600838098 -0.061584820482531215 -0.0615946471765581 -0.06160446609131103 -0.06161427722763971 -0.06162408058639412 -0.06163387616842453 -0.06164366397458147 -0.06165344400571577 -0.06166321626267852 -0.06167298074632116 -0.06168273745749532 -0.06169248639705298 -0.061702227565846375 -0.061711960964728 -0.0617216865945507 -0.06173140445616753 -0.06174111455043186 -0.06175081687819736 -0.061760511440317925 -0.061770198237647796 -0.06177987727104142 -0.061789548541353614 -0.061799212049439396 -0.061808867796154125 -0.06181851578235338 -0.0618281560088931 -0.06183778847662944 -0.061847413186418856 -0.061857030139118065 -0.0618666393355841 -0.06187624077667425 -0.06188583446324609 -0.06189542039615746 -0.061904998576266516 -0.06191456900443166 -0.06192413168151158 -0.06193368660836525 -0.06194323378585191 -0.061952773214831114 -0.06196230489616264 -0.06197182883070659 -0.06198134501932332 -0.061990853462873474 -0.062000354162217976 -0.06200984711821801 -0.06201933233173506 -0.0620288098036309 -0.062038279534767544 -0.06204774152600729 -0.06205719577821274 -0.06206664229224677 -0.06207608106897248 -0.06208551210925333 -0.06209493541395299 -0.06210435098393542 -0.06211375882006493 -0.06212315892320597 -0.06213255129422339 -0.06214193593398225 -0.062151312843347885 -0.062160682023185934 -0.06217004347436235 -0.062179397197743264 -0.06218874319419514 -0.06219808146458472 -0.062207412009779 -0.06221673483064527 -0.0622260499280511 -0.062235357302864294 -0.06224465695595299 -0.06225394888818556 -0.06226323310043065 -0.0622725095935572 -0.062281778368434425 -0.062291039425931796 -0.06230029276691906 -0.06230953839226626 -0.06231877630284369 -0.06232800649952193 -0.06233722898317182 -0.062346443754664485 -0.062355650814871336 -0.06236485016466403 -0.06237404180491453 -0.06238322573649501 -0.062392401960277996 -0.06240157047713623 -0.06241073128794275 -0.06241988439357086 -0.06242902979489414 -0.06243816749278644 -0.0624472974881219 -0.06245641978177489 -0.062465534374620074 -0.06247464126753241 -0.06248374046138709 -0.062492831957059604 -0.06250191575542571 -0.0625109918573614 -0.062520060263743 -0.06252912097544709 -0.06253817399335046 -0.06254721931833024 -0.06255625695126384 -0.06256528689302884 -0.06257430914450318 -0.0625833237065651 -0.06259233058009298 -0.0626013297659656 -0.06261032126506196 -0.06261930507826126 -0.06262828120644312 -0.06263724965048731 -0.06264621041127391 -0.06265516348968324 -0.06266410888659593 -0.0626730466028929 -0.06268197663945524 -0.06269089899716439 -0.06269981367690204 -0.06270872067955016 -0.06271762000599096 -0.06272651165710691 -0.06273539563378082 -0.06274427193689569 -0.0627531405673348 -0.06276200152598174 -0.06277085481372034 -0.06277970043143467 -0.06278853838000911 -0.06279736866032831 -0.06280619127327716 -0.06281500621974079 -0.06282381350060467 -0.0628326131167545 -0.06284140506907623 -0.06285018935845607 -0.06285896598578057 -0.06286773495193647 -0.06287649625781078 -0.06288524990429079 -0.0628939958922641 -0.06290273422261852 -0.06291146489624214 -0.06292018791402329 -0.06292890327685065 -0.06293761098561303 -0.06294631104119965 -0.06295500344449988 -0.06296368819640341 -0.0629723652978002 -0.06298103474958046 -0.06298969655263464 -0.0629983507078535 -0.06300699721612803 -0.0630156360783495 -0.06302426729540944 -0.06303289086819963 -0.06304150679761213 -0.06305011508453925 -0.06305871572987361 -0.063067308734508 -0.06307589409933557 -0.06308447182524968 -0.06309304191314395 -0.06310160436391227 -0.06311015917844881 -0.06311870635764802 -0.06312724590240454 -0.0631357778136133 -0.06314430209216955 -0.06315281873896875 -0.06316132775490658 -0.0631698291408791 -0.0631783228977825 -0.06318680902651336 -0.06319528752796838 -0.06320375840304462 -0.0632122216526394 -0.06322067727765025 -0.063229125278975 -0.06323756565751171 -0.06324599841415876 -0.06325442354981468 -0.06326284106537836 -0.06327125096174893 -0.06327965323982576 -0.06328804790050847 -0.06329643494469696 -0.06330481437329141 -0.06331318618719217 -0.06332155038729999 -0.06332990697451577 -0.06333825594974067 -0.06334659731387618 -0.063354931067824 -0.06336325721248609 -0.06337157574876465 -0.0633798866775622 -0.06338818999978148 -0.06339648571632545 -0.06340477382809741 -0.06341305433600083 -0.06342132724093952 -0.0634295925438175 -0.06343785024553902 -0.06344610034700866 -0.0634543428491312 -0.06346257775281172 -0.0634708050589555 -0.06347902476846815 -0.06348723688225544 -0.06349544140122348 -0.06350363832627864 -0.06351182765832747 -0.06352000939827684 -0.06352818354703385 -0.06353635010550585 -0.06354450907460049 -0.06355266045522558 -0.0635608042482893 -0.06356894045470002 -0.06357706907536637 -0.06358519011119726 -0.0635933035631018 -0.06360140943198943 -0.0636095077187698 -0.0636175984243528 -0.06362568154964857 -0.06363375709556761 -0.0636418250630205 -0.06364988545291822 -0.06365793826617194 -0.06366598350369308 -0.06367402116639334 -0.06368205125518464 -0.06369007377097918 -0.06369808871468943 -0.06370609608722808 -0.06371409588950802 -0.06372208812244254 -0.06373007278694502 -0.06373804988392923 -0.06374601941430907 -0.0637539813789988 -0.06376193577891287 -0.06376988261496598 -0.06377782188807313 -0.06378575359914948 -0.06379367774911057 -0.06380159433887206 -0.06380950336934998 -0.06381740484146049 -0.06382529875612011 -0.06383318511424554 -0.06384106391675376 -0.063848935164562 -0.06385679885858772 -0.06386465499974867 -0.06387250358896282 -0.0638803446271484 -0.06388817811522385 -0.06389600405410792 -0.06390382244471958 -0.06391163328797807 -0.06391943658480281 -0.06392723233611361 -0.06393502054283035 -0.06394280120587331 -0.06395057432616294 -0.06395833990461992 -0.06396609794216529 -0.06397384843972018 -0.06398159139820611 -0.06398932681854477 -0.06399705470165812 -0.06400477504846834 -0.06401248785989794 -0.06402019313686955 -0.06402789088030617 -0.06403558109113094 -0.06404326377026737 -0.06405093891863908 -0.06405860653717008 -0.06406626662678447 -0.06407391918840673 -0.06408156422296152 -0.06408920173137375 -0.06409683171456862 -0.06410445417347149 -0.06411206910900805 -0.06411967652210422 -0.06412727641368612 -0.06413486878468014 -0.06414245363601295 -0.06415003096861141 -0.06415760078340266 -0.06416516308131408 -0.06417271786327329 -0.06418026513020814 -0.06418780488304676 -0.06419533712271747 -0.0642028618501489 -0.06421037906626988 -0.06421788877200948 -0.06422539096829706 -0.06423288565606217 -0.06424037283623463 -0.0642478525097445 -0.06425532467752208 -0.06426278934049794 -0.06427024649960283 -0.06427769615576781 -0.06428513830992416 -0.06429257296300335 -0.0643000001159372 -0.06430741976965765 -0.06431483192509702 -0.06432223658318775 -0.06432963374486254 -0.0643370234110544 -0.06434440558269654 -0.06435178026072241 -0.06435914744606568 -0.06436650713966033 -0.0643738593424405 -0.0643812040553406 -0.06438854127929533 -0.06439587101523954 -0.0644031932641084 -0.06441050802683729 -0.0644178153043618 -0.06442511509761782 -0.06443240740754144 -0.06443969223506904 -0.06444696958113713 -0.06445423944668258 -0.0644615018326424 -0.06446875673995392 -0.06447600416955468 -0.06448324412238246 -0.06449047659937523 -0.06449770160147131 -0.06450491912960914 -0.06451212918472748 -0.0645193317677653 -0.06452652687966176 -0.06453371452135638 -0.06454089469378879 -0.06454806739789892 -0.06455523263462692 -0.06456239040491324 -0.06456954070969845 -0.06457668354992344 -0.06458381892652934 -0.06459094684045748 -0.06459806729264941 -0.064605180284047 -0.06461228581559228 -0.06461938388822755 -0.06462647450289533 -0.06463355766053838 -0.0646406333620997 -0.06464770160852253 -0.06465476240075037 -0.06466181573972687 -0.06466886162639601 -0.06467590006170197 -0.06468293104658915 -0.0646899545820022 -0.064696970668886 -0.0647039793081857 -0.06471098050084659 -0.06471797424781431 -0.06472496055003468 -0.06473193940845373 -0.06473891082401775 -0.06474587479767327 -0.06475283133036705 -0.0647597804230461 -0.06476672207665762 -0.0647736562921491 -0.06478058307046816 -0.0647875024125628 -0.06479441431938113 -0.06480131879187159 -0.06480821583098276 -0.0648151054376635 -0.06482198761286292 -0.0648288623575303 -0.06483572967261525 -0.06484258955906753 -0.06484944201783713 -0.06485628704987434 -0.0648631246561296 -0.06486995483755364 -0.06487677759509741 -0.06488359292971209 -0.06489040084234908 -0.06489720133396 -0.06490399440549673 -0.06491078005791134 -0.06491755829215623 -0.06492432910918387 -0.06493109250994712 -0.06493784849539894 -0.06494459706649264 -0.06495133822418164 -0.06495807196941968 -0.0649647983031607 -0.06497151722635884 -0.06497822873996854 -0.0649849328449444 -0.06499162954224125 -0.06499831883281425 -0.06500500071761861 -0.06501167519760996 -0.06501834227374403 -0.06502500194697679 -0.06503165421826453 -0.06503829908856365 -0.06504493655883085 -0.06505156663002305 -0.0650581893030974 -0.06506480457901123 -0.06507141245872212 -0.06507801294318794 -0.0650846060333667 -0.06509119173021669 -0.06509777003469638 -0.06510434094776456 -0.06511090447038012 -0.06511746060350226 -0.0651240093480904 -0.06513055070510414 -0.06513708467550339 -0.06514361126024819 -0.06515013046029884 -0.06515664227661591 -0.06516314671016016 -0.06516964376189255 -0.0651761334327743 -0.06518261572376684 -0.06518909063583184 -0.0651955581699312 -0.06520201832702702 -0.06520847110808159 -0.06521491651405752 -0.06522135454591758 -0.06522778520462477 -0.06523420849114234 -0.06524062440643372 -0.0652470329514626 -0.06525343412719288 -0.06525982793458868 -0.06526621437461433 -0.06527259344823445 -0.06527896515641379 -0.0652853295001174 -0.06529168648031047 -0.0652980360979585 -0.06530437835402719 -0.0653107132494824 -0.06531704078529027 -0.06532336096241717 -0.06532967378182969 -0.06533597924449458 -0.06534227735137887 -0.06534856810344977 -0.06535485150167478 -0.06536112754702156 -0.06536739624045804 -0.06537365758295229 -0.06537991157547268 -0.06538615821898776 -0.06539239751446631 -0.06539862946287739 -0.06540485406519013 -0.065411071322374 -0.06541728123539871 -0.06542348380523409 -0.0654296790328503 -0.06543586691921757 -0.06544204746530652 -0.06544822067208787 -0.06545438654053264 -0.06546054507161195 -0.06546669626629728 -0.06547284012556027 -0.06547897665037272 -0.06548510584170678 -0.06549122770053464 -0.06549734222782888 -0.0655034494245622 -0.06550954929170755 -0.06551564183023807 -0.06552172704112717 -0.06552780492534843 -0.06553387548387565 -0.0655399387176829 -0.06554599462774438 -0.0655520432150346 -0.06555808448052816 -0.06556411842520006 -0.06557014505002534 -0.06557616435597932 -0.06558217634403762 -0.06558818101517594 -0.06559417837037029 -0.06560016841059683 -0.06560615113683198 -0.06561212655005236 -0.06561809465123482 -0.06562405544135641 -0.0656300089213944 -0.06563595509232627 -0.0656418939551297 -0.06564782551078263 -0.0656537497602632 -0.06565966670454969 -0.06566557634462071 -0.06567147868145498 -0.06567737371603155 -0.0656832614493296 -0.06568914188232847 -0.06569501501600787 -0.06570088085134758 -0.06570673938932768 -0.06571259063092841 -0.06571843457713027 -0.06572427122891394 -0.06573010058726031 -0.06573592265315051 -0.06574173742756584 -0.06574754491148788 -0.06575334510589831 -0.06575913801177917 -0.0657649236301126 -0.06577070196188096 -0.06577647300806688 -0.06578223676965317 -0.06578799324762283 -0.06579374244295907 -0.06579948435664539 -0.06580521898966538 -0.06581094634300294 -0.06581666641764213 -0.06582237921456723 -0.06582808473476273 -0.06583378297921336 -0.06583947394890398 -0.06584515764481977 -0.065850834067946 -0.06585650321926828 -0.0658621650997723 -0.06586781971044409 -0.06587346705226972 -0.06587910712623564 -0.06588473993332844 -0.06589036547453489 -0.06589598375084196 -0.06590159476323694 -0.06590719851270721 -0.06591279500024039 -0.06591838422682433 -0.06592396619344705 -0.06592954090109683 -0.06593510835076212 -0.06594066854343159 -0.06594622148009409 -0.06595176716173873 -0.0659573055893548 -0.06596283676393175 -0.06596836068645931 -0.0659738773579274 -0.06597938677932613 -0.06598488895164581 -0.06599038387587695 -0.0659958715530103 -0.06600135198403681 -0.0660068251699476 -0.06601229111173404 -0.06601774981038766 -0.06602320126690023 -0.06602864548226373 -0.0660340824574703 -0.06603951219351234 -0.06604493469138242 -0.06605034995207332 -0.06605575797657805 -0.06606115876588975 -0.06606655232100185 -0.06607193864290795 -0.06607731773260186 -0.06608268959107756 -0.06608805421932928 -0.06609341161835146 -0.06609876178913868 -0.06610410473268577 -0.06610944044998777 -0.06611476894203987 -0.06612009020983751 -0.06612540425437635 -0.06613071107665221 -0.06613601067766112 -0.0661413030583993 -0.06614658821986324 -0.06615186616304952 -0.06615713688895505 -0.06616240039857683 -0.06616765669291211 -0.06617290577295837 -0.0661781476397132 -0.06618338229417452 -0.06618860973734034 -0.06619382997020892 -0.0661990429937787 -0.06620424880904834 -0.06620944741701672 -0.06621463881868282 -0.06621982301504599 -0.06622500000710563 -0.06623016979586138 -0.0662353323823131 -0.06624048776746086 -0.06624563595230491 -0.06625077693784567 -0.06625591072508383 -0.06626103731502021 -0.06626615670865588 -0.06627126890699206 -0.0662763739110302 -0.06628147172177191 -0.0662865623402191 -0.06629164576737377 -0.06629672200423814 -0.06630179105181466 -0.06630685291110597 -0.06631190758311489 -0.06631695506884441 -0.06632199536929782 -0.0663270284854785 -0.06633205441839007 -0.06633707316903634 -0.06634208473842132 -0.06634708912754923 -0.06635208633742445 -0.06635707636905164 -0.0663620592234355 -0.06636703490158108 -0.06637200340449356 -0.0663769647331783 -0.0663819188886409 -0.06638686587188712 -0.06639180568392292 -0.0663967383257545 -0.06640166379838816 -0.06640658210283053 -0.06641149324008827 -0.06641639721116838 -0.066421294017078 -0.0664261836588244 -0.06643106613741513 -0.06643594145385794 -0.06644080960916071 -0.0664456706043316 -0.06645052444037883 -0.0664553711183109 -0.06646021063913657 -0.06646504300386462 -0.06646986821350417 -0.06647468626906453 -0.06647949717155505 -0.06648430092198544 -0.06648909752136556 -0.06649388697070541 -0.06649866927101519 -0.06650344442330541 -0.06650821242858657 -0.06651297328786956 -0.06651772700216528 -0.06652247357248497 -0.06652721299984002 -0.06653194528524196 -0.06653667042970254 -0.06654138843423374 -0.0665460992998477 -0.06655080302755667 -0.06655549961837327 -0.06656018907331016 -0.06656487139338019 -0.06656954657959654 -0.06657421463297243 -0.06657887555452138 -0.06658352934525696 -0.06658817600619309 -0.06659281553834376 -0.06659744794272322 -0.06660207322034589 -0.06660669137222636 -0.06661130239937942 -0.06661590630282002 -0.06662050308356335 -0.06662509274262482 -0.06662967528101989 -0.06663425069976432 -0.06663881899987403 -0.06664338018236515 -0.06664793424825391 -0.06665248119855689 -0.06665702103429066 -0.06666155375647212 -0.0666660793661183 -0.06667059786424648 -0.06667510925187402 -0.0666796135300185 -0.06668411069969776 -0.06668860076192976 -0.06669308371773267 -0.06669755956812481 -0.06670202831412472 -0.06670648995675113 -0.06671094449702294 -0.06671539193595925 -0.06671983227457928 -0.06672426551390254 -0.06672869165494867 -0.06673311069873748 -0.06673752264628899 -0.0667419274986234 -0.0667463252567611 -0.06675071592172262 -0.06675509949452874 -0.0667594759762004 -0.06676384536775867 -0.06676820767022493 -0.0667725628846206 -0.06677691101196737 -0.06678125205328708 -0.06678558600960177 -0.06678991288193367 -0.06679423267130515 -0.06679854537873878 -0.0668028510052574 -0.06680714955188388 -0.0668114410196414 -0.06681572540955323 -0.0668200027226429 -0.06682427295993403 -0.06682853612245052 -0.06683279221121641 -0.06683704122725592 -0.06684128317159341 -0.06684551804525349 -0.06684974584926093 -0.06685396658464066 -0.06685818025241777 -0.06686238685361762 -0.06686658638926567 -0.06687077886038759 -0.06687496426800922 -0.06687914261315658 -0.06688331389685585 -0.06688747812013346 -0.06689163528401591 -0.06689578538953003 -0.06689992843770266 -0.06690406442956097 -0.06690819336613214 -0.06691231524844374 -0.06691643007752332 -0.06692053785439876 -0.06692463858009798 -0.0669287322556492 -0.0669328188820808 -0.06693689846042124 -0.06694097099169924 -0.06694503647694369 -0.06694909491718365 -0.06695314631344834 -0.06695719066676725 -0.06696122797816986 -0.06696525824868603 -0.06696928147934562 -0.06697329767117881 -0.06697730682521588 -0.0669813089424873 -0.06698530402402375 -0.06698929207085598 -0.0669932730840151 -0.0669972470645322 -0.06700121401343866 -0.067005173931766 -0.06700912682054594 -0.06701307268081037 -0.06701701151359131 -0.06702094331992099 -0.06702486810083183 -0.06702878585735639 -0.06703269659052748 -0.06703660030137797 -0.06704049699094095 -0.06704438666024971 -0.06704826931033772 -0.06705214494223859 -0.06705601355698612 -0.06705987515561423 -0.06706372973915715 -0.0670675773086491 -0.06707141786512466 -0.0670752514096184 -0.06707907794316523 -0.06708289746680014 -0.06708670998155826 -0.06709051548847499 -0.06709431398858585 -0.06709810548292651 -0.06710188997253287 -0.06710566745844092 -0.06710943794168692 -0.06711320142330722 -0.06711695790433841 -0.06712070738581719 -0.06712444986878041 -0.06712818535426517 -0.06713191384330874 -0.06713563533694848 -0.06713934983622201 -0.06714305734216706 -0.06714675785582154 -0.06715045137822352 -0.06715413791041129 -0.06715781745342327 -0.06716149000829803 -0.06716515557607436 -0.06716881415779118 -0.06717246575448764 -0.06717611036720296 -0.06717974799697657 -0.06718337864484818 -0.06718700231185744 -0.0671906189990444 -0.06719422870744908 -0.06719783143811185 -0.06720142719207313 -0.06720501597037354 -0.06720859777405384 -0.06721217260415505 -0.06721574046171822 -0.06721930134778469 -0.06722285526339586 -0.06722640220959342 -0.06722994218741912 -0.06723347519791496 -0.06723700124212298 -0.06724052032108556 -0.06724403243584512 -0.06724753758744427 -0.06725103577692576 -0.06725452700533265 -0.067258011273708 -0.06726148858309508 -0.06726495893453732 -0.0672684223290784 -0.0672718787677621 -0.0672753282516323 -0.06727877078173314 -0.0672822063591089 -0.06728563498480407 -0.06728905665986316 -0.06729247138533097 -0.06729587916225249 -0.06729927999167275 -0.06730267387463702 -0.06730606081219075 -0.06730944080537948 -0.06731281385524901 -0.06731617996284524 -0.0673195391292142 -0.0673228913554022 -0.06732623664245561 -0.067329574991421 -0.0673329064033451 -0.06733623087927476 -0.0673395484202571 -0.06734285902733933 -0.06734616270156872 -0.06734945944399288 -0.06735274925565957 -0.06735603213761657 -0.06735930809091187 -0.06736257711659377 -0.06736583921571053 -0.06736909438931067 -0.06737234263844287 -0.06737558396415597 -0.06737881836749889 -0.06738204584952082 -0.0673852664112711 -0.06738848005379915 -0.0673916867781546 -0.06739488658538727 -0.0673980794765471 -0.06740126545268414 -0.06740444451484874 -0.06740761666409127 -0.06741078190146232 -0.06741394022801266 -0.06741709164479316 -0.06742023615285489 -0.06742337375324907 -0.06742650444702707 -0.06742962823524043 -0.06743274511894086 -0.06743585509918017 -0.06743895817701041 -0.06744205435348372 -0.06744514362965243 -0.06744822600656904 -0.06745130148528616 -0.0674543700668566 -0.06745743175233332 -0.06746048654276941 -0.06746353443921813 -0.06746657544273293 -0.06746960955436736 -0.06747263677517516 -0.06747565710621026 -0.06747867054852663 -0.06748167710317855 -0.06748467677122034 -0.06748766955370651 -0.06749065545169172 -0.06749363446623081 -0.06749660659837875 -0.06749957184919071 -0.06750253021972191 -0.06750548171102783 -0.06750842632416408 -0.06751136406018639 -0.06751429492015067 -0.06751721890511299 -0.06752013601612952 -0.0675230462542567 -0.06752594962055099 -0.06752884611606907 -0.06753173574186778 -0.06753461849900413 -0.06753749438853521 -0.06754036341151833 -0.06754322556901093 -0.06754608086207058 -0.06754892929175502 -0.06755177085912217 -0.06755460556523007 -0.06755743341113693 -0.06756025439790107 -0.06756306852658105 -0.06756587579823548 -0.06756867621392315 -0.06757146977470307 -0.0675742564816343 -0.06757703633577615 -0.06757980933818801 -0.06758257548992941 -0.06758533479206011 -0.06758808724563994 -0.06759083285172893 -0.06759357161138721 -0.06759630352567518 -0.06759902859565319 -0.06760174682238192 -0.06760445820692214 -0.06760716275033471 -0.06760986045368073 -0.06761255131802142 -0.06761523534441809 -0.06761791253393228 -0.06762058288762567 -0.06762324640655999 -0.06762590309179728 -0.06762855294439955 -0.06763119596542913 -0.06763383215594843 -0.06763646151701991 -0.06763908404970634 -0.06764169975507048 -0.06764430863417539 -0.06764691068808418 -0.06764950591786013 -0.06765209432456668 -0.06765467590926738 -0.06765725067302598 -0.06765981861690637 -0.06766237974197249 -0.06766493404928856 -0.0676674815399189 -0.06767002221492792 -0.06767255607538025 -0.0676750831223406 -0.06767760335687391 -0.06768011678004518 -0.0676826233929196 -0.0676851231965625 -0.06768761619203939 -0.06769010238041577 -0.06769258176275755 -0.06769505434013055 -0.06769752011360083 -0.06769997908423457 -0.06770243125309815 -0.06770487662125801 -0.06770731518978083 -0.0677097469597333 -0.0677121719321824 -0.06771459010819517 -0.0677170014888388 -0.06771940607518062 -0.06772180386828815 -0.06772419486922901 -0.06772657907907097 -0.06772895649888193 -0.0677313271297299 -0.06773369097268321 -0.06773604802881006 -0.067738398299179 -0.06774074178485869 -0.06774307848691784 -0.06774540840642534 -0.06774773154445031 -0.06775004790206188 -0.06775235748032941 -0.06775466028032234 -0.06775695630311032 -0.06775924554976308 -0.06776152802135053 -0.06776380371894268 -0.06776607264360973 -0.06776833479642201 -0.06777059017844991 -0.0677728387907641 -0.06777508063443523 -0.06777731571053425 -0.06777954402013216 -0.06778176556430006 -0.06778398034410932 -0.06778618836063127 -0.06778838961493756 -0.06779058410809988 -0.06779277184119005 -0.06779495281528009 -0.06779712703144208 -0.06779929449074834 -0.06780145519427118 -0.06780360914308323 -0.0678057563382571 -0.06780789678086563 -0.06781003047198177 -0.06781215741267856 -0.0678142776040293 -0.06781639104710731 -0.06781849774298605 -0.06782059769273921 -0.06782269089744053 -0.06782477735816396 -0.06782685707598347 -0.06782893005197328 -0.06783099628720769 -0.06783305578276116 -0.0678351085397083 -0.06783715455912379 -0.06783919384208247 -0.0678412263896594 -0.06784325220292964 -0.06784527128296851 -0.06784728363085135 -0.06784928924765372 -0.0678512881344513 -0.06785328029231985 -0.06785526572233533 -0.06785724442557382 -0.06785921640311152 -0.06786118165602471 -0.06786314018538991 -0.06786509199228373 -0.06786703707778287 -0.06786897544296422 -0.06787090708890481 -0.06787283201668168 -0.0678747502273722 -0.06787666172205375 -0.06787856650180384 -0.06788046456770012 -0.06788235592082043 -0.06788424056224267 -0.0678861184930449 -0.06788798971430536 -0.06788985422710228 -0.06789171203251422 -0.06789356313161968 -0.06789540752549744 -0.06789724521522636 -0.06789907620188536 -0.0679009004865536 -0.06790271807031026 -0.0679045289542348 -0.06790633313940668 -0.06790813062690552 -0.06790992141781113 -0.06791170551320333 -0.06791348291416219 -0.06791525362176785 -0.06791701763710062 -0.06791877496124085 -0.06792052559526916 -0.06792226954026614 -0.06792400679731266 -0.06792573736748958 -0.067927461251878 -0.0679291784515591 -0.06793088896761419 -0.06793259280112471 -0.06793428995317222 -0.0679359804248384 -0.06793766421720512 -0.0679393413313543 -0.06794101176836805 -0.06794267552932853 -0.0679443326153181 -0.06794598302741921 -0.06794762676671448 -0.0679492638342866 -0.06795089423121842 -0.06795251795859289 -0.0679541350174931 -0.0679557454090023 -0.06795734913420381 -0.06795894619418116 -0.06796053659001786 -0.06796212032279769 -0.06796369739360451 -0.06796526780352222 -0.06796683155363499 -0.06796838864502704 -0.0679699390787827 -0.06797148285598645 -0.06797301997772287 -0.0679745504450767 -0.06797607425913282 -0.06797759142097615 -0.0679791019316918 -0.06798060579236499 -0.0679821030040811 -0.06798359356792556 -0.06798507748498395 -0.06798655475634202 -0.06798802538308557 -0.06798948936630063 -0.06799094670707319 -0.0679923974064895 -0.0679938414656359 -0.06799527888559882 -0.06799670966746488 -0.06799813381232069 -0.06799955132125313 -0.06800096219534914 -0.06800236643569578 -0.0680037640433802 -0.06800515501948973 -0.06800653936511178 -0.06800791708133393 -0.0680092881692438 -0.06801065262992922 -0.06801201046447808 -0.06801336167397842 -0.06801470625951839 -0.06801604422218627 -0.06801737556307046 -0.06801870028325939 -0.06802001838384178 -0.06802132986590635 -0.06802263473054199 -0.06802393297883767 -0.06802522461188251 -0.06802650963076576 -0.06802778803657669 -0.06802905983040484 -0.06803032501333978 -0.06803158358647118 -0.06803283555088892 -0.06803408090768291 -0.06803531965794322 -0.06803655180276 -0.06803777734322358 -0.06803899628042434 -0.06804020861545289 -0.06804141434939974 -0.06804261348335577 -0.06804380601841181 -0.06804499195565891 -0.06804617129618812 -0.06804734404109072 -0.06804851019145805 -0.0680496697483816 -0.06805082271295287 -0.06805196908626367 -0.06805310886940574 -0.06805424206347105 -0.0680553686695516 -0.0680564886887396 -0.06805760212212732 -0.06805870897080715 -0.06805980923587157 -0.06806090291841325 -0.06806199001952493 -0.06806307054029942 -0.06806414448182971 -0.06806521184520889 -0.06806627263153014 -0.06806732684188681 -0.0680683744773723 -0.06806941553908014 -0.06807045002810397 -0.0680714779455376 -0.06807249929247487 -0.06807351407000985 -0.06807452227923655 -0.06807552392124921 -0.06807651899714223 -0.06807750750801003 -0.06807848945494711 -0.06807946483904823 -0.06808043366140806 -0.06808139592312164 -0.06808235162528385 -0.06808330076898989 -0.06808424335533493 -0.06808517938541439 -0.06808610886032368 -0.06808703178115834 -0.06808794814901407 -0.0680888579649867 -0.06808976123017209 -0.06809065794566624 -0.06809154811256535 -0.06809243173196554 -0.06809330880496323 -0.0680941793326548 -0.06809504331613692 -0.06809590075650618 -0.0680967516548594 -0.06809759601229341 -0.06809843382990531 -0.06809926510879216 -0.06810008985005118 -0.0681009080547797 -0.06810171972407517 -0.06810252485903512 -0.06810332346075722 -0.06810411553033922 -0.06810490106887905 -0.0681056800774746 -0.06810645255722404 -0.06810721850922553 -0.06810797793457737 -0.06810873083437799 -0.0681094772097259 -0.06811021706171975 -0.06811095039145829 -0.06811167720004027 -0.06811239748856474 -0.06811311125813073 -0.06811381850983737 -0.06811451924478398 -0.0681152134640699 -0.06811590116879465 -0.06811658236005778 -0.06811725703895898 -0.0681179252065981 -0.06811858686407503 -0.06811924201248977 -0.0681198906529424 -0.06812053278653322 -0.06812116841436254 -0.06812179753753073 -0.06812242015713842 -0.06812303627428616 -0.0681236458900748 -0.0681242490056051 -0.0681248456219781 -0.06812543574029477 -0.06812601936165634 -0.06812659648716407 -0.06812716711791933 -0.06812773125502357 -0.06812828889957842 -0.06812884005268552 -0.06812938471544665 -0.06812992288896376 -0.06813045457433876 -0.06813097977267381 -0.06813149848507111 -0.06813201071263289 -0.06813251645646165 -0.06813301571765983 -0.06813350849733003 -0.068133994796575 -0.06813447461649756 -0.06813494795820058 -0.06813541482278707 -0.06813587521136022 -0.06813632912502314 -0.06813677656487918 -0.06813721753203185 -0.06813765202758455 -0.06813808005264098 -0.06813850160830486 -0.06813891669567992 -0.06813932531587019 -0.06813972746997962 -0.06814012315911239 -0.06814051238437269 -0.06814089514686482 -0.06814127144769322 -0.06814164128796243 -0.06814200466877708 -0.0681423615912418 -0.06814271205646152 -0.06814305606554114 -0.06814339361958557 -0.06814372471970007 -0.06814404936698971 -0.06814436756255991 -0.06814467930751604 -0.0681449846029636 -0.06814528345000823 -0.06814557584975557 -0.06814586180331147 -0.06814614131178183 -0.0681464143762726 -0.06814668099788992 -0.06814694117773995 -0.068147194916929 -0.06814744221656345 -0.06814768307774975 -0.06814791750159449 -0.06814814548920438 -0.06814836704168614 -0.06814858216014666 -0.06814879084569289 -0.06814899309943188 -0.06814918892247082 -0.06814937831591691 -0.0681495612808775 -0.06814973781846007 -0.06814990792977209 -0.06815007161592126 -0.06815022887801525 -0.0681503797171619 -0.0681505241344691 -0.06815066213104488 -0.06815079370799736 -0.06815091886643469 -0.06815103760746516 -0.06815114993219722 -0.06815125584173924 -0.0681513553371999 -0.06815144841968779 -0.06815153509031166 -0.06815161535018045 -0.06815168920040302 -0.0681517566420884 -0.06815181767634579 -0.06815187230428432 -0.0681519205270134 -0.06815196234564236 -0.06815199776128075 -0.06815202677503812 -0.06815204938802416 -0.06815206560134866 -0.0681520754161215 -0.06815207883345256 -0.068152075854452 -0.06815206648022987 -0.06815205071189645 -0.06815202855056202 -0.06815199999733704 -0.06815196505333196 -0.06815192371965743 -0.06815187599742412 -0.06815182188774274 -0.06815176139172423 -0.06815169451047949 -0.06815162124511963 -0.06815154159675572 -0.06815145556649903 -0.06815136315546083 -0.06815126436475254 -0.06815115919548567 -0.06815104764877176 -0.0681509297257225 -0.06815080542744964 -0.06815067475506506 -0.06815053770968063 -0.06815039429240843 -0.06815024450436055 -0.06815008834664918 -0.0681499258203866 -0.0681497569266852 -0.06814958166665744 -0.06814940004141587 -0.06814921205207314 -0.06814901769974192 -0.06814881698553509 -0.06814860991056548 -0.06814839647594613 -0.0681481766827901 -0.06814795053221052 -0.06814771802532062 -0.0681474791632338 -0.06814723394706342 -0.068146982377923 -0.0681467244569261 -0.06814646018518648 -0.06814618956381777 -0.0681459125939339 -0.06814562927664877 -0.06814533961307642 -0.06814504360433091 -0.06814474125152647 -0.06814443255577732 -0.06814411751819788 -0.0681437961399025 -0.06814346842200576 -0.06814313436562225 -0.06814279397186666 -0.06814244724185378 -0.06814209417669845 -0.0681417347775156 -0.06814136904542027 -0.06814099698152759 -0.06814061858695271 -0.06814023386281091 -0.06813984281021755 -0.0681394454302881 -0.06813904172413805 -0.068138631692883 -0.06813821533763871 -0.06813779265952083 -0.06813736365964532 -0.06813692833912802 -0.06813648669908501 -0.06813603874063234 -0.06813558446488624 -0.06813512387296293 -0.06813465696597877 -0.06813418374505015 -0.06813370421129364 -0.06813321836582575 -0.06813272620976318 -0.06813222774422266 -0.06813172297032104 -0.0681312118891752 -0.06813069450190215 -0.0681301708096189 -0.06812964081344267 -0.06812910451449064 -0.06812856191388011 -0.06812801301272849 -0.06812745781215325 -0.06812689631327186 -0.06812632851720204 -0.06812575442506144 -0.06812517403796782 -0.06812458735703908 -0.0681239943833931 -0.06812339511814797 -0.06812278956242174 -0.06812217771733259 -0.06812155958399874 -0.06812093516353854 -0.06812030445707043 -0.0681196674657128 -0.06811902419058428 -0.06811837463280349 -0.06811771879348916 -0.06811705667376006 -0.06811638827473504 -0.06811571359753307 -0.06811503264327315 -0.0681143454130744 -0.06811365190805599 -0.06811295212933716 -0.06811224607803723 -0.06811153375527561 -0.06811081516217177 -0.06811009029984527 -0.06810935916941571 -0.06810862177200283 -0.06810787810872641 -0.06810712818070629 -0.06810637198906239 -0.06810560953491471 -0.06810484081938334 -0.06810406584358841 -0.0681032846086502 -0.06810249711568897 -0.06810170336582508 -0.068100903360179 -0.06810009709987125 -0.06809928458602243 -0.0680984658197532 -0.0680976408021843 -0.0680968095344366 -0.0680959720176309 -0.06809512825288824 -0.0680942782413296 -0.06809342198407611 -0.06809255948224896 -0.06809169073696938 -0.06809081574935874 -0.0680899345205384 -0.06808904705162983 -0.06808815334375459 -0.06808725339803426 -0.06808634721559056 -0.06808543479754522 -0.06808451614502008 -0.06808359125913706 -0.06808266014101812 -0.06808172279178525 -0.06808077921256064 -0.06807982940446643 -0.06807887336862485 -0.06807791110615828 -0.06807694261818907 -0.06807596790583972 -0.06807498697023276 -0.06807399981249074 -0.06807300643373639 -0.06807200683509243 -0.06807100101768163 -0.06806998898262698 -0.06806897073105136 -0.06806794626407779 -0.06806691558282933 -0.06806587868842924 -0.06806483558200066 -0.0680637862646669 -0.06806273073755137 -0.0680616690017774 -0.06806060105846859 -0.06805952690874847 -0.06805844655374066 -0.0680573599945689 -0.06805626723235692 -0.06805516826822859 -0.0680540631033078 -0.06805295173871855 -0.06805183417558483 -0.06805071041503077 -0.06804958045818056 -0.06804844430615843 -0.06804730196008868 -0.06804615342109567 -0.06804499869030385 -0.06804383776883773 -0.06804267065782191 -0.06804149735838094 -0.06804031787163965 -0.06803913219872267 -0.06803794034075493 -0.06803674229886131 -0.06803553807416673 -0.06803432766779627 -0.06803311108087501 -0.06803188831452807 -0.06803065936988074 -0.06802942424805825 -0.06802818295018596 -0.06802693547738935 -0.06802568183079383 -0.06802442201152498 -0.06802315602070835 -0.06802188385946967 -0.06802060552893464 -0.06801932103022912 -0.06801803036447888 -0.06801673353280993 -0.0680154305363482 -0.06801412137621976 -0.06801280605355073 -0.06801148456946725 -0.0680101569250956 -0.06800882312156209 -0.068007483159993 -0.06800613704151487 -0.06800478476725408 -0.06800342633833727 -0.06800206175589099 -0.0680006910210419 -0.0679993141349168 -0.06799793109864241 -0.06799654191334564 -0.06799514658015338 -0.06799374510019261 -0.06799233747459038 -0.06799092370447374 -0.06798950379096992 -0.06798807773520608 -0.06798664553830953 -0.0679852072014076 -0.0679837627256277 -0.06798231211209728 -0.06798085536194384 -0.06797939247629499 -0.06797792345627833 -0.06797644830302157 -0.06797496701765252 -0.06797347960129888 -0.06797198605508861 -0.06797048638014963 -0.06796898057760993 -0.06796746864859753 -0.06796595059424053 -0.06796442641566718 -0.06796289611400558 -0.06796135969038412 -0.06795981714593106 -0.06795826848177486 -0.06795671369904392 -0.06795515279886677 -0.06795358578237198 -0.0679520126506882 -0.06795043340494406 -0.06794884804626836 -0.06794725657578982 -0.06794565899463736 -0.06794405530393985 -0.0679424455048263 -0.06794082959842569 -0.06793920758586706 -0.06793757946827964 -0.06793594524679257 -0.06793430492253508 -0.06793265849663647 -0.06793100597022611 -0.06792934734443343 -0.06792768262038784 -0.0679260117992189 -0.06792433488205621 -0.06792265187002934 -0.06792096276426801 -0.06791926756590197 -0.06791756627606096 -0.0679158588958749 -0.0679141454264736 -0.06791242586898713 -0.06791070022454539 -0.06790896849427852 -0.06790723067931659 -0.06790548678078981 -0.06790373679982835 -0.06790198073756251 -0.06790021859512263 -0.06789845037363909 -0.0678966760742423 -0.06789489569806277 -0.06789310924623104 -0.06789131671987769 -0.06788951812013334 -0.06788771344812876 -0.06788590270499462 -0.06788408589186178 -0.067882263009861 -0.06788043406012331 -0.06787859904377957 -0.06787675796196081 -0.06787491081579808 -0.06787305760642248 -0.06787119833496522 -0.06786933300255744 -0.06786746161033046 -0.06786558415941552 -0.06786370065094403 -0.06786181108604739 -0.06785991546585708 -0.06785801379150457 -0.06785610606412143 -0.06785419228483931 -0.06785227245478982 -0.06785034657510466 -0.06784841464691566 -0.06784647667135454 -0.0678445326495532 -0.06784258258264354 -0.06784062647175751 -0.06783866431802713 -0.06783669612258444 -0.06783472188656149 -0.06783274161109049 -0.06783075529730365 -0.06782876294633311 -0.06782676455931128 -0.0678247601373704 -0.06782274968164297 -0.06782073319326129 -0.06781871067335796 -0.06781668212306541 -0.06781464754351627 -0.06781260693584315 -0.06781056030117871 -0.06780850764065569 -0.06780644895540681 -0.06780438424656493 -0.06780231351526286 -0.0678002367626335 -0.06779815398980985 -0.06779606519792485 -0.06779397038811152 -0.06779186956150299 -0.06778976271923239 -0.06778764986243288 -0.06778553099223765 -0.06778340610978002 -0.06778127521619323 -0.0677791383126107 -0.06777699540016578 -0.06777484647999198 -0.06777269155322271 -0.06777053062099152 -0.06776836368443201 -0.06776619074467781 -0.06776401180286255 -0.06776182686011993 -0.06775963591758374 -0.06775743897638777 -0.06775523603766583 -0.0677530271025518 -0.06775081217217965 -0.06774859124768327 -0.06774636433019675 -0.06774413142085413 -0.06774189252078947 -0.06773964763113689 -0.0677373967530306 -0.06773513988760486 -0.06773287703599391 -0.06773060819933202 -0.06772833337875356 -0.06772605257539295 -0.06772376579038453 -0.0677214730248629 -0.06771917427996248 -0.06771686955681788 -0.06771455885656363 -0.06771224218033443 -0.06770991952926492 -0.06770759090448987 -0.06770525630714395 -0.06770291573836207 -0.06770056919927897 -0.0676982166910296 -0.06769585821474883 -0.06769349377157165 -0.06769112336263303 -0.06768874698906802 -0.06768636465201172 -0.06768397635259922 -0.0676815820919657 -0.06767918187124633 -0.06767677569157637 -0.06767436355409108 -0.06767194545992578 -0.06766952141021579 -0.06766709140609652 -0.06766465544870344 -0.06766221353917193 -0.06765976567863755 -0.06765731186823586 -0.06765485210910234 -0.06765238640237273 -0.06764991474918261 -0.06764743715066768 -0.06764495360796373 -0.0676424641222064 -0.06763996869453164 -0.06763746732607519 -0.06763496001797295 -0.06763244677136082 -0.06762992758737481 -0.06762740246715082 -0.06762487141182491 -0.06762233442253318 -0.06761979150041167 -0.06761724264659653 -0.06761468786222391 -0.06761212714843005 -0.06760956050635118 -0.06760698793712352 -0.06760440944188341 -0.0676018250217672 -0.06759923467791126 -0.067596638411452 -0.06759403622352592 -0.0675914281152694 -0.06758881408781903 -0.06758619414231132 -0.06758356827988288 -0.06758093650167028 -0.06757829880881029 -0.06757565520243945 -0.06757300568369458 -0.06757035025371243 -0.06756768891362969 -0.0675650216645833 -0.06756234850771006 -0.06755966944414683 -0.06755698447503057 -0.0675542936014982 -0.06755159682468675 -0.06754889414573319 -0.06754618556577462 -0.06754347108594805 -0.06754075070739066 -0.06753802443123953 -0.0675352922586319 -0.06753255419070495 -0.06752981022859594 -0.06752706037344212 -0.06752430462638079 -0.06752154298854932 -0.067518775461085 -0.06751600204512534 -0.0675132227418077 -0.06751043755226953 -0.06750764647764831 -0.06750484951908159 -0.06750204667770696 -0.06749923795466192 -0.0674964233510841 -0.06749360286811115 -0.06749077650688075 -0.06748794426853064 -0.06748510615419845 -0.06748226216502201 -0.06747941230213908 -0.06747655656668748 -0.06747369495980508 -0.0674708274826297 -0.06746795413629933 -0.06746507492195182 -0.06746218984072513 -0.06745929889375735 -0.06745640208218637 -0.06745349940715037 -0.06745059086978727 -0.06744767647123531 -0.06744475621263257 -0.06744183009511717 -0.06743889811982734 -0.06743596028790126 -0.0674330166004772 -0.06743006705869342 -0.06742711166368817 -0.06742415041659987 -0.06742118331856677 -0.0674182103707273 -0.0674152315742198 -0.0674122469301828 -0.06740925643975464 -0.06740626010407386 -0.06740325792427895 -0.06740024990150846 -0.06739723603690097 -0.067394216331595 -0.06739119078672919 -0.06738815940344216 -0.0673851221828726 -0.06738207912615915 -0.06737903023444057 -0.06737597550885555 -0.06737291495054284 -0.0673698485606413 -0.06736677634028967 -0.0673636982906268 -0.06736061441279151 -0.06735752470792275 -0.06735442917715943 -0.06735132782164041 -0.06734822064250467 -0.06734510764089117 -0.06734198881793896 -0.06733886417478704 -0.06733573371257442 -0.06733259743244022 -0.06732945533552351 -0.06732630742296339 -0.06732315369589904 -0.06731999415546956 -0.0673168288028142 -0.0673136576390721 -0.06731048066538256 -0.06730729788288475 -0.06730410929271802 -0.06730091489602161 -0.06729771469393483 -0.06729450868759708 -0.06729129687814768 -0.06728807926672598 -0.0672848558544714 -0.0672816266425234 -0.06727839163202143 -0.06727515082410485 -0.06727190421991325 -0.06726865182058608 -0.06726539362726291 -0.06726212964108325 -0.0672588598631867 -0.06725558429471282 -0.06725230293680122 -0.06724901579059155 -0.06724572285722341 -0.06724242413783649 -0.06723911963357046 -0.06723580934556511 -0.06723249327496009 -0.06722917142289511 -0.06722584379050998 -0.0672225103789445 -0.06721917118933843 -0.06721582622283163 -0.06721247548056392 -0.0672091189636751 -0.06720575667330511 -0.06720238861059386 -0.06719901477668122 -0.06719563517270712 -0.06719224979981148 -0.06718885865913429 -0.06718546175181557 -0.06718205907899527 -0.06717865064181341 -0.06717523644141005 -0.06717181647892517 -0.06716839075549896 -0.06716495927227142 -0.0671615220303826 -0.06715807903097272 -0.06715463027518186 -0.06715117576415021 -0.06714771549901788 -0.06714424948092507 -0.06714077771101201 -0.06713730019041886 -0.06713381692028592 -0.06713032790175333 -0.06712683313596146 -0.06712333262405053 -0.06711982636716082 -0.0671163143664327 -0.06711279662300641 -0.06710927313802231 -0.06710574391262078 -0.06710220894794214 -0.0670986682451268 -0.06709512180531516 -0.06709156962964759 -0.06708801171926455 -0.06708444807530646 -0.0670808786989138 -0.06707730359122695 -0.06707372275338648 -0.06707013618653282 -0.06706654389180648 -0.06706294587034796 -0.06705934212329787 -0.06705573265179668 -0.06705211745698499 -0.0670484965400033 -0.06704486990199225 -0.06704123754409247 -0.06703759946744448 -0.0670339556731889 -0.06703030616246641 -0.06702665093641764 -0.06702298999618324 -0.06701932334290386 -0.0670156509777202 -0.06701197290177294 -0.06700828911620274 -0.06700459962215038 -0.06700090442075657 -0.06699720351316202 -0.06699349690050746 -0.06698978458393365 -0.06698606656458136 -0.06698234284359145 -0.0669786134221046 -0.06697487830126159 -0.06697113748220332 -0.06696739096607054 -0.06696363875400416 -0.06695988084714488 -0.06695611724663367 -0.06695234795361132 -0.06694857296921869 -0.06694479229459671 -0.06694100593088625 -0.06693721387922814 -0.06693341614076337 -0.06692961271663278 -0.06692580360797733 -0.06692198881593794 -0.06691816834165552 -0.06691434218627104 -0.06691051035092545 -0.06690667283675973 -0.06690282964491481 -0.0668989807765317 -0.06689512623275135 -0.06689126601471479 -0.066887400123563 -0.066883528560437 -0.06687965132647775 -0.06687576842282636 -0.06687187985062382 -0.06686798561101112 -0.06686408570512936 -0.06686018013411954 -0.0668562688991228 -0.06685235200128013 -0.06684842944173261 -0.06684450122162128 -0.06684056734208732 -0.06683662780427171 -0.06683268260931557 -0.06682873175836004 -0.0668247752525462 -0.06682081309301516 -0.06681684528090802 -0.0668128718173659 -0.06680889270352992 -0.06680490794054122 -0.06680091752954095 -0.06679692147167024 -0.0667929197680702 -0.06678891241988204 -0.06678489942824686 -0.06678088079430582 -0.06677685651920007 -0.06677282660407083 -0.06676879105005921 -0.06676474985830645 -0.06676070302995363 -0.066756650566142 -0.06675259246801271 -0.06674852873670697 -0.06674445937336594 -0.06674038437913085 -0.06673630375514286 -0.0667322175025432 -0.06672812562247304 -0.0667240281160736 -0.06671992498448605 -0.06671581622885164 -0.0667117018503116 -0.06670758185000707 -0.06670345622907932 -0.06669932498866957 -0.06669518812991897 -0.06669104565396883 -0.06668689756196028 -0.06668274385503457 -0.06667858453433298 -0.06667441960099672 -0.06667024905616692 -0.06666607290098493 -0.0666618911365919 -0.0666577037641291 -0.06665351078473773 -0.06664931219955902 -0.06664510800973422 -0.06664089821640451 -0.06663668282071117 -0.06663246182379542 -0.06662823522679849 -0.06662400303086159 -0.06661976523712594 -0.0666155218467328 -0.06661127286082337 -0.06660701828053892 -0.06660275810702063 -0.06659849234140972 -0.06659422098484744 -0.06658994403847501 -0.06658566150343363 -0.06658137338086456 -0.06657707967190893 -0.06657278037770809 -0.06656847549940315 -0.06656416503813531 -0.06655984899504588 -0.06655552737127601 -0.06655120016796685 -0.0665468673862597 -0.06654252902729568 -0.06653818509221607 -0.06653383558216197 -0.06652948049827463 -0.06652511984169526 -0.06652075361356502 -0.06651638181502506 -0.06651200444721661 -0.06650762151128083 -0.06650323300835886 -0.06649883893959192 -0.06649443930612113 -0.06649003410908769 -0.06648562334963275 -0.06648120702889741 -0.06647678514802288 -0.06647235770815027 -0.06646792471042073 -0.0664634861559754 -0.0664590420459554 -0.06645459238150188 -0.06645013716375593 -0.06644567639385868 -0.06644121007295123 -0.06643673820217467 -0.06643226078267012 -0.06642777781557868 -0.06642328930204143 -0.06641879524319945 -0.0664142956401938 -0.06640979049416557 -0.06640527980625582 -0.0664007635776056 -0.06639624180935597 -0.066391714502648 -0.06638718165862265 -0.066382643278421 -0.06637809936318409 -0.06637354991405293 -0.06636899493216848 -0.0663644344186718 -0.06635986837470387 -0.06635529680140567 -0.06635071969991818 -0.06634613707138237 -0.06634154891693922 -0.06633695523772967 -0.06633235603489468 -0.06632775130957519 -0.06632314106291215 -0.06631852529604643 -0.066313904010119 -0.0663092772062707 -0.06630464488564253 -0.06630000704937528 -0.06629536369860993 -0.06629071483448723 -0.06628606045814815 -0.06628140057073348 -0.06627673517338412 -0.0662720642672408 -0.06626738785344442 -0.06626270593313582 -0.06625801850745577 -0.06625332557754504 -0.06624862714454445 -0.06624392320959477 -0.06623921377383674 -0.0662344988384111 -0.06622977840445865 -0.0662250524731201 -0.06622032104553617 -0.06621558412284756 -0.06621084170619496 -0.06620609379671907 -0.06620134039556057 -0.06619658150386015 -0.06619181712275841 -0.06618704725339607 -0.06618227189691367 -0.06617749105445186 -0.06617270472715125 -0.0661679129161525 -0.06616311562259611 -0.06615831284762265 -0.06615350459237271 -0.06614869085798686 -0.06614387164560555 -0.06613904695636937 -0.06613421679141882 -0.06612938115189436 -0.0661245400389365 -0.06611969345368572 -0.06611484139728244 -0.06610998387086708 -0.06610512087558015 -0.06610025241256204 -0.06609537848295308 -0.06609049908789369 -0.06608561422852428 -0.06608072390598521 -0.06607582812141677 -0.0660709268759593 -0.06606602017075314 -0.06606110800693858 -0.06605619038565591 -0.06605126730804539 -0.0660463387752473 -0.06604140478840188 -0.06603646534864929 -0.06603152045712982 -0.06602657011498364 -0.06602161432335095 -0.06601665308337182 -0.0660116863961865 -0.0660067142629351 -0.06600173668475771 -0.06599675366279446 -0.06599176519818542 -0.06598677129207066 -0.06598177194559024 -0.06597676715988414 -0.06597175693609245 -0.06596674127535515 -0.06596172017881222 -0.06595669364760362 -0.06595166168286931 -0.06594662428574921 -0.0659415814573833 -0.06593653319891135 -0.06593147951147336 -0.06592642039620916 -0.06592135585425861 -0.06591628588676149 -0.06591121049485762 -0.06590612967968681 -0.06590104344238888 -0.06589595178410351 -0.06589085470597045 -0.06588575220912943 -0.06588064429472018 -0.06587553096388235 -0.06587041221775561 -0.0658652880574796 -0.06586015848419392 -0.06585502349903825 -0.06584988310315207 -0.06584473729767504 -0.06583958608374665 -0.06583442946250646 -0.06582926743509396 -0.06582410000264864 -0.06581892716630997 -0.06581374892721739 -0.06580856528651036 -0.06580337624532821 -0.06579818180481041 -0.06579298196609627 -0.06578777673032518 -0.06578256609863643 -0.06577735007216934 -0.06577212865206317 -0.0657669018394572 -0.06576166963549071 -0.06575643204130283 -0.06575118905803282 -0.06574594068681988 -0.06574068692880305 -0.06573542778512159 -0.06573016325691453 -0.065724893345321 -0.06571961805148005 -0.06571433737653076 -0.06570905132161207 -0.06570375988786305 -0.06569846307642262 -0.06569316088842982 -0.0656878533250235 -0.06568254038734261 -0.06567722207652602 -0.0656718983937126 -0.06566656934004117 -0.06566123491665057 -0.06565589512467955 -0.065650549965267 -0.06564519943955154 -0.06563984354867192 -0.0656344822937668 -0.06562911567597496 -0.06562374369643498 -0.0656183663562855 -0.06561298365666508 -0.06560759559871235 -0.06560220218356586 -0.06559680341236414 -0.06559139928624563 -0.06558598980634886 -0.06558057497381228 -0.0655751547897743 -0.06556972925537335 -0.0655642983717478 -0.06555886214003602 -0.06555342056137628 -0.06554797363690687 -0.06554252136776617 -0.06553706375509236 -0.06553160080002361 -0.06552613250369821 -0.06552065886725428 -0.06551517989182999 -0.06550969557856348 -0.06550420592859277 -0.06549871094305595 -0.0654932106230911 -0.06548770496983616 -0.06548219398442917 -0.0654766776680081 -0.06547115602171086 -0.0654656290466753 -0.06546009674403938 -0.06545455911494091 -0.06544901616051767 -0.06544346788190752 -0.06543791428024819 -0.06543235535667742 -0.06542679111233293 -0.06542122154835238 -0.06541564666587346 -0.06541006646603378 -0.06540448094997087 -0.06539889011882241 -0.06539329397372581 -0.06538769251581869 -0.06538208574623852 -0.0653764736661227 -0.06537085627660866 -0.06536523357883378 -0.06535960557393547 -0.06535397226305109 -0.06534833364731782 -0.06534268972787308 -0.06533704050585401 -0.0653313859823979 -0.06532572615864188 -0.06532006103572308 -0.06531439061477867 -0.06530871489694584 -0.06530303388336153 -0.06529734757516276 -0.06529165597348657 -0.06528595907946999 -0.06528025689424985 -0.06527454941896313 -0.06526883665474678 -0.06526311860273751 -0.06525739526407218 -0.0652516666398876 -0.06524593273132057 -0.06524019353950766 -0.0652344490655857 -0.06522869931069131 -0.06522294427596112 -0.06521718396253173 -0.06521141837153965 -0.06520564750412153 -0.0651998713614137 -0.06519408994455278 -0.06518830325467512 -0.0651825112929171 -0.06517671406041523 -0.06517091155830565 -0.0651651037877248 -0.06515929074980886 -0.06515347244569417 -0.0651476488765168 -0.06514182004341307 -0.06513598594751899 -0.06513014658997074 -0.06512430197190427 -0.06511845209445574 -0.06511259695876115 -0.06510673656595636 -0.06510087091717742 -0.06509500001356014 -0.06508912385624047 -0.06508324244635413 -0.06507735578503701 -0.06507146387342477 -0.0650655667126532 -0.06505966430385801 -0.06505375664817487 -0.06504784374673933 -0.06504192560068697 -0.06503600221115335 -0.06503007357927407 -0.06502413970618448 -0.0650182005930201 -0.06501225624091628 -0.06500630665100854 -0.06500035182443198 -0.0649943917623221 -0.06498842646581407 -0.06498245593604313 -0.06497648017414445 -0.06497049918125322 -0.06496451295850453 -0.06495852150703346 -0.06495252482797509 -0.06494652292246442 -0.06494051579163634 -0.06493450343662588 -0.06492848585856786 -0.06492246305859711 -0.06491643503784864 -0.06491040179745705 -0.06490436333855709 -0.0648983196622836 -0.06489227076977111 -0.06488621666215427 -0.06488015734056776 -0.06487409280614609 -0.06486802306002376 -0.06486194810333523 -0.06485586793721498 -0.06484978256279739 -0.06484369198121684 -0.0648375961936076 -0.06483149520110407 -0.06482538900484036 -0.06481927760595074 -0.06481316100556939 -0.06480703920483039 -0.06480091220486792 -0.06479478000681593 -0.06478864261180847 -0.06478250002097952 -0.06477635223546296 -0.06477019925639274 -0.06476404108490269 -0.06475787772212666 -0.06475170916919831 -0.06474553542725145 -0.06473935649741974 -0.06473317238083684 -0.06472698307863634 -0.06472078859195185 -0.06471458892191684 -0.06470838406966484 -0.06470217403632927 -0.06469595882304355 -0.064689738430941 -0.06468351286115495 -0.06467728211481871 -0.06467104619306549 -0.06466480509702849 -0.06465855882784086 -0.06465230738663574 -0.06464605077454613 -0.06463978899270517 -0.0646335220422457 -0.06462724992430077 -0.06462097264000327 -0.06461469019048599 -0.06460840257688183 -0.06460210980032347 -0.06459581186194369 -0.0645895087628752 -0.06458320050425059 -0.06457688708720244 -0.06457056851286341 -0.06456424478236594 -0.06455791589684251 -0.06455158185742554 -0.06454524266524736 -0.06453889832144044 -0.06453254882713699 -0.06452619418346922 -0.06451983439156947 -0.06451346945256975 -0.0645070993676023 -0.06450072413779906 -0.0644943437642922 -0.06448795824821363 -0.06448156759069532 -0.06447517179286907 -0.06446877085586689 -0.06446236478082049 -0.06445595356886158 -0.06444953722112193 -0.06444311573873329 -0.06443668912282718 -0.0644302573745352 -0.06442382049498885 -0.0644173784853197 -0.06441093134665912 -0.06440447908013855 -0.0643980216868893 -0.0643915591680427 -0.06438509152473004 -0.06437861875808243 -0.06437214086923113 -0.0643656578593072 -0.06435916972944178 -0.06435267648076581 -0.06434617811441026 -0.06433967463150617 -0.06433316603318431 -0.0643266523205756 -0.06432013349481078 -0.06431360955702059 -0.06430708050833575 -0.06430054634988686 -0.06429400708280461 -0.06428746270821944 -0.06428091322726195 -0.06427435864106254 -0.06426779895075163 -0.06426123415745957 -0.06425466426231669 -0.06424808926645326 -0.06424150917099944 -0.06423492397708544 -0.06422833368584141 -0.06422173829839731 -0.06421513781588326 -0.06420853223942921 -0.06420192157016502 -0.06419530580922067 -0.0641886849577259 -0.06418205901681048 -0.0641754279876042 -0.0641687918712367 -0.06416215066883754 -0.06415550438153642 -0.06414885301046275 -0.0641421965567461 -0.06413553502151581 -0.06412886840590137 -0.06412219671103203 -0.06411551993803696 -0.06410883808804557 -0.06410215116218693 -0.06409545916159021 -0.06408876208738445 -0.06408205994069868 -0.06407535272266185 -0.06406864043440294 -0.06406192307705072 -0.06405520065173409 -0.06404847315958184 -0.06404174060172263 -0.0640350029792851 -0.06402826029339784 -0.06402151254518951 -0.06401475973578857 -0.06400800186632347 -0.06400123893792259 -0.06399447095171432 -0.063987697908827 -0.06398091981038873 -0.06397413665752782 -0.06396734845137247 -0.0639605551930506 -0.06395375688369034 -0.06394695352441968 -0.06394014511636656 -0.06393333166065879 -0.06392651315842429 -0.06391968961079075 -0.06391286101888591 -0.0639060273838375 -0.06389918870677308 -0.06389234498882015 -0.06388549623110626 -0.06387864243475888 -0.0638717836009054 -0.06386491973067315 -0.06385805082518944 -0.0638511768855815 -0.06384429791297644 -0.0638374139085015 -0.06383052487328367 -0.06382363080844997 -0.06381673171512736 -0.06380982759444279 -0.06380291844752309 -0.06379600427549512 -0.06378908507948547 -0.06378216086062094 -0.06377523162002816 -0.06376829735883366 -0.06376135807816391 -0.06375441377914551 -0.0637474644629048 -0.06374051013056811 -0.06373355078326179 -0.06372658642211204 -0.06371961704824508 -0.06371264266278703 -0.06370566326686392 -0.06369867886160174 -0.06369168944812661 -0.06368469502756433 -0.0636776956010407 -0.06367069116968163 -0.0636636817346127 -0.0636566672969597 -0.06364964785784824 -0.06364262341840388 -0.06363559397975205 -0.0636285595430183 -0.06362152010932795 -0.06361447567980635 -0.0636074262555788 -0.06360037183777051 -0.06359331242750665 -0.06358624802591231 -0.0635791786341125 -0.06357210425323223 -0.06356502488439644 -0.06355794052873001 -0.0635508511873577 -0.06354375686140434 -0.06353665755199456 -0.063529553260253 -0.06352244398730428 -0.06351532973427287 -0.06350821050228325 -0.06350108629245985 -0.06349395710592695 -0.06348682294380886 -0.06347968380722979 -0.06347253969731398 -0.06346539061518541 -0.06345823656196825 -0.06345107753878632 -0.06344391354676374 -0.06343674458702422 -0.06342957066069163 -0.06342239176888972 -0.06341520791274213 -0.06340801909337251 -0.06340082531190447 -0.06339362656946146 -0.06338642286716692 -0.06337921420614423 -0.06337200058751674 -0.06336478201240767 -0.06335755848194027 -0.06335032999723766 -0.06334309655942288 -0.06333585816961895 -0.06332861482894891 -0.06332136653853557 -0.06331411329950176 -0.06330685511297035 -0.06329959198006388 -0.06329232390190515 -0.06328505087961664 -0.0632777729143209 -0.06327049000714047 -0.06326320215919767 -0.0632559093716148 -0.06324861164551421 -0.06324130898201807 -0.06323400138224858 -0.06322668884732774 -0.06321937137837763 -0.06321204897652027 -0.06320472164287744 -0.063197389378571 -0.06319005218472276 -0.06318271006245446 -0.06317536301288768 -0.06316801103714398 -0.06316065413634497 -0.06315329231161199 -0.06314592556406656 -0.06313855389482992 -0.06313117730502332 -0.06312379579576805 -0.06311640936818513 -0.06310901802339575 -0.06310162176252082 -0.06309422058668135 -0.0630868144969981 -0.06307940349459207 -0.06307198758058385 -0.0630645667560942 -0.06305714102224372 -0.063049710380153 -0.06304227483094249 -0.06303483437573257 -0.06302738901564364 -0.0630199387517961 -0.06301248358531003 -0.06300502351730564 -0.06299755854890304 -0.06299008868122224 -0.06298261391538323 -0.06297513425250592 -0.06296764969371013 -0.06296016024011558 -0.0629526658928421 -0.06294516665300923 -0.06293766252173652 -0.0629301535001435 -0.06292263958934963 -0.06291512079047429 -0.06290759710463673 -0.06290006853295624 -0.06289253507655196 -0.06288499673654299 -0.06287745351404839 -0.06286990541018717 -0.06286235242607813 -0.06285479456284018 -0.06284723182159208 -0.06283966420345244 -0.06283209170954007 -0.06282451434097333 -0.0628169320988709 -0.06280934498435109 -0.0628017529985323 -0.06279415614253286 -0.06278655441747091 -0.06277894782446472 -0.06277133636463225 -0.06276372003909164 -0.06275609884896075 -0.0627484727953575 -0.06274084187939974 -0.06273320610220517 -0.06272556546489144 -0.06271791996857629 -0.06271026961437712 -0.06270261440341143 -0.06269495433679662 -0.06268728941565013 -0.06267961964108906 -0.0626719450142307 -0.06266426553619214 -0.06265658120809048 -0.06264889203104262 -0.06264119800616552 -0.06263349913457605 -0.06262579541739094 -0.06261808685572692 -0.06261037345070064 -0.06260265520342861 -0.06259493211502734 -0.06258720418661329 -0.06257947141930278 -0.0625717338142121 -0.06256399137245747 -0.06255624409515503 -0.06254849198342086 -0.06254073503837088 -0.06253297326112109 -0.06252520665278738 -0.06251743521448538 -0.06250965894733101 -0.06250187785243977 -0.06249409193092728 -0.06248630118390902 -0.0624785056125004 -0.062470705217816835 -0.06246290000097354 -0.0624550899630858 -0.06244727510526868 -0.0624394554286373 -0.06243163093430662 -0.06242380162339156 -0.06241596749700701 -0.062408128556267706 -0.0624002848022884 -0.062392436236183624 -0.062384582859068116 -0.062376724672056155 -0.062368861676262266 -0.06236099387280078 -0.06235312126278597 -0.062345243847332005 -0.062337361627553045 -0.06232947460456306 -0.06232158277947614 -0.0623136861534061 -0.06230578472746673 -0.06229787850277188 -0.062289967480435166 -0.06228205166157022 -0.06227413104729057 -0.06226620563870966 -0.0622582754369409 -0.06225034044309752 -0.06224240065829287 -0.062234456083640005 -0.062226506720252095 -0.06221855256924211 -0.06221059363172293 -0.06220262990880751 -0.062194661401608564 -0.06218668811123887 -0.06217871003881101 -0.06217072718543759 -0.062162739552231006 -0.06215474714030372 -0.06214674995076813 -0.0621387479847364 -0.06213074124332077 -0.06212272972763333 -0.06211471343878608 -0.062106692377891015 -0.06209866654606003 -0.06209063594440484 -0.06208260057403725 -0.06207456043606893 -0.06206651553161138 -0.06205846586177616 -0.0620504114276747 -0.062042352230418235 -0.062034288271118176 -0.062026219550885636 -0.062018146070831726 -0.0620100678320675 -0.06200198483570396 -0.06199389708285191 -0.061985804574622244 -0.061977707312125624 -0.06196960529647269 -0.061961498528774084 -0.061953387010140304 -0.06194527074168166 -0.06193714972450862 -0.06192902395973138 -0.061920893448460135 -0.061912758191805 -0.06190461819087603 -0.06189647344678312 -0.06188832396063623 -0.06188016973354507 -0.06187201076661941 -0.06186384706096884 -0.061855678617703 -0.061847505437931216 -0.061839327522763055 -0.06183114487330782 -0.06182295749067465 -0.0618147653759728 -0.06180656853031136 -0.06179836695479926 -0.06179016065054549 -0.06178194961865888 -0.06177373386024826 -0.061765513376422165 -0.061757288168289404 -0.06174905823695839 -0.06174082358353758 -0.06173258420913538 -0.06172434011486003 -0.06171609130181979 -0.061707837771122764 -0.061699579523877 -0.06169131656119051 -0.06168304888417114 -0.06167477649392675 -0.06166649939156499 -0.061658217578193536 -0.061649931054919976 -0.06164163982285187 -0.061633343883096464 -0.06162504323676121 -0.06161673788495328 -0.061608427828779844 -0.06160011306934804 -0.061591793607764844 -0.06158346944513718 -0.0615751405825718 -0.06156680702117559 -0.061558468762055174 -0.06155012580631705 -0.061541778155067894 -0.06153342580941404 -0.06152506877046182 -0.06151670703931755 -0.06150834061708743 -0.06149996950487746 -0.06149159370379376 -0.06148321321494224 -0.06147482803942869 -0.06146643817835898 -0.061458043632838716 -0.06144964440397355 -0.061441240492869004 -0.06143283190063051 -0.06142441862836337 -0.061416000677172955 -0.061407578048164435 -0.061399150742442815 -0.06139071876111327 -0.06138228210528063 -0.06137384077604979 -0.06136539477452552 -0.06135694410181253 -0.061348488759015385 -0.061340028747238595 -0.06133156406758675 -0.06132309472116401 -0.06131462070907473 -0.0613061420324231 -0.06129765869231321 -0.06128917068984907 -0.061280678026134655 -0.06127218070227375 -0.06126367871937016 -0.06125517207852754 -0.06124666078084956 -0.06123814482743961 -0.0612296242194012 -0.061221098957837644 -0.061212569043852194 -0.06120403447854805 -0.06119549526302831 -0.061186951398395834 -0.06117840288575371 -0.061169849726204706 -0.061161291920851485 -0.06115272947079686 -0.06114416237714329 -0.061135590640993276 -0.061127014263449214 -0.061118433245613474 -0.06110984758858823 -0.06110125729347565 -0.0610926623613777 -0.06108406279339651 -0.061075458590633874 -0.06106684975419158 -0.0610582362851714 -0.06104961818467483 -0.06104099545380354 -0.06103236809365892 -0.06102373610534234 -0.061015099489955094 -0.06100645824859835 -0.0609978123823732 -0.060989161892380656 -0.060980506779721666 -0.06097184704549713 -0.06096318269080772 -0.06095451371675409 -0.06094584012443685 -0.06093716191495649 -0.060928479089413456 -0.06091979164890793 -0.060911099594540274 -0.06090240292741059 -0.0608937016486189 -0.060884995759265204 -0.0608762852604493 -0.06086757015327107 -0.06085885043883016 -0.06085012611822621 -0.06084139719255874 -0.06083266366292711 -0.0608239255304307 -0.06081518279616885 -0.06080643546124059 -0.06079768352674511 -0.0607889269937813 -0.06078016586344814 -0.060771400136844345 -0.06076262981506875 -0.06075385489921989 -0.060745075390396364 -0.0607362912896966 -0.06072750259821899 -0.06071870931706175 -0.06070991144732313 -0.060701108990101116 -0.060692301946493804 -0.06068349031759909 -0.060674674104514825 -0.060665853308338624 -0.06065702793016828 -0.06064819797110127 -0.06063936343223497 -0.06063052431466695 -0.06062168061949433 -0.06061283234781431 -0.06060397950072405 -0.06059512207932061 -0.060586260084700694 -0.06057739351796135 -0.06056852238019925 -0.060559646672510986 -0.06055076639599316 -0.06054188155174223 -0.060532992140854475 -0.060524098164426304 -0.060515199623553895 -0.060506296519333175 -0.060497388852860406 -0.06048847662523127 -0.06047955983754172 -0.060470638490887435 -0.06046171258636407 -0.06045278212506716 -0.06044384710809217 -0.06043490753653449 -0.060425963411489314 -0.060417014734051866 -0.06040806150531719 -0.0603991037263803 -0.06039014139833612 -0.060381174522279396 -0.06037220309930491 -0.060363227130507235 -0.06035424661698088 -0.06034526155982037 -0.06033627196011995 -0.06032727781897387 -0.06031827913747634 -0.060309275916721417 -0.06030026815780301 -0.06029125586181508 -0.0602822390298513 -0.06027321766300542 -0.06026419176237102 -0.06025516132904163 -0.06024612636411067 -0.06023708686867135 -0.060228042843816915 -0.06021899429064059 -0.060209941210235374 -0.06020088360369405 -0.060191821472109636 -0.06018275481657481 -0.06017368363818226 -0.0601646079380245 -0.06015552771719396 -0.060146442976783066 -0.06013735371788409 -0.06012825994158921 -0.06011916164899048 -0.06011005884117995 -0.060100951519249435 -0.06009183968429074 -0.060082723337395616 -0.06007360247965565 -0.06006447711216234 -0.060055347236007084 -0.06004621285228132 -0.06003707396207614 -0.06002793056648267 -0.06001878266659205 -0.06000963026349518 -0.060000473358282874 -0.05999131195204582 -0.05998214604587482 -0.05997297564086029 -0.05996380073809279 -0.059954621338662584 -0.05994543744365999 -0.05993624905417522 -0.059927056171298204 -0.059917858796119106 -0.05990865692972766 -0.059899450573213664 -0.05989023972766688 -0.05988102439417686 -0.05987180457383309 -0.05986258026772495 -0.05985335147694176 -0.05984411820257268 -0.05983488044570684 -0.05982563820743325 -0.059816391488840825 -0.05980714029101833 -0.059797884615054475 -0.059788624462037976 -0.059779359833057266 -0.05977009072920075 -0.05976081715155679 -0.059751539101213585 -0.05974225657925927 -0.059732969586781925 -0.05972367812486942 -0.059714382194609505 -0.05970508179709011 -0.0596957769333987 -0.05968646760462287 -0.05967715381185007 -0.05966783555616759 -0.05965851283866275 -0.0596491856604226 -0.059639854022534244 -0.05963051792608459 -0.05962117737216052 -0.05961183236184875 -0.05960248289623593 -0.05959312897640856 -0.05958377060345316 -0.059574407778456046 -0.0595650405025035 -0.059555668776681614 -0.059546292602076445 -0.05953691197977401 -0.05952752691086005 -0.059518137396420395 -0.05950874343754073 -0.059499345035306406 -0.05948994219080311 -0.05948053490511612 -0.05947112317933059 -0.05946170701453174 -0.05945228641180464 -0.0594428613722342 -0.05943343189690528 -0.05942399798690262 -0.05941455964331088 -0.059405116867214613 -0.059395669659698225 -0.05938621802184607 -0.05937676195474248 -0.05936730145947142 -0.0593578365371171 -0.05934836718876338 -0.05933889341549409 -0.05932941521839305 -0.059319932598543734 -0.05931044555702983 -0.059300954094934744 -0.059291458213341725 -0.05928195791333407 -0.05927245319599492 -0.05926294406240726 -0.059253430513654004 -0.05924391255081804 -0.059234390174982 -0.05922486338722857 -0.059215332188640224 -0.05920579658029945 -0.05919625656328842 -0.05918671213868948 -0.05917716330758466 -0.05916761007105603 -0.059158052430185404 -0.05914849038605463 -0.0591389239397454 -0.0591293530923393 -0.059119777844917815 -0.059110198198562364 -0.059100614154354164 -0.05909102571337449 -0.05908143287670431 -0.05907183564542465 -0.059062234020616444 -0.05905262800336036 -0.05904301759473715 -0.05903340279582728 -0.059023783607711294 -0.059014160031469476 -0.05900453206818218 -0.05899489971892938 -0.05898526298479123 -0.05897562186684768 -0.05896597636617848 -0.05895632648386351 -0.05894667222098224 -0.05893701357861428 -0.05892735055783899 -0.058917683159735695 -0.058908011385383624 -0.05889833523586191 -0.05888865471224952 -0.05887896981562529 -0.05886928054706814 -0.05885958690765658 -0.058849888898469316 -0.05884018652058484 -0.05883047977508138 -0.05882076866303737 -0.0588110531855309 -0.05880133334363999 -0.05879160913844261 -0.058781880571016604 -0.05877214764243968 -0.058762410353789596 -0.05875266870614371 -0.058742922700579514 -0.05873317233817438 -0.058723417620005436 -0.05871365854714983 -0.058703895120684496 -0.058694127341686414 -0.05868435521123233 -0.05867457873039883 -0.05866479790026269 -0.05865501272190024 -0.05864522319638785 -0.05863542932480176 -0.05862563110821817 -0.05861582854771308 -0.05860602164436246 -0.058596210399242094 -0.058586394813427756 -0.05857657488799495 -0.05856675062401934 -0.0585569220225762 -0.058547089084740905 -0.05853725181158856 -0.0585274102041943 -0.058517564263633054 -0.05850771399097973 -0.05849785938730909 -0.05848800045369573 -0.05847813719121428 -0.05846826960093904 -0.058458397683944396 -0.058448521441304635 -0.058438640874093783 -0.058428755983385844 -0.05841886677025476 -0.05840897323577432 -0.058399075381018156 -0.05838917320705983 -0.05837926671497287 -0.05836935590583056 -0.05835944078070618 -0.058349521340672866 -0.058339597586803627 -0.05832966952017141 -0.05831973714184899 -0.058309800452909094 -0.05829985945442434 -0.05828991414746715 -0.05827996453310996 -0.05827001061242498 -0.05826005238648438 -0.058250089856360265 -0.058240123023124535 -0.05823015188784897 -0.05822017645160535 -0.05821019671546529 -0.05820021268050027 -0.05819022434778168 -0.058180231718380826 -0.05817023479336883 -0.05816023357381678 -0.05815022806079567 -0.0581402182553763 -0.05813020415862935 -0.05812018577162556 -0.058110163095435374 -0.05810013613112919 -0.05809010487977731 -0.05808006934244997 -0.0580700295202172 -0.05805998541414886 -0.058049937025314996 -0.058039884354785215 -0.058029827403629164 -0.058019766172916376 -0.0580097006637163 -0.05799963087709814 -0.05798955681413118 -0.057979478475884444 -0.05796939586342692 -0.057959308977827445 -0.05794921782015472 -0.05793912239147744 -0.05792902269286418 -0.057918918725383184 -0.05790881049010285 -0.05789869798809136 -0.05788858122041679 -0.057878460188147074 -0.057868334892350104 -0.05785820533409358 -0.0578480715144451 -0.05783793343447227 -0.05782779109524244 -0.05781764449782295 -0.05780749364328083 -0.057797338532683346 -0.05778717916709733 -0.05777701554758963 -0.05776684767522702 -0.057756675551076136 -0.05774649917620339 -0.057736318551675214 -0.057726133678557945 -0.0577159445579177 -0.05770575119082055 -0.05769555357833239 -0.057685351721519146 -0.05767514562144643 -0.0576649352791799 -0.05765472069578503 -0.0576445018723272 -0.05763427880987171 -0.05762405150948363 -0.057613819972228086 -0.05760358419916989 -0.05759334419137396 -0.05758309994990493 -0.05757285147582744 -0.05756259877020592 -0.05755234183410468 -0.05754208066858807 -0.05753181527472015 -0.05752154565356496 -0.05751127180618629 -0.05750099373364809 -0.057490711437013925 -0.05748042491734742 -0.05747013417571195 -0.05745983921317094 -0.057449540030787505 -0.057439236629624746 -0.05742892901074573 -0.05741861717521324 -0.05740830112409015 -0.057397980858438946 -0.05738765637932225 -0.057377327687802515 -0.05736699478494192 -0.05735665767180273 -0.057346316349447035 -0.05733597081893674 -0.0573256210813336 -0.05731526713769952 -0.05730490898909599 -0.05729454663658448 -0.05728418008122643 -0.05727380932408305 -0.05726343436621556 -0.0572530552086849 -0.05724267185255205 -0.05723228429887778 -0.05722189254872276 -0.05721149660314759 -0.057201096463212725 -0.057190692129978404 -0.05718028360450497 -0.05716987088785244 -0.05715945398108083 -0.05714903288525003 -0.057138607601419755 -0.05712817813064969 -0.05711774447399931 -0.057107306632528 -0.05709686460729513 -0.05708641839935982 -0.0570759680097811 -0.05706551343961794 -0.05705505468992916 -0.05704459176177351 -0.05703412465620947 -0.057023653374295546 -0.05701317791709018 -0.057002698285651465 -0.05699221448103767 -0.05698172650430666 -0.056971234356516465 -0.056960738038724645 -0.05695023755198905 -0.05693973289736709 -0.05692922407591622 -0.05691871108869381 -0.05690819393675686 -0.05689767262116263 -0.05688714714296794 -0.05687661750322967 -0.0568660837030045 -0.056855545743349 -0.05684500362531969 -0.05683445734997283 -0.056823906918364836 -0.05681335233155166 -0.056802793590589346 -0.0567922306965338 -0.05678166365044074 -0.05677109245336587 -0.05676051710636465 -0.05674993761049257 -0.05673935396680482 -0.056728766176356665 -0.05671817424020306 -0.05670757815939903 -0.05669697793499928 -0.05668637356805861 -0.05667576505963151 -0.05666515241077247 -0.05665453562253589 -0.05664391469597588 -0.056633289632146644 -0.05662266043210201 -0.05661202709689597 -0.05660138962758221 -0.05659074802521441 -0.05658010229084601 -0.056569452425530325 -0.0565587984303208 -0.05654814030627037 -0.05653747805443224 -0.05652681167585916 -0.056516141171604056 -0.05650546654271946 -0.05649478779025796 -0.05648410491527206 -0.056473417918813884 -0.05646272680193576 -0.05645203156568973 -0.05644133221112768 -0.056430628739301464 -0.056419921151262764 -0.05640920944806321 -0.056398493630754165 -0.056387773700387084 -0.05637704965801307 -0.05636632150468329 -0.056355589241448734 -0.05634485286936017 -0.05633411238946845 -0.056323367802824015 -0.056312619110477524 -0.05630186631347933 -0.056291109412879625 -0.05628034840972848 -0.056269583305076004 -0.05625881409997202 -0.056248040795466386 -0.05623726339260865 -0.056226481892448305 -0.05621569629603487 -0.05620490660441757 -0.056194112818645475 -0.05618331493976772 -0.05617251296883316 -0.05616170690689068 -0.056150896754988855 -0.05614008251417624 -0.05612926418550129 -0.05611844177001227 -0.05610761526875735 -0.056096784682784645 -0.05608595001314212 -0.05607511126087747 -0.05606426842703843 -0.05605342151267262 -0.056042570518827384 -0.05603171544655017 -0.05602085629688805 -0.05600999307088825 -0.05599912576959756 -0.05598825439406291 -0.05597737894533103 -0.055966499424448396 -0.05595561583246153 -0.05594472817041679 -0.055933836439360424 -0.0559229406403384 -0.05591204077439685 -0.05590113684258147 -0.055890228845938084 -0.05587931678551222 -0.05586840066234938 -0.05585748047749495 -0.05584655623199411 -0.055835627926892034 -0.05582469556323358 -0.05581375914206377 -0.05580281866442721 -0.05579187413136852 -0.055780925543932214 -0.055769972903162685 -0.05575901621010415 -0.055748055465800694 -0.05573709067129626 -0.05572612182763487 -0.055715148935860104 -0.055704171997015633 -0.05569319101214504 -0.05568220598229154 -0.055671216908498466 -0.055660223791808905 -0.05564922663326588 -0.05563822543391225 -0.055627220194790744 -0.055616210916943964 -0.05560519760141444 -0.055594180249244535 -0.05558315886147644 -0.055572133439152405 -0.055561103983314264 -0.05555007049500399 -0.05553903297526333 -0.055527991425133844 -0.05551694584565703 -0.055505896237874275 -0.05549484260282686 -0.05548378494155587 -0.055472723255102246 -0.05546165754450691 -0.05545058781081061 -0.05543951405505393 -0.05542843627827737 -0.0554173544815213 -0.05540626866582593 -0.055395178832231384 -0.05538408498177763 -0.05537298711550462 -0.05536188523445193 -0.05535077933965932 -0.05533966943216617 -0.05532855551301186 -0.055317437583235596 -0.0553063156438765 -0.055295189695973634 -0.05528405974056569 -0.05527292577869147 -0.0552617878113896 -0.05525064583969844 -0.05523949986465643 -0.05522834988730174 -0.05521719590867247 -0.055206037929806606 -0.05519487595174194 -0.05518370997551622 -0.05517254000216698 -0.05516136603273164 -0.055150188068247674 -0.055139006109752114 -0.05512782015828216 -0.05511663021487467 -0.05510543628056647 -0.055094238356394265 -0.05508303644339463 -0.05507183054260398 -0.05506062065505862 -0.05504940678179476 -0.055038188923848375 -0.05502696708225552 -0.05501574125805184 -0.055004511452273086 -0.0549932776659548 -0.05498203990013231 -0.05497079815584102 -0.05495955243411599 -0.05494830273599227 -0.054937049062504795 -0.05492579141468834 -0.05491452979357747 -0.0549032642002068 -0.054891994635610564 -0.05488072110082318 -0.05486944359687873 -0.05485816212481118 -0.05484687668565444 -0.05483558728044216 -0.0548242939102081 -0.05481299657598557 -0.05480169527880807 -0.054790390019708785 -0.05477908079972077 -0.05476776761987706 -0.05475645048121042 -0.05474512938475362 -0.05473380433153924 -0.05472247532259966 -0.054711142358967346 -0.054699805441674354 -0.05468846457175286 -0.05467711975023459 -0.05466577097815162 -0.054654418256535386 -0.05464306158641763 -0.05463170096882966 -0.054620336404802766 -0.05460896789536818 -0.05459759544155679 -0.05458621904439967 -0.05457483870492738 -0.05456345442417071 -0.054552066203160166 -0.054540674042926035 -0.05452927794449863 -0.05451787790890805 -0.054506473937184274 -0.05449506603035717 -0.05448365418945644 -0.05447223841551163 -0.05446081870955238 -0.054449395072607876 -0.05443796750570734 -0.05442653600987982 -0.0544151005861544 -0.054403661235559675 -0.05439221795912452 -0.05438077075787742 -0.054369319632846635 -0.054357864585060756 -0.05434640561554774 -0.054334942725335594 -0.054323475915452335 -0.05431200518692564 -0.054300530540783154 -0.05428905197805234 -0.0542775694997607 -0.05426608310693537 -0.054254592800603435 -0.05424309858179194 -0.05423160045152767 -0.054220098410837386 -0.054208592460747634 -0.05419708260228487 -0.054185568836475406 -0.05417405116434551 -0.05416252958692108 -0.054151004105228134 -0.05413947472029251 -0.05412794143313976 -0.05411640424479544 -0.054104863156285044 -0.05409331816863358 -0.054081769282866454 -0.054070216500008594 -0.05405865982108474 -0.054047099247119756 -0.054035534779138195 -0.05402396641816454 -0.05401239416522308 -0.05400081802133802 -0.053989237987533495 -0.05397765406483346 -0.05396606625426156 -0.05395447455684166 -0.05394287897359709 -0.05393127950555149 -0.053919676153728 -0.05390806891914979 -0.05389645780283986 -0.05388484280582104 -0.05387322392911614 -0.053861601173747775 -0.053849974540738366 -0.053838344031110236 -0.05382670964588568 -0.05381507138608671 -0.05380342925273529 -0.053791783246853214 -0.053780133369462135 -0.05376847962158371 -0.05375682200423923 -0.053745160518449964 -0.05373349516523712 -0.05372182594562161 -0.053710152860624416 -0.0536984759112662 -0.053686795098567636 -0.053675110423549166 -0.053663421887231055 -0.05365172949063357 -0.05364003323477681 -0.05362833312068063 -0.053616629149364936 -0.053604921321849325 -0.053593209639153344 -0.05358149410229632 -0.053569774712297624 -0.053558051470176365 -0.05354632437695145 -0.05353459343364181 -0.05352285864126621 -0.053511120000843126 -0.05349937751339115 -0.053487631179928496 -0.053475881001473324 -0.05346412697904382 -0.05345236911365783 -0.05344060740633311 -0.0534288418580873 -0.053417072469938015 -0.05340529924290244 -0.053393522177997976 -0.053381741276241734 -0.05336995653865062 -0.05335816796624146 -0.05334637556003102 -0.05333457932103575 -0.05332277925027215 -0.05331097534875662 -0.05329916761750511 -0.05328735605753379 -0.05327554066985851 -0.053263721455494906 -0.053251898415458854 -0.053240071550765655 -0.05322824086243061 -0.05321640635146907 -0.05320456801889592 -0.05319272586572632 -0.05318087989297496 -0.053169030101656495 -0.053157176492785396 -0.05314531906737613 -0.053133457826442965 -0.05312159277100004 -0.05310972390206131 -0.053097851220640535 -0.05308597472775156 -0.05307409442440783 -0.053062210311623004 -0.053050322390410104 -0.05303843066178243 -0.05302653512675298 -0.053014635786334696 -0.053002732641540345 -0.052990825693382454 -0.05297891494287357 -0.052967000391026 -0.05295508203885199 -0.05294315988736353 -0.05293123393757268 -0.05291930419049118 -0.052907370647130636 -0.05289543330850263 -0.052883492175618524 -0.05287154724948953 -0.0528595985311269 -0.05284764602154143 -0.05283568972174402 -0.052823729632745425 -0.052811765755556156 -0.05279979809118657 -0.05278782664064702 -0.0527758514049477 -0.052763872385098554 -0.05275188958210955 -0.05273990299699027 -0.052727912630750384 -0.05271591848439938 -0.052703920558946515 -0.05269191885540109 -0.052679913374771986 -0.05266790411806821 -0.052655891086298534 -0.05264387428047154 -0.05263185370159576 -0.05261982935067955 -0.052607801228731155 -0.052595769336758524 -0.05258373367576974 -0.052571694246772604 -0.05255965105077462 -0.05254760408878342 -0.05253555336180643 -0.05252349887085081 -0.052511440616923755 -0.05249937860103221 -0.052487312824182925 -0.05247524328738265 -0.05246316999163797 -0.0524510929379553 -0.05243901212734087 -0.052426927560800696 -0.05241483923934109 -0.05240274716396767 -0.05239065133568624 -0.05237855175550235 -0.052366448424421425 -0.052354341343448796 -0.052342230513589605 -0.05233011593584891 -0.05231799761123157 -0.052305875540742425 -0.052293749725385835 -0.0522816201661665 -0.05226948686408872 -0.05225734982015656 -0.052245209035374135 -0.052233064510745386 -0.052220916247273985 -0.052208764245963685 -0.052196608507817904 -0.05218444903383998 -0.05217228582503311 -0.05216011888240049 -0.05214794820694482 -0.052135773799669105 -0.05212359566157593 -0.05211141379366768 -0.0520992281969469 -0.0520870388724157 -0.05207484582107619 -0.05206264904393032 -0.05205044854197996 -0.05203824431622667 -0.05202603636767211 -0.05201382469731752 -0.05200160930616421 -0.05198939019521334 -0.05197716736546579 -0.05196494081792247 -0.051952710553583886 -0.05194047657345072 -0.05192823887852341 -0.051915997469802105 -0.051903752348287036 -0.05189150351497812 -0.05187925097087512 -0.051866994716977866 -0.05185473475428584 -0.05184247108379847 -0.05183020370651503 -0.05181793262343465 -0.051805657835556296 -0.051793379343878926 -0.05178109714940107 -0.051768811253121466 -0.05175652165603842 -0.05174422835915024 -0.051731931363455164 -0.051719630669951056 -0.05170732627963581 -0.05169501819350722 -0.051682706412562784 -0.05167039093779996 -0.051658071770216085 -0.05164574891080828 -0.0516334223605735 -0.051621092120508694 -0.05160875819161043 -0.05159642057487562 -0.05158407927130024 -0.051571734281881 -0.05155938560761392 -0.051547033249494945 -0.051534677208520036 -0.05152231748568484 -0.05150995408198494 -0.051497586998415945 -0.05148521623597302 -0.051472841795651314 -0.05146046367844587 -0.05144808188535166 -0.05143569641736326 -0.05142330727547534 -0.05141091446068238 -0.05139851797397871 -0.05138611781635832 -0.05137371398881549 -0.051361306492343856 -0.05134889532793718 -0.05133648049658929 -0.0513240619992934 -0.0513116398370429 -0.05129921401083096 -0.05128678452165056 -0.0512743513704946 -0.051261914558355826 -0.05124947408622685 -0.051237029955100016 -0.05122458216596776 -0.05121213071982217 -0.051199675617655316 -0.05118721686045902 -0.05117475444922498 -0.05116228838494488 -0.0511498186686101 -0.05113734530121203 -0.05112486828374169 -0.05111238761719017 -0.05109990330254838 -0.05108741534080696 -0.05107492373295652 -0.05106242847998754 -0.051049929582890285 -0.05103742704265496 -0.05102492086027147 -0.05101241103672974 -0.050999897573019454 -0.05098738047013024 -0.0509748597290515 -0.05096233535077255 -0.05094980733628254 -0.05093727568657036 -0.05092474040262501 -0.050912201485435155 -0.050899658935989356 -0.050887112755275965 -0.05087456294428336 -0.050862009503999606 -0.05084945243541272 -0.05083689173951056 -0.05082432741728085 -0.05081175946971109 -0.05079918789778867 -0.05078661270250101 -0.05077403388483498 -0.05076145144577776 -0.05074886538631612 -0.0507362757074368 -0.05072368241012615 -0.05071108549537087 -0.05069848496415694 -0.050685880817470635 -0.05067327305629779 -0.050660661681624364 -0.05064804669443598 -0.05063542809571808 -0.05062280588645615 -0.0506101800676354 -0.05059755064024091 -0.05058491760525757 -0.050572280963670224 -0.05055964071646368 -0.050546996864622246 -0.05053434940913032 -0.05052169835097217 -0.05050904369113185 -0.05049638543059337 -0.05048372357034034 -0.05047105811135644 -0.05045838905462535 -0.05044571640113027 -0.050433040151854375 -0.05042036030778074 -0.05040767686989234 -0.050394989839171844 -0.05038229921660192 -0.05036960500316512 -0.050356907199843565 -0.05034420580761956 -0.05033150082747517 -0.05031879226039224 -0.05030608010735249 -0.05029336436933754 -0.050280645047328876 -0.050267922142307714 -0.05025519565525524 -0.05024246558715245 -0.05022973193898034 -0.05021699471171939 -0.05020425390635036 -0.05019150952385362 -0.05017876156520945 -0.05016601003139798 -0.050153254923399115 -0.05014049624219283 -0.050127733988758694 -0.05011496816407632 -0.05010219876912514 -0.050089425804884236 -0.05007664927233296 -0.05006386917245009 -0.05005108550621451 -0.050038298274604764 -0.05002550747859952 -0.050012713119177155 -0.0499999151973157 -0.04998711371399342 -0.04997430867018815 -0.04996150006687766 -0.04994868790503959 -0.04993587218565154 -0.049923052909690735 -0.04991023007813439 -0.04989740369195958 -0.04988457375214311 -0.04987174025966179 -0.04985890321549222 -0.049846062620610865 -0.04983321847599412 -0.049820370782618 -0.04980751954145851 -0.04979466475349159 -0.04978180641969293 -0.04976894454103803 -0.049756079118502494 -0.049743210153061435 -0.04973033764569004 -0.04971746159736323 -0.049704582009055864 -0.049691698881742685 -0.04967881221639808 -0.049665922013996666 -0.04965302827551238 -0.04964013100191958 -0.049627230194192073 -0.04961432585330369 -0.0496014179802281 -0.049588506575938635 -0.0495755916414089 -0.04956267317761187 -0.04954975118552074 -0.049536825666108286 -0.04952389662034745 -0.049510964049210626 -0.04949802795367039 -0.04948508833469906 -0.0494721451932687 -0.04945919853035147 -0.0494462483469191 -0.049433294643943415 -0.04942033742239593 -0.049407376683247906 -0.04939441242747092 -0.04938144465603583 -0.04936847336991368 -0.049355498570075346 -0.04934252025749147 -0.04932953843313262 -0.049316553097969035 -0.049303564252971166 -0.04929057189910879 -0.049277576037352055 -0.049264576668670734 -0.04925157379403436 -0.049238567414412515 -0.049225557530774344 -0.04921254414408924 -0.04919952725532606 -0.04918650686545384 -0.04917348297544133 -0.049160455586256924 -0.04914742469886918 -0.04913439031424635 -0.04912135243335658 -0.04910831105716784 -0.04909526618664806 -0.049082217822764784 -0.04906916596648564 -0.04905611061877796 -0.049043051780609054 -0.04902998945294598 -0.049016923636755555 -0.04900385433300475 -0.048990781542660095 -0.04897770526668818 -0.048964625506055126 -0.04895154226172743 -0.04893845553467083 -0.0489253653258514 -0.048912271636234905 -0.04889917446678671 -0.048886073818472486 -0.04887296969225732 -0.04885986208910659 -0.048846751009985034 -0.04883363645585764 -0.048820518427689086 -0.04880739692644387 -0.04879427195308636 -0.04878114350858087 -0.04876801159389138 -0.04875487620998187 -0.04874173735781617 -0.048728595038357775 -0.048715449252570375 -0.04870230000141712 -0.04868914728586127 -0.04867599110686585 -0.048662831465393686 -0.04864966836240758 -0.048636501798870135 -0.04862333177574368 -0.04861015829399054 -0.0485969813545728 -0.048583800958452494 -0.048570617106591385 -0.04855742979995126 -0.048544239039493536 -0.04853104482617948 -0.04851784716097057 -0.04850464604482768 -0.048491441478711816 -0.04847823346358371 -0.04846502200040398 -0.048451807090133026 -0.0484385887337313 -0.048425366932158764 -0.0484121416863757 -0.04839891299734167 -0.048385680866016634 -0.048372445293359934 -0.04835920628033116 -0.04834596382788939 -0.04833271793699387 -0.048319468608603394 -0.04830621584367692 -0.04829295964317293 -0.04827970000805004 -0.04826643693926669 -0.04825317043778077 -0.048239900504550515 -0.0482266271405338 -0.04821335034668836 -0.048200070123971706 -0.04818678647334135 -0.048173499395754604 -0.04816020889216843 -0.04814691496353987 -0.048133617610825796 -0.04812031683498291 -0.04810701263696765 -0.04809370501773638 -0.04808039397824537 -0.048067079519450634 -0.048053761642308124 -0.048040440347773494 -0.04802711563680251 -0.0480137875103504 -0.04800045596937269 -0.04798712101482447 -0.04797378264766067 -0.04796044086883611 -0.04794709567930555 -0.047933747080023514 -0.0479203950719444 -0.04790703965602247 -0.04789368083321166 -0.047880318604465955 -0.04786695297073923 -0.04785358393298503 -0.04784021149215675 -0.04782683564920792 -0.04781345640509155 -0.047800073760760564 -0.04778668771716793 -0.047773298275266385 -0.04775990543600844 -0.04774650920034654 -0.04773310956923274 -0.047719706543619345 -0.04770630012445823 -0.047692890312701186 -0.04767947710929982 -0.04766606051520553 -0.04765264053136983 -0.04763921715874375 -0.04762579039827833 -0.04761236025092447 -0.04759892671763291 -0.047585489799354175 -0.04757204949703858 -0.04755860581163651 -0.04754515874409798 -0.04753170829537304 -0.04751825446641142 -0.04750479725816273 -0.0474913366715764 -0.04747787270760184 -0.04746440536718832 -0.04745093465128472 -0.04743746056083997 -0.04742398309680271 -0.04741050226012161 -0.047397018051745066 -0.04738353047262128 -0.04737003952369834 -0.047356545205924305 -0.04734304752024682 -0.047329546467613615 -0.04731604204897211 -0.0473025342652697 -0.04728902311745359 -0.047275508606470784 -0.04726199073326806 -0.04724846949879219 -0.047234944903989745 -0.04722141694980719 -0.04720788563719064 -0.04719435096708627 -0.04718081294044013 -0.047167271558197776 -0.047153726821304975 -0.047140178730707194 -0.047126627287349815 -0.04711307249217789 -0.04709951434613663 -0.04708595285017067 -0.04707238800522484 -0.047058819812243746 -0.0470452482721716 -0.04703167338595293 -0.04701809515453148 -0.04700451357885149 -0.0469909286598566 -0.046977340398490414 -0.04696374879569645 -0.04695015385241799 -0.04693655556959825 -0.04692295394818019 -0.0469093489891067 -0.046895740693320476 -0.046882129061764005 -0.04686851409537973 -0.04685489579510979 -0.04684127416189643 -0.046827649196681476 -0.04681402090040662 -0.04680038927401364 -0.04678675431844384 -0.0467731160346386 -0.04675947442353906 -0.04674582948608613 -0.046732181223220814 -0.04671852963588366 -0.04670487472501522 -0.04669121649155586 -0.04667755493644582 -0.0466638900606251 -0.0466502218650337 -0.04663655035061132 -0.04662287551829755 -0.04660919736903188 -0.04659551590375344 -0.04658183112340156 -0.04656814302891496 -0.04655445162123273 -0.046540756901293306 -0.04652705887003533 -0.046513357528397026 -0.04649965287731678 -0.04648594491773253 -0.04647223365058209 -0.046458519076803206 -0.046444801197333546 -0.04643108001311036 -0.04641735552507106 -0.046403627734152686 -0.0463898966412922 -0.0463761622474263 -0.04636242455349182 -0.046348683560424986 -0.04633493926916232 -0.04632119168063986 -0.04630744079579377 -0.04629368661555974 -0.04627992914087348 -0.04626616837267067 -0.04625240431188654 -0.0462386369594564 -0.04622486631631517 -0.04621109238339807 -0.04619731516163966 -0.04618353465197453 -0.046169750855337255 -0.04615596377266187 -0.046142173404882775 -0.04612837975293388 -0.046114582817748884 -0.046100782600261514 -0.046086979101405384 -0.04607317232211375 -0.04605936226331975 -0.04604554892595661 -0.046031732310957085 -0.046017912419253765 -0.046004089251779456 -0.04599026280946647 -0.045976433093247004 -0.045962600104053286 -0.0459487638428171 -0.04593492431047036 -0.04592108150794466 -0.04590723543617145 -0.04589338609608201 -0.0458795334886076 -0.04586567761467905 -0.0458518184752274 -0.04583795607118321 -0.04582409040347696 -0.04581022147303923 -0.04579634928080001 -0.04578247382768946 -0.04576859511463749 -0.04575471314257379 -0.04574082791242798 -0.04572693942512951 -0.0457130476816075 -0.045699152682791344 -0.0456852544296098 -0.04567135292299157 -0.04565744816386552 -0.04564354015316005 -0.0456296288918035 -0.045615714380723954 -0.04560179662084951 -0.04558787561310801 -0.04557395135842707 -0.045560023857734416 -0.04554609311195715 -0.04553215912202274 -0.045518221888858124 -0.045504281413390385 -0.04549033769654606 -0.04547639073925175 -0.045462440542434035 -0.04544848710701904 -0.045434530433933085 -0.04542057052410192 -0.045406607378451425 -0.045392640997907324 -0.04537867138339499 -0.04536469853583977 -0.04535072245616695 -0.04533674314530134 -0.045322760604168066 -0.045308774833691556 -0.045294785834796514 -0.04528079360840728 -0.045266798155448124 -0.045252799476842964 -0.0452387975735159 -0.04522479244639058 -0.045210784096390566 -0.04519677252443924 -0.04518275773146013 -0.04516873971837615 -0.04515471848611022 -0.045140694035585266 -0.04512666636772389 -0.04511263548344854 -0.04509860138368155 -0.04508456406934519 -0.045070523541361346 -0.04505647980065183 -0.0450424328481385 -0.04502838268474274 -0.045014329311385964 -0.04500027272898949 -0.04498621293847416 -0.04497214994076107 -0.044958083736770876 -0.044944014327424175 -0.04492994171364134 -0.04491586589634278 -0.04490178687644841 -0.044887704654878235 -0.04487361923255223 -0.04485953061038975 -0.044845438789310355 -0.04483134377023343 -0.04481724555407807 -0.04480314414176326 -0.044789039534207875 -0.04477493173233063 -0.044760820737049845 -0.04474670654928403 -0.04473258916995135 -0.044718468599969974 -0.044704344840257565 -0.04469021789173197 -0.044676087755310734 -0.04466195443191126 -0.04464781792245065 -0.044633678227846196 -0.04461953534901483 -0.04460538928687319 -0.04459124004233786 -0.044577087616325506 -0.04456293200975209 -0.044548773223534066 -0.0445346112585871 -0.04452044611582717 -0.04450627779617003 -0.044492106300530965 -0.044477931629825496 -0.0444637537849685 -0.044449572766875334 -0.044435388576460705 -0.04442120121463927 -0.044407010682325526 -0.04439281698043401 -0.04437862010987878 -0.044364420071573984 -0.044350216866433506 -0.04433601049537106 -0.04432180095930016 -0.04430758825913436 -0.04429337239578687 -0.04427915337017074 -0.04426493118319896 -0.044250705835784276 -0.044236477328839174 -0.0442222456632764 -0.04420801084000811 -0.0441937728599463 -0.04417953172400313 -0.04416528743309034 -0.044151039988119756 -0.04413678939000262 -0.04412253563965046 -0.04410827873797432 -0.044094018685885306 -0.04407975548429427 -0.044065489134111846 -0.04405121963624864 -0.04403694699161498 -0.04402267120112108 -0.044008392265677154 -0.043994110186192925 -0.04397982496357811 -0.04396553659874236 -0.043951245092595154 -0.043936950446045675 -0.04392265266000303 -0.04390835173537608 -0.04389404767307367 -0.04387974047400439 -0.0438654301390769 -0.043851116669199164 -0.043836800065279485 -0.04382248032822583 -0.04380815745894601 -0.04379383145834764 -0.04377950232733818 -0.04376517006682512 -0.04375083467771548 -0.04373649616091635 -0.043722154517334494 -0.043707809747876664 -0.043693461853449356 -0.04367911083495901 -0.04366475669331174 -0.04365039942941368 -0.0436360390441706 -0.043621675538488336 -0.04360730891327247 -0.043592939169428246 -0.043578566307861055 -0.043564190329475866 -0.04354981123517768 -0.043535429025871236 -0.04352104370246118 -0.043506655265851846 -0.04349226371694756 -0.04347786905665246 -0.04346347128587058 -0.04344907040550544 -0.04343466641646099 -0.0434202593196405 -0.043405849115947304 -0.043391435806284656 -0.043377019391555416 -0.0433625998726625 -0.043348177250508546 -0.043333751525996084 -0.04331932270002736 -0.043304890773504745 -0.04329045574733009 -0.04327601762240524 -0.043261576399632046 -0.04324713207991193 -0.04323268466414629 -0.043218234153236335 -0.043203780548083104 -0.043189323849587624 -0.0431748640586504 -0.04316040117617223 -0.04314593520305329 -0.043131466140193975 -0.04311699398849436 -0.043102518748854346 -0.043088040422173735 -0.043073559009352 -0.04305907451128871 -0.04304458692888308 -0.043030096263034334 -0.043015602514641205 -0.04300110568460269 -0.04298660577381733 -0.042972102783183586 -0.042957596713599805 -0.042943087565964044 -0.0429285753411745 -0.04291406004012871 -0.04289954166372456 -0.04288502021285945 -0.04287049568843071 -0.04285596809133552 -0.042841437422470846 -0.042826903682733675 -0.04281236687302062 -0.04279782699422818 -0.04278328404725279 -0.04276873803299053 -0.042754188952337596 -0.042739636806189724 -0.04272508159544264 -0.042710523320992066 -0.04269596198373321 -0.04268139758456141 -0.04266683012437167 -0.042652259604058995 -0.04263768602451801 -0.04262310938664332 -0.042608529691329444 -0.04259394693947047 -0.04257936113196076 -0.04256477226969391 -0.04255018035356389 -0.042535585384464336 -0.042520987363288604 -0.04250638629092998 -0.04249178216828167 -0.0424771749962366 -0.042462564775687495 -0.042447951507527115 -0.04243333519264775 -0.0424187158319419 -0.04240409342630164 -0.042389467976618855 -0.04237483948378551 -0.042360207948693246 -0.04234557337223349 -0.042330935755297616 -0.042316295098776824 -0.042301651403562124 -0.04228700467054425 -0.04227235490061404 -0.04225770209466201 -0.04224304625357833 -0.04222838737825346 -0.04221372546957722 -0.04219906052843947 -0.0421843925557302 -0.04216972155233864 -0.04215504751915436 -0.042140370457066534 -0.042125690366964175 -0.042111007249736154 -0.04209632110627137 -0.042081631937458286 -0.04206693974418524 -0.04205224452734052 -0.042037546287812255 -0.0420228450264884 -0.04200814074425657 -0.04199343344200451 -0.04197872312061948 -0.041964009780988853 -0.04194929342399978 -0.04193457405053916 -0.04191985166149367 -0.04190512625775006 -0.041890397840194715 -0.04187566640971391 -0.041860931967193704 -0.041846194513520285 -0.041831454049579275 -0.041816710576256355 -0.04180196409443698 -0.04178721460500648 -0.04177246210885002 -0.04175770660685252 -0.04174294809989881 -0.04172818658887362 -0.04171342207466136 -0.04169865455814639 -0.04168388404021284 -0.04166911052174482 -0.04165433400362603 -0.04163955448674031 -0.041624771971971036 -0.04160998646020167 -0.0415951979523152 -0.04158040644919489 -0.041565611951723425 -0.041550814460783625 -0.04153601397725787 -0.041521210502028616 -0.04150640403597822 -0.04149159457998852 -0.04147678213494144 -0.0414619667017187 -0.04144714828120183 -0.04143232687427226 -0.04141750248181117 -0.04140267510469975 -0.041387844743818736 -0.041373011400048954 -0.04135817507427095 -0.04134333576736504 -0.041328493480211614 -0.041313648213690685 -0.04129879996868213 -0.04128394874606575 -0.04126909454672112 -0.04125423737152778 -0.041239377221364726 -0.04122451409711128 -0.04120964799964627 -0.04119477892984849 -0.04117990688859652 -0.04116503187676884 -0.04115015389524376 -0.0411352729448993 -0.04112038902661344 -0.04110550214126399 -0.041090612289728545 -0.041075719472884575 -0.041060823691609405 -0.04104592494678011 -0.041031023239273684 -0.04101611856996695 -0.04100121093973641 -0.040986300349458715 -0.040971386800010196 -0.04095647029226673 -0.0409415508271046 -0.04092662840539943 -0.04091170302802696 -0.04089677469586259 -0.04088184340978182 -0.040866909170659604 -0.04085197197937104 -0.04083703183679088 -0.04082208874379392 -0.04080714270125471 -0.040792193710047386 -0.04077724177104616 -0.04076228688512515 -0.040747329053158254 -0.04073236827601895 -0.04071740455458084 -0.040702437889717336 -0.04068746828230152 -0.0406724957332065 -0.0406575202433051 -0.040642541813470046 -0.04062756044457383 -0.040612576137488865 -0.040597588893087344 -0.04058259871224118 -0.040567605595822565 -0.040552609544702745 -0.04053761055975369 -0.04052260864184651 -0.0405076037918525 -0.04049259601064281 -0.040477585299088154 -0.04046257165805939 -0.040447555088426956 -0.04043253559106136 -0.0404175131668327 -0.04040248781661118 -0.04038745954126671 -0.040372428341668876 -0.040357394218687226 -0.04034235717319132 -0.04032731720605037 -0.040312274318133334 -0.04029722851030923 -0.040282179783446725 -0.0402671281384146 -0.040252073576080905 -0.04023701609731428 -0.04022195570298259 -0.04020689239395364 -0.04019182617109554 -0.04017675703527551 -0.040161684987361196 -0.040146610028219926 -0.04013153215871865 -0.040116451379724194 -0.040101367692103596 -0.04008628109672324 -0.04007119159444966 -0.04005609918614911 -0.04004100387268775 -0.04002590565493147 -0.04001080453374592 -0.03999570050999701 -0.03998059358454992 -0.039965483758270054 -0.03995037103202251 -0.03993525540667209 -0.03992013688308388 -0.03990501546212227 -0.03988989114465191 -0.0398747639315368 -0.039859633823641216 -0.039844500821829276 -0.03982936492696462 -0.03981422613991081 -0.039799084461531464 -0.039783939892689746 -0.03976879243424891 -0.03975364208707183 -0.03973848885202136 -0.039723332729960176 -0.03970817372175067 -0.03969301182825519 -0.03967784705033589 -0.03966267938885468 -0.03964750884467344 -0.03963233541865385 -0.03961715911165725 -0.039601979924545117 -0.03958679785817845 -0.03957161291341843 -0.03955642509112578 -0.03954123439216101 -0.03952604081738481 -0.039510844367657394 -0.039495645043838984 -0.03948044284678956 -0.03946523777736893 -0.039450029836436695 -0.03943481902485241 -0.039419605343475606 -0.039404388793165046 -0.039389169374779986 -0.03937394708917927 -0.03935872193722151 -0.03934349391976508 -0.03932826303766851 -0.03931302929178998 -0.03929779268298736 -0.03928255321211849 -0.039267310880041206 -0.03925206568761286 -0.039236817635690924 -0.03922156672513244 -0.0392063129567945 -0.03919105633153391 -0.039175796850207445 -0.039160534513671436 -0.039145269322782505 -0.039130001278396526 -0.03911473038136978 -0.03909945663255787 -0.03908418003281666 -0.039068900583001775 -0.03905361828396822 -0.03903833313657154 -0.03902304514166649 -0.03900775430010808 -0.03899246061275105 -0.038977164080449656 -0.038961864704058574 -0.038946562484431846 -0.03893125742242351 -0.03891594951888738 -0.038900638774677254 -0.03888532519064661 -0.03887000876764879 -0.03885468950653703 -0.03883936740816435 -0.03882404247338353 -0.0388087147030475 -0.03879338409800853 -0.038778050659119156 -0.038762714387231445 -0.03874737528319766 -0.038732033347869343 -0.03871668858209848 -0.03870134098673658 -0.0386859905626348 -0.0386706373106446 -0.03865528123161677 -0.03863992232640251 -0.03862456059585215 -0.03860919604081653 -0.038593828662145835 -0.03857845846069041 -0.03856308543730019 -0.03854770959282508 -0.038532330928114866 -0.03851694944401898 -0.03850156514138689 -0.03848617802106774 -0.038470788083910606 -0.03845539533076442 -0.03843999976247775 -0.03842460137989928 -0.038409200183877334 -0.038393796175260175 -0.03837838935489574 -0.03836297972363198 -0.03834756728231664 -0.03833215203179721 -0.03831673397292104 -0.03830131310653545 -0.03828588943348746 -0.03827046295462397 -0.03825503367079158 -0.03823960158283696 -0.03822416669160636 -0.038208728997946195 -0.0381932885027024 -0.03817784520672085 -0.038162399110847234 -0.03814695021592723 -0.038131498522806145 -0.0381160440323291 -0.038100586745341336 -0.03808512666268754 -0.038069663785212676 -0.03805419811376104 -0.03803872964917715 -0.03802325839230519 -0.038007784343989326 -0.03799230750507332 -0.03797682787640086 -0.03796134545881555 -0.037945860253160796 -0.0379303722602799 -0.03791488148101571 -0.037899387916211336 -0.037883891566709293 -0.037868392433352105 -0.037852890516982485 -0.0378373858184424 -0.037821878338573894 -0.037806368078218994 -0.03779085503821927 -0.03777533921941634 -0.037759820622651596 -0.03774429924876621 -0.03772877509860134 -0.03771324817299784 -0.03769771847279629 -0.03768218599883741 -0.03766665075196149 -0.03765111273300886 -0.03763557194281952 -0.03762002838223319 -0.0376044820520898 -0.037588932953228904 -0.037573381086489804 -0.03755782645271158 -0.03754226905273353 -0.03752670888739443 -0.037511145957533076 -0.03749558026398789 -0.0374800118075973 -0.037464440589199594 -0.037448866609632786 -0.03743328986973471 -0.037417710370343 -0.037402128112295485 -0.03738654309642933 -0.037370955323581784 -0.037355364794589924 -0.037339771510290526 -0.03732417547152053 -0.037308576679116356 -0.037292975133914275 -0.0372773708367507 -0.037261763788461466 -0.03724615398988279 -0.03723054144184998 -0.03721492614519881 -0.03719930810076463 -0.03718368730938265 -0.03716806377188786 -0.037152437489115175 -0.037136808461899345 -0.03712117669107487 -0.037105542177476164 -0.03708990492193731 -0.03707426492529248 -0.037058622188375495 -0.037042976712020115 -0.03702732849705989 -0.037011677544328075 -0.036996023854657945 -0.03698036742888261 -0.03696470826783485 -0.03694904637234736 -0.03693338174325275 -0.036917714381383304 -0.03690204428757138 -0.03688637146264881 -0.036870695907447626 -0.03685501762279936 -0.036839336609535756 -0.036823652868488044 -0.036807966400487446 -0.03679227720636502 -0.0367765852869516 -0.03676089064307786 -0.03674519327557435 -0.03672949318527152 -0.036713790372999544 -0.03669808483958825 -0.036682376585867815 -0.03666666561266768 -0.03665095192081752 -0.0366352355111465 -0.036619516384484074 -0.03660379454165913 -0.03658806998350056 -0.03657234271083698 -0.036556612724497006 -0.036540880025308975 -0.036525144614101 -0.03650940649170109 -0.0364936656589373 -0.03647792211663714 -0.036462175865628166 -0.03644642690673766 -0.036430675240792965 -0.03641492086862086 -0.03639916379104852 -0.03638340400890239 -0.03636764152300892 -0.03635187633419468 -0.036336108443285775 -0.036320337851108164 -0.036304564558487684 -0.03628878856625001 -0.03627300987522075 -0.036257228486225146 -0.03624144440008842 -0.036225657617635576 -0.036209868139691403 -0.03619407596708063 -0.03617828110062776 -0.036162483541156976 -0.036146683289492665 -0.03613088034645884 -0.03611507471287906 -0.03609926638957728 -0.036083455377376894 -0.03606764167710108 -0.036051825289573236 -0.03603600621561631 -0.03602018445605304 -0.03600436001170604 -0.03598853288339798 -0.035972703071951107 -0.03595687057818753 -0.03594103540292931 -0.035925197546998244 -0.03590935701121589 -0.03589351379640393 -0.03587766790338354 -0.03586181933297594 -0.03584596808600199 -0.035830114163282745 -0.035814257565638496 -0.03579839829389009 -0.035782536348857585 -0.03576667173136133 -0.03575080444222112 -0.0357349344822569 -0.03571906185228818 -0.035703186553134536 -0.03568730858561531 -0.035671427950549506 -0.035655544648756254 -0.035639658681054176 -0.035623770048262005 -0.035607878751198196 -0.03559198479068115 -0.03557608816752883 -0.035560188882559296 -0.03554428693659023 -0.035528382330439534 -0.03551247506492439 -0.03549656514086219 -0.035480652559070125 -0.035464737320365036 -0.03544881942556366 -0.0354328988754829 -0.03541697567093899 -0.03540104981274822 -0.03538512130172672 -0.035369190138690554 -0.03535325632445541 -0.03533731985983685 -0.035321380745650444 -0.03530543898271138 -0.03528949457183478 -0.03527354751383566 -0.035257597809528696 -0.03524164545972852 -0.03522569046524965 -0.035209732826906204 -0.03519377254551248 -0.03517780962188233 -0.03516184405682943 -0.03514587585116746 -0.03512990500570984 -0.0351139315212699 -0.03509795539866062 -0.035081976638695 -0.03506599524218584 -0.035050011209945664 -0.03503402454278687 -0.03501803524152175 -0.03500204330696238 -0.03498604873992078 -0.034970051541208524 -0.034954051711637346 -0.0349380492520186 -0.034922044163163524 -0.03490603644588319 -0.03489002610098857 -0.03487401312929039 -0.03485799753159918 -0.034841979308725346 -0.03482595846147929 -0.03480993499067081 -0.03479390889711004 -0.034777880181606546 -0.03476184884496991 -0.03474581488800982 -0.03472977831153512 -0.03471373911635511 -0.034697697303278596 -0.03468165287311431 -0.03466560582667089 -0.03464955616475657 -0.03463350388817976 -0.03461744899774838 -0.03460139149427033 -0.03458533137855341 -0.03456926865140497 -0.03455320331363276 -0.03453713536604369 -0.03452106480944489 -0.03450499164464321 -0.03448891587244546 -0.03447283749365798 -0.034456756509087416 -0.03444067291953978 -0.034424586725821105 -0.0344084979287374 -0.034392406529094255 -0.03437631252769724 -0.03436021592535171 -0.03434411672286286 -0.03432801492103571 -0.034311910520675115 -0.03429580352258582 -0.03427969392757235 -0.03426358173643901 -0.03424746694998998 -0.034231349569029346 -0.03421522959436085 -0.034199107026788245 -0.0341829818671151 -0.034166854116144674 -0.03415072377468015 -0.034134590843524604 -0.034118455323480845 -0.03410231721535145 -0.034086176519939115 -0.03407003323804603 -0.03405388737047438 -0.03403773891802625 -0.034021587881503335 -0.03400543426170749 -0.033989278059439965 -0.03397311927550234 -0.033956957910695695 -0.03394079396582089 -0.033924627441678845 -0.03390845833907025 -0.03389228665879562 -0.03387611240165511 -0.03385993556844896 -0.033843756159977256 -0.03382757417703963 -0.03381138962043584 -0.03379520249096535 -0.03377901278942741 -0.03376282051662122 -0.03374662567334574 -0.03373042826039985 -0.033714228278582004 -0.03369802572869085 -0.03368182061152453 -0.03366561292788128 -0.03364940267855904 -0.03363318986435554 -0.03361697448606854 -0.03360075654449535 -0.03358453604043338 -0.033568312974679715 -0.03355208734803117 -0.033535859161284765 -0.033519628415236924 -0.03350339511068434 -0.03348715924842288 -0.03347092082924902 -0.03345467985395856 -0.033438436323347254 -0.03342219023821075 -0.03340594159934451 -0.03338969040754375 -0.03337343666360365 -0.03335718036831897 -0.03334092152248469 -0.03332466012689517 -0.033308396182345046 -0.033292129689628525 -0.033275860649539635 -0.0332595890628723 -0.033243314930420376 -0.03322703825297735 -0.033210759031336634 -0.03319447726629149 -0.033178192958635 -0.033161906109160255 -0.03314561671865962 -0.03312932478792607 -0.033113030317751646 -0.033096733308928816 -0.03308043376224956 -0.03306413167850586 -0.03304782705848941 -0.03303151990299169 -0.033015210212804236 -0.032998897988718245 -0.03298258323152464 -0.03296626594201452 -0.03294994612097846 -0.03293362376920694 -0.03291729888749051 -0.03290097147661941 -0.032884641537383574 -0.032868309070572865 -0.03285197407697704 -0.032835636557385695 -0.03281929651258808 -0.032802953943373514 -0.03278660885053103 -0.032770261234849496 -0.032753911097117505 -0.03273755843812365 -0.03272120325865635 -0.032704845559503704 -0.032688485341453855 -0.03267212260529456 -0.032655757351813586 -0.03263938958179846 -0.03262301929603628 -0.032606646495314584 -0.03259027118042024 -0.03257389335214006 -0.03255751301126075 -0.032541130158568965 -0.03252474479485079 -0.03250835692089249 -0.03249196653748021 -0.0324755736453996 -0.032459178245436426 -0.03244278033837611 -0.032426379925004134 -0.032409977006105484 -0.03239357158246525 -0.03237716365486826 -0.032360753224099204 -0.032344340290942575 -0.032327924856182466 -0.03231150692060325 -0.03229508648498891 -0.03227866355012321 -0.03226223811678963 -0.03224581018577194 -0.032229379757853394 -0.03221294683381698 -0.032196511414445794 -0.0321800735005226 -0.032163633092830046 -0.03214719019215051 -0.03213074479926642 -0.03211429691495982 -0.03209784654001274 -0.032081393675206904 -0.03206493832132401 -0.032048480479145436 -0.03203202014945239 -0.032015557333026246 -0.03199909203064777 -0.03198262424309767 -0.03196615397115682 -0.031949681215605485 -0.03193320597722399 -0.03191672825679248 -0.03190024805509062 -0.031883765372898554 -0.03186728021099572 -0.031850792570161546 -0.031834302451175356 -0.03181780985481608 -0.03180131478186288 -0.03178481723309434 -0.03176831720928924 -0.031751814711225734 -0.03173530973968225 -0.03171880229543678 -0.03170229237926747 -0.031685779991951823 -0.03166926513426749 -0.03165274780699179 -0.0316362280109021 -0.03161970574677553 -0.03160318101538889 -0.031586653817518906 -0.03157012415394228 -0.03155359202543517 -0.03153705743277402 -0.03152052037673486 -0.03150398085809347 -0.03148743887762567 -0.031470894436107066 -0.03145434753431292 -0.031437798173018616 -0.03142124635299898 -0.03140469207502905 -0.031388135339883494 -0.03137157614833691 -0.03135501450116368 -0.03133845039913785 -0.03132188384303369 -0.031305314833624975 -0.03128874337168536 -0.03127216945798833 -0.0312555930933075 -0.031239014278415744 -0.031222433014086393 -0.03120584930109216 -0.03118926314020576 -0.03117267453219963 -0.031156083477846264 -0.03113948997791771 -0.031122894033186133 -0.0311062956444233 -0.03108969481240098 -0.031073091537890507 -0.03105648582166337 -0.031039877664490734 -0.031023267067143534 -0.031006654030392655 -0.030990038555008814 -0.030973420641762395 -0.030956800291423836 -0.030940177504763244 -0.030923552282550615 -0.030906924625555887 -0.0308902945345485 -0.03087366201029823 -0.030857027053574237 -0.03084038966514563 -0.030823749845781512 -0.03080710759625055 -0.03079046291732146 -0.03077381580976274 -0.030757166274342718 -0.030740514311829614 -0.03072385992299126 -0.030707203108595482 -0.030690543869409947 -0.030673882206202097 -0.03065721811973937 -0.030640551610788713 -0.03062388268011712 -0.03060721132849159 -0.0305905375566784 -0.030573861365444266 -0.030557182755555412 -0.03054050172777789 -0.030523818282877813 -0.030507132421620786 -0.030490444144772588 -0.03047375345309855 -0.03045706034736395 -0.03044036482833401 -0.030423666896773505 -0.03040696655344738 -0.030390263799120076 -0.030373558634556097 -0.03035685106051983 -0.030340141077775218 -0.03032342868708615 -0.03030671388921663 -0.030289996684929987 -0.030273277074989835 -0.03025655506015934 -0.03023983064120156 -0.03022310381887955 -0.03020637459395581 -0.03018964296719323 -0.030172908939354037 -0.030156172511200507 -0.030139433683494754 -0.030122692456998612 -0.030105948832473917 -0.030089202810682114 -0.030072454392384873 -0.030055703578343085 -0.03003895036931803 -0.030022194766070542 -0.030005436769361404 -0.029988676379951063 -0.029971913598599964 -0.029955148426068445 -0.02993838086311651 -0.029921610910503882 -0.029904838568990455 -0.029888063839335788 -0.02987128672229905 -0.029854507218639748 -0.02983772532911677 -0.02982094105448896 -0.029804154395515092 -0.029787365352953787 -0.029770573927563215 -0.029753780120101714 -0.029736983931327343 -0.02972018536199783 -0.029703384412871014 -0.029686581084704344 -0.029669775378255325 -0.029652967294280907 -0.029636156833538263 -0.02961934399678423 -0.029602528784775595 -0.029585711198268694 -0.02956889123801998 -0.029552068904785567 -0.029535244199321575 -0.029518417122383844 -0.029501587674727936 -0.029484755857109468 -0.029467921670283614 -0.02945108511500577 -0.029434246192030944 -0.029417404902113753 -0.029400561246009038 -0.029383715224471085 -0.029366866838254513 -0.02935001608811344 -0.029333162974801652 -0.029316307499073102 -0.029299449661681465 -0.02928258946338025 -0.029265726904922684 -0.029248861987062003 -0.0292319947105511 -0.029215125076142934 -0.02919825308459001 -0.029181378736644836 -0.029164502033059758 -0.02914762297458695 -0.029130741561978424 -0.029113857795985743 -0.02909697167736075 -0.029080083206854956 -0.02906319238521954 -0.029046299213205673 -0.02902940369156426 -0.029012505821046197 -0.028995605602402164 -0.02897870303638239 -0.028961798123737392 -0.028944890865217177 -0.0289279812615717 -0.028911069313550808 -0.028894155021904067 -0.028877238387380988 -0.02886031941073086 -0.028843398092702532 -0.028826474434045346 -0.02880954843550787 -0.028792620097838673 -0.028775689421786266 -0.028758756408098995 -0.02874182105752482 -0.028724883370811694 -0.02870794334870752 -0.02869100099195976 -0.02867405630131592 -0.028657109277523185 -0.02864015992132868 -0.028623208233479414 -0.028606254214722016 -0.02858929786580311 -0.028572339187469264 -0.02855537818046655 -0.028538414845541094 -0.028521449183438907 -0.028504481194905562 -0.028487510880686684 -0.0284705382415279 -0.028453563278174276 -0.028436585991370777 -0.028419606381862583 -0.028402624450394154 -0.028385640197710338 -0.028368653624555318 -0.028351664731673498 -0.028334673519808673 -0.02831767998970508 -0.02830068414210629 -0.028283685977755768 -0.02826668549739708 -0.028249682701773304 -0.028232677591627675 -0.028215670167702933 -0.028198660430741873 -0.028181648381486957 -0.0281646340206807 -0.028147617349065235 -0.02813059836738263 -0.02811357707637474 -0.02809655347678336 -0.02807952756934995 -0.028062499354815917 -0.028045468833922393 -0.028028436007410562 -0.02801140087602133 -0.027994363440495107 -0.027977323701572687 -0.027960281659994424 -0.027943237316500502 -0.02792619067183083 -0.027909141726725428 -0.02789209048192387 -0.02787503693816573 -0.02785798109619031 -0.027840922956736958 -0.027823862520544695 -0.027806799788352154 -0.027789734760898244 -0.02777266743892126 -0.027755597823159783 -0.02773852591435183 -0.027721451713235645 -0.027704375220548694 -0.027687296437029163 -0.027670215363413964 -0.027653132000441005 -0.027636046348847088 -0.027618958409369454 -0.027601868182744793 -0.027584775669709793 -0.027567680871000977 -0.027550583787354754 -0.027533484419507148 -0.027516382768194347 -0.02749927883415193 -0.027482172618115697 -0.027465064120821336 -0.027447953343003872 -0.027430840285398606 -0.027413724948740448 -0.02739660733376431 -0.02737948744120483 -0.02736236527179653 -0.027345240826273598 -0.027328114105370283 -0.027310985109820662 -0.02729385384035843 -0.027276720297717105 -0.02725958448263044 -0.027242446395831565 -0.027225306038053787 -0.027208163410029906 -0.02719101851249278 -0.02717387134617516 -0.0271567219118094 -0.02713957021012786 -0.02712241624186268 -0.02710526000774577 -0.027088101508508933 -0.027070940744883976 -0.0270537777176022 -0.027036612427394746 -0.027019444874993137 -0.027002275061128123 -0.026985102986530396 -0.026967928651930817 -0.02695075205805969 -0.026933573205647265 -0.026916392095423902 -0.026899208728119295 -0.02688202310446347 -0.026864835225185735 -0.026847645091015837 -0.026830452702682916 -0.026813258060916223 -0.026796061166444396 -0.02677886201999663 -0.026761660622301287 -0.02674445697408684 -0.026727251076081704 -0.026710042929013744 -0.0266928325336111 -0.02667561989060152 -0.026658405000712537 -0.026641187864671623 -0.02662396848320614 -0.02660674685704295 -0.02658952298690931 -0.026572296873531798 -0.02655506851763706 -0.026537837919951457 -0.026520605081201465 -0.026503370002112947 -0.02648613268341199 -0.026468893125824233 -0.026451651330075376 -0.026434407296890727 -0.02641716102699576 -0.0263999125211154 -0.026382661779974503 -0.026365408804298107 -0.026348153594810464 -0.02633089615223627 -0.026313636477299618 -0.026296374570724645 -0.02627911043323533 -0.026261844065555373 -0.02624457546840836 -0.026227304642517657 -0.026210031588606575 -0.026192756307398257 -0.026175478799615404 -0.026158199065981047 -0.026140917107217554 -0.026123632924047457 -0.026106346517192902 -0.026089057887376088 -0.02607176703531877 -0.02605447396174282 -0.026037178667369765 -0.02601988115292103 -0.02600258141911782 -0.02598527946668122 -0.025967975296332102 -0.02595066890879133 -0.02593336030477933 -0.02591604948501658 -0.025898736450223225 -0.025881421201119525 -0.025864103738425293 -0.025846784062860173 -0.025829462175143703 -0.025812138075995472 -0.025794811766134518 -0.025777483246280042 -0.025760152517150803 -0.025742819579465726 -0.025725484433943235 -0.025708147081301702 -0.02569080752225955 -0.02567346575753454 -0.02565612178784471 -0.02563877561390787 -0.025621427236441507 -0.02560407665616299 -0.025586723873789463 -0.025569368890038136 -0.02555201170562582 -0.025534652321269224 -0.02551729073768494 -0.025499926955589336 -0.02548256097569862 -0.025465192798728886 -0.02544782242539606 -0.025430449856415627 -0.025413075092503346 -0.02539569813437459 -0.025378318982744563 -0.02536093763832825 -0.025343554101840526 -0.02532616837399615 -0.025308780455509716 -0.025291390347095488 -0.025273998049467783 -0.025256603563340585 -0.025239206889427768 -0.02522180802844315 -0.025204406981100103 -0.025187003748112058 -0.025169598330192333 -0.025152190728053858 -0.025134780942409618 -0.0251173689739721 -0.025099954823454174 -0.02508253849156794 -0.025065119979025607 -0.02504769928653927 -0.025030276414820973 -0.025012851364582256 -0.02499542413653455 -0.024977994731389563 -0.024960563149858117 -0.024943129392651475 -0.024925693460480514 -0.024908255354055775 -0.02489081507408797 -0.024873372621287304 -0.024855927996364213 -0.02483848120002846 -0.02482103223298998 -0.024803581095958593 -0.024786127789643897 -0.024768672314755047 -0.024751214672001365 -0.024733754862091673 -0.02471629288573518 -0.024698828743640322 -0.024681362436515808 -0.02466389396506985 -0.02464642333001077 -0.024628950532046445 -0.024611475571884978 -0.024593998450233856 -0.024576519167800626 -0.02455903772529272 -0.024541554123417353 -0.024524068362881568 -0.024506580444392023 -0.024489090368655708 -0.024471598136379002 -0.024454103748268285 -0.024436607205029603 -0.02441910850736928 -0.024401607655992974 -0.024384104651606398 -0.02436659949491521 -0.024349092186624566 -0.02433158272743985 -0.024314071118065994 -0.02429655735920777 -0.024279041451570116 -0.024261523395857354 -0.024244003192773866 -0.024226480843024034 -0.024208956347311572 -0.024191429706340584 -0.024173900920814673 -0.024156369991437443 -0.02413883691891211 -0.024121301703942 -0.02410376434723005 -0.024086224849479143 -0.024068683211391995 -0.02405113943367121 -0.024033593517019003 -0.024016045462137647 -0.023998495269729136 -0.02398094294049541 -0.02396338847513796 -0.02394583187435856 -0.023928273138858425 -0.023910712269338885 -0.023893149266500657 -0.023875584131045013 -0.023858016863672338 -0.023840447465083403 -0.02382287593597837 -0.02380530227705746 -0.023787726489020722 -0.02377014857256804 -0.02375256852839913 -0.023734986357213494 -0.023717402059710457 -0.02369981563658935 -0.023682227088549057 -0.02366463641628852 -0.023647043620506236 -0.023629448701901146 -0.023611851661171135 -0.02359425249901481 -0.023576651216129896 -0.02355904781321444 -0.023541442290966164 -0.023523834650082454 -0.023506224891260696 -0.023488613015198168 -0.023470999022591865 -0.02345338291413862 -0.02343576469053521 -0.023418144352478132 -0.023400521900663662 -0.023382897335788244 -0.023365270658547654 -0.023347641869637836 -0.02333001096975451 -0.023312377959593233 -0.023294742839849336 -0.023277105611218096 -0.023259466274394403 -0.023241824830073254 -0.023224181278949263 -0.02320653562171715 -0.023188887859071028 -0.02317123799170523 -0.02315358602031381 -0.023135931945590604 -0.023118275768229335 -0.023100617488923558 -0.023082957108366664 -0.023065294627251764 -0.023047630046272027 -0.023029963366120176 -0.0230122945874891 -0.022994623711071138 -0.0229769507375589 -0.022959275667644385 -0.02294159850201971 -0.022923919241376878 -0.022906237886407388 -0.02288855443780291 -0.022870868896254837 -0.022853181262454336 -0.022835491537092523 -0.022817799720860177 -0.022800105814448135 -0.02278240981854679 -0.022764711733846588 -0.022747011561037755 -0.022729309300810352 -0.022711604953854436 -0.022693898520859512 -0.022676190002515084 -0.022658479399510656 -0.0226407667125354 -0.022623051942278538 -0.022605335089428746 -0.02258761615467486 -0.022569895138705387 -0.022552172042208773 -0.022534446865873137 -0.02251671961038676 -0.022498990276437314 -0.022481258864712528 -0.022463525375900073 -0.022445789810687344 -0.022428052169761625 -0.02241031245380981 -0.02239257066351885 -0.02237482679957553 -0.022357080862666523 -0.02233933285347789 -0.022321582772696358 -0.022303830621007603 -0.022286076399097632 -0.02226832010765223 -0.022250561747356956 -0.02223280131889721 -0.022215038822958222 -0.02219727426022511 -0.022179507631382767 -0.022161738937115927 -0.022143968178109152 -0.02212619535504684 -0.022108420468613332 -0.02209064351949258 -0.022072864508368595 -0.022055083435925105 -0.02203730030284573 -0.022019515109813814 -0.022001727857512754 -0.021983938546625448 -0.02196614717783485 -0.0219483537518238 -0.021930558269274925 -0.021912760730870562 -0.021894961137293056 -0.021877159489224307 -0.021859355787346435 -0.021841550032341173 -0.021823742224890086 -0.021805932365674685 -0.021788120455376037 -0.021770306494675484 -0.021752490484253817 -0.02173467242479188 -0.021716852316970237 -0.02169903016146929 -0.02168120595896933 -0.021663379710150588 -0.021645551415692965 -0.021627721076276085 -0.021609888692579682 -0.021592054265283267 -0.021574217795065853 -0.021556379282606897 -0.021538538728585244 -0.021520696133679573 -0.02150285149856862 -0.021485004823930676 -0.021467156110444197 -0.021449305358787363 -0.021431452569637965 -0.021413597743673796 -0.021395740881572645 -0.02137788198401186 -0.02136002105166873 -0.021342158085220497 -0.021324293085344004 -0.0213064260527161 -0.021288556988013407 -0.0212706858919125 -0.021252812765089613 -0.021234937608220927 -0.02121706042198218 -0.021199181207049445 -0.0211812999640984 -0.021163416693804338 -0.02114553139684272 -0.02112764407388873 -0.021109754725617158 -0.02109186335270291 -0.021073969955820726 -0.021056074535645064 -0.021038177092850163 -0.021020277628110318 -0.021002376142099544 -0.020984472635491414 -0.020966567108959833 -0.020948659563178207 -0.020930749998820053 -0.020912838416558333 -0.020894924817066007 -0.020877009201016095 -0.020859091569081167 -0.0208411719219338 -0.02082325026024634 -0.020805326584690864 -0.020787400895939556 -0.0207694731946641 -0.020751543481536405 -0.020733611757227655 -0.020715678022409534 -0.020697742277753062 -0.020679804523929313 -0.02066186476160925 -0.020643922991463226 -0.020625979214162204 -0.020608033430376316 -0.0205900856407758 -0.020572135846030792 -0.020554184046810975 -0.020536230243786202 -0.02051827443762605 -0.02050031662899976 -0.020482356818576686 -0.020464395007025737 -0.02044643119501588 -0.020428465383215855 -0.020410497572294184 -0.020392527762919277 -0.020374555955759432 -0.020356582151482616 -0.020338606350756627 -0.020320628554249487 -0.020302648762628495 -0.020284666976561228 -0.02026668319671482 -0.0202486974237564 -0.02023070965835283 -0.020212719901170906 -0.02019472815287726 -0.020176734414138142 -0.020158738685619904 -0.020140740967988735 -0.020122741261910437 -0.0201047395680507 -0.02008673588707538 -0.020068730219649555 -0.02005072256643875 -0.020032712928108043 -0.02001470130532229 -0.01999668769874624 -0.019978672109044637 -0.019960654536881894 -0.019942634982922036 -0.019924613447829587 -0.01990658993226818 -0.019888564436901846 -0.019870536962393937 -0.019852507509408146 -0.01983447607860761 -0.019816442670655576 -0.01979840728621496 -0.019780369925948504 -0.01976233059051885 -0.01974428928058869 -0.019726245996820047 -0.019708200739875226 -0.019690153510416086 -0.0196721043091046 -0.019654053136602345 -0.019635999993570852 -0.019617944880671312 -0.01959988779856492 -0.019581828747912866 -0.019563767729375736 -0.019545704743614334 -0.019527639791289075 -0.019509572873060432 -0.019491503989588377 -0.01947343314153316 -0.019455360329554416 -0.01943728555431201 -0.01941920881646525 -0.019401130116673715 -0.019383049455596435 -0.01936496683389255 -0.0193468822522207 -0.019328795711239855 -0.01931070721160849 -0.01929261675398486 -0.01927452433902732 -0.01925642996739374 -0.019238333639742144 -0.01922023535673012 -0.019202135119015362 -0.01918403292725518 -0.019165928782106767 -0.019147822684227378 -0.019129714634273598 -0.01911160463290229 -0.019093492680770152 -0.019075378778533436 -0.019057262926848395 -0.019039145126371226 -0.019021025377757683 -0.019002903681663685 -0.018984780038744598 -0.018966654449656062 -0.018948526915053276 -0.018930397435591162 -0.01891226601192486 -0.01889413264470896 -0.018875997334598382 -0.01885786008224727 -0.01883972088830993 -0.01882157975344062 -0.018803436678293095 -0.01878529166352133 -0.01876714470977886 -0.01874899581771916 -0.018730844987995487 -0.01871269222126104 -0.01869453751816863 -0.018676380879371235 -0.0186582223055215 -0.01864006179727168 -0.018621899355274363 -0.01860373498018164 -0.018585568672645325 -0.018567400433317394 -0.018549230262849492 -0.018531058161893155 -0.018512884131099583 -0.018494708171120033 -0.018476530282605486 -0.018458350466206752 -0.01844016872257459 -0.018421985052359535 -0.0184037994562119 -0.01838561193478172 -0.018367422488719476 -0.01834923111867448 -0.018331037825296603 -0.018312842609235602 -0.01829464547114057 -0.018276446411660985 -0.018258245431445663 -0.018240042531143585 -0.01822183771140351 -0.018203630972873974 -0.018185422316203292 -0.018167211742039835 -0.018148999251031472 -0.018130784843826242 -0.018112568521071903 -0.018094350283415994 -0.018076130131505996 -0.01805790806598906 -0.018039684087512275 -0.01802145819672263 -0.018003230394266878 -0.017985000680791674 -0.017966769056943277 -0.01794853552336806 -0.01793030008071228 -0.017912062729621703 -0.017893823470742143 -0.017875582304719195 -0.017857339232198455 -0.017839094253825127 -0.017820847370244253 -0.017802598582101092 -0.01778434789004013 -0.017766095294706186 -0.017747840796743575 -0.01772958439679695 -0.01771132609551007 -0.01769306589352715 -0.01767480379149211 -0.017656539790048387 -0.017638273889839684 -0.017620006091509155 -0.017601736395700063 -0.017583464803055504 -0.017565191314218243 -0.017546915929831042 -0.017528638650536332 -0.0175103594769766 -0.017492078409793888 -0.017473795449630458 -0.017455510597127966 -0.01743722385292823 -0.017418935217672793 -0.017400644692003087 -0.017382352276560264 -0.017364057971985425 -0.0173457617789195 -0.017327463698003087 -0.017309163729877064 -0.017290861875181585 -0.01727255813455697 -0.01725425250864332 -0.017235944998080455 -0.017217635603508474 -0.01719932432556659 -0.017181011164894455 -0.017162696122131227 -0.01714437919791617 -0.017126060392888165 -0.017107739707685976 -0.01708941714294815 -0.017071092699313395 -0.01705276637741976 -0.01703443817790551 -0.0170161081014088 -0.016997776148567068 -0.016979442320018134 -0.016961106616399657 -0.016942769038348682 -0.016924429586502643 -0.01690608826149831 -0.016887745063972726 -0.01686939999456244 -0.016851053053904053 -0.016832704242633834 -0.016814353561387996 -0.01679600101080264 -0.016777646591513595 -0.016759290304156627 -0.01674093214936717 -0.01672257212778061 -0.016704210240032324 -0.016685846486757194 -0.016667480868590268 -0.016649113386166037 -0.01663074404011944 -0.016612372831084576 -0.016593999759695777 -0.016575624826587254 -0.01655724803239278 -0.016538869377746235 -0.016520488863281113 -0.016502106489630908 -0.01648372225742889 -0.016465336167308164 -0.01644694821990178 -0.016428558415842343 -0.016410166755762623 -0.016391773240295004 -0.01637337787007198 -0.016354980645725492 -0.016336581567887587 -0.016318180637190094 -0.01629977785426462 -0.016281373219742767 -0.016262966734255757 -0.01624455839843486 -0.016226148212910962 -0.016207736178315058 -0.016189322295277697 -0.016170906564429655 -0.016152488986401092 -0.016134069561822062 -0.016115648291322948 -0.016097225175533414 -0.016078800215083344 -0.016060373410602014 -0.01604194476271914 -0.016023514272063832 -0.016005081939264976 -0.01598664776495179 -0.01596821174975288 -0.015949773894296748 -0.015931334199212055 -0.0159128926651268 -0.015894449292669255 -0.01587600408246731 -0.01585755703514874 -0.015839108151341097 -0.015820657431672047 -0.0158022048767687 -0.015783750487258275 -0.015765294263767826 -0.015746836206923853 -0.015728376317353243 -0.01570991459568255 -0.015691451042537996 -0.0156729856585458 -0.015654518444331855 -0.0156360494005221 -0.015617578527742204 -0.01559910582661761 -0.015580631297773817 -0.015562154941835937 -0.015543676759429137 -0.015525196751177972 -0.015506714917707554 -0.015488231259642271 -0.015469745777606403 -0.015451258472224338 -0.015432769344120134 -0.015414278393917513 -0.015395785622240643 -0.015377291029712525 -0.015358794616957161 -0.015340296384597385 -0.015321796333256477 -0.015303294463557549 -0.015284790776123103 -0.015266285271575919 -0.015247777950538444 -0.015229268813632957 -0.015210757861481461 -0.01519224509470618 -0.015173730513928785 -0.015155214119770943 -0.01513669591285427 -0.015118175893799934 -0.015099654063229218 -0.015081130421763067 -0.015062604970022375 -0.015044077708627812 -0.015025548638199882 -0.015007017759359087 -0.014988485072725544 -0.014969950578919311 -0.014951414278560171 -0.014932876172268073 -0.014914336260662409 -0.014895794544362462 -0.014877251023987847 -0.01485870570015746 -0.014840158573490192 -0.014821609644604772 -0.014803058914119982 -0.01478450638265405 -0.014765952050825426 -0.01474739591925206 -0.014728837988552068 -0.014710278259343235 -0.014691716732243176 -0.014673153407869288 -0.014654588286839021 -0.014636021369769492 -0.014617452657277596 -0.014598882149980341 -0.014580309848494233 -0.014561735753435945 -0.014543159865421762 -0.014524582185067803 -0.014506002712990296 -0.014487421449804916 -0.014468838396127393 -0.014450253552573622 -0.014431666919758501 -0.014413078498297482 -0.014394488288805796 -0.014375896291898116 -0.01435730250818923 -0.014338706938293866 -0.014320109582826424 -0.014301510442401022 -0.014282909517632003 -0.014264306809133043 -0.01424570231751826 -0.01422709604340111 -0.014208487987394991 -0.014189878150113355 -0.014171266532169102 -0.014152653134175797 -0.01413403795674556 -0.014115421000491457 -0.014096802266025998 -0.014078181753961527 -0.01405955946491011 -0.014040935399483923 -0.014022309558294699 -0.014003681941954282 -0.013985052551074184 -0.013966421386265693 -0.013947788448140153 -0.01392915373730863 -0.013910517254381916 -0.013891878999970964 -0.013873238974686286 -0.013854597179138228 -0.01383595361393708 -0.01381730827969313 -0.013798661177016058 -0.013780012306516043 -0.013761361668802263 -0.013742709264484454 -0.01372405509417185 -0.013705399158473741 -0.01368674145799903 -0.013668081993356562 -0.013649420765154963 -0.013630757774002689 -0.013612093020508309 -0.013593426505279949 -0.013574758228925565 -0.013556088192053062 -0.013537416395270119 -0.013518742839184417 -0.013500067524403248 -0.013481390451533903 -0.013462711621183399 -0.013444031033958803 -0.013425348690466743 -0.013406664591313788 -0.01338797873710651 -0.013369291128451088 -0.013350601765953818 -0.01333191065022038 -0.013313217781856845 -0.013294523161468785 -0.013275826789661493 -0.01325712866704054 -0.01323842879421111 -0.01321972717177794 -0.013201023800346212 -0.013182318680520388 -0.01316361181290504 -0.01314490319810463 -0.013126192836723172 -0.013107480729364962 -0.01308876687663385 -0.013070051279133355 -0.013051333937467269 -0.013032614852239055 -0.013013894024051731 -0.01299517145350848 -0.012976447141212488 -0.012957721087766216 -0.012938993293772405 -0.012920263759833628 -0.012901532486551903 -0.012882799474529638 -0.01286406472436874 -0.01284532823667095 -0.012826590012038064 -0.012807850051071545 -0.012789108354372691 -0.012770364922542854 -0.01275161975618272 -0.012732872855893584 -0.012714124222275913 -0.012695373855930392 -0.012676621757457263 -0.012657867927456934 -0.012639112366529204 -0.012620355075274314 -0.012601596054291786 -0.012582835304181528 -0.012564072825542616 -0.012545308618974571 -0.01252654268507647 -0.012507775024447332 -0.01248900563768579 -0.012470234525390589 -0.012451461688160248 -0.012432687126593178 -0.012413910841287401 -0.012395132832840994 -0.012376353101851756 -0.012357571648917653 -0.01233878847463582 -0.012320003579603944 -0.012301216964419048 -0.012282428629678432 -0.012263638575978786 -0.01224484680391702 -0.012226053314089491 -0.012207258107092889 -0.012188461183523347 -0.012169662543977 -0.012150862189049927 -0.012132060119337651 -0.01211325633543614 -0.012094450837940585 -0.012075643627446453 -0.01205683470454888 -0.012038024069842945 -0.012019211723923506 -0.012000397667385143 -0.01198158190082238 -0.01196276442482963 -0.01194394524000103 -0.011925124346930882 -0.011906301746212877 -0.011887477438440819 -0.011868651424208287 -0.011849823704108697 -0.011830994278735296 -0.01181216314868122 -0.011793330314539385 -0.011774495776902594 -0.011755659536363594 -0.011736821593514746 -0.011717981948948353 -0.011699140603256719 -0.01168029755703165 -0.011661452810865058 -0.011642606365348807 -0.011623758221074143 -0.011604908378632595 -0.0115860568386153 -0.011567203601613452 -0.01154834866821769 -0.011529492039019151 -0.011510633714608087 -0.01149177369557508 -0.011472911982510325 -0.011454048576004017 -0.011435183476645905 -0.011416316685025907 -0.011397448201733884 -0.01137857802735881 -0.01135970616249049 -0.011340832607717843 -0.011321957363629953 -0.011303080430815626 -0.011284201809863448 -0.011265321501362113 -0.011246439505900041 -0.011227555824065427 -0.01120867045644608 -0.011189783403630194 -0.0111708946662053 -0.01115200424475915 -0.011133112139879109 -0.011114218352152483 -0.011095322882166359 -0.0110764257305076 -0.011057526897763292 -0.011038626384519634 -0.0110197241913636 -0.011000820318881166 -0.01098191476765853 -0.010963007538282055 -0.010944098631337162 -0.010925188047409773 -0.010906275787085362 -0.01088736185094924 -0.010868446239586882 -0.010849528953583154 -0.010830609993523033 -0.010811689359991106 -0.010792767053572294 -0.010773843074850797 -0.010754917424411037 -0.0107359901028371 -0.0107170611107128 -0.010698130448622223 -0.010679198117148736 -0.01066026411687615 -0.01064132844838761 -0.01062239111226626 -0.010603452109095246 -0.010584511439457378 -0.010565569103935413 -0.010546625103111884 -0.01052767943756916 -0.01050873210788944 -0.010489783114655093 -0.01047083245844771 -0.010451880139849212 -0.010432926159441136 -0.010413970517805127 -0.010395013215522275 -0.010376054253173894 -0.010357093631341019 -0.010338131350604074 -0.010319167411544206 -0.010300201814741783 -0.010281234560777064 -0.010262265650230196 -0.010243295083681547 -0.010224322861710655 -0.010205348984897555 -0.010186373453821562 -0.010167396269062323 -0.010148417431198986 -0.010129436940810699 -0.01011045479847622 -0.01009147100477481 -0.010072485560284672 -0.010053498465584454 -0.01003450972125236 -0.010015519327866873 -0.009996527286005696 -0.009977533596246702 -0.009958538259167815 -0.009939541275346297 -0.009920542645359909 -0.009901542369785465 -0.009882540449200339 -0.00986353688418129 -0.00984453167530519 -0.009825524823148468 -0.009806516328287884 -0.009787506191299478 -0.00976849441275951 -0.009749480993243853 -0.00973046593332838 -0.009711449233588687 -0.009692430894600534 -0.009673410916939074 -0.009654389301179511 -0.009635366047896998 -0.009616341157666353 -0.009597314631062226 -0.00957828646865938 -0.009559256671032135 -0.009540225238754696 -0.009521192172401216 -0.009502157472545791 -0.009483121139761963 -0.009464083174623661 -0.009445043577703982 -0.009426002349576745 -0.009406959490814715 -0.009387915001991154 -0.009368868883678716 -0.009349821136450331 -0.009330771760878431 -0.009311720757535391 -0.009292668126993475 -0.009273613869824782 -0.009254557986601242 -0.009235500477894565 -0.00921644134427646 -0.009197380586318415 -0.009178318204591529 -0.009159254199667177 -0.009140188572116181 -0.009121121322509529 -0.009102052451417764 -0.009082981959411596 -0.00906390984706118 -0.009044836114936783 -0.009025760763608615 -0.009006683793646442 -0.008987605205620197 -0.008968525000099037 -0.008949443177652894 -0.008930359738850813 -0.00891127468426195 -0.008892188014455349 -0.008873099729999556 -0.008854009831463672 -0.008834918319415797 -0.008815825194424476 -0.008796730457057866 -0.008777634107884125 -0.008758536147470908 -0.008739436576386206 -0.008720335395197343 -0.008701232604471809 -0.00868212820477704 -0.008663022196680026 -0.008643914580747647 -0.008624805357546728 -0.008605694527643926 -0.008586582091605843 -0.008567468049998528 -0.008548352403388582 -0.008529235152341608 -0.008510116297423709 -0.008490995839200599 -0.008471873778237826 -0.00845275011510066 -0.008433624850354426 -0.00841449798456434 -0.00839536951829517 -0.008376239452111744 -0.008357107786578777 -0.008337974522260483 -0.008318839659721522 -0.008299703199525832 -0.008280565142237517 -0.00826142548842046 -0.008242284238638209 -0.00822314139345448 -0.008203996953432546 -0.008184850919135789 -0.008165703291127036 -0.008146554069969503 -0.00812740325622574 -0.008108250850458354 -0.00808909685323006 -0.008069941265102853 -0.008050784086639118 -0.008031625318400848 -0.008012464960949595 -0.007993303014847464 -0.007974139480655729 -0.007954974358935663 -0.007935807650248816 -0.007916639355156074 -0.007897469474218377 -0.007878298007996443 -0.007859124957050878 -0.00783995032194229 -0.007820774103230788 -0.007801596301476699 -0.007782416917239687 -0.007763235951079972 -0.007744053403557161 -0.007724869275230528 -0.00770568356665946 -0.007686496278403621 -0.007667307411021618 -0.00764811696507256 -0.007628924941115112 -0.0076097313397081034 -0.0075905361614096445 -0.0075713394067782325 -0.007552141076371921 -0.007532941170748764 -0.007513739690466592 -0.007494536636082905 -0.0074753320081556995 -0.0074561258072417536 -0.007436918033898621 -0.007417708688683189 -0.007398497772152679 -0.007379285284863479 -0.007360071227372311 -0.007340855600235785 -0.007321638404010011 -0.007302419639251212 -0.0072831993065151646 -0.00726397740635798 -0.007244753939335213 -0.007225528906002476 -0.007206302306914991 -0.0071870741426280915 -0.007167844413696611 -0.0071486131206757175 -0.007129380264120022 -0.0071101458445841925 -0.007090909862622841 -0.007071672318789912 -0.007052433213639742 -0.007033192547726275 -0.007013950321603291 -0.006994706535824624 -0.006975461190943555 -0.006956214287513807 -0.0069369658260883815 -0.006917715807220115 -0.006898464231462453 -0.006879211099367621 -0.006859956411488566 -0.0068407001683776225 -0.006821442370586961 -0.006802183018669028 -0.00678292211317566 -0.0067636596546585825 -0.006744395643669521 -0.006725130080760144 -0.006705862966481679 -0.006686594301385462 -0.006667324086022497 -0.006648052320943676 -0.006628779006699781 -0.0066095041438414825 -0.006590227732919174 -0.006570949774483137 -0.006551670269083709 -0.006532389217270618 -0.006513106619593811 -0.006493822476603184 -0.006474536788848018 -0.006455249556877707 -0.006435960781241534 -0.006416670462488616 -0.006397378601167847 -0.0063780851978280095 -0.0063587902530178875 -0.006339493767285487 -0.006320195741179702 -0.006300896175248205 -0.006281595070039392 -0.006262292426100768 -0.006242988243980285 -0.006223682524225449 -0.006204375267383655 -0.00618506647400191 -0.006165756144627554 -0.006146444279807706 -0.00612713088008876 -0.006107815946017503 -0.006088499478140441 -0.00606918147700386 -0.006049861943154156 -0.006030540877136947 -0.006011218279498409 -0.005991894150784216 -0.005972568491539765 -0.0059532413023105635 -0.005933912583642065 -0.005914582336079166 -0.005895250560166709 -0.005875917256449814 -0.005856582425472878 -0.005837246067780577 -0.005817908183917031 -0.005798568774426693 -0.0057792278398534624 -0.0057598853807413475 -0.005740541397633747 -0.00572119589107456 -0.005701848861607184 -0.005682500309774741 -0.005663150236120518 -0.005643798641187525 -0.0056244455255183845 -0.005605090889655828 -0.005585734734142589 -0.005566377059520844 -0.005547017866332604 -0.00552765715512038 -0.005508294926425739 -0.005488931180790635 -0.005469565918756414 -0.005450199140864809 -0.005430830847657109 -0.005411461039674326 -0.005392089717457416 -0.005372716881547335 -0.005353342532484706 -0.0053339666708102085 -0.00531458929706391 -0.005295210411786433 -0.00527583001551768 -0.005256448108797607 -0.00523706469216606 -0.005217679766162497 -0.005198293331326598 -0.00517890538819743 -0.005159515937314341 -0.005140124979216454 -0.005120732514442394 -0.005101338543531064 -0.005081943067020922 -0.005062546085450537 -0.005043147599357978 -0.0050237476092814815 -0.005004346115759006 -0.004984943119328289 -0.00496553862052701 -0.004946132619892796 -0.004926725117962716 -0.004907316115274285 -0.004887905612364352 -0.0048684936097699305 -0.0048490801080277035 -0.004829665107674186 -0.0048102486092460595 -0.004790830613279451 -0.0047714111203105425 -0.004751990130875239 -0.0047325676455095 -0.004713143664749009 -0.004693718189129337 -0.004674291219185611 -0.004654862755453404 -0.00463543279846762 -0.004616001348762999 -0.00459656840687489 -0.004577133973337366 -0.004557698048685166 -0.004538260633452473 -0.004518821728173639 -0.004499381333382513 -0.004479939449613168 -0.004460496077399179 -0.004441051217274228 -0.0044216048697715005 -0.004402157035424514 -0.004382707714766287 -0.004363256908329893 -0.004343804616647906 -0.004324350840253233 -0.004304895579678392 -0.004285438835455568 -0.004265980608117004 -0.004246520898194828 -0.004227059706220948 -0.004207597032727217 -0.004188132878245043 -0.004168667243305946 -0.004149200128441388 -0.004129731534182446 -0.004110261461059972 -0.0040907899096050415 -0.004071316880348175 -0.004051842373819947 -0.00403236639055099 -0.004012888931071379 -0.00399340999591119 -0.003973929585600333 -0.003954447700668773 -0.003934964341646197 -0.003915479509061792 -0.003895993203445247 -0.0038765054253256936 -0.0038570161752319865 -0.0038375254536929804 -0.003818033261237863 -0.003798539598394879 -0.0037790444656924937 -0.0037595478636591184 -0.0037400497928229415 -0.003720550253711652 -0.0037010492468534384 -0.003681546772775879 -0.00366204283200644 -0.0036425374250727005 -0.003623030552501627 -0.003603522214820687 -0.0035840124125564032 -0.0035645011462358545 -0.003544988416385675 -0.0035254742235321657 -0.003505958568201961 -0.003486441450921085 -0.00346692287221545 -0.003447402832611135 -0.0034278813326337754 -0.0034083583728091726 -0.003388833953662629 -0.003369308075719335 -0.003349780739504593 -0.0033302519455433166 -0.003310721694360308 -0.0032911899864804806 -0.0032716568224280818 -0.0032521222027277474 -0.0032325861279034473 -0.0032130485984795953 -0.0031935096149799946 -0.003173969177928393 -0.003154427287848427 -0.003134883945263789 -0.0031153391506975603 -0.0030957929046731003 -0.003076245207713435 -0.003056696060341313 -0.0030371454630798156 -0.003017593416451081 -0.002998039920977913 -0.0029784849771825606 -0.002958928585587217 -0.0029393707467135766 -0.0029198114610836656 -0.0029002507292193447 -0.0028806885516419745 -0.0028611249288730267 -0.0028415598614338067 -0.002821993349845231 -0.0028024253946284383 -0.0027828559963042343 -0.002763285155393147 -0.002743712872415538 -0.002724139147892324 -0.002704563982343089 -0.002684987376288306 -0.00266540933024767 -0.002645829844740988 -0.002626248920287899 -0.0026066665574077663 -0.0025870827566200627 -0.0025674975184438176 -0.0025479108433981157 -0.002528322732001931 -0.0025087331847735705 -0.0024891422022320087 -0.0024695497848955528 -0.002449955933282455 -0.00243036064791069 -0.002410763929298454 -0.002391165777963611 -0.002371566194423469 -0.002351965179196003 -0.0023323627327981322 -0.0023127588557474987 -0.0022931535485607446 -0.0022735468117552893 -0.002253938645847553 -0.0022343290513543446 -0.002214718028791862 -0.002195105578676859 -0.0021754917015253117 -0.002155876397853196 -0.0021362596681764323 -0.002116641513010775 -0.0020970219328717565 -0.0020774009282749084 -0.0020577784997355963 -0.0020381546477687973 -0.002018529372889599 -0.0019989026756127015 -0.00197927455645297 -0.001959645015924938 -0.0019400140545429156 -0.0019203816728211587 -0.0019007478712738668 -0.0018811126504149067 -0.0018614760107580341 -0.0018418379528171158 -0.0018221984771054633 -0.0018025575841365549 -0.001782915274423369 -0.0017632715484793837 -0.0017436264068172447 -0.0017239798499496528 -0.0017043318783893646 -0.001684682492648859 -0.0016650316932404485 -0.001645379480676168 -0.0016257258554682186 -0.0016060708181283023 -0.0015864143691683985 -0.0015667565090999314 -0.0015470972384342696 -0.0015274365576829485 -0.0015077744673567262 -0.0014881109679668048 -0.0014684460600241644 -0.0014487797440393413 -0.0014291120205227603 -0.0014094428899851241 -0.0013897723529363581 -0.001370100409886832 -0.0013504270613464153 -0.0013307523078247008 -0.0013110761498317247 -0.0012913985878766354 -0.0012717196224690808 -0.001252039254117987 -0.00123235748333278 -0.0012126743106221638 -0.0011929897364948427 -0.001173303761459632 -0.0011536163860248472 -0.0011339276106988594 -0.0011142374359898732 -0.0010945458624059823 -0.001074852890454947 -0.0010551585206445835 -0.0010354627534824301 -0.0010157655894759143 -9.96067029132519e-4 -9.763670729591722e-4 -9.566657214628571e-4 -9.36962975150557e-4 -9.172588345289223e-4 -8.975533001047142e-4 -8.77846372384028e-4 -8.581380518731807e-4 -8.384283390784342e-4 -8.187172345055505e-4 -7.990047386607357e-4 -7.792908520491415e-4 -7.595755751767519e-4 -7.398589085485519e-4 -7.201408526700814e-4 -7.004214080464366e-4 -6.807005751823247e-4 -6.609783545826753e-4 -6.412547467520846e-4 -6.215297521951491e-4 -6.018033714160209e-4 -5.820756049190745e-4 -5.623464532082956e-4 -5.426159167875033e-4 -5.22883996160628e-4 -5.031506918313222e-4 -4.8341600430290566e-4 -4.6367993407853136e-4 -4.439424816616855e-4 -4.2420364755535456e-4 -4.0446343226224757e-4 -3.8472183628524004e-4 -3.649788601269299e-4 -3.4523450428963764e-4 -3.254887692755726e-4 -3.0574165558727717e-4 -2.859931637262947e-4 -2.6624329419461246e-4 -2.464920474942178e-4 -2.2673942412626547e-4 -2.0698542459240965e-4 -1.8723004939374954e-4 -1.6747329903155084e-4 -1.4771517400680167e-4 -1.2795567482021264e-4 -1.081948019724388e-4 -8.843255596419075e-5 -6.866893729556844e-5 -4.890394646706042e-5 -2.9137583978711135e-5 -9.369850330342988e-6 1.039925397811059e-5 3.0169728446993727e-5 4.9941572576928106e-5 6.97147858684799e-5 8.948936782254835e-5 1.0926531793969962e-4 1.290426357215546e-4 1.4882132066890152e-4 1.6860137228341676e-4 1.8838279006638814e-4 2.0816557351954756e-4 2.2794972214468245e-4 2.477352354439133e-4 2.6752211291919403e-4 2.873103540727562e-4 3.070999584070533e-4 3.2689092542470544e-4 3.466832546283882e-4 3.6647694552083276e-4 3.862719976048812e-4 4.060684103839307e-4 4.258661833613231e-4 4.45665316040178e-4 4.6546580792405923e-4 4.8526765851708564e-4 5.05070867322821e-4 5.248754338451067e-4 5.446813575885612e-4 5.644886380570813e-4 5.842972747550634e-4 6.041072671874037e-4 6.239186148587206e-4 6.437313172737991e-4 6.635453739378683e-4 6.833607843557687e-4 7.031775480331737e-4 7.229956644753677e-4 7.428151331878574e-4 7.626359536765381e-4 7.824581254473051e-4 8.02281648006109e-4 8.221065208594558e-4 8.419327435130741e-4 8.617603154740805e-4 8.815892362487032e-4 9.014195053438923e-4 9.21251122266431e-4 9.410840865234915e-4 9.609183976223012e-4 9.807540550701432e-4 0.001000591058374467 0.0010204294070430553 0.0010402691005835796 0.001060110138504211 0.001079952520312677 0.001099796245517426 0.0011196413136267402 0.0011394877241492907 0.001159335476593526 0.001179184570468561 0.0011990350052829002 0.0012188867805459913 0.0012387398957670048 0.0012585943504551111 0.0012784501441202578 0.0012983072762716708 0.0013181657464196306 0.0013380255540738073 0.001357886698744315 0.0013777491799416564 0.0013976129971758344 0.0014174781499578515 0.0014373446377979882 0.0014572124602074688 0.001477081616696907 0.0014969521067775826 0.001516823929960942 0.0015366970857581541 0.0015565715736808872 0.0015764473932409206 0.0015963245439499785 0.0016162030253201176 0.0016360828368634506 0.001655963978092423 0.0016758464485192026 0.0016957302476565128 0.0017156153750170766 0.0017355018301138392 0.0017553896124596347 0.0017752787215676302 0.0017951691569512707 0.0018150609181239452 0.0018349540045992652 0.0018548484158908973 0.001874744151512786 0.0018946412109789312 0.0019145395938033882 0.0019344392995006565 0.0019543403275850135 0.001974242677571292 0.001994146348973991 0.002014051341308165 0.0020339576540887583 0.0020538652868309915 0.0020737742390501968 0.002093684510261873 0.002113596099981463 0.0021335090077249097 0.002153423233007934 0.0021733387753468114 0.0021932556342575404 0.0022131738092565634 0.0022330932998603226 0.002253014105585427 0.002272936225948541 0.0022928596604668283 0.0023127844086571203 0.0023327104700366363 0.0023526378441228735 0.0023725665304331067 0.0023924965284850552 0.0024124278377966046 0.0024323604578855296 0.0024522943882698822 0.0024722296284679923 0.0024921661779979676 0.002512104036378582 0.002532043203128387 0.0025519836777660454 0.0025719254598106644 0.0025918685487811843 0.0026118129441968785 0.002631758645576854 0.0026517056524409943 0.002671653964308629 0.0026916035806998084 0.0027115545011344167 0.002731506725132282 0.0027514602522138443 0.0027714150818993755 0.002791371213709537 0.002811328647164657 0.00283128738178573 0.0028512474170937496 0.0028712087526095997 0.0028911713878548295 0.0029111353223505443 0.002931100555618238 0.002951067087179682 0.0029710349165565364 0.002991004043270906 0.0030109744668447846 0.003030946186800332 0.0030509192026599297 0.0030708935139462934 0.003090869120181805 0.0031108460208894018 0.0031308242155921318 0.00315080370381271 0.0031707844850748512 0.0031907665589014367 0.003210749924816403 0.0032307345823431866 0.0032507205310055576 0.003270707770327619 0.003290696299833362 0.003310686119046946 0.0033306772274928065 0.0033506696246954903 0.0033706633101796 0.0033906582834701826 0.0034106545440916736 0.0034306520915696193 0.0034506509254290108 0.0034706510451952832 0.0034906524503938163 0.0035106551405506004 0.0035306591151912925 0.0035506643738417165 0.003570670916027807 0.003590678741276221 0.0036106878491131145 0.0036306982390650333 0.0036507099106584673 0.003670722863420406 0.0036907370968778386 0.003710752610557533 0.003730769403987144 0.003750787476693773 0.003770806828204909 0.0037908274580482626 0.0038108493657517117 0.003830872550843134 0.0038508970128505182 0.0038709227513023525 0.0038909497657267367 0.00391097805565227 0.003931007620607496 0.003951038460121514 0.0039710705737229235 0.003991103960940934 0.004011138621304811 0.004031174554343819 0.0040512117595875585 0.004071250236565738 0.004091289984807789 0.004111331003844199 0.0041313732932045655 0.00415141685241921 0.004171461681018673 0.004191507778533277 0.004211555144493673 0.0042316037784307925 0.004251653679875511 0.004271704848358704 0.004291757283411801 0.004311810984566011 0.004331865951352876 0.004351922183304158 0.004371979679951288 0.00439203844082664 0.004412098465461978 0.0044321597533896195 0.004452222304141662 0.00447228611725109 0.004492351192249999 0.004512417528671486 0.0045324851260483134 0.0045525539839135765 0.004572624101800593 0.0045926954792424035 0.004612768115772825 0.004632842010925231 0.00465291716423355 0.004672993575231488 0.00469307124345314 0.004713150168432878 0.004733230349704853 0.00475331178680366 0.004773394479263726 0.004793478426619868 0.004813563628407125 0.004833650084160368 0.0048537377934148584 0.004873826755705857 0.00489391697056879 0.004914008437539308 0.00493410115615317 0.004954195125946137 0.004974290346454524 0.0049943868172140915 0.005014484537761488 0.005034583507633028 0.0050546837263651945 0.005074785193494857 0.005094887908558832 0.005114991871094154 0.005135097080637974 0.005155203536727493 0.005175311238900249 0.005195420186693778 0.005215530379645894 0.00523564181729419 0.005255754499176979 0.005275868424832186 0.005295983593798126 0.005316100005613222 0.005336217659816178 0.005356336555945418 0.005376456693540088 0.005396578072138947 0.005416700691281251 0.0054368245505061474 0.00545694964935306 0.005477075987361746 0.005497203564071518 0.0055173323790225215 0.005537462431754514 0.0055575937218078075 0.005577726248722548 0.0055978600120389355 0.005617995011297894 0.005638131246039679 0.005658268715805381 0.0056784074201360335 0.005698547358572392 0.00571868853065588 0.005738830935927697 0.00575897457392982 0.0057791194442032845 0.005799265546290344 0.005819412879732699 0.005839561444072661 0.00585971123885215 0.005879862263613644 0.005900014517899732 0.00592016800125289 0.005940322713215984 0.005960478653331935 0.005980635821143665 0.006000794216194594 0.00602095383802792 0.006041114686187066 0.0060612767602157835 0.006081440059657772 0.006101604584056786 0.006121770332957133 0.006141937305902789 0.00616210550243812 0.006182274922107545 0.006202445564455816 0.006222617429027466 0.0062427905153675245 0.006262964823020967 0.006283140351532712 0.006303317100448347 0.006323495069313345 0.006343674257673126 0.006363854665073387 0.006384036291060047 0.006404219135178857 0.006424403196976347 0.006444588475998658 0.006464774971792042 0.00648496268390325 0.006505151611878868 0.006525341755265757 0.006545533113610835 0.006565725686461132 0.006585919473364121 0.006606114473867164 0.0066263106875176225 0.006646508113863248 0.006666706752451734 0.006686906602831222 0.006707107664549683 0.006727309937155368 0.0067475134201966935 0.0067677181132220765 0.006787924015780322 0.0068081311274199585 0.006828339447689902 0.006848548976139568 0.006868759712317818 0.006888971655774179 0.006909184806057955 0.006929399162718786 0.006949614725306641 0.006969831493371159 0.006990049466462589 0.0070102686441309014 0.007030489025926623 0.007050710611399946 0.00707093340010162 0.007091157391582448 0.007111382585393067 0.0071316089810846695 0.007151836578208448 0.0071720653763155395 0.007192295374957414 0.007212526573685485 0.007232758972051778 0.0072529925696077635 0.007273227365905854 0.007293463360497909 0.007313700552936009 0.0073339389427726775 0.007354178529560829 0.007374419312852543 0.007394661292200899 0.007414904467159034 0.007435148837279637 0.007455394402116233 0.00747564116122218 0.007495889114150722 0.007516138260455774 0.007536388599690913 0.007556640131410275 0.007576892855167661 0.007597146770517482 0.00761740187701393 0.007637658174211637 0.007657915661664905 0.007678174338928978 0.007698434205558213 0.007718695261107911 0.007738957505133204 0.007759220937189504 0.007779485556831944 0.007799751363616325 0.007820018357098335 0.00784028653683394 0.00786055590237883 0.007880826453289358 0.007901098189121825 0.007921371109432473 0.007941645213777937 0.007961920501714792 0.00798219697280006 0.008002474626590483 0.008022753462643528 0.008043033480516049 0.008063314679765399 0.008083597059949266 0.008103880620625281 0.008124165361351243 0.008144451281684895 0.008164738381184589 0.008185026659408123 0.008205316115914296 0.00822560675026135 0.008245898562007914 0.00826619155071251 0.008286485715934544 0.008306781057232426 0.008327077574165953 0.008347375266293922 0.00836767413317585 0.008387974174371537 0.0084082753894405 0.008428577777942758 0.008448881339438108 0.00846918607348679 0.008489491979648878 0.008509799057485057 0.008530107306555956 0.008550416726421595 0.00857072731664349 0.00859103907678227 0.008611352006399065 0.008631666105055058 0.008651981372311657 0.008672297807730323 0.00869261541087274 0.008712934181300647 0.008733254118575895 0.008753575222260668 0.008773897491917149 0.008794220927107466 0.008814545527394357 0.008834871292339952 0.008855198221507543 0.008875526314459703 0.008895855570759337 0.008916185989969794 0.008936517571654257 0.008956850315376241 0.008977184220699153 0.008997519287186728 0.009017855514402984 0.00903819290191149 0.009058531449276708 0.009078871156062762 0.009099212021833891 0.009119554046154887 0.009139897228589988 0.00916024156870432 0.009180587066062562 0.009200933720230231 0.009221281530772008 0.00924163049725324 0.009261980619239885 0.009282331896297069 0.00930268432799064 0.009323037913886556 0.009343392653550942 0.009363748546549644 0.009384105592449121 0.009404463790815831 0.009424823141216343 0.009445183643217003 0.00946554529638527 0.009485908100287543 0.009506272054491172 0.009526637158563389 0.009547003412071597 0.009567370814583365 0.009587739365666148 0.00960810906488796 0.009628479911816368 0.009648851906019773 0.009669225047066299 0.009689599334524124 0.009709974767961815 0.00973035134694783 0.009750729071051345 0.009771107939840873 0.00979148795288537 0.009811869109754179 0.009832251410016535 0.009852634853241837 0.00987301943899943 0.009893405166859437 0.009913792036391256 0.00993418004716523 0.009954569198751095 0.00997495949071936 0.009995350922640367 0.010015743494084295 0.010036137204622264 0.010056532053824674 0.010076928041262534 0.010097325166507187 0.010117723429129366 0.01013812282870058 0.010158523364792282 0.010178925036976039 0.010199327844823802 0.010219731787907083 0.010240136865797944 0.010260543078068785 0.010280950424291724 0.010301358904038938 0.010321768516883267 0.010342179262397277 0.01036259114015381 0.01038300414972565 0.01040341829068614 0.010423833562608287 0.010444249965065544 0.010464667497631419 0.010485086159879309 0.010505505951383332 0.010525926871717106 0.01054634892045464 0.010566772097170274 0.010587196401438237 0.01060762183283298 0.010628048390929012 0.010648476075301061 0.0106689048855238 0.010689334821172514 0.010709765881822098 0.010730198067047836 0.01075063137642529 0.010771065809529634 0.010791501365936818 0.010811938045222513 0.010832375846962339 0.0108528147707328 0.010873254816109956 0.010893695982670148 0.010914138269989548 0.01093458167764505 0.010955026205213325 0.010975471852271101 0.010995918618395495 0.011016366503163733 0.011036815506152764 0.011057265626940371 0.011077716865103726 0.011098169220220777 0.01111862269186914 0.011139077279626763 0.011159532983071985 0.011179989801782697 0.011200447735337404 0.011220906783314388 0.01124136694529243 0.011261828220850423 0.01128229060956687 0.011302754111020996 0.011323218724791917 0.011343684450458802 0.011364151287601487 0.011384619235799032 0.011405088294631438 0.01142555846367821 0.011446029742519515 0.011466502130735634 0.011486975627906237 0.011507450233612326 0.011527925947433793 0.01154840276895186 0.011568880697746697 0.011589359733399418 0.011609839875491246 0.011630321123603238 0.011650803477316396 0.01167128693621261 0.011691771499873105 0.01171225716787977 0.01173274393981416 0.011753231815258558 0.01177372079379485 0.01179421087500554 0.011814702058472626 0.011835194343778832 0.011855687730506714 0.011876182218239106 0.011896677806558842 0.01191717449504881 0.011937672283292566 0.011958171170873055 0.011978671157373888 0.011999172242378564 0.012019674425470916 0.012040177706234445 0.012060682084253371 0.012081187559111972 0.012101694130394136 0.012122201797684418 0.01214271056056726 0.012163220418627219 0.01218373137144918 0.012204243418618088 0.012224756559718941 0.012245270794336793 0.012265786122057087 0.012286302542465155 0.012306820055146717 0.012327338659687215 0.012347858355672647 0.012368379142689068 0.012388901020322474 0.012409423988158919 0.012429948045785288 0.012450473192787526 0.012470999428752572 0.01249152675326709 0.012512055165918079 0.012532584666292534 0.012553115253977454 0.012573646928560445 0.01259417968962856 0.012614713536769684 0.01263524846957137 0.012655784487621446 0.012676321590507966 0.012696859777818925 0.012717399049142708 0.012737939404067422 0.01275848084218184 0.012779023363074349 0.012799566966333942 0.012820111651549337 0.012840657418309642 0.012861204266203907 0.012881752194821516 0.012902301203751965 0.01292285129258458 0.012943402460909248 0.01296395470831574 0.012984508034394104 0.013005062438734283 0.013025617920926491 0.013046174480561168 0.013066732117228808 0.01308729083051996 0.01310785062002523 0.013128411485335778 0.013148973426042487 0.013169536441736684 0.013190100532009308 0.013210665696451851 0.01323123193465614 0.013251799246213447 0.013272367630716098 0.013292937087755474 0.013313507616923959 0.013334079217813766 0.013354651890017222 0.013375225633126542 0.013395800446734552 0.013416376330434132 0.013436953283817665 0.013457531306478698 0.01347811039800989 0.013498690558004844 0.013519271786056886 0.013539854081759395 0.013560437444706142 0.01358102187449084 0.013601607370707536 0.013622193932950055 0.013642781560813 0.013663370253890195 0.013683960011776242 0.01370455083406591 0.013725142720353856 0.013745735670234571 0.013766329683303491 0.013786924759155661 0.013807520897385961 0.013828118097590048 0.013848716359363411 0.013869315682301653 0.01388991606600043 0.013910517510055787 0.013931120014063658 0.013951723577620312 0.013972328200321849 0.013992933881764813 0.014013540621545861 0.014034148419261538 0.014054757274508611 0.014075367186884069 0.014095978155985178 0.014116590181408872 0.014137203262752585 0.014157817399613859 0.01417843259159035 0.014199048838279438 0.014219666139279385 0.014240284494188127 0.014260903902603483 0.01428152436412411 0.014302145878348105 0.014322768444874234 0.01434339206330093 0.014364016733227125 0.014384642454251584 0.014405269225973627 0.014425897047992131 0.014446525919906417 0.014467155841316193 0.01448778681182078 0.014508418831020109 0.014529051898513612 0.014549686013901608 0.014570321176784085 0.014590957386761139 0.014611594643433423 0.014632232946401258 0.014652872295265185 0.014673512689626023 0.01469415412908448 0.014714796613241932 0.014735440141699252 0.014756084714057593 0.014776730329918775 0.014797376988883948 0.014818024690554932 0.014838673434533378 0.014859323220421494 0.014879974047820987 0.014900625916334287 0.0149212788255636 0.0149419327751113 0.014962587764580093 0.014983243793572742 0.015003900861691843 0.015024558968540602 0.015045218113722059 0.015065878296839252 0.015086539517495723 0.01510720177529501 0.015127865069840485 0.015148529400736133 0.015169194767585659 0.015189861169993268 0.015210528607562834 0.01523119707989884 0.01525186658660549 0.0152725371272876 0.015293208701549599 0.01531388130899608 0.01533455494923247 0.015355229621863475 0.015375905326494299 0.015396582062730368 0.015417259830177166 0.015437938628439951 0.015458618457124707 0.015479299315837025 0.015499981204183111 0.015520664121768835 0.015541348068200622 0.015562033043084678 0.015582719046027482 0.015603406076635684 0.015624094134515987 0.015644783219275316 0.015665473330520596 0.01568616446785892 0.015706856630897603 0.015727549819244124 0.015748244032505687 0.015768939270290216 0.015789635532205526 0.015810332817859152 0.01583103112685952 0.015851730458814606 0.015872430813332727 0.01589313219002214 0.015913834588491715 0.01593453800834993 0.015955242449205542 0.01597594791066753 0.015996654392345155 0.016017361893847337 0.016038070414783556 0.016058779954763125 0.016079490513395855 0.01610020209029117 0.016120914685059273 0.01614162829730975 0.016162342926652973 0.016183058572698972 0.016203775235058115 0.01622449291334116 0.016245211607158416 0.01626593131612064 0.016286652039838978 0.016307373777924128 0.016328096529987457 0.01634882029564011 0.01636954507449334 0.01639027086615885 0.016410997670248284 0.016431725486373283 0.01645245431414588 0.016473184153178 0.01649391500308195 0.01651464686346993 0.016535379733954303 0.016556113614147716 0.016576848503662756 0.016597584402112286 0.016618321309109174 0.016639059224266617 0.016659798147197757 0.016680538077515683 0.01670127901483409 0.016722020958766515 0.016742763908926594 0.016763507864928306 0.01678425282638535 0.016804998792912196 0.016825745764122657 0.016846493739631263 0.0168672427190526 0.01688799270200103 0.01690874368809142 0.01692949567693869 0.01695024866815764 0.016971002661363477 0.016991757656171558 0.017012513652197192 0.017033270649055687 0.017054028646362962 0.017074787643734546 0.017095547640786524 0.017116308637134647 0.017137070632395335 0.017157833626184504 0.017178597618119018 0.017199362607815183 0.017220128594889417 0.01724089557895886 0.017261663559640206 0.017282432536550485 0.017303202509307114 0.01732397347752701 0.017344745440827758 0.017365518398826996 0.017386292351142252 0.017407067297391554 0.017427843237192542 0.01744862017016352 0.01746939809592246 0.017490177014087782 0.017510956924278065 0.017531737826111615 0.017552519719207293 0.01757330260318385 0.017594086477660253 0.01761487134225559 0.017635657196589105 0.017656444040280106 0.017677231872948007 0.017698020694212446 0.01771881050369306 0.017739601301009766 0.01776039308578259 0.01778118585763161 0.017801979616176855 0.017822774361039018 0.017843570091838346 0.01786436680819542 0.01788516450973099 0.0179059631960663 0.017926762866821544 0.017947563521618637 0.01796836516007838 0.017989167781822024 0.0180099713864717 0.018030775973648383 0.018051581542974204 0.018072388094070913 0.01809319562656042 0.018114004140065032 0.018134813634206715 0.01815562410860827 0.01817643556289189 0.018197247996680377 0.01821806140959653 0.0182388758012631 0.01825969117130305 0.01828050751933985 0.018301324844996525 0.01832214314789632 0.0183429624276632 0.01836378268392047 0.018384603916291986 0.01840542612440177 0.0184262493078739 0.018447073466332287 0.01846789859940129 0.018488724706705484 0.01850955178786934 0.018530379842517375 0.018551208870274616 0.018572038870765806 0.018592869843616078 0.018613701788450565 0.01863453470489468 0.018655368592573662 0.018676203451113094 0.018697039280138827 0.01871787607927644 0.01873871384815229 0.01875955258639178 0.018780392293621717 0.018801232969467896 0.018822074613557005 0.018842917225515732 0.018863760804970542 0.018884605351548456 0.018905450864876272 0.018926297344580956 0.01894714479028986 0.018967993201630284 0.018988842578229748 0.01900969291971555 0.019030544225715762 0.019051396495858075 0.01907224972977012 0.019093103927080468 0.019113959087416976 0.019134815210408107 0.019155672295682213 0.019176530342868092 0.019197389351594207 0.019218249321489522 0.01923911025218289 0.019259972143303494 0.019280834994480578 0.019301698805343492 0.01932256357552159 0.01934342930464439 0.01936429599234163 0.019385163638243386 0.019406032241979232 0.019426901803179575 0.019447772321474488 0.019468643796494434 0.019489516227869652 0.01951038961523105 0.019531263958209033 0.019552139256434564 0.019573015509538605 0.019593892717152228 0.01961477087890673 0.01963564999443329 0.01965653006336371 0.01967741108532922 0.01969829305996179 0.01971917598689288 0.019740059865755 0.019760944696179894 0.019781830477799744 0.01980271721024701 0.019823604893154156 0.019844493526153917 0.01986538310887881 0.019886273640961738 0.019907165122035664 0.019928057551733713 0.01994895092968907 0.01996984525553508 0.01999074052890537 0.02001163674943307 0.020032533916752415 0.020053432030497087 0.020074331090301045 0.02009523109579825 0.02011613204662316 0.0201370339424099 0.020157936782792985 0.020178840567407264 0.02019974529588703 0.020220650967867404 0.020241557582983405 0.02026246514086988 0.020283373641162172 0.020304283083495744 0.020325193467505942 0.020346104792828223 0.02036701705909849 0.020387930265952592 0.020408844413026317 0.020429759499955957 0.020450675526377637 0.020471592491927815 0.02049251039624267 0.020513429238959102 0.02053434901971357 0.020555269738142867 0.020576191393884335 0.020597113986574767 0.02061803751585134 0.020638961981351567 0.02065988738271274 0.020680813719572644 0.02070174099156874 0.020722669198338983 0.02074359833952133 0.020764528414753847 0.020785459423674713 0.020806391365922328 0.020827324241135037 0.020848258048951518 0.02086919278901045 0.020890128460950508 0.02091106506441076 0.020932002599030386 0.020952941064448338 0.02097388046030413 0.020994820786237156 0.021015762041886987 0.021036704226893133 0.021057647340895658 0.021078591383534406 0.02109953635444939 0.021120482253280948 0.021141429079669094 0.02116237683325467 0.021183325513677798 0.02120427512057954 0.02122522565360052 0.021246177112381637 0.021267129496563897 0.021288082805788644 0.021309037039697165 0.02132999219793058 0.0213509482801309 0.021371905285939297 0.021392863214997948 0.021413822066948862 0.021434781841433492 0.02145574253809457 0.021476704156574156 0.021497666696514595 0.021518630157558616 0.021539594539348672 0.021560559841527605 0.021581526063738476 0.02160249320562413 0.021623461266827626 0.02164443024699253 0.02166540014576207 0.0216863709627797 0.021707342697689258 0.02172831535013442 0.02174928891975869 0.021770263406206747 0.02179123880912237 0.021812215128149792 0.021833192362933684 0.021854170513118054 0.02187514957834774 0.02189612955826764 0.021917110452522592 0.021938092260757547 0.02195907498261762 0.02198005861774799 0.0220010431657941 0.022022028626401235 0.022043014999215405 0.022064002283881945 0.022084990480046973 0.022105979587356273 0.02212696960545607 0.022147960533992594 0.022168952372612127 0.02218994512096123 0.02221093877868635 0.022231933345434107 0.022252928820851836 0.022273925204586043 0.022294922496283898 0.022315920695592573 0.02233691980215946 0.02235791981563212 0.02237892073565778 0.022399922561884555 0.02242092529396006 0.022441928931532185 0.022462933474248936 0.02248393892175876 0.02250494527370972 0.02252595252975037 0.022546960689529216 0.022567969752694927 0.022588979718896285 0.022609990587782125 0.022631002359001617 0.02265201503220393 0.022673028607038237 0.022694043083154036 0.022715058460200943 0.022736074737828238 0.0227570919156862 0.022778109993424167 0.022799128970692695 0.022820148847141453 0.022841169622420998 0.022862191296181722 0.02288321386807385 0.02290423733774838 0.02292526170485576 0.022946286969046936 0.022967313129972966 0.022988340187285072 0.02300936814063409 0.023030396989671742 0.023051426734049363 0.023072457373418453 0.023093488907431015 0.023114521335738547 0.02313555465799333 0.02315658887384725 0.023177623982952644 0.023198659984961623 0.023219696879526797 0.023240734666300944 0.023261773344936287 0.02328281291508605 0.023303853376402894 0.023324894728540047 0.023345936971150616 0.023366980103887824 0.023388024126405282 0.023409069038356267 0.023430114839394833 0.023451161529174425 0.02347220910734904 0.023493257573572734 0.023514306927499562 0.023535357168784077 0.023556408297080278 0.023577460312042997 0.023598513213326677 0.023619567000586095 0.02364062167347636 0.023661677231652023 0.02368273367476853 0.023703791002481045 0.02372484921444501 0.02374590831031581 0.023766968289749002 0.023788029152400414 0.023809090897925766 0.023830153525981224 0.02385121703622267 0.02387228142830644 0.02389334670188864 0.023914412856625933 0.023935479892175038 0.02395654780819212 0.023977616604334673 0.02399868628025903 0.02401975683562263 0.02404082827008236 0.024061900583295714 0.02408297377491997 0.02410404784461284 0.024125122792031828 0.024146198616834647 0.02416727531867946 0.024188352897224097 0.02420943135212672 0.02423051068304566 0.02425159088963902 0.02427267197156563 0.02429375392848382 0.02431483676005275 0.02433592046593086 0.02435700504577709 0.02437809049925105 0.02439917682601156 0.024420264025718064 0.02444135209802989 0.02446244104260681 0.024483530859108482 0.024504621547194683 0.02452571310652535 0.024546805536760363 0.024567898837560387 0.024588993008585414 0.024610088049495826 0.02463118395995223 0.024652280739615118 0.02467337838814554 0.024694476905204488 0.024715576290452568 0.024736676543551328 0.02475777766416165 0.024778879651945196 0.02479998250656351 0.024821086227678035 0.024842190814950482 0.024863296268042845 0.024884402586617005 0.024905509770335288 0.024926617818859576 0.02494772673185236 0.024968836508976244 0.02498994714989361 0.025011058654267226 0.025032171021759975 0.02505328425203468 0.025074398344754334 0.025095513299582428 0.02511662911618201 0.025137745794216515 0.025158863333349435 0.025179981733244483 0.025201100993565706 0.02522222111397665 0.025243342094141252 0.025264463933723835 0.025285586632388946 0.025306710189800352 0.02532783460562288 0.025348959879521238 0.025370086011159865 0.025391213000203805 0.02541234084631805 0.025433469549167587 0.02545459910841752 0.02547572952373367 0.02549686079478075 0.02551799292122492 0.025539125902731552 0.02556025973896653 0.02558139442959584 0.025602529974285304 0.025623666372701526 0.02564480362451027 0.02566594172937825 0.025687080686971897 0.02570822049695798 0.025729361159002873 0.0257505026727739 0.025771645037937718 0.025792788254161536 0.025813932321112842 0.025835077238458626 0.025856223005866596 0.02587736962300402 0.025898517089538997 0.02591966540513907 0.02594081456947228 0.02596196458220662 0.025983115443010463 0.02600426715155213 0.026025419707499553 0.026046573110521776 0.026067727360287285 0.0260888824564649 0.026110038398723334 0.026131195186731793 0.026152352820159264 0.02617351129867518 0.026194670621948746 0.026215830789649508 0.026236991801447007 0.02625815365701084 0.026279316356011273 0.026300479898117846 0.026321644283000822 0.026342809510330356 0.026363975579776766 0.026385142491010316 0.026406310243702047 0.026427478837521945 0.026448648272141384 0.02646981854723096 0.026490989662461717 0.02651216161750486 0.026533334412031595 0.026554508045713188 0.026575682518221455 0.026596857829227827 0.0266180339784039 0.026639210965421656 0.026660388789952916 0.02668156745167022 0.02670274695024505 0.02672392728535039 0.02674510845665834 0.02676629046384138 0.02678747330657244 0.02680865698452406 0.026829841497369333 0.02685102684478119 0.02687221302643289 0.026893400041997473 0.026914587891148478 0.026935776573559334 0.02695696608890369 0.02697815643685547 0.026999347617088276 0.027020539629275975 0.027041732473092772 0.02706292614821293 0.027084120654310928 0.027105315991060863 0.027126512158137384 0.02714770915521514 0.027168906981969054 0.027190105638074225 0.027211305123205187 0.027232505437037147 0.02725370657924564 0.02727490854950615 0.027296111347493657 0.027317314972884255 0.027338519425353314 0.027359724704576815 0.027380930810230963 0.027402137741991517 0.027423345499534624 0.027444554082536765 0.027465763490674533 0.027486973723624075 0.027508184781062373 0.027529396662666128 0.027550609368112045 0.02757182289707749 0.02759303724923945 0.027614252424274954 0.027635468421861598 0.027656685241676693 0.02767790288339822 0.02769912134670338 0.02772034063127038 0.027741560736777027 0.027762781662901415 0.027784003409321745 0.02780522597571622 0.02782644936176326 0.02784767356714163 0.027868898591529745 0.027890124434606423 0.027911351096050585 0.02793257857554121 0.027953806872757447 0.027975035987378494 0.027996265919083663 0.02801749666755249 0.028038728232464394 0.028059960613499413 0.02808119381033708 0.028102427822657428 0.028123662650140435 0.028144898292466136 0.02816613474931534 0.028187372020367918 0.028208610105304566 0.028229849003805985 0.028251088715552763 0.028272329240225824 0.0282935705775062 0.028314812727074923 0.028336055688613304 0.028357299461802543 0.02837854404632434 0.028399789441859724 0.02842103564809101 0.028442282664699503 0.028463530491367295 0.02848477912777647 0.028506028573609177 0.02852727882854733 0.028548529892273855 0.028569781764470947 0.02859103444482114 0.028612287933007186 0.02863354222871195 0.028654797331618465 0.02867605324140976 0.028697309957768924 0.028718567480379376 0.028739825808924424 0.028761084943087822 0.02878234488255288 0.028803605627003626 0.02882486717612376 0.02884612952959753 0.028867392687108806 0.028888656648341726 0.028909921412980877 0.028931186980710677 0.028952453351215712 0.028973720524180346 0.028994988499289887 0.029016257276228863 0.029037526854682527 0.029058797234335854 0.029080068414874316 0.02910134039598311 0.029122613177347767 0.02914388675865409 0.02916516113958767 0.029186436319833975 0.029207712299079536 0.029228989077010326 0.029250266653312262 0.02927154502767193 0.02929282419977547 0.029314104169309574 0.029335384935960884 0.02935666649941615 0.02937794885936229 0.029399232015486276 0.029420515967474914 0.029441800715016064 0.02946308625779659 0.029484372595504016 0.02950565972782615 0.029526947654450353 0.029548236375064485 0.029569525889356685 0.029590816197014758 0.029612107297726842 0.029633399191181464 0.029654691877066652 0.0296759853550711 0.029697279624883388 0.029718574686192045 0.02973987053868632 0.029761167182054793 0.029782464615986493 0.029803762840170778 0.02982506185429712 0.029846361658054543 0.029867662251132687 0.0298889636332213 0.029910265804010017 0.0299315687631887 0.029952872510447426 0.029974177045476225 0.029995482367965343 0.030016788477605083 0.030038095374085805 0.0300594030570982 0.030080711526332682 0.030102020781480443 0.030123330822231953 0.03014464164827857 0.03016595325931115 0.030187265655021056 0.030208578835099587 0.030229892799238434 0.030251207547128678 0.030272523078462454 0.030293839392931454 0.03031515649022759 0.03033647437004272 0.030357793032069313 0.03037911247599956 0.03040043270152548 0.03042175370834027 0.030443075496135785 0.030464398064605158 0.03048572141344108 0.03050704554233663 0.030528370450984887 0.030549696139078875 0.030571022606311837 0.030592349852377465 0.030613677876969003 0.030635006679780252 0.030656336260504846 0.030677666618836696 0.030698997754469715 0.0307203296670982 0.030741662356416066 0.030762995822117722 0.030784330063897802 0.03080566508145055 0.030827000874470767 0.030848337442653195 0.030869674785692747 0.030891012903284554 0.030912351795123305 0.03093369146090469 0.03095503190032378 0.03097637311307605 0.030997715098857237 0.03101905785736281 0.031040401388288674 0.031061745691330633 0.031083090766184762 0.03110443661254736 0.03112578323011439 0.03114713061858243 0.031168478777647612 0.031189827707007012 0.031211177406356927 0.03123252787539449 0.03125387911381633 0.03127523112131958 0.03129658389760154 0.031317937442359334 0.031339291755290155 0.031360646836092076 0.03138200268446195 0.03140335930009802 0.03142471668269803 0.03144607483195977 0.03146743374758132 0.031488793429261086 0.03151015387669709 0.03153151508958779 0.031552877067631546 0.03157423981052737 0.03159560331797362 0.031616967589669365 0.03163833262531357 0.03165969842460509 0.03168106498724327 0.03170243231292735 0.03172380040135675 0.0317451692522312 0.03176653886524988 0.03178790924011288 0.03180928037652009 0.03183065227417131 0.031852024932766676 0.03187339835200631 0.03189477253159062 0.031916147471220235 0.031937523170595394 0.031958899629416726 0.031980276847385136 0.03200165482420142 0.03202303355956676 0.032044413053181786 0.03206579330474829 0.03208717431396729 0.032108556080540196 0.03212993860416857 0.03215132188455416 0.03217270592139865 0.03219409071440393 0.032215476263272036 0.03223686256770519 0.032258249627405366 0.03227963744207507 0.03230102601141682 0.032322415335133026 0.032343805412926196 0.032365196244499406 0.03238658782955539 0.032407980167797446 0.032429373258928196 0.03245076710265127 0.03247216169866973 0.03249355704668727 0.032514953146407344 0.03253634999753369 0.03255774759976998 0.03257914595282024 0.03260054505638821 0.0326219449101785 0.03264334551389503 0.03266474686724219 0.032686148969924333 0.0327075518216462 0.03272895542211246 0.032750359771027804 0.0327717648680973 0.03279317071302579 0.032814577305518566 0.032835984645280814 0.032857392732017654 0.03287880156543488 0.032900211145237945 0.03292162147113248 0.032943032542824435 0.03296444436001977 0.03298585692242417 0.03300727022974398 0.03302868428168537 0.033050099077954975 0.03307151461825891 0.03309293090230403 0.033114347929796784 0.03313576570044413 0.033157184213952806 0.033178603470030044 0.03320002346838291 0.0332214442087187 0.03324286569074475 0.033264287914168356 0.03328571087869736 0.03330713458403911 0.03332855902990195 0.033349984215993334 0.033371410142021385 0.03339283680769434 0.03341426421272037 0.03343569235680799 0.03345712123966538 0.033478550861001266 0.033499981220524444 0.03352141231794348 0.033542844152967655 0.0335642767253056 0.03358571003466665 0.0336071440807601 0.03362857886329518 0.03365001438198134 0.033671450636528266 0.033692887626645684 0.033714325352043384 0.03373576381243093 0.03375720300751883 0.033778642937016934 0.03380008360063569 0.03382152499808516 0.03384296712907603 0.033864409993318745 0.033885853590524095 0.03390729792040292 0.03392874298266607 0.03395018877702427 0.03397163530318936 0.0339930825608718 0.03401453054978332 0.034035979269635364 0.03405742872013945 0.03407887890100719 0.0341003298119506 0.034121781452681466 0.03414323382291168 0.034164686922353416 0.034186140750719074 0.03420759530772077 0.034229050593070964 0.03425050660648238 0.03427196334766763 0.034293420816339515 0.03431487901221092 0.03433633793499469 0.03435779758440405 0.03437925796015229 0.034400719061952856 0.034422180889518816 0.034443643442563954 0.03446510672080194 0.03448657072394662 0.03450803545171166 0.03452950090381096 0.03455096707995914 0.034572433979869976 0.034593901603257926 0.03461536994983738 0.03463683901932302 0.03465830881142917 0.03467977932587091 0.03470125056236306 0.0347227225206207 0.03474419520035843 0.03476566860129193 0.03478714272313632 0.034808617565607214 0.03483009312841995 0.03485156941128997 0.03487304641393346 0.03489452413606625 0.034916002577403904 0.03493748173766276 0.03495896161655904 0.03498044221380886 0.0350019235291289 0.03502340556223543 0.03504488831284508 0.03506637178067484 0.03508785596544134 0.03510934086686157 0.03513082648465243 0.03515231281853143 0.035173799868215505 0.035195287633422445 0.03521677611386931 0.035238265309273986 0.035259755219354094 0.035281245843827636 0.035302737182412225 0.03532422923482609 0.03534572200078745 0.035367215480014313 0.035388709672225405 0.03541020457713906 0.035431700194473614 0.03545319652394824 0.03547469356528127 0.03549619131819215 0.035517689782399386 0.035539188957622314 0.03556068884358027 0.03558218943999242 0.03560369074657843 0.035625192763057756 0.035646695489150115 0.035668198924575345 0.035689703069053225 0.0357112079223037 0.035732713484046996 0.03575421975400356 0.03577572673189322 0.03579723441743682 0.0358187428103548 0.03584025191036788 0.035861761717196516 0.03588327223056209 0.03590478345018522 0.03592629537578701 0.0359478080070888 0.035969321343811755 0.03599083538567738 0.036012350132407334 0.03603386558372301 0.03605538173934625 0.03607689859899876 0.036098416162403 0.03611993442928052 0.036141453399353596 0.03616297307234462 0.036184493447975974 0.03620601452597011 0.036227536306049746 0.03624905878793738 0.036270581971355964 0.0362921058560286 0.0363136304416779 0.03633515572802759 0.03635668171480039 0.03637820840172007 0.0363997357885098 0.03642126387489325 0.0364427926605943 0.036464322145336625 0.036485852328844104 0.03650738321084063 0.036528914791050415 0.036550447069197856 0.03657198004500706 0.03659351371820274 0.03661504808850924 0.036636583155651326 0.03665811891935339 0.03667965537934109 0.03670119253533877 0.03672273038707158 0.0367442689342648 0.03676580817664388 0.03678734811393425 0.0368088887458613 0.036830430072150644 0.03685197209252811 0.03687351480671952 0.03689505821445077 0.0369166023154478 0.036938147109437214 0.036959692596144955 0.036981238775297465 0.03700278564662113 0.037024333209842664 0.03704588146468896 0.03706743041088656 0.03708898004816247 0.03711053037624362 0.0371320813948573 0.03715363310373071 0.03717518550259136 0.037196738591166456 0.0372182923691835 0.037239846836370494 0.03726140199245487 0.037282957837164954 0.03730451437022825 0.03732607159137313 0.03734762950032794 0.03736918809682055 0.03739074738057979 0.037412307351334106 0.03743386800881188 0.03745542935274232 0.03747699138285382 0.03749855409887565 0.037520117500536576 0.037541681587566156 0.037563246359693436 0.03758481181664791 0.037606377958158965 0.03762794478395598 0.037649512293769116 0.03767108048732798 0.03769264936436256 0.03771421892460275 0.037735789167778755 0.03775736009362074 0.037778931701859364 0.03780050399222479 0.03782207696444745 0.03784365061825834 0.03786522495338818 0.03788679996956773 0.037908375666527994 0.03792995204400007 0.037951529101715176 0.03797310683940458 0.03799468525679989 0.03801626435363259 0.0380378441296339 0.03805942458453587 0.03808100571807055 0.038102587529969534 0.03812417001996493 0.03814575318778901 0.03816733703317393 0.038188921555852295 0.03821050675555632 0.03823209263201888 0.038253679184972134 0.03827526641414958 0.03829685431928348 0.03831844290010722 0.03834003215635379 0.038361622087756564 0.03838321269404854 0.03840480397496354 0.03842639593023489 0.03844798855959619 0.03846958186278143 0.038491175839524217 0.03851277048955842 0.03853436581261871 0.03855596180843862 0.03857755847675265 0.03859915581729534 0.03862075382980096 0.03864235251400422 0.03866395186963978 0.03868555189644263 0.038707152594147365 0.038728753962489315 0.03875035600120347 0.03877195871002498 0.03879356208868945 0.03881516613693192 0.038836770854488334 0.03885837624109406 0.03887998229648515 0.038901589020397254 0.038923196412566474 0.038944804472728745 0.03896641320062044 0.03898802259597778 0.03900963265853713 0.039031243388034875 0.03905285478420789 0.03907446684679261 0.03909607957552619 0.03911769297014517 0.03913930703038687 0.03916092175598823 0.03918253714668668 0.03920415320221948 0.03922576992232407 0.039247387306737935 0.03926900535519895 0.03929062406744471 0.039312243443212935 0.039333863482242104 0.03935548418426982 0.03937710554903456 0.03939872757627427 0.039420350265727766 0.03944197361713325 0.03946359763022955 0.03948522230475526 0.03950684764044926 0.039528473637050254 0.03955010029429762 0.039571727611930285 0.03959335558968763 0.0396149842273088 0.03963661352453335 0.03965824348110075 0.03967987409675078 0.039701505371223356 0.03972313730425786 0.03974476989559461 0.039766403144973816 0.039788037052135516 0.0398096716168197 0.03983130683876718 0.039852942717718276 0.039874579253413533 0.039896216445593935 0.039917854293999744 0.03993949279837261 0.03996113195845308 0.039982771773982184 0.04000441224470136 0.04002605337035203 0.04004769515067563 0.040069337585413534 0.0400909806743075 0.04011262441709906 0.04013426881353044 0.04015591386334333 0.04017755956627983 0.04019920592208226 0.04022085293049277 0.04024250059125367 0.04026414890410768 0.04028579786879716 0.040307447485064984 0.04032909775265381 0.04035074867130656 0.040372400240766326 0.0403940524607761 0.04041570533107919 0.04043735885141886 0.04045901302153848 0.04048066784118176 0.04050232331009218 0.040523979428013446 0.040545636194689705 0.040567293609864274 0.040588951673281914 0.040610610384686274 0.04063226974382189 0.04065392975043297 0.040675590404263884 0.040697251705059556 0.04071891365256419 0.04074057624652305 0.040762239486680674 0.04078390337278215 0.04080556790457257 0.04082723308179692 0.04084889890420085 0.040870565371529666 0.04089223248352869 0.040913900239943624 0.04093556864052017 0.040957237685004144 0.04097890737314153 0.04100057770467819 0.04102224867936044 0.04104392029693438 0.04106559255714626 0.041087265459742894 0.04110893900447038 0.04113061319107547 0.04115228801930515 0.04117396348890584 0.04119563959962491 0.04121731635120918 0.041238993743405894 0.04126067177596243 0.04128235044862594 0.04130402976114389 0.04132570971326388 0.04134739030473383 0.04136907153530117 0.04139075340471399 0.04141243591272009 0.04143411905906791 0.04145580284350536 0.0414774872657806 0.04149917232564243 0.04152085802283917 0.04154254435711918 0.041564231328231505 0.04158591893592489 0.041607607179948214 0.04162929606005039 0.04165098557598074 0.04167267572748823 0.041694366514322456 0.041716057936232676 0.041737749992968365 0.04175944268427939 0.041781136009915176 0.04180282996962592 0.041824524563161214 0.04184621979027142 0.041867915650706466 0.041889612144216715 0.04191130927055242 0.041933007029464175 0.0419547054207024 0.041976404444017845 0.041998104099161326 0.04201980438588371 0.042041505303935744 0.042063206853068635 0.04208490903303358 0.042106611843582 0.04212831528446498 0.042150019355434276 0.042171724056241255 0.04219342938663778 0.04221513534637561 0.04223684193520655 0.042258549152882685 0.04228025699915594 0.04230196547377868 0.04232367457650321 0.042345384307081846 0.04236709466526739 0.04238880565081199 0.04241051726346867 0.04243222950299008 0.042453942369129305 0.042475655861639205 0.04249736998027309 0.04251908472478394 0.04254080009492528 0.04256251609045042 0.042584232711113 0.042605949956666556 0.04262766782686489 0.04264938632146176 0.04267110544021113 0.0426928251828671 0.04271454554918391 0.04273626653891549 0.04275798815181642 0.04277971038764117 0.04280143324614416 0.04282315672708009 0.04284488083020366 0.04286660555526994 0.042888330902033756 0.04291005687025007 0.04293178345967408 0.04295351067006126 0.042975238501166746 0.042996966952746185 0.043018696024554715 0.043040425716348696 0.043062156027883325 0.04308388695891463 0.04310561850919897 0.04312735067849183 0.043149083466549776 0.04317081687312879 0.04319255089798557 0.043214285540876585 0.04323602080155814 0.04325775667978721 0.043279493175320316 0.04330123028791466 0.04332296801732688 0.043344706363314445 0.04336644532563405 0.04338818490404367 0.04340992509830022 0.04343166590816128 0.04345340733338443 0.04347514937372754 0.04349689202894813 0.04351863529880445 0.0435403791830542 0.04356212368145579 0.04358386879376708 0.043605614519746705 0.04362736085915275 0.04364910781174414 0.04367085537727905 0.04369260355551635 0.043714352346215124 0.043736101749134004 0.04375785176403191 0.04377960239066825 0.043801353628802 0.04382310547819268 0.04384485793859971 0.0438666110097824 0.043888364691500314 0.04391011898351366 0.04393187388558195 0.04395362939746483 0.04397538551892277 0.04399714224971585 0.0440188995896042 0.04404065753834796 0.04406241609570777 0.04408417526144426 0.04410593503531801 0.04412769541708966 0.044149456406519794 0.04417121800336976 0.04419298020740059 0.044214743018373026 0.04423650643604865 0.044258270460188764 0.04428003509055456 0.04430180032690789 0.04432356616901023 0.044345332616623434 0.044367099669509025 0.044388867327429415 0.04441063559014635 0.04443240445742186 0.044454173929018514 0.04447594400469845 0.04449771468422409 0.044519485967358 0.044541257853862815 0.04456303034350151 0.044584803436036546 0.04460657713123106 0.04462835142884819 0.044650126328650896 0.04467190183040248 0.04469367793386636 0.044715454638805996 0.044737231944984635 0.04475900985216641 0.044780788360114676 0.0448025674685934 0.0448243471773665 0.04484612748619815 0.04486790839485222 0.04488968990309322 0.04491147201068546 0.0449332547173934 0.04495503802298145 0.04497682192721425 0.04499860642985676 0.04502039153067372 0.045042177229429714 0.04506396352589026 0.045085750419820325 0.04510753791098515 0.045129325999150316 0.045151114684080895 0.04517290396554263 0.045194693843301104 0.04521648431712216 0.045238275386771554 0.04526006705201513 0.04528185931261908 0.04530365216834936 0.045325445618972726 0.0453472396642548 0.04536903430396233 0.045390829537862165 0.045412625365720494 0.045434421787304335 0.04545621880238043 0.04547801641071558 0.04549981461207714 0.04552161340623184 0.04554341279294727 0.04556521277199077 0.04558701334312926 0.04560881450613091 0.0456306162607632 0.04565241860679353 0.04567422154398998 0.045696025072120616 0.04571782919095324 0.04573963390025604 0.045761439199797416 0.04578324508934528 0.04580505156866843 0.045826858637535384 0.0458486662957146 0.04587047454297477 0.045892283379084964 0.045914092803813755 0.04593590281693066 0.045957713418204316 0.04597952460740429 0.046001336384299485 0.046023148748659815 0.04604496170025446 0.046066775238853275 0.04608858936422583 0.04611040407614181 0.0461322193743714 0.046154035258684445 0.046175851728851136 0.0461976687846416 0.046219486425826184 0.0462413046521753 0.0462631234634594 0.04628494285944912 0.04630676283991525 0.04632858340462864 0.04635040455335998 0.046372226285880225 0.046394048601960836 0.04641587150137261 0.046437694983887 0.0464595190492757 0.046481343697309774 0.04650316892776091 0.04652499474040084 0.04654682113500136 0.04656864811133432 0.04659047566917185 0.04661230380828607 0.046634132528448724 0.046655961829432435 0.04667779171100961 0.04669962217295259 0.046721453215034126 0.04674328483702683 0.04676511703870323 0.04678694981983644 0.04680878318019943 0.04683061711956521 0.04685245163770679 0.04687428673439786 0.04689612240941132 0.04691795866252085 0.04693979549349997 0.04696163290212235 0.046983470888161905 0.047005309451392197 0.0470271485915873 0.04704898830852133 0.047070828601968207 0.04709266947170243 0.04711451091749819 0.0471363529391301 0.04715819553637246 0.047180038709000116 0.04720188245678758 0.047223726779510034 0.047245571676942155 0.04726741714885885 0.047289263195035625 0.04731110981524722 0.04733295700926937 0.04735480477687731 0.04737665311784667 0.04739850203195295 0.04742035151897184 0.04744220157867929 0.04746405221085104 0.0474859034152631 0.047507755191691925 0.047529607539913366 0.0475514604597036 0.0475733139508393 0.04759516801309699 0.047617022646253115 0.047638877850084305 0.0476607336243674 0.04768258996887964 0.04770444688339748 0.04772630436769826 0.04774816242155888 0.04777002104475708 0.04779188023707004 0.04781373999827493 0.04783560032814982 0.04785746122647211 0.0478793226930192 0.04790118472756966 0.04792304732990105 0.04794491049979138 0.04796677423701895 0.04798863854136198 0.048010503412598604 0.04803236885050749 0.04805423485486726 0.04807610142545643 0.04809796856205362 0.04811983626443761 0.0481417045323877 0.048163573365682555 0.04818544276410147 0.04820731272742357 0.04822918325542813 0.04825105434789473 0.048272926004602756 0.04829479822533217 0.04831667100986198 0.048338544357972524 0.04836041826944354 0.04838229274405481 0.04840416778158679 0.04842604338181944 0.04844791954453337 0.048469796269508314 0.04849167355652517 0.04851355140536473 0.04853542981580733 0.048557308787633535 0.048579188320624744 0.04860106841456169 0.04862294906922532 0.04864483028439681 0.048666712059857675 0.04868859439538881 0.04871047729077205 0.04873236074578868 0.0487542447602205 0.04877612933384923 0.048798014466456485 0.04881990015782456 0.04884178640773523 0.04886367321597063 0.04888556058231308 0.048907448506544826 0.04892933698844815 0.04895122602780555 0.04897311562439999 0.04899500577801391 0.04901689648843022 0.04903878775543152 0.049060679578801114 0.049082571958321775 0.049104464893776956 0.049126358384949886 0.04914825243162391 0.0491701470335823 0.049192042190609075 0.04921393790248724 0.04923583416900135 0.04925773098993452 0.04927962836507105 0.04930152629419504 0.04932342477709034 0.04934532381354151 0.04936722340333277 0.049389123546248415 0.04941102424207322 0.049432925490591695 0.04945482729158829 0.04947672964484817 0.049498632550156074 0.04952053600729711 0.04954244001605612 0.04956434457621883 0.04958624968757003 0.04960815534989538 0.04963006156297989 0.049651968326609786 0.049673875640570575 0.04969578350464754 0.04971769191862713 0.049739600882294954 0.04976151039543747 0.04978342045784023 0.04980533106928997 0.04982724222957291 0.0498491539384755 0.049871066195784075 0.049892979001285476 0.049914892354766316 0.04993680625601338 0.049958720704813664 0.04998063570095446 0.050002551244222426 0.05002446733440491 0.05004638397128924 0.05006830115466282 0.0500902188843132 0.05011213716002788 0.05013405598159432 0.05015597534880062 0.05017789526143457 0.05019981571928417 0.05022173672213737 0.05024365826978239 0.0502655803620074 0.05028750299860091 0.0503094261793513 0.05033134990404703 0.05035327417247648 0.05037519898442894 0.050397124339692956 0.05041905023805737 0.05044097667931141 0.05046290366324391 0.0504848311896442 0.050506759258301615 0.05052868786900533 0.05055061702154512 0.05057254671571054 0.05059447695129127 0.05061640772807674 0.05063833904585724 0.05066027090442238 0.050682203303562545 0.05070413624306763 0.05072606972272792 0.050748003742334014 0.05076993830167609 0.05079187340054481 0.05081380903873056 0.05083574521602424 0.050857681932216514 0.05087961918709871 0.05090155698046139 0.050923495312095945 0.0509454341817932 0.05096737358934467 0.05098931353454195 0.0510112540171761 0.0510331950370389 0.051055136593922024 0.05107707868761724 0.05109902131791638 0.05112096448461145 0.051142908187494396 0.051164852426357266 0.051186797200992507 0.05120874251119223 0.05123068835674904 0.05125263473745545 0.051274581653103835 0.051296529103487254 0.05131847708839821 0.05134042560762986 0.0513623746609746 0.051384324248226365 0.051406274369177773 0.0514282250236221 0.05145017621135295 0.0514721279321636 0.05149408018584778 0.051516032972198755 0.05153798629101081 0.05155994014207732 0.05158189452519235 0.05160384944015006 0.05162580488674434 0.05164776086476974 0.05166971737402015 0.05169167441429012 0.051713631985374486 0.051735590087067074 0.05175754871916327 0.051779507881457576 0.05180146757374493 0.05182342779582 0.05184538854747833 0.05186734982851454 0.051889311638724456 0.05191127397790296 0.0519332368458455 0.05195520024234779 0.05197716416720566 0.05199912862021411 0.05202109360116969 0.05204305910986784 0.052065025146104615 0.05208699170967612 0.052108958800379024 0.05213092641800876 0.05215289456236216 0.05217486323323578 0.05219683243042572 0.05221880215372915 0.05224077240294267 0.052262743177862836 0.052284714478286864 0.052306686304011474 0.05232865865483416 0.05235063153055197 0.052372604930962074 0.05239457885586185 0.05241655330504913 0.05243852827832107 0.05246050377547573 0.05248247979631082 0.05250445634062362 0.05252643340821295 0.05254841099887608 0.05257038911241174 0.052592367748617974 0.05261434690729311 0.052636326588235305 0.05265830679124339 0.05268028751611581 0.05270226876265138 0.05272425053064894 0.05274623281990709 0.05276821563022516 0.05279019896140191 0.05281218281323663 0.05283416718552869 0.0528561520780772 0.05287813749068182 0.05290012342314204 0.05292210987525747 0.05294409684682755 0.05296608433765271 0.05298807234753233 0.053010060876266474 0.053032049923655566 0.05305403948949944 0.05307602957359847 0.05309802017575305 0.05312001129576377 0.05314200293343119 0.053163995088555516 0.05318598776093797 0.0532079809503791 0.053229974656680334 0.05325196887964201 0.053273963619065556 0.0532959588747523 0.05331795464650324 0.05333995093412014 0.05336194773740399 0.05338394505615679 0.053405942890180025 0.053427941239275745 0.05344994010324533 0.053471939481890884 0.053493939375014565 0.05351593978241853 0.05353794070390494 0.05355994213927601 0.05358194408833428 0.053603946550882076 0.05362594952672228 0.05364795301565711 0.05366995701748978 0.05369196153202299 0.053713966559059856 0.05373597209840325 0.05375797814985617 0.05377998471322232 0.05380199178830464 0.05382399937490645 0.0538460074728318 0.05386801608188385 0.053890025201866365 0.05391203483258311 0.053934044973838136 0.05395605562543537 0.05397806678717876 0.0540000784588725 0.054022090640320986 0.054044103331328475 0.05406611653169924 0.054088130241237764 0.054110144459749154 0.05413215918703773 0.05415417442290826 0.05417619016716568 0.05419820641961515 0.05422022318006159 0.054242240448310386 0.05426425822416636 0.05428627650743534 0.05430829529792236 0.05433031459543319 0.054352334399773494 0.05437435471074881 0.05439637552816501 0.054418396851828255 0.05444041868154392 0.05446244101711872 0.05448446385835859 0.0545064872050699 0.054528511057058804 0.05455053541413191 0.054572560276095694 0.054594585642756654 0.05461661151392189 0.05463863788939782 0.05466066476899162 0.05468269215251015 0.0547047200397604 0.05472674843054992 0.05474877732468575 0.05477080672197532 0.05479283662222589 0.054814867025245184 0.05483689793084073 0.05485892933882036 0.054880961248992055 0.05490299366116336 0.05492502657514242 0.0549470599907374 0.054969093907756506 0.054991128326008054 0.055013163245300145 0.0550351986654416 0.05505723458624062 0.05507927100750604 0.05510130792904655 0.05512334535067104 0.05514538327218832 0.0551674216934076 0.055189460614137764 0.055211500034187955 0.05523353995336744 0.055255580371485924 0.055277621288352674 0.055299662703777175 0.055321704617569134 0.05534374702953804 0.05536578993949415 0.05538783334724706 0.055409877252606876 0.0554319216553838 0.05545396655538787 0.055476011952429405 0.05549805784631878 0.05552010423686626 0.05554215112388272 0.05556419850717881 0.05558624638656512 0.05560829476185225 0.05563034363285135 0.055652392999373634 0.0556744428612298 0.055696493218231224 0.05571854407018928 0.055740595416914895 0.05576264725822 0.055784699593916076 0.05580675242381461 0.055828805747727195 0.05585085956546604 0.05587291387684268 0.05589496868166938 0.05591702397975806 0.05593907977092116 0.05596113605497055 0.05598319283171904 0.056005250100978565 0.05602730786256205 0.05604936611628186 0.05607142486195099 0.056093484099382196 0.05611554382838824 0.056137604048781986 0.05615966476037704 0.056181725962986206 0.056203787656422755 0.05622584984049994 0.05624791251503125 0.0562699756798305 0.05629203933471105 0.05631410347948662 0.05633616811397113 0.056358233237978395 0.0563802988513224 0.05640236495381712 0.05642443154527704 0.05644649862551587 0.05646856619434859 0.05649063425158918 0.05651270279705234 0.05653477183055261 0.05655684135190475 0.05657891136092347 0.056600981857423904 0.056623052841220434 0.05664512431212887 0.05666719626996375 0.05668926871454061 0.05671134164567471 0.05673341506318175 0.05675548896687682 0.05677756335657558 0.05679963823209383 0.05682171359324739 0.05684378943985213 0.05686586577172392 0.056887942588678686 0.05691001989053307 0.05693209767710261 0.056954175948203956 0.05697625470365386 0.056998333943267976 0.05702041366686372 0.057042493874257416 0.05706457456526565 0.057086655739705616 0.057108737397394194 0.057130819538148137 0.05715290216178481 0.05717498526812137 0.0571970688569749 0.057219152928163264 0.05724123748150356 0.05726332251681343 0.0572854080339108 0.05730749403261304 0.05732958051273784 0.057351667474103696 0.0573737549165283 0.05739584283982968 0.057417931243826215 0.05744002012833627 0.05746210949317787 0.05748419933816962 0.05750628966313004 0.05752838046787795 0.057550471752231935 0.0575725635160107 0.057594655759033386 0.05761674848111897 0.05763884168208633 0.05766093536175454 0.05768302951994325 0.057705124156471554 0.05772721927115909 0.057749314863825285 0.05777141093428945 0.0577935074823715 0.057815604507891694 0.05783770201066918 0.05785979999052443 0.05788189844727698 0.05790399738074753 0.057926096790756276 0.057948196677123254 0.05797029703966894 0.05799239787821381 0.05801449919257862 0.05803660098258401 0.058058703248050625 0.05808080598879939 0.05810290920465133 0.058125012895427264 0.05814711706094866 0.05816922170103633 0.05819132681551176 0.05821343240419641 0.058235538466911874 0.058257645003479186 0.05827975201372043 0.058301859497457476 0.05832396745451174 0.05834607588470542 0.058368184787860544 0.05839029416379893 0.05841240401234299 0.058434514333315035 0.058456625126537265 0.05847873639183193 0.058500848129022176 0.0585229603379302 0.058545073018378746 0.058567186170190744 0.058589299793189 0.05861141388719637 0.05863352845203618 0.058655643487531384 0.0586777589935053 0.05869987496978124 0.05872199141618256 0.058744108332533074 0.058766225718656084 0.058788343574375124 0.05881046189951411 0.05883258069389713 0.05885469995734799 0.05887681968969061 0.058898939890749236 0.05892106056034796 0.05894318169831114 0.05896530330446326 0.05898742537862861 0.059009547920631955 0.059031670930297764 0.059053794407450844 0.059075918351915946 0.059098042763518155 0.05912016764208239 0.0591422929874339 0.05916441879939727 0.059186545077798525 0.059208671822462366 0.05923079903321482 0.059252926709880804 0.05927505485228651 0.05929718346025736 0.05931931253361905 0.05934144207219749 0.05936357207581899 0.05938570254430914 0.05940783347749423 0.059429964875200914 0.05945209673725471 0.059474229063482764 0.05949636185371088 0.05951849510776608 0.059540628825475006 0.05956276300666463 0.059584897651161095 0.05960703275879187 0.059629168329383864 0.05965130436276406 0.05967344085875981 0.05969557781719831 0.0597177152379067 0.05973985312071295 0.05976199146544425 0.059784130271928304 0.05980626953999263 0.0598284092694652 0.059850549460174096 0.05987269011194685 0.05989483122461203 0.05991697279799724 0.05993911483193104 0.05996125732624169 0.05998340028075766 0.06000554369530742 0.06002768756971949 0.060049831903822515 0.060071976697445295 0.060094121950416746 0.06011626766256589 0.060138413833721316 0.06016056046371243 0.06018270755236865 0.060204855099518784 0.060227003104992516 0.06024915156861921 0.060271300490228386 0.060293449869649574 0.060315599706712686 0.0603377500012473 0.06035990075308356 0.060382051962051264 0.06040420362798049 0.06042635575070132 0.06044850833004428 0.06047066136583923 0.06049281485791708 0.06051496880610796 0.060537123210242516 0.06055927807015138 0.06058143338566546 0.06060358915661557 0.0606257453828325 0.060647902064147496 0.060670059200391147 0.06069221679139525 0.060714374836990936 0.060736533337009346 0.060758692291281835 0.060780851699640315 0.06080301156191603 0.060825171877941064 0.06084733264754694 0.06086949387056545 0.06089165554682907 0.0609138176761691 0.060935980258418176 0.06095814329340854 0.060980306780972104 0.06100247072094189 0.06102463511314982 0.061046799957428455 0.06106896525361094 0.06109113100152963 0.061113297201017325 0.061135463851907046 0.06115763095403204 0.06117979850722488 0.06120196651131926 0.061224134966147814 0.06124630387154456 0.06126847322734236 0.061290643033375114 0.06131281328947624 0.06133498399547954 0.061357155151218756 0.061379326756527686 0.06140149881124002 0.06142367131519044 0.06144584426821248 0.06146801767014043 0.06149019152080881 0.06151236582005193 0.06153454056770408 0.0615567157636 0.06157889140757422 0.06160106749946148 0.06162324403909636 0.061645421026314096 0.0616675984609496 0.0616897763428379 0.061711954671813896 0.06173413344771317 0.06175631267037085 0.061778492339622404 0.061800672455303296 0.06182285301724916 0.06184503402529551 0.06186721547927809 0.06188939737903265 0.06191157972439548 0.06193376251520233 0.061955945751289376 0.06197812943249259 0.062000313558648434 0.06202249812959326 0.062044683145163315 0.06206686860519528 0.06208905450952584 0.06211124085799136 0.062133427650428674 0.06215561488667487 0.06217780256656669 0.0621999906899412 0.06222217925663587 0.06224436826648727 0.06226655771933304 0.062288747615010465 0.062310937953356904 0.062333128734210264 0.06235531995740795 0.06237751162278726 0.06239970373018666 0.062421896279443556 0.06244408927039613 0.06246628270288246 0.062488476576740504 0.06251067089180862 0.06253286564792504 0.06255506084492812 0.06257725648265655 0.06259945256094862 0.06262164907964307 0.06264384603857864 0.0626660434375943 0.06268824127652856 0.06271043955522076 0.0627326382735095 0.06275483743123472 0.06277703702823512 0.06279923706435009 0.06282143753941904 0.06284363845328123 0.06286583980577676 0.06288804159674499 0.06291024382602572 0.06293244649345864 0.06295464959888386 0.06297685314214119 0.06299905712307097 0.06302126154151316 0.06304346639730807 0.06306567169029598 0.06308787742031763 0.06311008358721293 0.06313229019082311 0.06315449723098843 0.06317670470754977 0.06319891262034805 0.06322112096922394 0.06324332975401908 0.06326553897457388 0.06328774863072983 0.06330995872232809 0.06333216924920998 0.06335438021121709 0.06337659160819109 0.06339880343997328 0.06342101570640529 0.0634432284073293 0.06346544154258704 0.06348765511201987 0.06350986911547057 0.0635320835527809 0.06355429842379312 0.06357651372834983 0.06359872946629275 0.06362094563746473 0.0636431622417083 0.0636653792788659 0.06368759674878055 0.0637098146512946 0.0637320329862513 0.06375425175349353 0.0637764709528642 0.06379869058420634 0.0638209106473635 0.06384313114217871 0.0638653520684952 0.06388757342615686 0.06390979521500706 0.0639320174348893 0.06395424008564732 0.06397646316712491 0.06399868667916614 0.06402091062161475 0.06404313499431491 0.06406535979711081 0.06408758502984635 0.06410981069236604 0.06413203678451429 0.0641542633061356 0.06417649025707456 0.06419871763717544 0.06422094544628343 0.06424317368424304 0.06426540235089906 0.06428763144609695 0.06430986096968117 0.06433209092149716 0.06435432130139007 0.06437655210920534 0.0643987833447881 0.06442101500798414 0.06444324709863869 0.06446547961659765 0.06448771256170649 0.06450994593381126 0.06453217973275771 0.06455441395839173 0.06457664861055945 0.06459888368910727 0.06462111919388114 0.06464335512472719 0.06466559148149192 0.0646878282640223 0.06471006547216424 0.06473230310576455 0.06475454116467022 0.06477677964872763 0.06479901855778397 0.06482125789168636 0.06484349765028141 0.06486573783341654 0.0648879784409388 0.06491021947269576 0.06493246092853444 0.06495470280830279 0.0649769451118477 0.06499918783901748 0.06502143098965973 0.06504367456362181 0.06506591856075183 0.06508816298089792 0.06511040782390803 0.06513265308963034 0.06515489877791297 0.06517714488860438 0.06519939142155262 0.06522163837660672 0.06524388575361462 0.06526613355242528 0.06528838177288737 0.06531063041484975 0.06533287947816119 0.06535512896267065 0.06537737886822714 0.06539962919468012 0.06542187994187842 0.06544413110967129 0.06546638269790855 0.0654886347064394 0.06551088713511327 0.06553313998378019 0.06555539325228926 0.06557764694049073 0.06559990104823432 0.06562215557536982 0.06564441052174791 0.06566666588721787 0.06568892167163065 0.06571117787483582 0.06573343449668434 0.06575569153702643 0.06577794899571265 0.06580020687259353 0.06582246516751988 0.06584472388034268 0.06586698301091232 0.06588924255908007 0.06591150252469691 0.06593376290761388 0.06595602370768228 0.06597828492475333 0.06600054655867826 0.06602280860930898 0.06604507107649649 0.06606733396009251 0.06608959725994912 0.06611186097591748 0.0661341251078501 0.06615638965559834 0.06617865461901451 0.06620091999795075 0.06622318579225916 0.06624545200179183 0.06626771862640146 0.06628998566594013 0.06631225312026051 0.06633452098921533 0.0663567892726572 0.06637905797043858 0.06640132708241259 0.06642359660843233 0.06644586654835061 0.06646813690202025 0.06649040766929465 0.06651267885002737 0.06653495044407132 0.06655722245128026 0.06657949487150738 0.06660176770460607 0.06662404095043056 0.06664631460883408 0.06666858867967079 0.06669086316279449 0.06671313805805945 0.06673541336531907 0.06675768908442814 0.06677996521524077 0.06680224175761085 0.06682451871139317 0.0668467960764424 0.06686907385261276 0.06689135203975843 0.06691363063773503 0.06693590964639706 0.0669581890655993 0.06698046889519682 0.06700274913504461 0.06702502978499769 0.06704731084491167 0.0670695923146416 0.06709187419404261 0.06711415648297053 0.06713643918128054 0.06715872228882847 0.06718100580547015 0.06720328973106138 0.06722557406545782 0.06724785880851569 0.06727014396009046 0.06729242952003878 0.06731471548821655 0.06733700186448016 0.06735928864868629 0.06738157584069082 0.06740386344035043 0.06742615144752195 0.06744843986206184 0.06747072868382697 0.06749301791267415 0.06751530754846047 0.06753759759104261 0.06755988804027757 0.06758217889602292 0.06760447015813587 0.06762676182647365 0.06764905390089382 0.06767134638125316 0.0676936392674104 0.06771593255922226 0.06773822625654691 0.06776052035924196 0.06778281486716542 0.06780510978017518 0.06782740509812968 0.0678497008208866 0.06787199694830426 0.06789429348024129 0.06791659041655551 0.06793888775710588 0.06796118550175068 0.06798348365034868 0.06800578220275866 0.06802808115883885 0.06805038051844892 0.06807268028144753 0.0680949804476933 0.06811728101704606 0.0681395819893642 0.0681618833645079 0.0681841851423356 0.06820648732270734 0.06822878990548226 0.06825109289052056 0.06827339627768125 0.0682957000668244 0.06831800425780998 0.06834030885049747 0.06836261384474729 0.06838491924041945 0.06840722503737384 0.06842953123547102 0.06845183783457132 0.06847414483453473 0.06849645223522194 0.0685187600364941 0.06854106823821093 0.06856337684023389 0.06858568584242314 0.06860799524464012 0.06863030504674572 0.06865261524860045 0.06867492585006607 0.06869723685100365 0.06871954825127413 0.06874186005073935 0.06876417224926046 0.06878648484669891 0.06880879784291682 0.06883111123777536 0.0688534250311365 0.068875739222862 0.06889805381281389 0.06892036880085417 0.0689426841868449 0.06896499997064831 0.0689873161521265 0.06900963273114208 0.06903194970755722 0.06905426708123452 0.06907658485203633 0.0690989030198258 0.06912122158446521 0.06914354054581728 0.06916585990374569 0.06918817965811236 0.06921049980878102 0.06923282035561462 0.06925514129847665 0.06927746263722978 0.0692997843717379 0.06932210650186432 0.06934442902747273 0.06936675194842623 0.0693890752645891 0.0694113989758246 0.06943372308199736 0.06945604758297053 0.06947837247860833 0.06950069776877488 0.0695230234533345 0.06954534953215141 0.06956767600508973 0.06959000287201433 0.06961233013278922 0.06963465778727895 0.0696569858353484 0.0696793142768623 0.06970164311168536 0.06972397233968258 0.06974630196071879 0.06976863197465955 0.06979096238136917 0.06981329318071322 0.06983562437255714 0.06985795595676636 0.06988028793320589 0.0699026203017416 0.06992495306223889 0.06994728621456381 0.06996961975858174 0.06999195369415856 0.0700142880211605 0.07003662273945332 0.07005895784890293 0.07008129334937596 0.07010362924073832 0.07012596552285627 0.07014830219559648 0.07017063925882538 0.0701929767124092 0.07021531455621488 0.07023765279010924 0.07025999141395889 0.07028233042763077 0.0703046698309916 0.07032700962390881 0.07034934980624918 0.07037169037788016 0.070394031338669 0.07041637268848266 0.07043871442718896 0.07046105655465534 0.07048339907074952 0.07050574197533876 0.07052808526829113 0.07055042894947439 0.07057277301875636 0.07059511747600544 0.0706174623210894 0.07063980755387594 0.07066215317423358 0.07068449918203112 0.07070684557713613 0.07072919235941788 0.07075153952874436 0.07077388708498433 0.07079623502800647 0.07081858335767943 0.07084093207387215 0.07086328117645402 0.07088563066529335 0.07090798054025971 0.07093033080122169 0.07095268144804912 0.07097503248061121 0.0709973838987773 0.07101973570241682 0.07104208789139932 0.07106444046559457 0.0710867934248719 0.07110914676910168 0.07113150049815375 0.07115385461189738 0.07117620911020306 0.07119856399294122 0.07122091925998142 0.07124327491119442 0.07126563094645039 0.07128798736561959 0.0713103441685729 0.07133270135518055 0.0713550589253133 0.07137741687884203 0.07139977521563756 0.0714221339355704 0.07144449303851191 0.07146685252433305 0.07148921239290495 0.07151157264409891 0.07153393327778607 0.07155629429383775 0.07157865569212574 0.07160101747252112 0.07162337963489585 0.07164574217912112 0.07166810510506949 0.0716904684126119 0.07171283210162094 0.07173519617196833 0.071757560623526 0.0717799254561664 0.07180229066976163 0.07182465626418416 0.07184702223930595 0.07186938859499992 0.0718917553311379 0.07191412244759376 0.07193648994423918 0.07195885782094724 0.0719812260775905 0.07200359471404222 0.07202596373017567 0.0720483331258634 0.07207070290097878 0.07209307305539503 0.07211544358898547 0.07213781450162371 0.07216018579318306 0.07218255746353691 0.0722049295125588 0.07222730194012322 0.07224967474610317 0.07227204793037278 0.07229442149280596 0.07231679543327663 0.07233916975165922 0.07236154444782755 0.07238391952165613 0.07240629497301937 0.07242867080179116 0.07245104700784649 0.07247342359105968 0.07249580055130556 0.07251817788845871 0.07254055560239392 0.07256293369298616 0.07258531216011027 0.0726076910036415 0.07263007022345463 0.0726524498194252 0.07267482979142847 0.07269721013933933 0.07271959086303348 0.07274197196238652 0.07276435343727394 0.07278673528757118 0.07280911751315444 0.07283150011389916 0.07285388308968144 0.07287626644037692 0.07289865016586183 0.07292103426601221 0.07294341874070442 0.07296580358981503 0.07298818881321983 0.07301057441079517 0.07303296038241813 0.07305534672796477 0.07307773344731211 0.0731001205403366 0.07312250800691522 0.07314489584692485 0.0731672840602422 0.07318967264674492 0.07321206160630966 0.07323445093881348 0.07325684064413401 0.0732792307221487 0.07330162117273464 0.07332401199576921 0.0733464031911305 0.07336879475869584 0.07339118669834321 0.07341357900995016 0.07343597169339439 0.0734583647485546 0.07348075817530797 0.07350315197353335 0.07352554614310863 0.0735479406839119 0.07357033559582221 0.07359273087871732 0.0736151265324756 0.07363752255697598 0.07365991895209739 0.07368231571771777 0.07370471285371694 0.07372711035997331 0.07374950823636561 0.07377190648277315 0.07379430509907497 0.07381670408515045 0.07383910344087852 0.07386150316613882 0.07388390326081057 0.07390630372477375 0.07392870455790745 0.07395110576009145 0.07397350733120556 0.07399590927112937 0.07401831157974326 0.07404071425692665 0.07406311730255971 0.07408552071652297 0.0741079244986963 0.07413032864895974 0.07415273316719406 0.07417513805327958 0.0741975433070966 0.07421994892852601 0.0742423549174484 0.07426476127374393 0.07428716799729418 0.07430957508797997 0.07433198254568185 0.07435439037028091 0.07437679856165857 0.0743992071196955 0.07442161604427383 0.07444402533527406 0.0744664349925781 0.074488845016067 0.0745112554056227 0.07453366616112711 0.07455607728246122 0.07457848876950746 0.07460090062214719 0.07462331284026297 0.07464572542373638 0.07466813837244934 0.07469055168628447 0.07471296536512406 0.07473537940885017 0.07475779381734526 0.07478020859049217 0.07480262372817281 0.0748250392302704 0.07484745509666751 0.07486987132724632 0.07489228792189062 0.07491470488048313 0.07493712220290649 0.07495953988904408 0.07498195793877893 0.0750043763519943 0.07502679512857358 0.07504921426840017 0.07507163377135762 0.07509405363732924 0.0751164738661988 0.07513889445785005 0.07516131541216686 0.07518373672903289 0.07520615840833178 0.07522858044994829 0.07525100285376607 0.0752734256196691 0.07529584874754203 0.07531827223726878 0.07534069608873417 0.07536312030182213 0.07538554487641747 0.07540796981240494 0.07543039510966898 0.07545282076809434 0.07547524678756623 0.07549767316796913 0.07552009990918818 0.07554252701110875 0.07556495447361566 0.0755873822965939 0.07560981047992932 0.07563223902350663 0.07565466792721187 0.07567709719093041 0.07569952681454756 0.07572195679794946 0.07574438714102139 0.07576681784364947 0.07578924890571931 0.07581168032711716 0.07583411210772895 0.0758565442474411 0.07587897674613919 0.07590140960371 0.07592384282003961 0.0759462763950145 0.0759687103285217 0.07599114462044682 0.07601357927067715 0.07603601427909923 0.07605844964559977 0.07608088537006585 0.0761033214523843 0.07612575789244225 0.07614819469012685 0.07617063184532491 0.07619306935792391 0.07621550722781134 0.07623794545487439 0.07626038403900065 0.07628282298007727 0.07630526227799267 0.07632770193263394 0.0763501419438889 0.07637258231164579 0.0763950230357921 0.07641746411621608 0.07643990555280561 0.07646234734544899 0.07648478949403453 0.0765072319984505 0.07652967485858497 0.0765521180743266 0.07657456164556387 0.07659700557218574 0.07661944985408053 0.0766418944911369 0.07666433948324375 0.07668678483029034 0.07670923053216538 0.07673167658875757 0.07675412299995665 0.07677656976565139 0.07679901688573132 0.07682146436008563 0.07684391218860392 0.07686636037117528 0.07688880890768984 0.07691125779803687 0.07693370704210611 0.07695615663978744 0.07697860659097089 0.07700105689554604 0.0770235075534037 0.07704595856443264 0.0770684099285242 0.077090861645568 0.07711331371545477 0.07713576613807482 0.07715821891331809 0.07718067204107576 0.07720312552123831 0.07722557935369617 0.07724803353834031 0.07727048807506165 0.07729294296375089 0.07731539820429933 0.07733785379659747 0.07736030974053704 0.07738276603600891 0.07740522268290462 0.07742767968111514 0.0774501370305325 0.07747259473104762 0.07749505278255225 0.07751751118493844 0.07753996993809753 0.07756242904192118 0.07758488849630174 0.07760734830113092 0.07762980845630052 0.07765226896170302 0.07767472981723056 0.07769719102277528 0.07771965257822944 0.0777421144834855 0.07776457673843595 0.07778703934297326 0.07780950229699035 0.07783196560037953 0.07785442925303382 0.07787689325484604 0.07789935760570899 0.07792182230551581 0.07794428735415909 0.07796675275153298 0.0779892184975296 0.078011684592043 0.07803415103496603 0.07805661782619255 0.07807908496561594 0.0781015524531295 0.0781240202886272 0.07814648847200267 0.07816895700314996 0.07819142588196248 0.07821389510833465 0.07823636468215994 0.07825883460333305 0.07828130487174811 0.07830377548729872 0.07832624644987962 0.07834871775938546 0.0783711894157107 0.07839366141874932 0.07841613376839623 0.07843860646454626 0.07846107950709413 0.07848355289593462 0.0785060266309624 0.07852850071207307 0.0785509751391611 0.078573449912122 0.07859592503085078 0.0786184004952426 0.07864087630519323 0.07866335246059764 0.07868582896135168 0.07870830580735078 0.07873078299849057 0.07875326053466669 0.07877573841577523 0.07879821664171172 0.07882069521237228 0.07884317412765296 0.07886565338744966 0.07888813299165892 0.07891061294017643 0.07893309323289882 0.07895557386972235 0.07897805485054388 0.07900053617525937 0.07902301784376586 0.07904549985595966 0.0790679822117375 0.07909046491099686 0.07911294795363388 0.07913543133954593 0.07915791506862979 0.07918039914078284 0.07920288355590238 0.07922536831388494 0.07924785341462881 0.07927033885803081 0.07929282464398846 0.0793153107723994 0.07933779724316137 0.07936028405617168 0.07938277121132864 0.07940525870852977 0.0794277465476732 0.07945023472865664 0.07947272325137844 0.07949521211573651 0.07951770132162905 0.07954019086895436 0.07956268075761108 0.07958517098749718 0.07960766155851173 0.07963015247055283 0.0796526437235191 0.07967513531730958 0.07969762725182311 0.07972011952695829 0.07974261214261408 0.07976510509868956 0.07978759839508376 0.07981009203169598 0.07983258600842547 0.07985508032517102 0.07987757498183279 0.07990006997830978 0.07992256531450148 0.07994506099030768 0.07996755700562774 0.07999005336036163 0.08001255005440938 0.08003504708767056 0.08005754446004532 0.08008004217143339 0.08010254022173502 0.08012503861085019 0.08014753733867985 0.08017003640512377 0.08019253581008223 0.08021503555345605 0.08023753563514546 0.08026003605505139 0.08028253681307407 0.08030503790911464 0.08032753934307402 0.08035004111485256 0.08037254322435194 0.0803950456714726 0.08041754845611604 0.08044005157818301 0.08046255503757571 0.08048505883419432 0.08050756296794082 0.0805300674387166 0.08055257224642354 0.0805750773909627 0.08059758287223606 0.08062008869014559 0.08064259484459274 0.08066510133547955 0.08068760816270826 0.0807101153261805 0.08073262282579874 0.080755130661465 0.08077763883308153 0.08080014734055085 0.08082265618377538 0.08084516536265729 0.08086767487709956 0.08089018472700477 0.08091269491227515 0.08093520543281407 0.08095771628852405 0.08098022747930805 0.08100273900506905 0.08102525086571039 0.08104776306113487 0.08107027559124574 0.08109278845594653 0.08111530165514014 0.08113781518873064 0.08116032905662096 0.08118284325871489 0.08120535779491617 0.08122787266512821 0.0812503878692552 0.08127290340720084 0.08129541927886874 0.08131793548416322 0.08134045202298845 0.08136296889524841 0.08138548610084717 0.08140800363968942 0.08143052151167929 0.08145303971672102 0.08147555825471942 0.081498077125579 0.08152059632920416 0.08154311586550006 0.08156563573437092 0.08158815593572238 0.08161067646945847 0.0816331973354848 0.08165571853370629 0.08167824006402802 0.08170076192635539 0.08172328412059349 0.08174580664664777 0.08176832950442386 0.0817908526938268 0.08181337621476248 0.08183590006713692 0.08185842425085488 0.08188094876582303 0.08190347361194672 0.08192599878913243 0.08194852429728539 0.0819710501363124 0.08199357630611892 0.08201610280661181 0.08203862963769715 0.08206115679928128 0.08208368429127044 0.0821062121135715 0.08212874026609096 0.08215126874873513 0.08217379756141091 0.0821963267040251 0.08221885617648483 0.08224138597869657 0.08226391611056783 0.08228644657200535 0.0823089773629162 0.08233150848320792 0.08235403993278745 0.08237657171156254 0.08239910381944004 0.08242163625632815 0.08244416902213392 0.08246670211676543 0.08248923554012966 0.08251176929213533 0.08253430337268974 0.08255683778170075 0.08257937251907699 0.08260190758472585 0.08262444297855576 0.08264697870047477 0.08266951475039142 0.08269205112821376 0.08271458783385077 0.08273712486721008 0.08275966222820097 0.08278219991673197 0.08280473793271148 0.08282727627604869 0.08284981494665178 0.08287235394443049 0.08289489326929345 0.0829174329211495 0.0829399728999084 0.08296251320547876 0.08298505383776988 0.08300759479669129 0.08303013608215248 0.08305267769406299 0.083075219632332 0.08309776189686946 0.08312030448758534 0.0831428474043886 0.08316539064718986 0.08318793421589865 0.08321047811042481 0.08323302233067897 0.08325556687657065 0.08327811174801047 0.08330065694490829 0.08332320246717484 0.08334574831472019 0.08336829448745531 0.08339084098529026 0.08341338780813556 0.08343593495590262 0.08345848242850173 0.08348103022584363 0.08350357834783917 0.08352612679439952 0.08354867556543588 0.08357122466085887 0.08359377408058022 0.0836163238245109 0.08363887389256197 0.08366142428464551 0.08368397500067237 0.0837065260405544 0.08372907740420321 0.08375162909153 0.0837741811024475 0.08379673343686644 0.08381928609469935 0.08384183907585796 0.08386439238025434 0.08388694600780078 0.08390949995840913 0.08393205423199168 0.08395460882846095 0.08397716374772912 0.0839997189897087 0.08402227455431222 0.08404483044145228 0.08406738665104174 0.08408994318299279 0.0841125000372186 0.0841350572136319 0.08415761471214611 0.0841801725326734 0.08420273067512729 0.08422528913942118 0.08424784792546802 0.08427040703318112 0.08429296646247386 0.08431552621325955 0.08433808628545159 0.08436064667896381 0.08438320739370997 0.08440576842960368 0.08442832978655823 0.08445089146448792 0.08447345346330692 0.08449601578292876 0.08451857842326749 0.0845411413842374 0.08456370466575269 0.08458626826772797 0.08460883219007675 0.08463139643271422 0.08465396099555422 0.08467652587851193 0.08469909108150131 0.08472165660443753 0.08474422244723523 0.08476678860980924 0.08478935509207453 0.08481192189394593 0.08483448901533808 0.08485705645616692 0.08487962421634698 0.08490219229579388 0.08492476069442279 0.08494732941214889 0.08496989844888803 0.08499246780455538 0.08501503747906647 0.08503760747233735 0.08506017778428387 0.08508274841482111 0.08510531936386534 0.08512789063133264 0.08515046221713862 0.08517303412120003 0.08519560634343237 0.08521817888375216 0.08524075174207535 0.08526332491831878 0.08528589841239875 0.08530847222423144 0.08533104635373379 0.0853536208008222 0.08537619556541343 0.0853987706474243 0.08542134604677132 0.08544392176337201 0.08546649779714288 0.085489074148001 0.08551165081586387 0.08553422780064845 0.08555680510227182 0.08557938272065135 0.08560196065570458 0.08562453890734889 0.08564711747550202 0.08566969636008104 0.08569227556100423 0.08571485507818899 0.08573743491155317 0.08576001506101472 0.08578259552649159 0.08580517630790152 0.08582775740516324 0.08585033881819404 0.08587292054691276 0.0858955025912378 0.08591808495108677 0.08594066762637897 0.08596325061703225 0.08598583392296577 0.08600841754409727 0.08603100148034659 0.08605358573163158 0.08607617029787162 0.08609875517898524 0.08612134037489161 0.0861439258855099 0.08616651171075906 0.0861890978505584 0.08621168430482684 0.08623427107348414 0.08625685815644979 0.08627944555364264 0.08630203326498254 0.08632462129038931 0.08634720962978226 0.08636979828308133 0.08639238725020626 0.0864149765310771 0.08643756612561337 0.08646015603373558 0.08648274625536356 0.0865053367904175 0.08652792763881745 0.08655051880048426 0.08657311027533754 0.08659570206329803 0.08661829416428646 0.086640886578223 0.08666347930502827 0.08668607234462355 0.0867086656969287 0.08673125936186565 0.08675385333935437 0.08677644762931636 0.08679904223167223 0.08682163714634361 0.08684423237325123 0.08686682791231681 0.0868894237634612 0.08691201992660569 0.08693461640167233 0.08695721318858196 0.08697981028725676 0.08700240769761813 0.08702500541958769 0.0870476034530876 0.08707020179803904 0.08709280045436463 0.0871153994219862 0.08713799870082573 0.08716059829080502 0.08718319819184694 0.08720579840387332 0.08722839892680634 0.08725099976056871 0.08727360090508307 0.0872962023602718 0.08731880412605741 0.08734140620236253 0.08736400858910986 0.0873866112862225 0.0874092142936237 0.08743181761123531 0.08745442123898106 0.08747702517678402 0.08749962942456724 0.087522233982254 0.08754483884976738 0.08756744402703098 0.08759004951396854 0.08761265531050277 0.08763526141655786 0.08765786783205709 0.08768047455692418 0.0877030815910832 0.08772568893445776 0.08774829658697192 0.08777090454854941 0.08779351281911452 0.08781612139859118 0.08783873028690359 0.08786133948397612 0.08788394898973284 0.08790655880409837 0.08792916892699731 0.08795177935835352 0.08797439009809205 0.08799700114613773 0.08801961250241508 0.0880422241668487 0.08806483613936367 0.08808744841988458 0.08811006100833696 0.08813267390464552 0.08815528710873521 0.08817790062053177 0.08820051443996002 0.08822312856694559 0.08824574300141352 0.08826835774328945 0.0882909727924992 0.08831358814896773 0.08833620381262108 0.088358819783385 0.08838143606118543 0.08840405264594786 0.08842666953759837 0.08844928673606334 0.08847190424126838 0.08849452205313968 0.0885171401716035 0.08853975859658614 0.0885623773280142 0.08858499636581352 0.08860761570991127 0.0886302353602334 0.08865285531670664 0.08867547557925781 0.08869809614781354 0.08872071702230078 0.08874333820264624 0.08876595968877721 0.08878858148062008 0.0888112035781028 0.08883382598115175 0.08885644868969444 0.08887907170365816 0.08890169502297007 0.08892431864755812 0.08894694257734914 0.0889695668122712 0.08899219135225134 0.08901481619721774 0.08903744134709812 0.08906006680182021 0.08908269256131185 0.08910531862550075 0.08912794499431564 0.08915057166768425 0.08917319864553419 0.08919582592779429 0.08921845351439273 0.089241081405258 0.08926370960031815 0.08928633809950215 0.08930896690273815 0.08933159600995477 0.08935422542108096 0.08937685513604554 0.0893994851547768 0.08942211547720436 0.08944474610325681 0.08946737703286334 0.08949000826595255 0.08951263980245394 0.0895352716422968 0.08955790378541051 0.08958053623172446 0.08960316898116738 0.08962580203366965 0.08964843538916045 0.08967106904756961 0.08969370300882651 0.08971633727286088 0.08973897183960278 0.08976160670898214 0.08978424188092915 0.08980687735537296 0.08982951313224474 0.08985214921147355 0.08987478559299078 0.08989742227672581 0.08992005926260938 0.08994269655057208 0.08996533414054408 0.08998797203245612 0.09001061022623869 0.09003324872182272 0.09005588751913884 0.0900785266181181 0.09010116601869067 0.09012380572078837 0.09014644572434172 0.09016908602928186 0.09019172663554031 0.09021436754304779 0.09023700875173613 0.0902596502615366 0.09028229207238003 0.0903049341841985 0.09032757659692336 0.09035021931048637 0.09037286232481889 0.0903955056398531 0.09041814925552072 0.09044079317175335 0.09046343738848328 0.09048608190564222 0.09050872672316279 0.09053137184097682 0.09055401725901646 0.09057666297721378 0.09059930899550206 0.09062195531381245 0.09064460193207835 0.09066724885023203 0.09068989606820621 0.0907125435859335 0.0907351914033464 0.09075783952037841 0.0907804879369617 0.09080313665302964 0.09082578566851507 0.09084843498335116 0.09087108459747117 0.09089373451080773 0.09091638472329489 0.09093903523486557 0.09096168604545352 0.09098433715499177 0.09100698856341416 0.0910296402706543 0.0910522922766458 0.09107494458132215 0.09109759718461785 0.09112025008646596 0.09114290328680119 0.09116555678555693 0.09118821058266735 0.09121086467806705 0.09123351907168997 0.09125617376347006 0.09127882875334203 0.09130148404124028 0.09132413962709895 0.09134679551085301 0.09136945169243704 0.09139210817178522 0.09141476494883294 0.09143742202351457 0.09146007939576495 0.09148273706551902 0.09150539503271227 0.09152805329727909 0.09155071185915509 0.0915733707182752 0.09159602987457449 0.09161868932798889 0.09164134907845345 0.09166400912590367 0.09168666947027493 0.09170933011150284 0.09173199104952323 0.0917546522842716 0.09177731381568399 0.09179997564369613 0.09182263776824384 0.0918453001892634 0.09186796290669064 0.09189062592046127 0.09191328923051234 0.09193595283677947 0.09195861673919925 0.09198128093770785 0.09200394543224177 0.09202661022273773 0.09204927530913176 0.09207194069136115 0.09209460636936229 0.09211727234307177 0.09213993861242686 0.0921626051773643 0.09218527203782068 0.09220793919373349 0.09223060664503979 0.0922532743916763 0.09227594243358106 0.09229861077069024 0.09232127940294221 0.09234394833027393 0.0923666175526231 0.0923892870699271 0.09241195688212311 0.09243462698914962 0.09245729739094422 0.0924799680874443 0.09250263907858813 0.09252531036431333 0.09254798194455838 0.09257065381926055 0.09259332598835912 0.09261599845179114 0.09263867120949576 0.09266134426141082 0.09268401760747447 0.0927066912476262 0.09272936518180341 0.09275203940994525 0.09277471393199066 0.0927973887478778 0.09282006385754582 0.09284273926093312 0.09286541495797918 0.0928880909486226 0.09291076723280267 0.09293344381045843 0.09295612068152903 0.09297879784595364 0.09300147530367175 0.09302415305462275 0.09304683109874567 0.09306950943598069 0.09309218806626651 0.09311486698954363 0.09313754620575132 0.09316022571482929 0.09318290551671748 0.09320558561135583 0.09322826599868428 0.09325094667864298 0.09327362765117153 0.09329630891621077 0.09331899047370018 0.09334167232358082 0.09336435446579239 0.0933870369002755 0.09340971962697087 0.09343240264581887 0.09345508595676011 0.09347776955973497 0.09350045345468472 0.09352313764154985 0.09354582212027107 0.09356850689078988 0.09359119195304666 0.09361387730698267 0.0936365629525393 0.09365924888965727 0.09368193511827827 0.09370462163834348 0.09372730844979404 0.0937499955525718 0.09377268294661789 0.09379537063187404 0.09381805860828185 0.09384074687578325 0.09386343543431974 0.09388612428383325 0.09390881342426582 0.09393150285555907 0.09395419257765547 0.09397688259049641 0.09399957289402494 0.09402226348818266 0.09404495437291194 0.0940676455481555 0.0940903370138555 0.09411302876995398 0.09413572081639399 0.09415841315311824 0.09418110578006922 0.09420379869718953 0.09422649190442212 0.09424918540170968 0.09427187918899549 0.09429457326622226 0.09431726763333292 0.09433996229027075 0.09436265723697923 0.0943853524734013 0.09440804799948033 0.09443074381515959 0.09445343992038246 0.09447613631509277 0.0944988329992339 0.09452152997274954 0.09454422723558353 0.09456692478767892 0.0945896226289803 0.0946123207594316 0.0946350191789761 0.09465771788755839 0.0946804168851223 0.09470311617161209 0.09472581574697181 0.09474851561114606 0.09477121576407876 0.09479391620571476 0.09481661693599808 0.09483931795487355 0.09486201926228566 0.094884720858179 0.0949074227424983 0.0949301249151886 0.09495282737619448 0.0949755301254609 0.09499823316293288 0.09502093648855559 0.09504364010227406 0.09506634400403302 0.09508904819377828 0.09511175267145466 0.09513445743700821 0.09515716249038364 0.09517986783152665 0.09520257346038308 0.09522527937689829 0.09524798558101799 0.09527069207268801 0.09529339885185384 0.09531610591846174 0.09533881327245763 0.09536152091378725 0.09538422884239672 0.09540693705823233 0.09542964556124012 0.09545235435136634 0.09547506342855716 0.0954977727927595 0.09552048244391931 0.09554319238198328 0.09556590260689768 0.09558861311860967 0.09561132391706573 0.09563403500221224 0.09565674637399679 0.09567945803236533 0.09570216997726555 0.09572488220864417 0.09574759472644834 0.0957703075306251 0.09579302062112172 0.09581573399788534 0.0958384476608638 0.09586116161000391 0.09588387584525349 0.09590659036655969 0.09592930517387022 0.09595202026713301 0.09597473564629566 0.09599745131130566 0.09602016726211127 0.09604288349865997 0.09606560002090025 0.09608831682877939 0.09611103392224607 0.09613375130124835 0.09615646896573438 0.09617918691565241 0.09620190515095084 0.09622462367157802 0.09624734247748234 0.09627006156861262 0.09629278094491733 0.09631550060634508 0.09633822055284424 0.09636094078436441 0.09638366130085341 0.09640638210226127 0.09642910318853604 0.09645182455962742 0.09647454621548412 0.09649726815605553 0.09651999038129055 0.09654271289113892 0.09656543568554932 0.09658815876447213 0.09661088212785596 0.09663360577565061 0.09665632970780613 0.09667905392427167 0.09670177842499716 0.09672450320993242 0.09674722827902682 0.09676995363223118 0.09679267926949475 0.09681540519076803 0.09683813139600095 0.09686085788514331 0.09688358465814595 0.09690631171495889 0.09692903905553263 0.09695176667981742 0.09697449458776386 0.09699722277932232 0.09701995125444363 0.09704268001307848 0.09706540905517747 0.09708813838069097 0.0971108679895708 0.09713359788176723 0.09715632805723162 0.09717905851591457 0.09720178925776723 0.09722452028274153 0.09724725159078784 0.09726998318185798 0.09729271505590276 0.09731544721287422 0.09733817965272362 0.09736091237540245 0.0973836453808623 0.0974063786690551 0.09742911223993211 0.09745184609344548 0.09747458022954747 0.09749731464818912 0.09752004934932301 0.09754278433290098 0.09756551959887527 0.09758825514719793 0.09761099097782122 0.09763372709069751 0.09765646348577939 0.09767920016301879 0.09770193712236852 0.0977246743637813 0.09774741188720881 0.09777014969260511 0.09779288777992212 0.09781562614911277 0.09783836480012953 0.09786110373292656 0.09788384294745545 0.09790658244366979 0.09792932222152284 0.09795206228096787 0.09797480262195779 0.09799754324444598 0.09802028414838582 0.09804302533373088 0.09806576680043444 0.09808850854845019 0.09811125057773151 0.09813399288823244 0.09815673547990644 0.09817947835270746 0.09820222150658953 0.09822496494150623 0.09824770865741161 0.0982704526542596 0.09829319693200489 0.09831594149060119 0.09833868633000231 0.0983614314501634 0.09838417685103851 0.09840692253258154 0.09842966849474788 0.09845241473749144 0.09847516126076716 0.0984979080645294 0.0985206551487332 0.09854340251333316 0.09856615015828407 0.09858889808354099 0.09861164628905905 0.09863439477479308 0.09865714354069788 0.09867989258672938 0.09870264191284195 0.0987253915189914 0.0987481414051331 0.09877089157122221 0.09879364201721452 0.0988163927430652 0.09883914374873004 0.09886189503416476 0.09888464659932483 0.09890739844416663 0.09893015056864518 0.09895290297271697 0.09897565565633781 0.09899840861946352 0.09902116186205057 0.09904391538405488 0.09906666918543261 0.09908942326614001 0.09911217762613389 0.09913493226537029 0.09915768718380558 0.09918044238139634 0.09920319785809928 0.09922595361387088 0.09924870964866805 0.09927146596244729 0.09929422255516585 0.0993169794267802 0.0993397365772477 0.09936249400652497 0.09938525171456902 0.09940800970133767 0.09943076796678751 0.09945352651087591 0.09947628533356023 0.09949904443479785 0.09952180381454645 0.09954456347276319 0.0995673234094061 0.099590083624432 0.09961284411779947 0.09963560488946555 0.0996583659393887 0.09968112726752654 0.09970388887383685 0.0997266507582778 0.0997494129208073 0.0997721753613835 0.09979493807996476 0.09981770107650922 0.09984046435097516 0.0998632279033207 0.0998859917335051 0.09990875584148617 0.0999315202272224 0.0999542848906727 0.09997704983179556 0.09999981505055011 0.1000225805468945 0.10004534632078799 0.10006811237218971 0.10009087870105815 0.10011364530735256 0.10013641219103198 0.10015917935205587 0.10018194679038328 0.10020471450597324 0.10022748249878555 0.10025025076877936 0.10027301931591381 0.10029578814014917 0.10031855724144478 0.10034132661975981 0.1003640962750546 0.10038686620728887 0.10040963641642187 0.10043240690241384 0.10045517766522494 0.1004779487048153 0.10050072002114452 0.10052349161417307 0.10054626348386098 0.1005690356301685 0.10059180805305623 0.1006145807524843 0.10063735372841287 0.1006601269808034 0.10068290050961559 0.10070567431481048 0.10072844839634865 0.10075122275419046 0.10077399738829751 0.10079677229863016 0.10081954748514954 0.10084232294781648 0.1008650986865921 0.10088787470143734 0.10091065099231411 0.10093342755918255 0.10095620440200481 0.10097898152074192 0.10100175891535546 0.10102453658580657 0.10104731453205718 0.10107009275406875 0.101092871251803 0.10111565002522149 0.10113842907428605 0.10116120839895859 0.10118398799920114 0.10120676787497551 0.10122954802624384 0.10125232845296783 0.10127510915511051 0.10129789013263302 0.10132067138549816 0.10134345291366864 0.10136623471710615 0.1013890167957735 0.10141179914963316 0.10143458177864773 0.10145736468277955 0.10148014786199178 0.10150293131624699 0.10152571504550811 0.10154849904973784 0.10157128332889909 0.10159406788295477 0.10161685271186827 0.1016396378156027 0.10166242319412089 0.10168520884738652 0.10170799477536241 0.10173078097801225 0.10175356745529907 0.101776354207187 0.10179914123363931 0.10182192853461924 0.10184471611009083 0.10186750396001776 0.10189029208436373 0.10191308048309267 0.10193586915616837 0.10195865810355476 0.10198144732521619 0.10200423682111681 0.1020270265912201 0.10204981663549073 0.10207260695389253 0.10209539754639052 0.10211818841294851 0.10214097955353141 0.1021637709681037 0.1021865626566294 0.10220935461907354 0.10223214685540061 0.10225493936557561 0.10227773214956337 0.10230052520732869 0.10232331853883614 0.1023461121440512 0.10236890602293869 0.10239170017546373 0.10241449460159135 0.10243728930128726 0.10246008427451625 0.1024828795212438 0.1025056750414356 0.10252847083505667 0.10255126690207261 0.10257406324244944 0.1025968598561523 0.10261965674314732 0.10264245390339988 0.1026652513368761 0.10268804904354167 0.10271084702336253 0.10273364527630502 0.10275644380233506 0.10277924260141869 0.10280204167352192 0.10282484101861111 0.10284764063665275 0.10287044052761296 0.10289324069145833 0.10291604112815567 0.1029388418376711 0.10296164281997122 0.10298444407502272 0.1030072456027924 0.10303004740324717 0.10305284947635374 0.103075651822079 0.10309845444038968 0.10312125733125344 0.10314406049463698 0.10316686393050745 0.10318966763883175 0.1032124716195777 0.1032352758727123 0.10325808039820294 0.1032808851960173 0.10330369026612285 0.10332649560848683 0.10334930122307728 0.10337210710986133 0.10339491326880734 0.10341771969988289 0.10344052640305557 0.10346333337829372 0.10348614062556472 0.10350894814483702 0.103531755936079 0.10355456399925833 0.1035773723343435 0.10360018094130274 0.10362298982010443 0.10364579897071691 0.10366860839310865 0.10369141808724769 0.10371422805310349 0.10373703829064396 0.10375984879983824 0.10378265958065502 0.10380547063306289 0.10382828195703087 0.10385109355252786 0.10387390541952302 0.10389671755798502 0.103919529967883 0.10394234264918678 0.10396515560186503 0.1039879688258869 0.1040107823212223 0.10403359608784024 0.10405641012570999 0.10407922443480155 0.1041020390150843 0.10412485386652803 0.1041476689891021 0.10417048438277621 0.10419330004752103 0.10421611598330549 0.10423893219009994 0.10426174866787452 0.1042845654165988 0.10430738243624349 0.10433019972677804 0.1043530172881737 0.10437583512039994 0.10439865322342734 0.10442147159722637 0.10444429024176716 0.10446710915702095 0.10448992834295778 0.10451274779954856 0.10453556752676352 0.10455838752457425 0.10458120779295099 0.10460402833186466 0.1046268491412864 0.10464967022118732 0.1046724915715379 0.10469531319230985 0.10471813508347405 0.10474095724500188 0.10476377967686457 0.10478660237903348 0.10480942535148008 0.10483224859417573 0.10485507210709244 0.10487789589020113 0.10490071994347383 0.10492354426688177 0.10494636886039765 0.10496919372399272 0.10499201885763854 0.1050148442613077 0.10503766993497199 0.10506049587860311 0.10508332209217375 0.1051061485756557 0.10512897532902132 0.10515180235224308 0.1051746296452929 0.10519745720814355 0.10522028504076786 0.1052431131431375 0.10526594151522561 0.10528877015700466 0.10531159906844778 0.10533442824952699 0.10535725770021576 0.10538008742048666 0.10540291741031294 0.10542574766966695 0.10544857819852249 0.10547140899685226 0.10549424006462971 0.10551707140182776 0.10553990300841987 0.10556273488437973 0.10558556702968014 0.10560839944429479 0.10563123212819758 0.10565406508136155 0.10567689830376059 0.10569973179536851 0.10572256555615889 0.10574539958610585 0.10576823388518286 0.10579106845336428 0.10581390329062379 0.10583673839693541 0.10585957377227362 0.10588240941661264 0.10590524532992618 0.10592808151218869 0.10595091796337475 0.10597375468345838 0.10599659167241471 0.10601942893021765 0.10604226645684223 0.10606510425226268 0.10608794231645402 0.10611078064939061 0.10613361925104792 0.10615645812140029 0.10617929726042263 0.10620213666809031 0.10622497634437833 0.10624781628926139 0.10627065650271494 0.10629349698471446 0.10631633773523474 0.10633917875425103 0.10636202004173945 0.1063848615976749 0.10640770342203332 0.1064305455147897 0.10645338787592018 0.10647623050540034 0.10649907340320541 0.10652191656931198 0.1065447600036955 0.10656760370633223 0.10659044767719739 0.10661329191626767 0.1066361364235191 0.1066589811989277 0.1066818262424698 0.10670467155412156 0.10672751713385953 0.10675036298165985 0.10677320909749899 0.1067960554813534 0.1068189021332 0.10684174905301491 0.10686459624077504 0.10688744369645753 0.10691029142003827 0.10693313941149507 0.10695598767080428 0.1069788361979429 0.10700168499288798 0.10702453405561685 0.10704738338610653 0.10707023298433405 0.10709308285027663 0.10711593298391175 0.1071387833852171 0.10716163405416979 0.10718448499074718 0.10720733619492673 0.10723018766668657 0.10725303940600384 0.10727589141285643 0.10729874368722214 0.10732159622907889 0.10734444903840468 0.10736730211517709 0.10739015545937469 0.10741300907097495 0.1074358629499561 0.10745871709629673 0.10748157150997428 0.10750442619096812 0.10752728113925591 0.10755013635481614 0.10757299183762747 0.10759584758766838 0.1076187036049171 0.10764155988935264 0.10766441644095381 0.10768727325969896 0.10771013034556731 0.10773298769853756 0.10775584531858873 0.10777870320569938 0.1078015613598492 0.10782441978101687 0.10784727846918163 0.10787013742432316 0.10789299664641994 0.10791585613545152 0.10793871589139792 0.1079615759142376 0.10798443620395115 0.10800729676051735 0.1080301575839161 0.10805301867412664 0.10807588003112956 0.10809874165490418 0.10812160354543043 0.10814446570268799 0.10816732812665686 0.1081901908173174 0.10821305377464974 0.10823591699863344 0.10825878048924886 0.1082816442464768 0.10830450827029714 0.10832737256069014 0.10835023711763647 0.10837310194111649 0.10839596703111076 0.1084188323876002 0.10844169801056514 0.10846456389998593 0.10848743005584405 0.10851029647811983 0.10853316316679451 0.10855603012184878 0.10857889734326354 0.10860176483102024 0.10862463258509947 0.108647500605483 0.10867036889215176 0.10869323744508697 0.1087161062642702 0.10873897534968247 0.10876184470130545 0.10878471431912073 0.10880758420310965 0.10883045435325434 0.1088533247695358 0.1088761954519365 0.10889906640043723 0.108921937615021 0.10894480909566906 0.10896768084236352 0.10899055285508619 0.1090134251338194 0.1090362976785455 0.10905917048924596 0.1090820435659039 0.10910491690850121 0.10912779051702048 0.10915066439144328 0.10917353853175316 0.1091964129379327 0.10921928760996336 0.10924216254782892 0.10926503775151142 0.10928791322099418 0.10931078895625945 0.10933366495729047 0.10935654122407001 0.10937941775658122 0.10940229455480699 0.10942517161873055 0.10944804894833493 0.10947092654360357 0.10949380440451961 0.10951668253106628 0.10953956092322714 0.10956243958098577 0.10958531850432518 0.10960819769322983 0.1096310771476825 0.10965395686766666 0.10967683685316709 0.10969971710416648 0.10972259762064962 0.10974547840259996 0.10976835945000141 0.10979124076283808 0.109814122341094 0.10983700418475328 0.10985988629380039 0.10988276866821911 0.10990565130799423 0.10992853421310933 0.10995141738354997 0.1099743008192996 0.10999718452034324 0.11002006848666546 0.11004295271825071 0.11006583721508412 0.11008872197714958 0.11011160700443279 0.11013449229691807 0.11015737785459057 0.11018026367743516 0.11020314976543721 0.1102260361185814 0.11024892273685305 0.1102718096202372 0.1102946967687195 0.11031758418228466 0.11034047186091878 0.11036335980460688 0.11038624801333419 0.11040913648708683 0.11043202522585005 0.11045491422960951 0.11047780349835123 0.11050069303206089 0.11052358283072361 0.11054647289432595 0.11056936322285393 0.11059225381629334 0.11061514467463007 0.1106380357978507 0.11066092718594078 0.11068381883888723 0.11070671075667549 0.11072960293929224 0.11075249538672438 0.11077538809895782 0.11079828107597922 0.11082117431777494 0.11084406782433198 0.11086696159563647 0.11088985563167553 0.11091274993243605 0.1109356444979045 0.11095853932806798 0.1109814344229133 0.11100432978242769 0.11102722540659815 0.11105012129541159 0.11107301744885589 0.11109591386691708 0.11111881054958317 0.1111417074968416 0.11116460470867984 0.111187502185085 0.11121039992604476 0.11123329793154624 0.11125619620157767 0.1112790947361264 0.11130199353518055 0.11132489259872747 0.11134779192675526 0.11137069151925172 0.11139359137620486 0.11141649149760247 0.11143939188343299 0.11146229253368445 0.11148519344834495 0.11150809462740274 0.11153099607084616 0.11155389777866331 0.11157679975084289 0.11159970198737346 0.11162260448824313 0.1116455072534408 0.11166841028295516 0.11169131357677464 0.11171421713488816 0.11173712095728416 0.11176002504395177 0.11178292939488044 0.11180583401005817 0.11182873888947453 0.11185164403311854 0.11187454944097941 0.11189745511304583 0.1119203610493078 0.11194326724975434 0.1119661737143739 0.11198908044315736 0.11201198743609342 0.11203489469317174 0.11205780221438177 0.11208070999971342 0.11210361804915614 0.1121265263626996 0.1121494349403338 0.11217234378204854 0.11219525288783372 0.11221816225767933 0.1122410718915754 0.11226398178951202 0.11228689195147945 0.11230980237746724 0.1123327130674665 0.11235562402146737 0.11237853523945995 0.11240144672143415 0.11242435846738152 0.11244727047729208 0.11247018275115617 0.11249309528896467 0.11251600809070816 0.11253892115637765 0.11256183448596369 0.11258474807945729 0.11260766193684923 0.11263057605813032 0.11265349044329243 0.11267640509232535 0.11269932000522109 0.11272223518197066 0.11274515062256518 0.11276806632699643 0.1127909822952553 0.11281389852733326 0.11283681502322152 0.11285973178291209 0.11288264880639598 0.11290556609366575 0.1129284836447122 0.11295140145952753 0.11297431953810355 0.11299723788043148 0.11302015648650432 0.11304307535631308 0.11306599448985011 0.11308891388710762 0.11311183354807786 0.11313475347275248 0.11315767366112428 0.11318059411318504 0.11320351482892743 0.11322643580834402 0.11324935705142691 0.11327227855816879 0.11329520032856233 0.1133181223626003 0.1133410446602745 0.1133639672215786 0.11338689004650526 0.11340981313504717 0.11343273648719698 0.11345566010294794 0.11347858398229294 0.11350150812522553 0.11352443253173794 0.1135473572018244 0.11357028213547704 0.11359320733268985 0.11361613279345639 0.11363905851776934 0.11366198450562259 0.11368491075700948 0.1137078372719238 0.11373076405035898 0.1137536910923087 0.11377661839776687 0.11379954596672692 0.11382247379918331 0.11384540189512915 0.113868330254559 0.11389125887746643 0.11391418776384565 0.11393711691369113 0.11396004632699652 0.11398297600375673 0.11400590594396487 0.11402883614761639 0.11405176661470551 0.1140746973452258 0.11409762833917303 0.11412055959654066 0.1141434911173238 0.11416642290151757 0.11418935494911542 0.11421228726011312 0.11423521983450535 0.11425815267228723 0.1142810857734533 0.11430401913799826 0.11432695276591764 0.11434988665720647 0.11437282081185973 0.11439575522987278 0.11441868991124127 0.11444162485595977 0.11446456006402395 0.11448749553542947 0.11451043127017158 0.11453336726824603 0.11455630352964796 0.11457924005437325 0.11460217684241802 0.1146251138937775 0.11464805120844757 0.11467098878642457 0.11469392662770372 0.11471686473228138 0.11473980310015341 0.11476274173131651 0.11478568062576588 0.11480861978349821 0.11483155920450983 0.11485449888879706 0.11487743883635593 0.11490037904718298 0.11492331952127466 0.11494626025862753 0.11496920125923848 0.11499214252310386 0.1150150840502201 0.11503802584058431 0.11506096789419318 0.11508391021104347 0.11510685279113231 0.11512979563445636 0.11515273874101273 0.11517568211079865 0.11519862574381101 0.11522156964004715 0.11524451379950429 0.11526745822217976 0.11529040290807069 0.11531334785717451 0.115336293069489 0.11535923854501107 0.11538218428373881 0.11540513028566968 0.11542807655080123 0.11545102307913091 0.1154739698706575 0.11549691692537767 0.11551986424328997 0.11554281182439219 0.1155657596686821 0.11558870777615782 0.11561165614681779 0.11563460478066001 0.11565755367768238 0.11568050283788345 0.11570345226126144 0.1157264019478147 0.11574935189754187 0.11577230211044098 0.11579525258651091 0.11581820332575021 0.11584115432815778 0.11586410559373173 0.11588705712247105 0.11591000891437475 0.11593296096944128 0.11595591328766974 0.11597886586905948 0.11600181871360893 0.11602477182131754 0.11604772519218387 0.11607067882620814 0.11609363272338868 0.11611658688372528 0.11613954130721693 0.1161624959938633 0.11618545094366373 0.11620840615661754 0.11623136163272463 0.1162543173719841 0.1162772733743963 0.1163002296399609 0.11632318616867676 0.1163461429605448 0.11636910001556422 0.11639205733373492 0.11641501491505779 0.11643797275953205 0.11646093086715759 0.11648388923793507 0.11650684787186516 0.11652980676894675 0.11655276592918129 0.11657572535256877 0.11659868503910942 0.11662164498880423 0.1166446052016532 0.11666756567765757 0.11669052641681732 0.11671348741913312 0.1167364486846062 0.1167594102132371 0.1167823720050265 0.11680533405997573 0.11682829637808545 0.11685125895935677 0.11687422180379081 0.11689718491138845 0.11692014828215114 0.11694311191608009 0.1169660758131763 0.11698903997344123 0.11701200439687631 0.11703496908348288 0.11705793403326281 0.11708089924621712 0.11710386472234813 0.11712683046165662 0.11714979646414492 0.1171727627298147 0.11719572925866728 0.11721869605070512 0.11724166310593043 0.1172646304243441 0.11728759800594912 0.11731056585074684 0.11733353395874035 0.11735650232993111 0.11737947096432122 0.11740243986191368 0.11742540902271004 0.11744837844671352 0.11747134813392601 0.11749431808434996 0.1175172882979888 0.11754025877484431 0.11756322951491893 0.11758620051821611 0.1176091717847384 0.11763214331448868 0.11765511510746973 0.11767808716368455 0.1177010594831358 0.11772403206582693 0.11774700491176093 0.11776997802094158 0.11779295139337087 0.11781592502905258 0.11783889892799027 0.11786187309018725 0.11788484751564687 0.1179078222043719 0.11793079715636734 0.11795377237163551 0.11797674785018086 0.11799972359200661 0.11802269959711642 0.1180456758655144 0.11806865239720421 0.11809162919218996 0.11811460625047532 0.1181375835720645 0.11816056115696127 0.11818353900517042 0.11820651711669561 0.1182294954915406 0.1182524741297103 0.11827545303120923 0.11829843219604141 0.11832141162421117 0.11834439131572305 0.11836737127058194 0.11839035148879207 0.11841333197035842 0.11843631271528521 0.11845929372357744 0.11848227499523978 0.11850525653027755 0.11852823832869497 0.11855122039049759 0.11857420271568997 0.11859718530427765 0.11862016815626575 0.11864315127165892 0.11866613465046294 0.11868911829268236 0.11871210219832296 0.11873508636739039 0.11875807079988987 0.11878105549582674 0.11880404045520698 0.11882702567803571 0.11885001116431892 0.11887299691406206 0.11889598292727066 0.11891896920395151 0.11894195574410937 0.11896494254775081 0.11898792961488136 0.11901091694550758 0.11903390453963514 0.11905689239727002 0.11907988051841922 0.11910286890308786 0.11912585755128324 0.11914884646301094 0.11917183563827782 0.11919482507709023 0.11921781477945448 0.11924080474537735 0.11926379497486539 0.11928678546792515 0.11930977622456318 0.1193327672447867 0.11935575852860192 0.11937875007601673 0.1194017418870369 0.11942473396166997 0.11944772629992306 0.11947071890180305 0.11949371176731716 0.11951670489647248 0.11953969828927602 0.11956269194573566 0.11958568586585838 0.11960868004965142 0.11963167449712253 0.11965466920827894 0.11967766418312864 0.11970065942167885 0.11972365492393766 0.11974665068991186 0.11976964671961032 0.11979264301304016 0.11981563957020969 0.11983863639112613 0.11986163347579804 0.11988463082423362 0.1199076284364402 0.11993062631242668 0.1199536244522007 0.11997662285577082 0.11999962152314525 0.12002262045433221 0.12004561964934035 0.1200686191081779 0.1200916188308534 0.12011461881737551 0.12013761906775244 0.12016061958199331 0.12018362036010666 0.12020662140210125 0.12022962270798587 0.1202526242777695 0.12027562611146103 0.12029862820906922 0.12032163057060363 0.12034463319607258 0.12036763608548551 0.12039063923885185 0.1204136426561806 0.12043664633748097 0.1204596502827624 0.12048265449203466 0.1205056589653064 0.12052866370258786 0.12055166870388812 0.12057467396921695 0.12059767949858413 0.12062068529199887 0.12064369134947162 0.12066669767101146 0.12068970425662884 0.12071271110633353 0.12073571822013529 0.12075872559804457 0.12078173324007091 0.1208047411462243 0.12082774931651585 0.1208507577509551 0.12087376644955239 0.1208967754123178 0.12091978463926234 0.12094279413039588 0.12096580388572942 0.12098881390527305 0.12101182418903766 0.1210348347370338 0.12105784554927179 0.12108085662576318 0.12110386796651773 0.12112687957154733 0.12114989144086241 0.12117290357447352 0.12119591597239254 0.1212189286346298 0.12124194156119694 0.12126495475210453 0.1212879682073642 0.1213109819269872 0.12133399591098515 0.12135701015936873 0.12138002467214959 0.12140303944933928 0.12142605449094968 0.12144906979699166 0.12147208536747789 0.1214951012024188 0.12151811730182682 0.12154113366571362 0.12156415029409129 0.12158716718697138 0.12161018434436599 0.121633201766287 0.12165621945274663 0.12167923740375686 0.12170225561932968 0.12172527409947775 0.12174829284421274 0.12177131185354739 0.12179433112749394 0.12181735066606514 0.12184037046927276 0.12186339053712958 0.12188641086964846 0.1219094314668413 0.12193245232872196 0.121955473455302 0.12197849484659484 0.12200151650261293 0.1220245384233698 0.12204756060887723 0.1220705830591493 0.12209360577419903 0.1221166287540385 0.12213965199868171 0.1221626755081413 0.12218569928243117 0.12220872332156396 0.12223174762555344 0.12225477219441239 0.12227779702815533 0.12230082212679483 0.12232384749034475 0.12234687311881898 0.1223698990122305 0.12239292517059341 0.1224159515939216 0.12243897828222872 0.12246200523552864 0.1224850324538348 0.12250805993716218 0.12253108768552401 0.12255411569893437 0.12257714397740804 0.12260017252095823 0.1226232013295997 0.12264623040334699 0.12266925974221388 0.12269228934621512 0.12271531921536494 0.12273834934967764 0.12276137974916823 0.12278441041385102 0.12280744134374055 0.12283047253885138 0.12285350399919848 0.12287653572479706 0.1228995677156608 0.12292259997180599 0.12294563249324653 0.12296866527999772 0.1229916983320748 0.12301473164949261 0.12303776523226662 0.12306079908041123 0.12308383319394234 0.12310686757287548 0.12312990221722586 0.12315293712700814 0.12317597230223865 0.12319900774293258 0.12322204344910526 0.12324507942077267 0.12326811565795048 0.12329115216065378 0.123314188928899 0.1233372259627018 0.12336026326207783 0.12338330082704341 0.12340633865761408 0.12342937675380583 0.1234524151156351 0.12347545374311797 0.12349849263627011 0.12352153179510839 0.12354457121964879 0.12356761090990731 0.12359065086590093 0.12361369108764553 0.12363673157515853 0.12365977232845515 0.12368281334755271 0.12370585463246753 0.12372889618321692 0.12375193799981687 0.1237749800822846 0.12379802243063698 0.12382106504489077 0.1238441079250624 0.12386715107116963 0.12389019448322947 0.12391323816125854 0.12393628210527408 0.12395932631529338 0.12398237079133378 0.12400541553341238 0.1240284605415467 0.1240515058157543 0.12407455135605217 0.12409759716245805 0.12412064323498939 0.12414368957366395 0.12416673617849938 0.12418978304951311 0.12421283018672358 0.12423587759014754 0.12425892525980398 0.12428197319570977 0.12430502139788357 0.12432806986634315 0.12435111860110637 0.12437416760219144 0.12439721686961702 0.12442026640340065 0.12444331620356108 0.12446636627011642 0.12448941660308499 0.12451246720248532 0.12453551806833574 0.12455856920065467 0.12458162059946098 0.12460467226477323 0.12462772419660995 0.12465077639498967 0.12467382885993183 0.12469688159145453 0.12471993458957698 0.12474298785431825 0.12476604138569669 0.12478909518373216 0.1248121492484433 0.12483520357984912 0.12485825817796914 0.12488131304282202 0.12490436817442796 0.12492742357280529 0.12495047923797442 0.12497353516995369 0.12499659136876307 0.12501964783442254 0.12504270456695088 0.12506576156636828 0.12508881883269418 0.12511187636594823 0.12513493416615096 0.1251579922333209 0.12518105056747886 0.12520410916864466 0.1252271680368382 0.1252502271720798 0.12527328657438874 0.12529634624378572 0.12531940618029125 0.12534246638392532 0.12536552685470792 0.12538858759265925 0.12541164859780018 0.12543470987015126 0.12545777140973235 0.125480833216565 0.1255038952906684 0.12552695763206434 0.12555002024077333 0.1255730831168157 0.12559614626021254 0.1256192096709844 0.125642273349153 0.1256653372947384 0.12568840150776162 0.12571146598824434 0.125734530736207 0.12575759575167134 0.12578066103465801 0.1258037265851888 0.12582679240328454 0.1258498584889669 0.12587292484225687 0.12589599146317643 0.125919058351747 0.12594212550798944 0.12596519293192632 0.12598826062357849 0.12601132858296826 0.1260343968101173 0.1260574653050467 0.12608053406777942 0.126103603098337 0.12612667239674036 0.1261497419630131 0.126172811797176 0.12619588189925202 0.12621895226926272 0.12624202290723074 0.1262650938131782 0.12628816498712747 0.12631123642910036 0.12633430813912006 0.12635738011720865 0.12638045236338846 0.12640352487768247 0.12642659766011288 0.12644967071070268 0.12647274402947462 0.126495817616451 0.12651889147165485 0.12654196559510955 0.1265650399868371 0.12658811464686115 0.12661118957520434 0.12663426477188988 0.12665734023694075 0.1266804159703805 0.12670349197223163 0.12672656824251827 0.12674964478126316 0.1267727215884895 0.12679579866422075 0.12681887600848107 0.12684195362129314 0.12686503150268125 0.1268881096526685 0.12691118807127844 0.12693426675853536 0.12695734571446238 0.12698042493908368 0.12700350443242303 0.1270265841945043 0.12704966422535158 0.12707274452498885 0.12709582509344008 0.1271189059307294 0.12714198703688095 0.1271650684119192 0.1271881500558678 0.1272112319687515 0.1272343141505946 0.12725739660142166 0.12728047932125708 0.12730356231012463 0.12732664556804985 0.12734972909505737 0.12737281289117153 0.1273958969564164 0.12741898129081763 0.12744206589439966 0.12746515076718756 0.12748823590920577 0.1275113213204796 0.12753440700103447 0.12755749295089425 0.12758057917008525 0.12760366565863246 0.1276267524165603 0.12764983944389452 0.12767292674066033 0.1276960143068836 0.12771910214258886 0.1277421902478022 0.12776527862254872 0.1277883672668545 0.1278114561807443 0.1278345453642451 0.127857634817381 0.12788072454017896 0.12790381453266408 0.12792690479486268 0.12794999532680074 0.12797308612850333 0.12799617719999756 0.12801926854130896 0.12804236015246373 0.12806545203348763 0.1280885441844073 0.12811163660524894 0.12813472929603864 0.1281578222568025 0.12818091548756805 0.12820400898836082 0.12822710275920757 0.12825019680013416 0.12827329111116825 0.1282963856923356 0.1283194805436637 0.12834257566517882 0.12836567105690766 0.12838876671887745 0.12841186265111482 0.12843495885364675 0.12845805532650023 0.12848115206970234 0.12850424908328018 0.1285273463672607 0.1285504439216716 0.12857354174653923 0.12859663984189185 0.12861973820775607 0.12864283684415967 0.12866593575113006 0.12868903492869443 0.12871213437688067 0.1287352340957162 0.12875833408522852 0.12878143434544598 0.1288045348763952 0.12882763567810507 0.12885073675060255 0.12887383809391617 0.12889693970807337 0.12892004159310244 0.12894314374903126 0.12896624617588814 0.12898934887370062 0.12901245184249743 0.1290355550823069 0.1290586585931568 0.12908176237507563 0.12910486642809216 0.12912797075223437 0.12915107534753067 0.12917418021400984 0.12919728535170072 0.12922039076063097 0.12924349644083022 0.12926660239232668 0.12928970861514955 0.12931281510932713 0.12933592187488863 0.12935902891186257 0.12938213622027872 0.12940524380016538 0.12942835165155175 0.12945145977446704 0.12947456816894032 0.1294976768350008 0.129520785772678 0.1295438949820007 0.12956700446299885 0.12959011421570132 0.12961322424013821 0.12963633453633827 0.1296594451043317 0.12968255594414768 0.129705667055816 0.12972877843936637 0.1297518900948289 0.12977500202223258 0.12979811422160814 0.12982122669298468 0.12984433943639262 0.1298674524518617 0.12989056573942237 0.12991367929910436 0.12993679313093787 0.1299599072349531 0.12998302161118036 0.13000613625964985 0.1300292511803921 0.1300523663734372 0.1300754818388159 0.1300985975765585 0.13012171358669555 0.13014482986925746 0.13016794642427532 0.13019106325177932 0.13021418035180055 0.13023729772436965 0.13026041536951727 0.1302835332872745 0.1303066514776725 0.13032976994074164 0.1303528886765134 0.13037600768501867 0.13039912696628864 0.1304222465203544 0.13044536634724713 0.13046848644699838 0.13049160681963934 0.13051472746520099 0.13053784838371518 0.13056096957521346 0.130584091039727 0.13060721277728748 0.13063033478792663 0.13065345707167564 0.13067657962856694 0.13069970245863194 0.13072282556190196 0.13074594893840952 0.13076907258818637 0.1307921965112646 0.13081532070767576 0.13083844517745236 0.1308615699206258 0.13088469493722932 0.1309078202272942 0.13093094579085296 0.13095407162793782 0.1309771977385813 0.1310003241228157 0.13102345078067368 0.13104657771218697 0.13106970491738867 0.13109283239631164 0.1311159601489882 0.1311390881754506 0.13116221647573245 0.1311853450498658 0.13120847389788393 0.1312316030198193 0.13125473241570518 0.13127786208557424 0.13130099202945988 0.13132412224739476 0.13134725273941206 0.1313703835055453 0.13139351454582748 0.13141664586029167 0.1314397774489715 0.1314629093119002 0.1314860414491109 0.13150917386063776 0.1315323065465137 0.13155543950677218 0.13157857274144713 0.13160170625057188 0.1316248400341805 0.13164797409230689 0.1316711084249842 0.13169424303224686 0.13171737791412808 0.1317405130706626 0.13176364850188382 0.13178678420782608 0.13180992018852322 0.13183305644400978 0.1318561929743194 0.13187932977948702 0.1319024668595462 0.13192560421453137 0.13194874184447747 0.1319718797494186 0.13199501792938895 0.13201815638442327 0.1320412951145563 0.13206443411982205 0.132087573400256 0.13211071295589227 0.13213385278676626 0.13215699289291205 0.13218013327436462 0.13220327393115938 0.13222641486333087 0.13224955607091393 0.13227269755394422 0.13229583931245625 0.13231898134648545 0.13234212365606712 0.13236526624123612 0.1323884091020281 0.13241155223847823 0.13243469565062183 0.13245783933849464 0.13248098330213198 0.13250412754156915 0.1325272720568419 0.13255041684798596 0.132573561915037 0.13259670725803063 0.13261985287700262 0.13264299877198882 0.1326661449430253 0.13268929139014785 0.13271243811339217 0.13273558511279449 0.1327587323883912 0.13278187994021784 0.13280502776831038 0.13282817587270612 0.13285132425344037 0.13287447291054955 0.1328976218440704 0.1329207710540391 0.13294392054049176 0.13296707030346555 0.13299022034299668 0.13301337065912144 0.13303652125187704 0.13305967212129977 0.13308282326742626 0.13310597469029384 0.1331291263899388 0.1331522783663982 0.13317543061970882 0.1331985831499083 0.1332217359570328 0.13324488904111975 0.13326804240220624 0.13329119604032957 0.13331434995552682 0.13333750414783518 0.13336065861729218 0.1333838133639349 0.13340696838780108 0.1334301236889277 0.13345327926735262 0.13347643512311347 0.13349959125624777 0.13352274766679284 0.13354590435478664 0.13356906132026736 0.13359221856327186 0.13361537608383833 0.13363853388200475 0.13366169195780953 0.13368485031128974 0.1337080089424839 0.13373116785143035 0.13375432703816637 0.13377748650273102 0.13380064624516197 0.13382380626549772 0.13384696656377648 0.13387012714003665 0.13389328799431677 0.133916449126655 0.13393961053709003 0.13396277222566022 0.13398593419240457 0.13400909643736159 0.13403225896056992 0.13405542176206797 0.1340785848418945 0.13410174820008913 0.13412491183669029 0.13414807575173704 0.13417123994526792 0.13419440441732244 0.13421756916793948 0.13424073419715832 0.13426389950501771 0.1342870650915572 0.13431023095681616 0.13433339710083347 0.13435656352364922 0.13437973022530203 0.13440289720583176 0.13442606446527794 0.13444923200367997 0.1344723998210775 0.13449556791751027 0.13451873629301758 0.13454190494763996 0.13456507388141636 0.134588243094387 0.13461141258659193 0.1346345823580708 0.13465775240886368 0.13468092273901067 0.13470409334855193 0.13472726423752712 0.13475043540597664 0.13477360685394113 0.13479677858146022 0.13481995058857488 0.13484312287532474 0.13486629544175044 0.13488946828789294 0.1349126414137919 0.1349358148194888 0.1349589885050233 0.13498216247043693 0.13500533671576975 0.13502851124106263 0.13505168604635676 0.13507486113169231 0.1350980364971106 0.1351212121426525 0.1351443880683586 0.13516756427427057 0.13519074076042903 0.13521391752687506 0.13523709457365019 0.1352602719007957 0.13528344950835225 0.13530662739636168 0.13532980556486474 0.1353529840139035 0.13537616274351927 0.13539934175375323 0.13542252104464714 0.13544570061624228 0.13546888046858097 0.13549206060170438 0.13551524101565426 0.13553842171047248 0.13556160268620088 0.13558478394288143 0.13560796548055554 0.13563114729926595 0.1356543293990542 0.13567751177996223 0.1357006944420326 0.1357238773853069 0.13574706060982777 0.13577024411563787 0.13579342790277837 0.13581661197129258 0.13583979632122234 0.13586298095261007 0.13588616586549873 0.1359093510599304 0.13593253653594828 0.1359557222935942 0.13597890833291093 0.13600209465394197 0.13602528125672908 0.13604846814131577 0.136071655307745 0.136094842756059 0.13611803048630144 0.13614121849851468 0.13616440679274233 0.1361875953690268 0.13621078422741228 0.13623397336794074 0.13625716279065636 0.136280352495602 0.13630354248282084 0.13632673275235707 0.13634992330425333 0.13637311413855313 0.1363963052553001 0.13641949665453834 0.13644268833631046 0.1364658803006611 0.13648907254763332 0.1365122650772711 0.13653545788961818 0.1365586509847183 0.1365818443626159 0.13660503802335433 0.13662823196697804 0.13665142619353043 0.13667462070305603 0.1366978154955989 0.13672101057120345 0.13674420592991343 0.13676740157177347 0.13679059749682776 0.13681379370512048 0.13683699019669648 0.13686018697159974 0.13688338402987532 0.1369065813715672 0.13692977899672032 0.136952976905379 0.13697617509758842 0.1369993735733931 0.13702257233283766 0.13704577137596696 0.1370689707028261 0.13709217031345966 0.1371153702079132 0.13713857038623123 0.13716177084845882 0.13718497159464127 0.13720817262482377 0.13723137393905138 0.13725457553736942 0.13727777741982317 0.13730097958645782 0.13732418203731922 0.13734738477245256 0.13737058779190314 0.1373937910957167 0.13741699468393853 0.1374401985566146 0.13746340271379065 0.13748660715551186 0.13750981188182476 0.1375330168927743 0.13755622218840735 0.13757942776876908 0.13760263363390524 0.13762583978386256 0.13764904621868668 0.13767225293842356 0.1376954599431196 0.1377186672328211 0.13774187480757383 0.1377650826674247 0.1377882908124195 0.1378114992426045 0.13783470795802666 0.13785791695873229 0.13788112624476745 0.13790433581617934 0.13792754567301369 0.13795075581531857 0.1379739662431394 0.13799717695652314 0.13802038795551685 0.1380435992401674 0.13806681081052163 0.1380900226666265 0.13811323480852866 0.1381364472362756 0.13815965994991386 0.13818287294949094 0.13820608623505426 0.13822929980665044 0.138252513664327 0.13827572780813102 0.13829894223811012 0.13832215695431183 0.13834537195678331 0.13836858724557188 0.1383918028207256 0.13841501868229156 0.1384382348303177 0.13846145126485143 0.1384846679859404 0.13850788499363287 0.1385311022879765 0.13855431986901867 0.13857753773680803 0.13860075589139176 0.13862397433281848 0.1386471930611357 0.13867041207639186 0.13869363137863489 0.13871685096791342 0.13874007084427498 0.1387632910077684 0.13878651145844179 0.13880973219634363 0.13883295322152212 0.13885617453402566 0.138879396133903 0.13890261802120285 0.1389258401959732 0.13894906265826334 0.13897228540812168 0.13899550844559683 0.13901873177073798 0.13904195538359332 0.13906517928421225 0.13908840347264362 0.13911162794893617 0.13913485271313897 0.13915807776530142 0.13918130310547205 0.13920452873370048 0.13922775465003567 0.13925098085452714 0.13927420734722362 0.1392974341281752 0.13932066119743047 0.13934388855503943 0.13936711620105124 0.139390344135516 0.1394135723584824 0.13943680087000032 0.13946002967012006 0.13948325875889056 0.13950648813636202 0.13952971780258383 0.13955294775760607 0.1395761780014788 0.139599408534252 0.13962263935597463 0.1396458704666983 0.13966910186647208 0.13969233355534638 0.13971556553337094 0.13973879780059661 0.13976203035707335 0.13978526320285123 0.1398084963379811 0.1398317297625128 0.1398549634764974 0.13987819747998465 0.13990143177302583 0.13992466635567102 0.13994790122797096 0.1399711363899765 0.1399943718417378 0.1400176075833064 0.14004084361473246 0.1400640799360674 0.1400873165473615 0.1401105534486663 0.14013379064003229 0.14015702812151087 0.1401802658931528 0.14020350395500958 0.14022674230713195 0.14024998094957153 0.14027321988237973 0.1402964591056074 0.1403196986193057 0.1403429384235264 0.14036617851832123 0.14038941890374135 0.14041265957983817 0.14043590054666377 0.14045914180426933 0.14048238335270624 0.14050562519202725 0.1405288673222832 0.1405521097435264 0.14057535245580843 0.14059859545918107 0.14062183875369672 0.14064508233940698 0.1406683262163645 0.14069157038462077 0.14071481484422788 0.14073805959523822 0.1407613046377041 0.1407845499716781 0.14080779559721157 0.14083104151435777 0.14085428772316877 0.14087753422369698 0.14090078101599512 0.14092402810011562 0.14094727547611052 0.14097052314403324 0.14099377110393652 0.14101701935587252 0.14104026789989432 0.14106351673605477 0.14108676586440627 0.141110015285002 0.1411332649978958 0.1411565150031393 0.14117976530078635 0.14120301589088968 0.1412262667735028 0.14124951794867846 0.14127276941647027 0.14129602117693107 0.14131927323011473 0.14134252557607452 0.14136577821486318 0.141389031146535 0.14141228437114295 0.14143553788874064 0.14145879169938236 0.14148204580312018 0.14150530020000984 0.1415285548901032 0.14155180987345561 0.14157506515011953 0.14159832072014977 0.14162157658359997 0.14164483274052375 0.1416680891909754 0.14169134593500865 0.14171460297267824 0.141737860304038 0.14176111792914237 0.1417843758480447 0.14180763406079988 0.1418308925674625 0.14185415136808677 0.14187741046272673 0.141900669851437 0.14192392953427224 0.14194718951128682 0.1419704497825357 0.14199371034807284 0.14201697120795354 0.1420402323622324 0.14206349381096361 0.14208675555420303 0.14211001759200514 0.14213327992442404 0.14215654255151566 0.14217980547333464 0.14220306868993615 0.14222633220137526 0.1422495960077066 0.1422728601089861 0.14229612450526874 0.1423193891966099 0.14234265418306424 0.1423659194646879 0.14238918504153608 0.14241245091366395 0.14243571708112723 0.14245898354398123 0.14248225030228234 0.1425055173560853 0.14252878470544594 0.14255205235042023 0.14257532029106368 0.1425985885274328 0.1426218570595823 0.14264512588756928 0.1426683950114488 0.14269166443127723 0.14271493414711056 0.14273820415900496 0.14276147446701626 0.1427847450712012 0.14280801597161552 0.1428312871683156 0.14285455866135732 0.14287783045079772 0.1429011025366933 0.14292437491910015 0.14294764759807466 0.14297092057367344 0.1429941938459529 0.14301746741497023 0.1430407412807817 0.14306401544344383 0.14308728990301445 0.14311056465954874 0.14313383971310445 0.14315711506373874 0.143180390711508 0.14320366665646933 0.1432269428986802 0.14325021943819705 0.14327349627507746 0.1432967734093782 0.14332005084115695 0.14334332857047083 0.14336660659737677 0.1433898849219325 0.1434131635441953 0.1434364424642225 0.1434597216820721 0.14348300119780077 0.1435062810114669 0.1435295611231273 0.14355284153284065 0.14357612224066352 0.14359940324665477 0.14362268455087124 0.14364596615337144 0.14366924805421266 0.14369253025345363 0.14371581275115153 0.14373909554736475 0.14376237864215136 0.14378566203556942 0.14380894572767733 0.1438322297185327 0.14385551400819419 0.14387879859672026 0.14390208348416866 0.14392536867059824 0.14394865415606772 0.14397193994063473 0.1439952260243581 0.1440185124072969 0.1440417990895092 0.14406508607105362 0.1440883733519892 0.14411166093237449 0.14413494881226796 0.14415823699172914 0.1441815254708162 0.14420481424958875 0.14422810332810532 0.14425139270642462 0.14427468238460628 0.14429797236270925 0.14432126264079215 0.14434455321891537 0.14436784409713666 0.1443911352755165 0.14441442675411353 0.14443771853298715 0.1444610106121973 0.14448430299180237 0.1445075956718629 0.14453088865243824 0.14455418193358782 0.14457747551537126 0.14460076939784772 0.14462406358107793 0.14464735806512152 0.14467065285003733 0.14469394793588586 0.14471724332272706 0.14474053901062112 0.1447638349996273 0.14478713128980603 0.14481042788121767 0.14483372477392187 0.144857021967979 0.14488031946344904 0.14490361726039303 0.14492691535887037 0.14495021375894168 0.14497351246066792 0.14499681146410848 0.14502011076932453 0.14504341037637647 0.1450667102853247 0.14509001049622994 0.14511331100915315 0.14513661182415483 0.14515991294129538 0.14518321436063597 0.14520651608223756 0.14522981810616054 0.1452531204324662 0.14527642306121502 0.145299725992469 0.14532302922628815 0.145346332762734 0.14536963660186797 0.14539294074375086 0.14541624518844443 0.14543954993600905 0.14546285498650668 0.14548616033999862 0.14550946599654657 0.14553277195621106 0.14555607821905425 0.14557938478513788 0.145602691654523 0.145625998827272 0.14564930630344564 0.1456726140831064 0.14569592216631544 0.14571923055313485 0.14574253924362668 0.14576584823785277 0.1457891575358744 0.14581246713775475 0.14583577704355477 0.14585908725333718 0.14588239776716394 0.14590570858509677 0.1459290197071984 0.14595233113353157 0.14597564286415765 0.14599895489913894 0.1460222672385384 0.14604557988241818 0.14606889283084123 0.1460922060838692 0.14611551964156566 0.14613883350399215 0.14616214767121216 0.14618546214328787 0.14620877692028245 0.1462320920022584 0.14625540738927845 0.146278723081406 0.14630203907870354 0.14632535538123403 0.14634867198906043 0.14637198890224623 0.14639530612085372 0.14641862364494684 0.14644194147458844 0.1464652596098419 0.1464885780507703 0.14651189679743692 0.14653521584990503 0.14655853520823847 0.14658185487250053 0.14660517484275482 0.14662849511906406 0.14665181570149266 0.14667513659010412 0.14669845778496182 0.14672177928613028 0.14674510109367223 0.1467684232076516 0.1467917456281329 0.14681506835517966 0.14683839138885568 0.14686171472922505 0.1468850383763518 0.14690836233029958 0.14693168659113365 0.14695501115891685 0.14697833603371424 0.14700166121558955 0.1470249867046075 0.1470483125008325 0.14707163860432804 0.1470949650151594 0.14711829173339053 0.14714161875908638 0.14716494609231123 0.14718827373312982 0.1472116016816064 0.1472349299378064 0.14725825850179364 0.14728158737363373 0.14730491655339095 0.14732824604113004 0.1473515758369165 0.14737490594081493 0.14739823635289018 0.14742156707320764 0.14744489810183192 0.14746822943882854 0.14749156108426242 0.14751489303819887 0.14753822530070326 0.14756155787184078 0.14758489075167647 0.14760822394027628 0.14763155743770517 0.14765489124402886 0.14767822535931308 0.14770155978362276 0.14772489451702375 0.14774822955958222 0.14777156491136312 0.14779490057243283 0.14781823654285653 0.14784157282270027 0.14786490941203034 0.14788824631091146 0.14791158351941103 0.14793492103759442 0.1479582588655275 0.1479815970032764 0.14800493545090754 0.14802827420848697 0.14805161327608085 0.1480749526537556 0.14809829234157668 0.14812163233961173 0.14814497264792648 0.14816831326658686 0.14819165419566038 0.14821499543521321 0.14823833698531153 0.14826167884602204 0.14828502101741203 0.14830836349954735 0.14833170629249548 0.14835504939632227 0.14837839281109533 0.1484017365368817 0.14842508057374737 0.14844842492176025 0.14847176958098673 0.14849511455149378 0.14851845983334944 0.14854180542661988 0.14856515133137238 0.14858849754767456 0.14861184407559302 0.14863519091519606 0.14865853806655038 0.1486818855297234 0.1487052333047827 0.14872858139179546 0.14875192979082974 0.1487752785019527 0.14879862752523199 0.1488219768607354 0.14884532650853077 0.1488686764686854 0.14889202674126722 0.1489153773263443 0.14893872822398468 0.14896207943425532 0.1489854309572256 0.14900878279296204 0.14903213494153367 0.1490554874030081 0.149078840177454 0.14910219326493923 0.1491255466655319 0.1491489003793005 0.149172254406313 0.1491956087466385 0.14921896340034435 0.14924231836749946 0.14926567364817245 0.14928902924243181 0.14931238515034617 0.1493357413719839 0.14935909790741364 0.14938245475670464 0.14940581191992497 0.14942916939714368 0.14945252718842938 0.14947588529385125 0.14949924371347834 0.14952260244737958 0.14954596149562338 0.14956932085827912 0.1495926805354162 0.1496160405271033 0.1496394008334102 0.1496627614544056 0.14968612239015866 0.14970948364073877 0.1497328452062161 0.1497562070866587 0.14977956928213698 0.14980293179271997 0.1498262946184773 0.149849657759479 0.1498730212157936 0.1498963849874917 0.14991974907464267 0.14994311347731637 0.1499664781955824 0.14998984322951114 0.150013208579171 0.1500365742446339 0.15005994022596814 0.15008330652324464 0.15010667313653292 0.15013004006590358 0.15015340731142635 0.15017677487317183 0.1502001427512094 0.15022351094561026 0.150246879456444 0.15027024828378188 0.15029361742769298 0.1503169868882488 0.15034035666551904 0.1503637267595751 0.15038709717048682 0.15041046789832502 0.15043383894316065 0.15045721030506354 0.15048058198410552 0.15050395398035676 0.150527326293888 0.15055069892477035 0.1505740718730747 0.1505974451388722 0.1506208187222332 0.15064419262322892 0.15066756684193094 0.15069094137840988 0.15071431623273746 0.15073769140498405 0.1507610668952215 0.15078444270352143 0.1508078188299542 0.150831195274592 0.15085457203750552 0.15087794911876717 0.1509013265184479 0.15092470423661908 0.15094808227335255 0.15097146062872013 0.15099483930279334 0.15101821829564355 0.15104159760734337 0.15106497723796386 0.15108835718757652 0.1511117374562546 0.15113511804406898 0.1511584989510919 0.15118188017739542 0.15120526172305193 0.15122864358813248 0.15125202577271069 0.1512754082768576 0.15129879110064615 0.15132217424414796 0.15134555770743618 0.15136894149058255 0.15139232559365945 0.15141571001673992 0.15143909475989592 0.15146247982320027 0.15148586520672513 0.15150925091054346 0.15153263693472818 0.1515560232793517 0.1515794099444866 0.15160279693020595 0.15162618423658247 0.15164957186368944 0.15167295981159912 0.1516963480803849 0.1517197366701195 0.15174312558087621 0.15176651481272807 0.15178990436574857 0.1518132942400101 0.15183668443558673 0.15186007495255116 0.15188346579097678 0.15190685695093709 0.15193024843250558 0.1519536402357553 0.15197703236075988 0.15200042480759324 0.15202381757632855 0.15204721066703963 0.1520706040797999 0.15209399781468314 0.1521173918717632 0.1521407862511136 0.15216418095280848 0.15218757597692167 0.1522109713235268 0.1522343669926981 0.15225776298450977 0.15228115929903507 0.15230455593634884 0.1523279528965248 0.1523513501796373 0.15237474778576054 0.152398145714969 0.15242154396733598 0.15244494254293706 0.15246834144184607 0.1524917406641374 0.15251514020988544 0.15253854007916479 0.15256194027205028 0.15258534078861585 0.15260874162893712 0.15263214279308768 0.15265554428114314 0.15267894609317778 0.15270234822926643 0.15272575068948413 0.15274915347390539 0.1527725565826059 0.15279596001565965 0.15281936377314254 0.15284276785512863 0.15286617226169408 0.15288957699291394 0.1529129820488626 0.1529363874296159 0.152959793135249 0.15298319916583702 0.15300660552145573 0.15303001220218015 0.15305341920808568 0.15307682653924815 0.1531002341957428 0.15312364217764518 0.1531470504850314 0.153170459117977 0.153193868076557 0.15321727736084778 0.15324068697092452 0.15326409690686416 0.15328750716874107 0.1533109177566323 0.15333432867061336 0.15335773991076074 0.1533811514771497 0.15340456336985675 0.15342797558895827 0.15345138813452985 0.1534748010066478 0.15349821420538878 0.1535216277308289 0.15354504158304416 0.15356845576211176 0.15359187026810728 0.15361528510110767 0.15363870026118875 0.15366211574842792 0.1536855315629012 0.15370894770468557 0.1537323641738576 0.15375578097049392 0.15377919809467167 0.15380261554646735 0.15382603332595712 0.15384945143321926 0.15387286986832915 0.15389628863136529 0.1539197077224035 0.1539431271415218 0.15396654688879652 0.15398996696430511 0.15401338736812498 0.15403680810033282 0.15406022916100637 0.15408365055022288 0.15410707226805953 0.15413049431459347 0.15415391668990253 0.1541773393940642 0.15420076242715564 0.15422418578925523 0.15424760948043936 0.15427103350078675 0.15429445785037454 0.15431788252928047 0.1543413075375829 0.15436473287535857 0.15438815854268628 0.15441158453964354 0.15443501086630818 0.15445843752275845 0.15448186450907242 0.15450529182532824 0.15452871947160363 0.15455214744797663 0.15457557575452596 0.15459900439132968 0.15462243335846604 0.1546458626560132 0.1546692922840497 0.15469272224265374 0.15471615253190396 0.1547395831518794 0.1547630141026577 0.15478644538431785 0.15480987699693782 0.15483330894059777 0.15485674121537474 0.1548801738213481 0.1549036067585976 0.15492704002720037 0.15495047362723646 0.15497390755878437 0.15499734182192282 0.15502077641673184 0.15504421134328938 0.1550676466016747 0.15509108219196754 0.15511451811424581 0.15513795436859035 0.1551613909550793 0.15518482787379217 0.15520826512480834 0.1552317027082074 0.1552551406240683 0.1552785788724711 0.15530201745349492 0.1553254563672194 0.15534889561372367 0.15537233519308835 0.1553957751053925 0.15541921535071523 0.1554426559291372 0.1554660968407382 0.1554895380855975 0.15551297966379574 0.1555364215754118 0.15555986382052678 0.15558330639921936 0.15560674931157148 0.1556301925576613 0.15565363613756966 0.15567708005137726 0.1557005242991638 0.15572396888100926 0.15574741379699464 0.1557708590471999 0.15579430463170552 0.15581775055059166 0.15584119680393882 0.15586464339182815 0.15588809031433937 0.15591153757155374 0.1559349851635512 0.1559584330904129 0.1559818813522197 0.1560053299490518 0.15602877888099087 0.1560522281481166 0.15607567775051068 0.15609912768825385 0.15612257796142692 0.1561460285701115 0.15616947951438787 0.15619293079433727 0.1562163824100411 0.15623983436158062 0.15626328664903688 0.15628673927249093 0.15631019223202425 0.15633364552771833 0.15635709915965468 0.156380553127914 0.15640400743257843 0.15642746207372904 0.15645091705144798 0.15647437236581618 0.15649782801691625 0.1565212840048288 0.15654474032963583 0.15656819699141922 0.1565916539902611 0.1566151113262425 0.15663856899944617 0.15666202700995346 0.15668548535784677 0.156708944043208 0.15673240306611902 0.15675586242666162 0.15677932212491874 0.15680278216097165 0.15682624253490407 0.15684970324679637 0.15687316429673182 0.1568966256847929 0.15692008741106178 0.15694354947562072 0.15696701187855244 0.1569904746199393 0.15701393769986427 0.15703740111840947 0.15706086487565718 0.1570843289716909 0.1571077934065932 0.15713125818044638 0.15715472329333358 0.15717818874533762 0.1572016545365411 0.15722512066702754 0.1572485871368794 0.15727205394618005 0.15729552109501188 0.15731898858345894 0.1573424564116035 0.15736592457952958 0.15738939308731958 0.1574128619350572 0.1574363311228254 0.15745980065070797 0.1574832705187883 0.15750674072714954 0.15753021127587508 0.1575536821650485 0.15757715339475387 0.15760062496507388 0.1576240968760927 0.15764756912789402 0.15767104172056157 0.15769451465417905 0.15771798792882974 0.15774146154459856 0.15776493550156856 0.15778840979982378 0.1578118844394485 0.15783535942052596 0.15785883474314166 0.15788231040737832 0.15790578641332076 0.15792926276105257 0.15795273945065846 0.15797621648222304 0.15799969385582946 0.15802317157156298 0.15804664962950798 0.1580701280297484 0.15809360677236883 0.1581170858574542 0.15814056528508835 0.15816404505535642 0.1581875251683431 0.15821100562413237 0.1582344864228098 0.15825796756445965 0.15828144904916663 0.15830493087701591 0.1583284130480922 0.1583518955624803 0.1583753784202654 0.15839886162153238 0.15842234516636644 0.15844582905485227 0.15846931328707503 0.15849279786312043 0.15851628278307306 0.15853976804701864 0.15856325365504254 0.15858673960722913 0.15861022590366503 0.15863371254443503 0.15865719952962465 0.15868068685931902 0.1587041745336043 0.15872766255256576 0.15875115091628889 0.15877463962485971 0.15879812867836396 0.15882161807688688 0.15884510782051442 0.1588685979093326 0.15889208834342727 0.15891557912288412 0.15893907024778964 0.1589625617182292 0.15898605353428863 0.15900954569605474 0.15903303820361359 0.15905653105705098 0.15908002425645273 0.15910351780190624 0.15912701169349663 0.15915050593131097 0.15917400051543518 0.1591974954459554 0.15922099072295914 0.159244486346532 0.15926798231676054 0.15929147863373172 0.15931497529753225 0.15933847230824805 0.15936196966596616 0.15938546737077397 0.1594089654227573 0.15943246382200316 0.15945596256859862 0.15947946166263083 0.1595029611041865 0.15952646089335176 0.15954996103021502 0.15957346151486262 0.15959696234738208 0.15962046352785997 0.15964396505638367 0.15966746693304013 0.15969096915791747 0.1597144717311021 0.15973797465268202 0.1597614779227441 0.15978498154137621 0.15980848550866567 0.15983198982469982 0.15985549448956604 0.15987899950335271 0.15990250486614654 0.1599260105780359 0.1599495166391084 0.15997302304945116 0.1599965298091527 0.16002003691830025 0.16004354437698243 0.16006705218528683 0.16009056034330116 0.16011406885111357 0.16013757770881232 0.16016108691648523 0.16018459647422068 0.16020810638210647 0.1602316166402311 0.1602551272486824 0.1602786382075495 0.1603021495169199 0.16032566117688218 0.16034917318752528 0.16037268554893713 0.1603961982612062 0.16041971132442068 0.16044322473867045 0.16046673850404292 0.1604902526206271 0.16051376708851184 0.1605372819077856 0.1605607970785372 0.1605843126008557 0.16060782847483002 0.1606313447005484 0.16065486127810047 0.16067837820757513 0.1607018954890611 0.16072541312264788 0.1607489311084238 0.16077244944647884 0.1607959681369021 0.16081948717978223 0.16084300657520878 0.16086652632327136 0.1608900464240589 0.16091356687766112 0.16093708768416726 0.1609606088436667 0.16098413035624903 0.16100765222200386 0.1610311744410211 0.16105469701339004 0.16107821993920046 0.16110174321854165 0.16112526685150397 0.1611487908381768 0.16117231517865016 0.161195839873014 0.16121936492135847 0.16124289032377292 0.16126641608034764 0.16128994219117287 0.16131346865633844 0.16133699547593428 0.1613605226500514 0.16138405017877921 0.16140757806220807 0.16143110630042834 0.1614546348935304 0.16147816384160485 0.16150169314474194 0.16152522280303172 0.1615487528165651 0.16157228318543249 0.16159581390972444 0.16161934498953145 0.16164287642494424 0.16166640821605427 0.16168994036295126 0.16171347286572613 0.16173700572446992 0.16176053893927378 0.16178407251022753 0.16180760643742376 0.16183114072095206 0.16185467536090392 0.1618782103573707 0.16190174571044302 0.16192528142021234 0.1619488174867696 0.16197235391020592 0.16199589069061326 0.1620194278280822 0.16204296532270424 0.16206650317457094 0.1620900413837737 0.16211357995040387 0.16213711887455284 0.16216065815631264 0.1621841977957741 0.16220773779302988 0.1622312781481705 0.16225481886128834 0.16227835993247508 0.16230190136182254 0.16232544314942232 0.1623489852953668 0.1623725277997471 0.1623960706626557 0.16241961388418436 0.1624431574644256 0.16246670140347086 0.16249024570141268 0.1625137903583429 0.162537335374354 0.16256088074953845 0.1625844264839873 0.16260797257779425 0.1626315190310509 0.16265506584385026 0.16267861301628428 0.16270216054844522 0.162725708440426 0.16274925669231932 0.16277280530421745 0.1627963542762132 0.16281990360839893 0.16284345330086758 0.1628670033537124 0.1628905537670251 0.1629141045408995 0.16293765567542828 0.16296120717070384 0.16298475902681975 0.16300831124386883 0.16303186382194357 0.1630554167611381 0.1630789700615446 0.16310252372325706 0.1631260777463679 0.1631496321309709 0.16317318687715887 0.16319674198502543 0.16322029745466426 0.1632438532861682 0.16326740947963114 0.1632909660351458 0.1633145229528068 0.1633380802327069 0.16336163787494007 0.16338519587959954 0.1634087542467797 0.16343231297657368 0.16345587206907564 0.16347943152437927 0.16350299134257806 0.16352655152376616 0.16355011206803782 0.16357367297548642 0.1635972342462063 0.16362079588029166 0.16364435787783604 0.16366792023893428 0.16369148296368008 0.16371504605216802 0.16373860950449148 0.16376217332074572 0.16378573750102488 0.1638093020454231 0.16383286695403465 0.16385643222695423 0.16387999786427643 0.16390356386609573 0.16392713023250627 0.16395069696360298 0.163974264059481 0.16399783152023428 0.16402139934595783 0.16404496753674636 0.16406853609269478 0.16409210501389826 0.1641156743004506 0.16413924395244806 0.16416281396998467 0.1641863843531558 0.16420995510205705 0.1642335262167821 0.16425709769742758 0.1642806695440876 0.16430424175685843 0.1643278143358342 0.16435138728111065 0.164374960592783 0.1643985342709473 0.16442210831569803 0.16444568272713112 0.16446925750534225 0.1644928326504267 0.1645164081624797 0.16453998404159753 0.16456356028787522 0.16458713690140891 0.1646107138822942 0.16463429123062712 0.16465786894650292 0.16468144703001764 0.1647050254812673 0.16472860430034808 0.16475218348735576 0.16477576304238606 0.16479934296553522 0.1648229232568994 0.16484650391657474 0.1648700849446576 0.16489366634124358 0.1649172481064295 0.16494083024031192 0.16496441274298623 0.16498799561454935 0.16501157885509765 0.1650351624647276 0.1650587464435358 0.16508233079161894 0.16510591550907272 0.16512950059599463 0.1651530860524809 0.1651766718786286 0.1652002580745342 0.1652238446402946 0.16524743157600608 0.1652710188817662 0.1652946065576717 0.16531819460381902 0.16534178302030567 0.16536537180722855 0.1653889609646847 0.16541255049277104 0.16543614039158505 0.16545973066122355 0.1654833213017839 0.16550691231336323 0.16553050369605904 0.16555409544996869 0.16557768757518898 0.1656012800718184 0.1656248729399531 0.16564846617969153 0.16567205979113075 0.1656956537743688 0.16571924812950312 0.16574284285663077 0.16576643795585022 0.16579003342725873 0.1658136292709539 0.1658372254870345 0.16586082207559738 0.16588441903674067 0.16590801637056274 0.16593161407716073 0.16595521215663334 0.1659788106090786 0.16600240943459432 0.16602600863327832 0.16604960820523007 0.1660732081505465 0.16609680846932584 0.16612040916166682 0.1661440102276679 0.16616761166742744 0.16619121348104327 0.1662148156686143 0.16623841823023922 0.16626202116601618 0.16628562447604378 0.1663092281604206 0.16633283221924555 0.1663564366526169 0.1663800414606338 0.1664036466433949 0.16642725220099863 0.166450858133544 0.16647446444113 0.16649807112385606 0.1665216781818205 0.16654528561512194 0.1665688934238604 0.1665925016081342 0.16661611016804312 0.16663971910368547 0.16666332841516107 0.1666869381025693 0.16671054816600894 0.1667341586055795 0.16675776942138054 0.16678138061351078 0.16680499218207068 0.16682860412715894 0.1668522164488755 0.16687582914731935 0.1668994422225908 0.16692305567478916 0.16694666950401393 0.16697028371036493 0.16699389829394173 0.16701751325484493 0.16704112859317344 0.16706474430902785 0.16708836040250707 0.16711197687371226 0.16713559372274256 0.1671592109496981 0.16718282855467936 0.16720644653778627 0.16723006489911885 0.16725368363877713 0.1672773027568618 0.1673009222534726 0.1673245421287105 0.16734816238267491 0.16737178301546718 0.16739540402718722 0.1674190254179353 0.16744264718781277 0.16746626933691922 0.1674898918653559 0.16751351477322274 0.16753713806062132 0.16756076172765144 0.16758438577441437 0.16760801020101102 0.1676316350075413 0.16765526019410748 0.16767888576080914 0.16770251170774797 0.16772613803502467 0.1677497647427405 0.16777339183099638 0.1677970192998931 0.16782064714953204 0.16784427538001478 0.16786790399144136 0.16789153298391446 0.1679151623575348 0.16793879211240303 0.16796242224862157 0.16798605276629142 0.16800968366551428 0.16803331494639095 0.16805694660902337 0.168080578653513 0.16810421107996165 0.16812784388847102 0.16815147707914246 0.1681751106520778 0.16819874460737905 0.1682223789451477 0.16824601366548564 0.16826964876849504 0.1682932842542776 0.16831692012293564 0.16834055637457013 0.1683641930092843 0.1683878300271795 0.16841146742835778 0.16843510521292204 0.16845874338097366 0.16848238193261578 0.16850602086794975 0.16852966018707827 0.1685532998901036 0.16857693997712875 0.168600580448255 0.16862422130358568 0.16864786254322306 0.16867150416726984 0.16869514617582815 0.16871878856900135 0.16874243134689093 0.1687660745096009 0.16878971805723353 0.1688133619898915 0.16883700630767762 0.16886065101069458 0.16888429609904554 0.1689079415728335 0.16893158743216108 0.16895523367713183 0.1689788803078487 0.16900252732441456 0.16902617472693227 0.1690498225155056 0.16907347069023737 0.16909711925123105 0.1691207681985899 0.16914441753241727 0.16916806725281652 0.16919171735989036 0.16921536785374358 0.169239018734479 0.16926267000219986 0.16928632165701007 0.16930997369901313 0.1693336261283126 0.16935727894501262 0.16938093214921612 0.16940458574102768 0.16942823972055077 0.16945189408788874 0.16947554884314653 0.16949920398642704 0.16952285951783497 0.16954651543747368 0.16957017174544786 0.169593828441861 0.16961748552681744 0.16964114300042155 0.16966480086277724 0.1696884591139889 0.16971211775416073 0.16973577678339702 0.16975943620180212 0.16978309600948027 0.16980675620653596 0.1698304167930742 0.16985407776919903 0.1698777391350147 0.1699014008906261 0.1699250630361383 0.1699487255716553 0.1699723884972818 0.16999605181312316 0.1700197155192834 0.1700433796158679 0.17006704410298146 0.17009070898072864 0.1701143742492145 0.17013803990854404 0.17016170595882263 0.17018537240015486 0.17020903923264596 0.1702327064564011 0.17025637407152527 0.17028004207812386 0.17030371047630177 0.17032737926616537 0.17035104844781856 0.17037471802136728 0.1703983879869171 0.1704220583445738 0.170445729094442 0.17046940023662738 0.17049307177123596 0.17051674369837322 0.17054041601814474 0.17056408873065632 0.1705877618360132 0.17061143533432155 0.1706351092256868 0.17065878351021502 0.1706824581880123 0.17070613325918427 0.1707298087238368 0.17075348458207606 0.17077716083400807 0.17080083747973884 0.1708245145193743 0.1708481919530208 0.17087186978078472 0.17089554800277174 0.17091922661908865 0.17094290562984138 0.17096658503513606 0.17099026483508006 0.1710139450297783 0.17103762561933877 0.17106130660386676 0.1710849879834695 0.17110866975825323 0.17113235192832477 0.17115603449379058 0.17117971745475735 0.17120340081133223 0.17122708456362112 0.1712507687117314 0.17127445325576995 0.17129813819584372 0.17132182353205905 0.1713455092645233 0.1713691953933436 0.17139288191862634 0.17141656884047984 0.17144025615901004 0.1714639438743243 0.17148763198653028 0.1715113204957347 0.1715350094020448 0.1715586987055686 0.1715823884064126 0.17160607850468468 0.17162976900049198 0.17165345989394232 0.17167715118514282 0.17170084287420118 0.17172453496122475 0.1717482274463218 0.17177192032959898 0.17179561361116458 0.17181930729112682 0.1718430013695923 0.1718666958466697 0.17189039072246692 0.17191408599709113 0.17193778167065044 0.17196147774325365 0.1719851742150077 0.17200887108602092 0.17203256835640168 0.1720562660262579 0.17207996409569803 0.17210366256482945 0.17212736143376106 0.17215106070260133 0.17217476037145807 0.17219846044043963 0.17222216090965492 0.17224586177921164 0.17226956304921892 0.1722932647197849 0.17231696679101793 0.17234066926302705 0.17236437213592037 0.17238807540980672 0.17241177908479532 0.17243548316099422 0.17245918763851253 0.17248289251745885 0.17250659779794253 0.17253030348007214 0.17255400956395583 0.1725777160497035 0.17260142293742398 0.1726251302272266 0.1726488379192198 0.172672546013513 0.17269625451021542 0.17271996340943607 0.17274367271128432 0.17276738241586942 0.17279109252330038 0.17281480303368735 0.17283851394713878 0.1728622252637646 0.17288593698367416 0.17290964910697726 0.17293336163378292 0.17295707456420073 0.17298078789834082 0.17300450163631276 0.1730282157782257 0.17305193032418964 0.17307564527431474 0.17309936062871034 0.17312307638748647 0.17314679255075272 0.17317050911861964 0.1731942260911966 0.17321794346859376 0.17324166125092155 0.17326537943828946 0.17328909803080805 0.17331281702858692 0.1733365364317374 0.17336025624036844 0.1733839764545907 0.17340769707451498 0.17343141810025098 0.17345513953190939 0.17347886136960056 0.1735025836134353 0.17352630626352372 0.1735500293199762 0.17357375278290355 0.17359747665241654 0.17362120092862587 0.17364492561164147 0.17366865070157522 0.17369237619853695 0.17371610210263788 0.17373982841398872 0.17376355513270048 0.17378728225888418 0.1738110097926504 0.1738347377341105 0.17385846608337563 0.17388219484055611 0.1739059240057641 0.1739296535791096 0.17395338356070444 0.1739771139506603 0.17400084474908728 0.17402457595609788 0.1740483075718029 0.17407203959631368 0.1740957720297418 0.17411950487219818 0.17414323812379506 0.1741669717846437 0.17419070585485552 0.17421444033454225 0.17423817522381535 0.17426191052278694 0.1742856462315684 0.1743093823502715 0.1743331188790085 0.1743568558178905 0.17438059316702936 0.17440433092653773 0.17442806909652742 0.17445180767711 0.17447554666839793 0.1744992860705028 0.17452302588353708 0.17454676610761288 0.1745705067428418 0.17459424778933708 0.1746179892472104 0.174641731116574 0.17466547339754013 0.1746892160902216 0.17471295919473073 0.17473670271117947 0.1747604466396805 0.17478419098034692 0.1748079357332908 0.17483168089862522 0.17485542647646146 0.17487917246691342 0.17490291887009435 0.17492666568611537 0.17495041291509028 0.17497416055713155 0.17499790861235298 0.17502165708086626 0.17504540596278462 0.17506915525822153 0.17509290496728958 0.1751166550901022 0.17514040562677202 0.17516415657741236 0.175187907942136 0.17521165972105734 0.17523541191428893 0.17525916452194346 0.17528291754413483 0.17530667098097652 0.17533042483258154 0.17535417909906392 0.17537793378053645 0.17540168887711338 0.1754254443889074 0.17544920031603284 0.17547295665860285 0.17549671341673145 0.175520470590532 0.1755442281801186 0.1755679861856051 0.1755917446071047 0.17561550344473154 0.17563926269860008 0.17566302236882325 0.17568678245551594 0.17571054295879174 0.17573430387876443 0.1757580652155486 0.17578182696925804 0.17580558914000755 0.17582935172791014 0.17585311473308085 0.17587687815563424 0.175900641995684 0.1759244062533447 0.1759481709287305 0.17597193602195582 0.17599570153313604 0.17601946746238462 0.17604323380981657 0.17606700057554625 0.17609076775968813 0.17611453536235722 0.17613830338366843 0.176162071823736 0.17618584068267473 0.1762096099605993 0.1762333796576252 0.17625714977386675 0.1762809203094392 0.17630469126445714 0.17632846263903557 0.17635223443329007 0.176376006647335 0.17639977928128603 0.17642355233525808 0.1764473258093664 0.1764710997037262 0.17649487401845265 0.17651864875366075 0.17654242390946673 0.17656619948598506 0.17658997548333144 0.17661375190162154 0.1766375287409705 0.1766613060014942 0.1766850836833077 0.17670886178652745 0.17673264031126834 0.1767564192576463 0.17678019862577654 0.1768039784157759 0.1768277586277588 0.17685153926184294 0.17687532031814202 0.17689910179677337 0.1769228836978528 0.17694666602149556 0.17697044876781853 0.17699423193693653 0.17701801552896756 0.17704179954402643 0.17706558398222882 0.17708936884369209 0.177113154128532 0.17713693983686518 0.1771607259688075 0.1771845125244753 0.1772082995039852 0.1772320869074534 0.17725587473499682 0.17727966298673126 0.17730345166277395 0.1773272407632409 0.1773510302882495 0.17737482023791573 0.17739861061235618 0.1774224014116883 0.17744619263602845 0.1774699842854931 0.17749377636019914 0.17751756886026415 0.1775413617858046 0.1775651551369375 0.17758894891377963 0.17761274311644826 0.1776365377450606 0.17766033279973348 0.1776841282805839 0.1777079241877294 0.17773172052128694 0.1777555172813745 0.17777931446810835 0.17780311208160626 0.1778269101219856 0.17785070858936347 0.17787450748385802 0.17789830680558616 0.17792210655466534 0.1779459067312138 0.17796970733534823 0.17799350836718708 0.17801730982684782 0.1780411117144477 0.17806491403010472 0.17808871677393712 0.1781125199460616 0.17813632354659736 0.17816012757566158 0.17818393203337202 0.17820773691984715 0.17823154223520454 0.17825534797956277 0.17827915415303908 0.1783029607557528 0.17832676778782086 0.17835057524936193 0.1783743831404947 0.17839819146133684 0.17842200021200683 0.1784458093926229 0.17846961900330416 0.17849342904416798 0.1785172395153336 0.1785410504169188 0.17856486174904262 0.17858867351182395 0.17861248570538057 0.17863629832983163 0.1786601113852958 0.17868392487189189 0.178707738789738 0.17873155313895384 0.17875536791965785 0.1787791831319685 0.17880299877600525 0.17882681485188723 0.17885063135973278 0.17887444829966093 0.17889826567179112 0.17892208347624217 0.17894590171313407 0.17896972038258463 0.17899353948471408 0.17901735901964133 0.17904117898748528 0.17906499938836595 0.17908882022240213 0.1791126414897135 0.17913646319041931 0.17916028532463968 0.17918410789249295 0.17920793089409948 0.17923175432957883 0.17925557819905058 0.17927940250263408 0.1793032272404489 0.1793270524126157 0.17935087801925353 0.17937470406048173 0.1793985305364214 0.17942235744719126 0.1794461847929114 0.17947001257370276 0.1794938407896841 0.17951766944097658 0.17954149852769952 0.17956532804997305 0.1795891580079172 0.1796129884016523 0.17963681923129926 0.17966065049697733 0.1796844821988075 0.17970831433690915 0.1797321469114037 0.1797559799224111 0.179779813370052 0.17980364725444653 0.17982748157571582 0.17985131633397933 0.17987515152935885 0.17989898716197394 0.17992282323194586 0.17994665973939528 0.17997049668444276 0.1799943340672101 0.18001817188781644 0.1800420101463831 0.18006584884303178 0.18008968797788283 0.18011352755105736 0.18013736756267584 0.18016120801286029 0.18018504890173082 0.18020889022940922 0.1802327319960162 0.18025657420167274 0.18028041684650087 0.18030425993062182 0.18032810345415595 0.1803519474172256 0.180375791819951 0.18039963666245473 0.18042348194485713 0.18044732766728044 0.18047117382984645 0.18049502043267618 0.18051886747589097 0.18054271495961294 0.18056656288396378 0.1805904112490645 0.18061426005503833 0.1806381093020053 0.1806619589900884 0.1806858091194088 0.18070965969008856 0.18073351070224986 0.18075736215601468 0.18078121405150527 0.18080506638884275 0.18082891916815014 0.18085277238954833 0.18087662605316102 0.18090048015910942 0.18092433470751557 0.1809481896985028 0.180972045132192 0.180995901008707 0.181019757328169 0.18104361409070102 0.1810674712964251 0.18109132894546387 0.18111518703794072 0.18113904557397664 0.18116290455369455 0.181186763977218 0.1812106238446698 0.18123448415617116 0.18125834491184634 0.1812822061118171 0.18130606775620683 0.18132992984513807 0.18135379237873395 0.1813776553571168 0.18140151878041078 0.18142538264873764 0.18144924696222087 0.1814731117209838 0.18149697692514943 0.18152084257484058 0.18154470867018113 0.18156857521129344 0.1815924421983015 0.18161630963132813 0.18164017751049666 0.1816640458359311 0.1816879146077539 0.18171178382608943 0.18173565349106036 0.18175952360279102 0.1817833941614041 0.18180726516702383 0.18183113661977346 0.18185500851977698 0.18187888086715776 0.18190275366204012 0.18192662690454708 0.18195050059480267 0.18197437473293143 0.18199824931905662 0.18202212435330212 0.18204599983579162 0.1820698757666499 0.18209375214600054 0.18211762897396766 0.18214150625067538 0.18216538397624804 0.18218926215080955 0.18221314077448358 0.18223701984739582 0.18226089936966972 0.18228477934142961 0.18230865976279953 0.18233254063390447 0.18235642195486879 0.18238030372581693 0.18240418594687302 0.1824280686181622 0.18245195173980855 0.18247583531193667 0.1824997193346718 0.18252360380813826 0.18254748873246096 0.18257137410776392 0.18259525993417325 0.18261914621181252 0.18264303294080775 0.18266692012128316 0.18269080775336355 0.1827146958371746 0.1827385843728404 0.18276247336048712 0.1827863628002393 0.18281025269222173 0.1828341430365601 0.1828580338333795 0.18288192508280532 0.18290581678496232 0.1829297089399765 0.1829536015479727 0.18297749460907653 0.18300138812341338 0.18302528209110935 0.1830491765122887 0.18307307138707785 0.18309696671560194 0.1831208624979871 0.18314475873435831 0.18316865542484195 0.18319255256956346 0.1832164501686484 0.18324034822222257 0.18326424673041242 0.18328814569334329 0.1833120451111412 0.18333594498393202 0.1833598453118419 0.1833837460949963 0.1834076473335221 0.18343154902754522 0.18345545117719142 0.18347935378258717 0.18350325684385815 0.18352716036113148 0.18355106433453283 0.18357496876418855 0.18359887365022542 0.18362277899276935 0.18364668479194668 0.18367059104788397 0.18369449776070823 0.18371840493054548 0.18374231255752238 0.18376622064176584 0.18379012918340187 0.18381403818255804 0.18383794763936012 0.18386185755393558 0.18388576792641087 0.183909678756913 0.18393359004556853 0.18395750179250414 0.18398141399784784 0.18400532666172575 0.18402923978426455 0.18405315336559236 0.18407706740583563 0.18410098190512159 0.18412489686357714 0.1841488122813295 0.18417272815850705 0.1841966444952352 0.18422056129164244 0.18424447854785553 0.1842683962640026 0.18429231444020977 0.18431623307660594 0.184340152173318 0.18436407173047376 0.18438799174819986 0.18441191222662445 0.18443583316587553 0.18445975456607988 0.18448367642736652 0.1845075987498621 0.18453152153369445 0.18455544477899222 0.18457936848588208 0.18460329265449293 0.18462721728495213 0.184651142377388 0.18467506793192845 0.18469899394870082 0.18472292042783434 0.18474684736945635 0.1847707747736952 0.18479470264067888 0.18481863097053552 0.18484255976339437 0.18486648901938263 0.18489041873862921 0.1849143489212619 0.18493827956740938 0.1849622106772002 0.1849861422507625 0.18501007428822547 0.18503400678971693 0.1850579397553661 0.185081873185301 0.1851058070796503 0.18512974143854344 0.1851536762621081 0.18517761155047374 0.18520154730376948 0.18522548352212276 0.18524942020566404 0.18527335735452066 0.18529729496882363 0.18532123304869996 0.18534517159427932 0.1853691106056915 0.18539305008306428 0.1854169900265279 0.1854409304362109 0.18546487131224265 0.1854888126547527 0.1855127544638695 0.1855366967397234 0.18556063948244295 0.18558458269215738 0.18560852636899705 0.18563247051309084 0.18565641512456843 0.18568036020355871 0.18570430575019226 0.1857282517645975 0.18575219824690536 0.1857761451972444 0.18580009261574482 0.18582404050253643 0.18584798885774867 0.185871937681512 0.18589588697395543 0.18591983673520962 0.1859437869654037 0.18596773766466856 0.18599168883313344 0.18601564047092856 0.1860395925781837 0.18606354515502987 0.18608749820159687 0.18611145171801446 0.186135405704413 0.18615936016092238 0.18618331508767383 0.18620727048479713 0.18623122635242229 0.18625518269068042 0.18627913949970143 0.18630309677961587 0.18632705453055454 0.18635101275264798 0.18637497144602588 0.18639893061082002 0.18642289024716074 0.18644685035517816 0.18647081093500328 0.18649477198676712 0.18651873351060055 0.18654269550663405 0.18656665797499827 0.1865906209158249 0.18661458432924394 0.18663854821538717 0.18666251257438515 0.1866864774063688 0.18671044271146964 0.18673440848981882 0.18675837474154677 0.18678234146678518 0.18680630866566594 0.18683027633831906 0.18685424448487642 0.18687821310546937 0.18690218220022947 0.18692615176928773 0.1869501218127756 0.1869740923308254 0.1869980633235674 0.18702203479113377 0.18704600673365634 0.18706997915126622 0.1870939520440953 0.18711792541227557 0.18714189925593794 0.18716587357521486 0.1871898483702381 0.1872138236411396 0.18723779938805096 0.1872617756111037 0.18728575231043032 0.18730972948616298 0.18733370713843334 0.1873576852673733 0.1873816638731156 0.18740564295579154 0.1874296225155342 0.18745360255247445 0.18747758306674622 0.1875015640584804 0.18752554552780998 0.1875495274748673 0.18757350989978416 0.18759749280269378 0.1876214761837276 0.18764546004301963 0.1876694443807012 0.1876934291969049 0.18771741449176327 0.18774140026541009 0.1877653865179767 0.18778937324959655 0.18781336046040198 0.18783734815052577 0.18786133632010138 0.18788532496926036 0.18790931409813705 0.18793330370686379 0.18795729379557313 0.18798128436439832 0.18800527541347256 0.1880292669429291 0.18805325895290048 0.18807725144352028 0.1881012444149215 0.188125237867237 0.18814923180060072 0.18817322621514532 0.18819722111100456 0.18822121648831158 0.18824521234720004 0.1882692086878026 0.18829320551025375 0.18831720281468645 0.18834120060123416 0.18836519887003023 0.1883891976212091 0.18841319685490365 0.18843719657124725 0.18846119677037532 0.18848519745241954 0.18850919861751492 0.18853320026579468 0.18855720239739326 0.18858120501244402 0.18860520811108117 0.1886292116934385 0.18865321575965033 0.18867722030985012 0.18870122534417244 0.18872523086275128 0.18874923686572098 0.18877324335321533 0.18879725032536854 0.18882125778231496 0.18884526572418903 0.18886927415112487 0.18889328306325692 0.18891729246071987 0.18894130234364737 0.18896531271217465 0.18898932356643572 0.18901333490656536 0.18903734673269812 0.1890613590449688 0.1890853718435117 0.18910938512846165 0.1891333988999534 0.1891574131581215 0.18918142790310055 0.18920544313502574 0.18922945885403242 0.18925347506025436 0.18927749175382713 0.18930150893488595 0.1893255266035655 0.18934954476000054 0.18937356340432632 0.18939758253667804 0.18942160215719106 0.18944562226600037 0.18946964286324108 0.18949366394904799 0.18951768552355774 0.18954170758690414 0.1895657301392233 0.18958975318065097 0.18961377671132174 0.1896378007313716 0.18966182524093544 0.1896858502401496 0.18970987572914977 0.1897339017080707 0.18975792817704873 0.18978195513621854 0.1898059825857169 0.1898300105256795 0.18985403895624164 0.18987806787753914 0.18990209728970797 0.1899261271928845 0.1899501575872038 0.18997418847280256 0.18999821984981657 0.19002225171838172 0.1900462840786339 0.19007031693070975 0.19009435027474486 0.19011838411087567 0.19014241843923863 0.19016645325996984 0.19019048857320497 0.19021452437908137 0.1902385606777347 0.19026259746930174 0.19028663475391827 0.19031067253172163 0.19033471080284758 0.19035874956743293 0.19038278882561455 0.19040682857752866 0.19043086882331217 0.19045490956310107 0.19047895079703292 0.19050299252524416 0.19052703474787158 0.19055107746505207 0.19057512067692173 0.19059916438361846 0.19062320858527926 0.1906472532820398 0.19067129847403863 0.19069534416141176 0.19071939034429652 0.19074343702282992 0.19076748419714962 0.19079153186739195 0.19081558003369503 0.19083962869619542 0.19086367785503033 0.19088772751033756 0.19091177766225464 0.19093582831091793 0.19095987945646598 0.19098393109903566 0.19100798323876444 0.19103203587578976 0.19105608901024984 0.19108014264228124 0.19110419677202284 0.19112825139961154 0.19115230652518478 0.1911763621488809 0.19120041827083745 0.19122447489119265 0.19124853201008285 0.19127258962764782 0.19129664774402455 0.19132070635935106 0.19134476547376567 0.1913688250874055 0.19139288520040998 0.19141694581291602 0.19144100692506227 0.19146506853698664 0.19148913064882744 0.19151319326072347 0.19153725637281194 0.19156131998523218 0.19158538409812187 0.19160944871161922 0.1916335138258639 0.1916575794409927 0.19168164555714506 0.1917057121744593 0.19172977929307422 0.19175384691312758 0.19177791503475894 0.19180198365810686 0.19182605278330966 0.1918501224105058 0.19187419253983484 0.1918982631714351 0.1919223343054457 0.19194640594200474 0.19197047808125212 0.1919945507233265 0.19201862386836654 0.19204269751651137 0.1920667716679002 0.19209084632267204 0.19211492148096598 0.19213899714292104 0.19216307330867677 0.19218714997837205 0.19221122715214634 0.19223530483013873 0.19225938301248902 0.19228346169933574 0.1923075408908188 0.1923316205870782 0.19235570078825293 0.19237978149448165 0.19240386270590504 0.19242794442266253 0.19245202664489347 0.19247610937273707 0.19250019260633366 0.19252427634582303 0.19254836059134484 0.19257244534303852 0.19259653060104398 0.19262061636550132 0.1926447026365503 0.19266878941433074 0.19269287669898283 0.19271696449064668 0.19274105278946185 0.19276514159556912 0.1927892309091077 0.19281332073021828 0.1928374110590414 0.19286150189571605 0.192885593240384 0.19290968509318418 0.19293377745425777 0.19295787032374512 0.1929819637017861 0.19300605758852152 0.19303015198409146 0.1930542468886366 0.19307834230229814 0.19310243822521567 0.19312653465753027 0.19315063159938206 0.19317472905091282 0.19319882701226176 0.19322292548357112 0.19324702446498054 0.19327112395663137 0.19329522395866472 0.1933193244712208 0.1933434254944406 0.19336752702846538 0.193391629073436 0.19341573162949377 0.1934398346967796 0.19346393827543407 0.1934880423655987 0.19351214696741492 0.19353625208102354 0.1935603577065662 0.19358446384418382 0.19360857049401736 0.19363267765620906 0.1936567853308997 0.19368089351823037 0.1937050022183432 0.19372911143137928 0.19375322115748017 0.193777331396788 0.1938014421494435 0.19382555341558838 0.19384966519536495 0.1938737774889141 0.19389789029637805 0.1939220036178988 0.19394611745361745 0.193970231803676 0.1939943466682169 0.1940184620473815 0.19404257794131174 0.19406669435014967 0.1940908112740375 0.19411492871311697 0.19413904666753 0.19416316513741916 0.1941872841229264 0.1942114036241942 0.1942355236413642 0.19425964417457908 0.19428376522398116 0.19430788678971211 0.19433200887191493 0.19435613147073172 0.19438025458630492 0.19440437821877743 0.194428502368291 0.19445262703498878 0.19447675221901295 0.1945008779205062 0.1945250041396116 0.19454913087647085 0.1945732581312276 0.19459738590402387 0.19462151419500295 0.19464564300430776 0.1946697723320806 0.1946939021784646 0.1947180325436031 0.19474216342763762 0.19476629483071284 0.1947904267529712 0.19481455919455537 0.1948386921556089 0.19486282563627422 0.19488695963669544 0.1949110941570149 0.19493522919737627 0.19495936475792308 0.19498350083879856 0.19500763744014482 0.19503177456210685 0.1950559122048272 0.19508005036844933 0.19510418905311733 0.19512832825897408 0.19515246798616293 0.19517660823482808 0.19520074900511264 0.19522489029716084 0.19524903211111566 0.19527317444712144 0.19529731730532152 0.19532146068585976 0.19534560458887984 0.1953697490145263 0.19539389396294204 0.19541803943427183 0.195442185428659 0.19546633194624774 0.19549047898718253 0.19551462655160656 0.19553877463966485 0.1955629232515006 0.19558707238725925 0.19561122204708337 0.1956353722311185 0.19565952293950872 0.1956836741723974 0.19570782592992997 0.1957319782122504 0.19575613101950307 0.19578028435183215 0.19580443820938276 0.1958285925922989 0.19585274750072545 0.1958769029348062 0.19590105889468712 0.19592521538051222 0.1959493723924257 0.1959735299305727 0.1959976879950981 0.19602184658614652 0.1960460057038631 0.1960701653483924 0.19609432551987882 0.1961184862184684 0.1961426474443051 0.19616680919753438 0.19619097147830122 0.19621513428675075 0.19623929762302839 0.19626346148727836 0.1962876258796472 0.19631179080027872 0.19633595624931865 0.1963601222269128 0.19638428873320557 0.19640845576834298 0.19643262333247047 0.19645679142573313 0.1964809600482762 0.19650512920024565 0.1965292988817866 0.19655346909304516 0.19657763983416654 0.19660181110529606 0.1966259829065804 0.19665015523816387 0.19667432810019325 0.1966985014928142 0.19672267541617172 0.1967468498704129 0.19677102485568188 0.1967952003721264 0.19681937641989167 0.19684355299912282 0.1968677301099666 0.1968919077525697 0.196916085927077 0.1969402646336358 0.19696444387239131 0.1969886236434898 0.19701280394707765 0.19703698478330134 0.19706116615230718 0.19708534805424116 0.19710953048924917 0.19713371345747888 0.19715789695907526 0.19718208099418588 0.19720626556295695 0.19723045066553446 0.19725463630206574 0.19727882247269746 0.19730300917757526 0.19732719641684615 0.197351384190657 0.19737557249915494 0.19739976134248682 0.1974239507207982 0.197448140634237 0.1974723310829496 0.19749652206708335 0.19752071358678536 0.19754490564220117 0.19756909823347946 0.19759329136076664 0.19761748502420962 0.19764167922395548 0.197665873960152 0.19769006923294563 0.1977142650424839 0.1977384613889136 0.1977626582723826 0.19778685569303855 0.19781105365102758 0.1978352521464979 0.19785945117959747 0.19788365075047243 0.19790785085927065 0.19793205150614102 0.19795625269122907 0.19798045441468393 0.198004656676652 0.1980288594772821 0.19805306281672108 0.19807726669511727 0.1981014711126179 0.19812567606937093 0.1981498815655247 0.19817408760122612 0.19819829417662405 0.19822250129186592 0.19824670894710006 0.1982709171424739 0.19829512587813558 0.1983193351542334 0.19834354497091589 0.19836775532833106 0.19839196622662592 0.19841617766594977 0.1984403896464506 0.198464602168277 0.1984888152315768 0.1985130288364989 0.1985372429831913 0.19856145767180156 0.19858567290248008 0.19860988867537432 0.19863410499063217 0.19865832184840293 0.19868253924883517 0.19870675719207742 0.19873097567827824 0.19875519470758674 0.1987794142801509 0.19880363439612014 0.19882785505564304 0.19885207625886803 0.19887629800594464 0.1989005202970211 0.1989247431322474 0.19894896651177107 0.1989731904357427 0.19899741490430978 0.19902163991762212 0.19904586547582925 0.19907009157907907 0.1990943182275221 0.19911854542130714 0.19914277316058315 0.1991670014454996 0.19919123027620556 0.1992154596528507 0.19923968957558413 0.1992639200445555 0.1992881510599136 0.19931238262180884 0.1993366147303901 0.19936084738580773 0.19938508058821058 0.1994093143377481 0.1994335486345702 0.19945778347882692 0.19948201887066763 0.19950625481024264 0.19953049129770029 0.1995547283331922 0.1995789659168674 0.19960320404887522 0.1996274427293666 0.1996516819584907 0.19967592173639814 0.1997001620632386 0.1997244029391625 0.19974864436431927 0.19977288633885948 0.19979712886293277 0.19982137193669114 0.19984561556028235 0.19986985973385818 0.19989410445756817 0.19991834973156342 0.19994259555599425 0.19996684193101044 0.19999108885676276 0.20001533633340163 0.2000395843610776 0.20006383293994112 0.20008808207014273 0.2001123317518333 0.20013658198516304 0.20016083277028363 0.20018508410734448 0.20020933599649693 0.20023358843789185 0.20025784143168002 0.20028209497801208 0.20030634907703937 0.20033060372891198 0.20035485893378158 0.20037911469179925 0.20040337100311512 0.20042762786788137 0.20045188528624824 0.20047614325836693 0.20050040178438922 0.20052466086446596 0.20054892049874784 0.20057318068738672 0.20059744143053382 0.20062170272834012 0.20064596458095763 0.2006702269885372 0.20069448995123063 0.2007187534691891 0.20074301754256374 0.20076728217150697 0.20079154735616966 0.2008158130967037 0.20084007939326098 0.20086434624599236 0.2008886136550505 0.2009128816205863 0.20093715014275215 0.20096141922169897 0.20098568885758006 0.20100995905054586 0.20103422980074936 0.2010585011083419 0.20108277297347543 0.20110704539630186 0.20113131837697384 0.20115559191564247 0.2011798660124604 0.2012041406675802 0.2012284158811537 0.20125269165333248 0.20127696798426986 0.2013012448741176 0.20132552232302814 0.20134980033115335 0.20137407889864622 0.20139835802565886 0.2014226377123437 0.2014469179588536 0.2014711987653397 0.20149548013195662 0.2015197620588558 0.20154404454619002 0.2015683275941117 0.2015926112027734 0.20161689537232885 0.2016411801029292 0.20166546539472907 0.2016897512478797 0.20171403766253504 0.2017383246388471 0.20176261217696967 0.2017869002770547 0.20181118893925631 0.20183547816372638 0.2018597679506191 0.2018840583000867 0.2019083492122824 0.20193264068735994 0.2019569327254721 0.2019812253267722 0.20200551849141302 0.20202981221954863 0.20205410651133193 0.20207840136691657 0.2021026967864552 0.20212699277010193 0.20215128931801019 0.20217558643033318 0.202199884107225 0.2022241823488381 0.20224848115532756 0.20227278052684583 0.2022970804635471 0.20232138096558527 0.2023456820331131 0.20236998366628522 0.20239428586525532 0.20241858863017737 0.20244289196120513 0.2024671958584916 0.20249150032219176 0.2025158053524594 0.2025401109494489 0.20256441711331352 0.2025887238442068 0.20261303114228524 0.2026373390077001 0.20266164744060766 0.20268595644116072 0.2027102660095148 0.2027345761458228 0.20275888685024013 0.20278319812292056 0.20280750996401908 0.20283182237368957 0.20285613535208635 0.20288044889936407 0.20290476301567717 0.20292907770118074 0.20295339295602854 0.20297770878037558 0.20300202517437638 0.2030263421381857 0.20305065967195857 0.20307497777584904 0.2030992964500128 0.2031236156946039 0.2031479355097775 0.20317225589568833 0.20319657685249104 0.20322089838034152 0.20324522047939386 0.20326954314980328 0.2032938663917251 0.20331819020531394 0.20334251459072505 0.2033668395481142 0.20339116507763588 0.20341549117944557 0.20343981785369813 0.20346414510054944 0.20348847292015448 0.20351280131266902 0.20353713027824782 0.2035614598170461 0.20358578992922027 0.20361012061492512 0.20363445187431672 0.20365878370755008 0.20368311611478085 0.203707449096165 0.20373178265185743 0.2037561167820151 0.20378045148679258 0.20380478676634672 0.20382912262083175 0.20385345905040464 0.20387779605522094 0.20390213363543608 0.2039264717912075 0.20395081052268949 0.20397514983003884 0.20399948971341142 0.20402383017296277 0.20404817120884977 0.20407251282122818 0.20409685501025443 0.20412119777608495 0.20414554111887473 0.2041698850387812 0.20419422953596 0.20421857461056792 0.20424292026276092 0.20426726649269555 0.20429161330052814 0.204315960686416 0.20434030865051445 0.20436465719298025 0.2043890063139706 0.2044133560136414 0.2044377062921492 0.20446205714965104 0.20448640858630407 0.20451076060226436 0.2045351131976887 0.20455946637273448 0.20458382012755683 0.20460817446231505 0.20463252937716403 0.20465688487226197 0.2046812409477652 0.2047055976038309 0.20472995484061585 0.2047543126582776 0.20477867105697278 0.20480303003685885 0.20482738959809255 0.2048517497408313 0.20487611046523224 0.2049004717714532 0.2049248336596502 0.20494919612998208 0.20497355918260562 0.2049979228176777 0.20502228703535674 0.20504665183579873 0.20507101721916265 0.20509538318560516 0.2051197497352839 0.2051441168683571 0.20516848458498194 0.20519285288531597 0.20521722176951673 0.20524159123774233 0.20526596129015062 0.20529033192689883 0.20531470314814548 0.2053390749540478 0.20536344734476453 0.20538782032045222 0.2054121938812703 0.20543656802737553 0.20546094275892712 0.20548531807608228 0.20550969397899954 0.20553407046783645 0.20555844754275232 0.20558282520390359 0.20560720345145012 0.20563158228554979 0.20565596170636025 0.20568034171404026 0.20570472230874837 0.20572910349064222 0.20575348525988135 0.20577786761662364 0.20580225056102708 0.20582663409325086 0.20585101821345364 0.20587540292179385 0.20589978821842958 0.20592417410352015 0.2059485605772241 0.2059729476397001 0.20599733529110686 0.20602172353160308 0.20604611236134807 0.20607050178050001 0.20609489178921858 0.20611928238766186 0.20614367357598962 0.20616806535435983 0.2061924577229325 0.20621685068186624 0.2062412442313205 0.20626563837145373 0.20629003310242555 0.20631442842439518 0.2063388243375215 0.206363220841964 0.2063876179378823 0.2064120156254361 0.20643641390478285 0.20646081277608364 0.20648521223949756 0.2065096122951836 0.20653401294330198 0.20655841418401166 0.2065828160174722 0.20660721844384367 0.20663162146328518 0.2066560250759566 0.20668042928201746 0.2067048340816282 0.20672923947494692 0.2067536454621357 0.20677805204335264 0.20680245921875773 0.2068268669885116 0.2068512753527738 0.20687568431170456 0.20690009386546304 0.20692450401421025 0.2069489147581055 0.20697332609730923 0.20699773803198185 0.207022150562283 0.20704656368837293 0.20707097741041203 0.20709539172856106 0.2071198066429789 0.20714422215382744 0.20716863826126564 0.20719305496545493 0.2072174722665553 0.20724189016472727 0.2072663086601313 0.207290727752928 0.20731514744327795 0.2073395677313412 0.20736398861727956 0.20738841010125209 0.20741283218342044 0.20743725486394526 0.20746167814298766 0.2074861020207076 0.2075105264972662 0.2075349515728243 0.20755937724754325 0.20758380352158357 0.207608230395106 0.20763265786827145 0.2076570859412421 0.20768151461417683 0.20770594388723929 0.20773037376058823 0.20775480423438653 0.2077792353087945 0.20780366698397368 0.20782809926008472 0.20785253213728971 0.20787696561574953 0.20790139969562627 0.2079258343770798 0.20795026966027275 0.2079747055453659 0.20799914203252112 0.20802357912189995 0.20804801681366358 0.208072455107974 0.20809689400499254 0.20812133350488127 0.20814577360780107 0.2081702143139138 0.2081946556233818 0.2082190975363667 0.20824354005303025 0.2082679831735338 0.2082924268980395 0.2083168712267094 0.20834131615970486 0.20836576169718912 0.2083902078393236 0.2084146545862694 0.20843910193818949 0.20846354989524618 0.2084879984576009 0.2085124476254161 0.20853689739885417 0.20856134777807744 0.2085857987632478 0.20861025035452718 0.20863470255207883 0.20865915535606483 0.20868360876664704 0.20870806278398846 0.2087325174082515 0.20875697263959847 0.20878142847819203 0.2088058849241946 0.20883034197776873 0.20885479963907738 0.20887925790828277 0.20890371678554776 0.20892817627103533 0.2089526363649079 0.20897709706732848 0.20900155837846024 0.2090260202984645 0.20905048282750593 0.2090749459657465 0.20909940971335006 0.2091238740704784 0.20914833903729535 0.20917280461396381 0.20919727080064632 0.2092217375975065 0.20924620500470759 0.20927067302241276 0.209295141650785 0.20931961088998763 0.20934408074018396 0.20936855120153686 0.20939302227421086 0.2094174939583684 0.209441966254173 0.20946643916178787 0.20949091268137698 0.20951538681310367 0.20953986155713222 0.20956433691362475 0.20958881288274556 0.20961328946465863 0.20963776665952716 0.20966224446751458 0.20968672288878554 0.20971120192350368 0.20973568157183198 0.20976016183393476 0.2097846427099762 0.20980912420011932 0.20983360630452885 0.20985808902336855 0.20988257235680285 0.20990705630499484 0.20993154086810917 0.20995602604631058 0.20998051183976152 0.2100049982486274 0.2100294852730723 0.21005397291326033 0.2100784611693557 0.21010295004152257 0.21012743952992508 0.2101519296347285 0.21017642035609596 0.21020091169419297 0.21022540364918418 0.2102498962212327 0.2102743894105038 0.21029888321716284 0.21032337764137266 0.21034787268329946 0.21037236834310713 0.2103968646209602 0.21042136151702406 0.21044585903146296 0.2104703571644424 0.21049485591612582 0.21051935528667975 0.2105438552762673 0.21056835588505496 0.21059285711320652 0.2106173589608874 0.21064186142826313 0.21066636451549814 0.2106908682227574 0.21071537255020667 0.21073987749800982 0.2107643830663336 0.21078888925534267 0.21081339606520166 0.21083790349607667 0.21086241154813257 0.2108869202215342 0.21091142951644803 0.2109359394330389 0.21096044997147234 0.21098496113191334 0.21100947291452776 0.21103398531948125 0.21105849834693935 0.2110830119970677 0.2111075262700326 0.2111320411659976 0.21115655668513056 0.2111810728275958 0.21120558959356028 0.211230106983189 0.21125462499664727 0.2112791436341026 0.21130366289571922 0.2113281827816641 0.21135270329210298 0.21137722442720164 0.2114017461871256 0.21142626857204205 0.21145079158211644 0.21147531521751461 0.21149983947840367 0.21152436436494826 0.21154888987731657 0.2115734160156736 0.2115979427801855 0.21162247017101865 0.21164699818833987 0.21167152683231572 0.21169605610311149 0.21172058600089527 0.2117451165258315 0.21176964767808848 0.21179417945783208 0.21181871186522794 0.2118432449004446 0.21186777856364714 0.2118923128550032 0.21191684777467867 0.21194138332284063 0.2119659194996555 0.21199045630529112 0.2120149937399135 0.2120395318036894 0.21206407049678555 0.21208860981936972 0.21211314977160856 0.21213769035366914 0.21216223156571823 0.21218677340792236 0.21221131588044906 0.2122358589834663 0.21226040271713953 0.2122849470816377 0.21230949207712735 0.212334037703775 0.2123585839617489 0.21238313085121585 0.21240767837234364 0.21243222652529892 0.21245677531024965 0.21248132472736336 0.21250587477680727 0.21253042545874867 0.21255497677335555 0.2125795287207951 0.21260408130123565 0.21262863451484382 0.21265318836178793 0.21267774284223573 0.2127022979563553 0.21272685370431277 0.21275141008627751 0.21277596710241697 0.21280052475289823 0.21282508303789083 0.21284964195756084 0.21287420151207792 0.21289876170160826 0.21292332252632185 0.2129478839863851 0.21297244608196764 0.2129970088132358 0.21302157218035878 0.21304613618350543 0.21307070082284185 0.21309526609853835 0.2131198320107628 0.21314439855968315 0.21316896574546784 0.21319353356828474 0.21321810202830216 0.21324267112568984 0.21326724086061577 0.21329181123324736 0.21331638224375504 0.21334095389230545 0.21336552617906812 0.21339009910421214 0.21341467266790526 0.21343924687031668 0.2134638217116147 0.21348839719196966 0.21351297331154728 0.21353755007051944 0.21356212746905312 0.21358670550731895 0.21361128418548359 0.21363586350371777 0.21366044346218993 0.21368502406106893 0.21370960530052407 0.2137341871807238 0.21375876970183838 0.21378335286403605 0.21380793666748654 0.2138325211123583 0.21385710619882126 0.21388169192704432 0.2139062782971971 0.21393086530944894 0.21395545296396934 0.21398004126092696 0.21400463020049165 0.2140292197828335 0.21405381000812107 0.21407840087652474 0.21410299238821295 0.21412758454335612 0.21415217734212444 0.214176770784686 0.21420136487121144 0.21422595960187074 0.2142505549768332 0.2142751509962687 0.21429974766034698 0.2143243449692388 0.21434894292311246 0.21437354152213817 0.21439814076648744 0.21442274065632894 0.21444734119183262 0.2144719423731688 0.21449654420050834 0.2145211466740201 0.2145457497938743 0.214570353560242 0.21459495797329298 0.21461956303319707 0.21464416874012526 0.2146687750942473 0.21469338209573352 0.21471798974475464 0.21474259804148144 0.21476720698608265 0.21479181657873136 0.21481642681959578 0.21484103770884755 0.21486564924665652 0.21489026143319379 0.2149148742686302 0.21493948775313565 0.21496410188688153 0.21498871667003816 0.21501333210277673 0.2150379481852671 0.21506256491768094 0.21508718230018942 0.21511180033296196 0.21513641901617075 0.21516103834998668 0.2151856583345796 0.21521027897012168 0.21523490025678327 0.2152595221947361 0.21528414478415026 0.21530876802519816 0.21533339191805034 0.21535801646287767 0.21538264165985155 0.2154072675091433 0.21543189401092433 0.2154565211653665 0.2154811489726397 0.21550577743291655 0.21553040654636768 0.21555503631316564 0.21557966673348117 0.21560429780748547 0.21562892953535018 0.21565356191724794 0.21567819495334883 0.2157028286438254 0.21572746298884893 0.21575209798859185 0.21577673364322536 0.21580136995292032 0.2158260069178507 0.21585064453818614 0.21587528281409973 0.21589992174576378 0.21592456133334847 0.21594920157702713 0.2159738424769716 0.2159984840333532 0.21602312624634523 0.21604776911611856 0.2160724126428457 0.2160970568266991 0.21612170166785072 0.21614634716647307 0.2161709933227377 0.21619564013681725 0.21622028760888456 0.21624493573911097 0.21626958452766964 0.2162942339747319 0.21631888408047206 0.2163435348450612 0.21636818626867182 0.21639283835147682 0.21641749109364838 0.2164421444953598 0.21646679855678297 0.21649145327809105 0.21651610865945603 0.21654076470105155 0.21656542140305035 0.21659007876562475 0.2166147367889465 0.21663939547319022 0.21666405481852857 0.2166887148251342 0.21671337549317937 0.21673803682283732 0.216762698814281 0.21678736146768463 0.21681202478321948 0.2168366887610601 0.2168613534013788 0.21688601870434898 0.2169106846701444 0.21693535129893715 0.21696001859090153 0.21698468654620984 0.21700935516503572 0.2170340244475535 0.21705869439393488 0.21708336500435466 0.21710803627898612 0.21713270821800212 0.21715738082157632 0.21718205408988267 0.21720672802309404 0.2172314026213854 0.21725607788492862 0.2172807538138979 0.21730543040846773 0.2173301076688119 0.21735478559510268 0.21737946418751497 0.2174041434462226 0.21742882337139924 0.2174535039632186 0.21747818522185536 0.21750286714748257 0.21752754974027444 0.21755223300040527 0.2175769169280487 0.21760160152337904 0.2176262867865698 0.21765097271779632 0.21767565931723232 0.217700346585051 0.21772503452142866 0.2177497231265374 0.21777441240055273 0.2177991023436484 0.2178237929559994 0.2178484842377797 0.21787317618916313 0.2178978688103259 0.21792256210144045 0.21794725606268284 0.21797195069422648 0.2179966459962468 0.21802134196891876 0.21804603861241534 0.21807073592691262 0.2180954339125849 0.21812013256960716 0.21814483189815315 0.21816953189839938 0.21819423257051884 0.21821893391468783 0.21824363593108032 0.21826833861987205 0.21829304198123733 0.21831774601535148 0.21834245072238967 0.21836715610252577 0.2183918621559363 0.21841656888279593 0.21844127628327925 0.21846598435756248 0.21849069310582014 0.21851540252822754 0.21854011262495998 0.21856482339619276 0.21858953484210075 0.2186142469628607 0.21863895975864645 0.21866367322963431 0.21868838737599938 0.21871310219791684 0.21873781769556355 0.21876253386911315 0.21878725071874316 0.21881196824462745 0.21883668644694287 0.21886140532586473 0.2188861248815681 0.21891084511422987 0.21893556602402553 0.21896028761112996 0.21898500987571956 0.21900973281797076 0.21903445643805863 0.2190591807361597 0.2190839057124495 0.21910863136710457 0.21913335770029985 0.21915808471221232 0.21918281240301785 0.21920754077289284 0.21923226982201327 0.21925699955055467 0.21928172995869366 0.2193064610466069 0.21933119281447033 0.2193559252624594 0.21938065839075238 0.21940539219952437 0.2194301266889518 0.2194548618592107 0.21947959771047887 0.21950433424293114 0.21952907145674527 0.21955380935209767 0.21957854792916454 0.2196032871881224 0.21962802712914886 0.21965276775241904 0.21967750905811112 0.2197022510464005 0.21972699371746474 0.21975173707148055 0.2197764811086249 0.2198012258290749 0.21982597123300662 0.21985071732059747 0.2198754640920242 0.21990021154746386 0.2199249596870937 0.21994970851109064 0.21997445801963145 0.21999920821289398 0.22002395909105477 0.220048710654291 0.22007346290278018 0.22009821583669875 0.22012296945622545 0.22014772376153668 0.22017247875280965 0.22019723443022154 0.22022199079395044 0.22024674784417353 0.22027150558106778 0.22029626400481128 0.22032102311558144 0.22034578291355555 0.22037054339891105 0.220395304571826 0.22042006643247802 0.22044482898104434 0.2204695922177038 0.22049435614263302 0.22051912075600888 0.22054388605801123 0.22056865204881682 0.22059341872860405 0.22061818609755013 0.22064295415583324 0.22066772290363068 0.22069249234112243 0.22071726246848455 0.2207420332858957 0.2207668047935344 0.22079157699157803 0.2208163498802045 0.2208411234595935 0.22086589772992138 0.22089067269136753 0.22091544834410992 0.22094022468832675 0.2209650017241963 0.22098977945189735 0.2210145578716075 0.22103933698350642 0.22106411678777182 0.22108889728458114 0.22111367847411423 0.22113846035654938 0.22116324293206502 0.22118802620084 0.22121281016305216 0.22123759481888183 0.22126238016850563 0.22128716621210387 0.2213119529498544 0.22133674038193607 0.2213615285085282 0.22138631732980907 0.221411106845958 0.2214358970571545 0.22146068796357576 0.22148547956540232 0.22151027186281247 0.2215350648559853 0.22155985854509996 0.2215846529303358 0.22160944801187132 0.22163424378988605 0.2216590402645593 0.22168383743607023 0.22170863530459806 0.2217334338703223 0.22175823313342158 0.2217830330940752 0.22180783375246382 0.22183263510876527 0.2218574371631601 0.22188223991582756 0.22190704336694644 0.2219318475166976 0.2219566523652594 0.2219814579128121 0.22200626415953462 0.22203107110560694 0.22205587875120925 0.22208068709652062 0.22210549614172104 0.22213030588699023 0.22215511633250795 0.2221799274784544 0.22220473932500928 0.22222955187235183 0.22225436512066232 0.22227917907012174 0.22230399372090837 0.22232880907320396 0.22235362512718682 0.222378441883039 0.22240325934093874 0.22242807750106663 0.22245289636360355 0.22247771592872945 0.22250253619662397 0.22252735716746774 0.22255217884144185 0.22257700121872503 0.22260182429949904 0.22262664808394395 0.22265147257223994 0.2226762977645671 0.2227011236611064 0.22272595026203823 0.22275077756754325 0.22277560557780196 0.222800434292995 0.2228252637133027 0.2228500938389062 0.2228749246699857 0.2228997562067221 0.2229245884492963 0.2229494213978893 0.22297425505268142 0.22299908941385382 0.22302392448158725 0.22304876025606246 0.2230735967374604 0.22309843392596262 0.2231232718217495 0.22314811042500193 0.22317294973590207 0.22319778975462945 0.2232226304813666 0.22324747191629402 0.2232723140595928 0.22329715691144425 0.22332200047202977 0.22334684474153044 0.22337168972012722 0.22339653540800253 0.22342138180533677 0.2234462289123117 0.2234710767291085 0.22349592525590922 0.22352077449289454 0.22354562444024717 0.22357047509814731 0.2235953264667766 0.22362017854631766 0.22364503133695157 0.22366988483885986 0.22369473905222526 0.22371959397722763 0.22374444961405004 0.22376930596287448 0.2237941630238819 0.2238190207972548 0.22384387928317462 0.22386873848182376 0.22389359839338407 0.22391845901803686 0.22394332035596465 0.2239681824073495 0.22399304517237406 0.22401790865121862 0.22404277284406693 0.22406763775110128 0.22409250337250264 0.22411736970845386 0.22414223675913791 0.2241671045247362 0.22419197300543092 0.2242168422014046 0.2242417121128396 0.22426658273991917 0.22429145408282425 0.2243163261417387 0.2243411989168438 0.22436607240832296 0.22439094661635872 0.2244158215411325 0.22444069718282855 0.22446557354162788 0.224490450617715 0.22451532841127153 0.22454020692247978 0.2245650861515236 0.22458996609858461 0.2246148467638467 0.22463972814749222 0.2246646102497044 0.224689493070666 0.22471437661055949 0.22473926086956808 0.22476414584787552 0.22478903154566365 0.22481391796311667 0.22483880510041687 0.22486369295774788 0.22488858153529323 0.22491347083323487 0.22493836085175634 0.2249632515910418 0.22498814305127357 0.2250130352326356 0.22503792813531043 0.225062821759483 0.2250877161053355 0.2251126111730516 0.22513750696281432 0.22516240347480765 0.22518730070921555 0.22521219866622055 0.22523709734600672 0.22526199674875846 0.22528689687465775 0.22531179772388954 0.22533669929663724 0.22536160159308471 0.22538650461341514 0.2254114083578137 0.2254363128264617 0.22546121801954566 0.22548612393724754 0.22551103057975297 0.2255359379472447 0.22556084603990678 0.22558575485792398 0.2256106644014788 0.225635574670757 0.22566048566594143 0.2256853973872175 0.22571030983476859 0.22573522300877813 0.2257601369094322 0.2257850515369133 0.22580996689140642 0.2258348829730965 0.22585979978216653 0.2258847173188021 0.22590963558318722 0.22593455457550515 0.225959474295942 0.22598439474468235 0.2260093159219092 0.2260342378278084 0.2260591604625639 0.22608408382636047 0.22610900791938238 0.22613393274181548 0.22615885829384297 0.22618378457565047 0.22620871158742273 0.22623363932934437 0.22625856780160003 0.22628349700437467 0.22630842693785336 0.22633335760222084 0.2263582889976622 0.22638322112436227 0.22640815398250658 0.22643308757227876 0.22645802189386544 0.2264829569474509 0.22650789273322058 0.2265328292513593 0.22655776650205228 0.22658270448548534 0.22660764320184312 0.22663258265131125 0.22665752283407403 0.22668246375031853 0.22670740540022816 0.2267323477839902 0.22675729090178853 0.22678223475380965 0.22680717934023875 0.22683212466126035 0.22685707071706196 0.22688201750782766 0.22690696503374297 0.2269319132949955 0.22695686229176792 0.22698181202424828 0.2270067624926212 0.22703171369707265 0.2270566656377886 0.22708161831495444 0.22710657172875648 0.22713152587938001 0.2271564807670119 0.2271814363918372 0.2272063927540422 0.227231349853813 0.2272563076913351 0.22728126626679557 0.2273062255803795 0.22733118563227306 0.22735614642266344 0.22738110795173538 0.2274060702196763 0.22743103322667135 0.22745599697290741 0.2274809614585711 0.22750592668384795 0.227530892648925 0.22755585935398825 0.2275808267992242 0.2276057949848188 0.2276307639109595 0.22765573357783198 0.22768070398562346 0.22770567513451956 0.2277306470247078 0.22775561965637459 0.2277805930297062 0.22780556714488953 0.2278305420021116 0.22785551760155787 0.22788049394341692 0.22790547102787428 0.22793044885511793 0.22795542742533292 0.22798040673870767 0.2280053867954288 0.22803036759568296 0.22805534913965708 0.2280803314275388 0.22810531445951399 0.22813029823577102 0.22815528275649577 0.22818026802187696 0.22820525403209968 0.22823024078735266 0.22825522828782285 0.22828021653369757 0.2283052055251633 0.22833019526240772 0.22835518574561797 0.22838017697498258 0.22840516895068808 0.2284301616729213 0.22845515514187076 0.2284801493577231 0.2285051443206665 0.22853014003088867 0.22855513648857595 0.22858013369391716 0.22860513164709906 0.22863013034831037 0.2286551297977375 0.22868012999556897 0.22870513094199285 0.2287301326371961 0.22875513508136647 0.22878013827469312 0.22880514221736237 0.22883014690956305 0.2288551523514829 0.22888015854330912 0.22890516548523077 0.22893017317743503 0.22895518162011053 0.22898019081344478 0.2290052007576272 0.22903021145284452 0.22905522289928515 0.22908023509713749 0.22910524804658983 0.22913026174783058 0.2291552762010477 0.2291802914064296 0.22920530736416456 0.22923032407444088 0.22925534153744764 0.22928035975337258 0.22930537872240364 0.2293303984447299 0.22935541892054068 0.22938044015002323 0.229405462133367 0.2294304848707598 0.2294555083623918 0.22948053260844958 0.22950555760912328 0.2295305833646013 0.22955560987507218 0.22958063714072507 0.22960566516174796 0.22963069393833102 0.22965572347066143 0.2296807537589296 0.2297057848033235 0.22973081660403327 0.22975584916124625 0.22978088247515305 0.2298059165459414 0.22983095137380127 0.22985598695892206 0.22988102330149096 0.22990606040169903 0.22993109825973512 0.2299561368757881 0.22998117625004755 0.23000621638270258 0.23003125727394247 0.23005629892395674 0.23008134133293479 0.2301063845010649 0.23013142842853818 0.23015647311554366 0.23018151856226954 0.23020656476890733 0.23023161173564521 0.23025665946267315 0.23028170795018088 0.23030675719835736 0.23033180720739355 0.2303568579774773 0.23038190950880022 0.23040696180155074 0.2304320148559198 0.23045706867209614 0.2304821232502704 0.2305071785906322 0.23053223469337103 0.23055729155867677 0.23058234918674037 0.23060740757775067 0.2306324667318984 0.23065752664937345 0.23068258733036573 0.23070764877506578 0.23073271098366288 0.230757773956348 0.23078283769331143 0.23080790219474245 0.23083296746083193 0.2308580334917706 0.23088310028774828 0.23090816784895463 0.23093323617558137 0.2309583052678179 0.23098337512585487 0.23100844574988266 0.23103351714009268 0.23105858929667455 0.23108366221981846 0.23110873590971603 0.2311338103665571 0.231158885590532 0.23118396158183274 0.23120903834064865 0.2312341158671718 0.23125919416159102 0.23128427322409872 0.23130935305488498 0.23133443365414075 0.23135951502205798 0.23138459715882576 0.23140968006463547 0.2314347637396792 0.23145984818414678 0.23148493339822995 0.23151001938211857 0.23153510613600536 0.23156019366008018 0.23158528195453476 0.23161037101955984 0.23163546085534714 0.23166055146208686 0.23168564283997184 0.2317107349891918 0.23173582790993874 0.23176092160240414 0.23178601606677995 0.23181111130325538 0.23183620731202392 0.23186130409327665 0.2318864016472042 0.23191149997399918 0.23193659907385256 0.2319616989469555 0.23198679959350021 0.23201190101367797 0.23203700320768084 0.23206210617569967 0.2320872099179272 0.23211231443455493 0.23213741972577406 0.23216252579177654 0.23218763263275477 0.23221274024890015 0.2322378486404043 0.23226295780745965 0.2322880677502579 0.23231317846899135 0.23233828996385142 0.2323634022350305 0.23238851528272098 0.23241362910711372 0.23243874370840256 0.23246385908677847 0.23248897524243395 0.23251409217556085 0.23253920988635213 0.2325643283749993 0.23258944764169498 0.2326145676866319 0.2326396885100016 0.23266481011199658 0.2326899324928099 0.23271505565263373 0.2327401795916606 0.23276530431008247 0.2327904298080926 0.23281555608588245 0.23284068314364637 0.232865810981575 0.23289093959986218 0.23291606899869977 0.23294119917828138 0.23296633013879875 0.23299146188044628 0.23301659440341493 0.23304172770789888 0.23306686179408975 0.23309199666218094 0.2331171323123653 0.233142268744836 0.23316740595978624 0.23319254395740863 0.233217682737896 0.2332428223014409 0.23326796264823801 0.23329310377847934 0.23331824569235737 0.2333433883900664 0.23336853187179907 0.23339367613774908 0.23341882118810942 0.23344396702307346 0.23346911364283407 0.23349426104758475 0.23351940923751868 0.2335445582128305 0.2335697079737118 0.23359485852035733 0.2336200098529596 0.2336451619717128 0.23367031487681023 0.23369546856844592 0.2337206230468124 0.2337457783121042 0.23377093436451502 0.2337960912042374 0.2338212488314666 0.23384640724639516 0.23387156644921725 0.23389672644012716 0.2339218872193175 0.23394704878698314 0.23397221114331757 0.2339973742885153 0.23402253822276897 0.23404770294627308 0.2340728684592226 0.23409803476181057 0.2341232018542312 0.23414836973667852 0.23417353840934685 0.2341987078724298 0.23422387812612244 0.23424904917061862 0.2342742210061115 0.23429939363279717 0.23432456705086846 0.23434974126052022 0.23437491626194662 0.23440009205534262 0.23442526864090163 0.23445044601881848 0.23447562418928758 0.234500803152504 0.2345259829086619 0.23455116345795468 0.23457634480057876 0.23460152693672787 0.2346267098665964 0.23465189359037875 0.23467707810827054 0.23470226342046596 0.23472744952715974 0.23475263642854682 0.2347778241248214 0.2348030126161793 0.23482820190281428 0.23485339198492217 0.23487858286269692 0.2349037745363345 0.23492896700602905 0.23495416027197635 0.23497935433437045 0.2350045491934072 0.23502974484928063 0.2350549413021874 0.23508013855232235 0.2351053365998782 0.2351305354450537 0.2351557350880411 0.23518093552903818 0.23520613676823843 0.2352313388058377 0.23525654164203125 0.23528174527701462 0.2353069497109832 0.23533215494413262 0.23535736097665738 0.23538256780875322 0.23540777544061697 0.23543298387244282 0.23545819310442617 0.23548340313676341 0.2355086139696505 0.23553382560328207 0.23555903803785383 0.2355842512735623 0.23560946531060245 0.23563468014917044 0.23565989578946167 0.23568511223167243 0.23571032947599835 0.2357355475226357 0.23576076637177956 0.23578598602362555 0.23581120647837128 0.23583642773621172 0.23586164979734303 0.23588687266196073 0.23591209633026144 0.23593732080244145 0.2359625460786966 0.23598777215922329 0.23601299904421646 0.23603822673387453 0.23606345522839156 0.23608868452796505 0.2361139146327913 0.23613914554306548 0.23616437725898587 0.23618960978074743 0.2362148431085469 0.23624007724258056 0.23626531218304525 0.23629054793013715 0.23631578448405277 0.23634102184498929 0.23636626001314254 0.23639149898870937 0.23641673877188563 0.23644197936287026 0.23646722076185733 0.23649246296904491 0.23651770598462973 0.23654294980880763 0.2365681944417769 0.23659343988373416 0.23661868613487402 0.23664393319539667 0.2366691810654965 0.2366944297453718 0.23671967923521864 0.23674492953523463 0.23677018064561728 0.23679543256656266 0.23682068529826827 0.23684593884093075 0.23687119319474803 0.23689644835991674 0.23692170433663395 0.2369469611250976 0.23697221872550467 0.23699747713805153 0.23702273636293714 0.23704799640035756 0.23707325725051032 0.23709851891359346 0.23712378138980394 0.23714904467933917 0.2371743087823961 0.23719957369917377 0.23722483942986816 0.237250105974678 0.2372753733338 0.2373006415074317 0.23732591049577167 0.2373511802990168 0.23737645091736548 0.2374017223510143 0.23742699460016237 0.2374522676650066 0.2374775415457453 0.23750281624257608 0.23752809175569634 0.2375533680853048 0.23757864523159822 0.2376039231947762 0.2376292019750359 0.23765448157257507 0.2376797619875919 0.2377050432202843 0.23773032527085092 0.23775560813948993 0.2377808918263985 0.23780617633177548 0.23783146165581892 0.23785674779872756 0.23788203476069913 0.23790732254193137 0.23793261114262387 0.2379579005629744 0.2379831908031811 0.23800848186344292 0.2380337737439574 0.23805906644492392 0.23808435996654032 0.2381096543090051 0.23813494947251745 0.23816024545727588 0.238185542263478 0.23821083989132352 0.23823613834101032 0.23826143761273733 0.23828673770670372 0.23831203862310768 0.2383373403621487 0.23836264292402443 0.23838794630893412 0.23841325051707696 0.2384385555486519 0.23846386140385678 0.23848916808289222 0.23851447558595584 0.23853978391324693 0.23856509306496498 0.23859040304130863 0.23861571384247715 0.23864102546866883 0.2386663379200843 0.23869165119692148 0.2387169652993798 0.23874228022765842 0.2387675959819574 0.23879291256247492 0.23881822996941104 0.23884354820296427 0.23886886726333478 0.2388941871507213 0.2389195078653238 0.23894482940734163 0.23897015177697356 0.23899547497441986 0.23902079899987994 0.23904612385355284 0.23907144953563864 0.2390967760463365 0.2391221033858465 0.23914743155436802 0.23917276055210046 0.23919809037924444 0.2392234210359988 0.23924875252256306 0.2392740848391387 0.23929941798592358 0.2393247519631181 0.23935008677092295 0.23937542240953769 0.239400758879161 0.23942609617999489 0.23945143431223825 0.23947677327609074 0.2395021130717525 0.23952745369942474 0.23955279515930605 0.2395781374515974 0.23960348057649894 0.23962882453421042 0.239654169324932 0.2396795149488643 0.23970486140620795 0.23973020869716255 0.23975555682192806 0.23978090578070632 0.23980625557369617 0.23983160620109834 0.2398569576631141 0.2398823099599433 0.2399076630917859 0.23993301705884262 0.2399583718613152 0.23998372749940333 0.2400090839733069 0.2400344412832267 0.24005979942936528 0.2400851584119208 0.24011051823109553 0.24013587888708954 0.2401612403801041 0.24018660271033876 0.24021196587799587 0.2402373298832754 0.24026269472637884 0.24028806040750617 0.2403134269268593 0.24033879428463867 0.2403641624810443 0.24038953151627873 0.24041490139054233 0.24044027210403662 0.24046564365696188 0.24049101604951972 0.240516389281911 0.24054176335433775 0.2405671382669995 0.24059251402009918 0.24061789061383654 0.24064326804841407 0.2406686463240324 0.24069402544089336 0.24071940539919812 0.2407447861991474 0.24077016784094363 0.24079555032478805 0.24082093365088109 0.24084631781942512 0.24087170283062154 0.24089708868467263 0.2409224753817788 0.24094786292214154 0.2409732513059637 0.24099864053344644 0.24102403060479116 0.24104942152019904 0.2410748132798728 0.24110020588401349 0.24112559933282363 0.24115099362650505 0.2411763887652585 0.24120178474928644 0.24122718157879186 0.24125257925397547 0.241277977775039 0.24130337714218508 0.2413287773556151 0.24135417841553242 0.24137958032213813 0.2414049830756334 0.24143038667622285 0.24145579112410576 0.24148119641948707 0.24150660256256673 0.24153200955354803 0.24155741739263303 0.24158282608002402 0.24160823561592337 0.24163364600053328 0.24165905723405579 0.2416844693166944 0.24170988224865053 0.24173529603012656 0.24176071066132576 0.24178612614244976 0.24181154247370196 0.24183695965528385 0.24186237768739927 0.24188779657024995 0.2419132163040385 0.24193863688896766 0.24196405832524082 0.24198948061306003 0.24201490375262813 0.24204032774414774 0.24206575258782193 0.24209117828385307 0.24211660483244501 0.2421420322337996 0.24216746048812032 0.24219288959560958 0.242218319556471 0.24224375037090717 0.2422691820391214 0.24229461456131607 0.24232004793769446 0.24234548216845997 0.242370917253816 0.2423963531939647 0.24242178998911068 0.2424472276394556 0.2424726661452039 0.24249810550655826 0.24252354572372203 0.2425489867968983 0.24257442872629098 0.24259987151210283 0.2426253151545371 0.24265075965379823 0.2426762050100888 0.2427016512236131 0.24272709829457317 0.242752546223174 0.24277799500961816 0.24280344465410997 0.24282889515685224 0.24285434651804982 0.24287979873790477 0.24290525181662181 0.24293070575440479 0.24295616055145652 0.24298161620798187 0.24300707272418376 0.2430325301002666 0.24305798833643422 0.2430834474328898 0.24310890738983804 0.24313436820748213 0.2431598298860268 0.24318529242567533 0.24321075582663243 0.24323622008910184 0.24326168521328762 0.24328715119939315 0.24331261804762372 0.24333808575818283 0.24336355433127432 0.24338902376710336 0.24341449406587334 0.24343996522778855 0.24346543725305392 0.24349091014187385 0.24351638389445107 0.24354185851099142 0.24356733399169894 0.24359281033677793 0.24361828754643278 0.24364376562086854 0.24366924456028882 0.24369472436489814 0.24372020503490266 0.24374568657050433 0.24377116897190965 0.2437966522393228 0.2438221363729487 0.2438476213729912 0.2438731072396555 0.24389859397314617 0.2439240815736683 0.2439495700414268 0.24397505937662578 0.24400054957947015 0.2440260406501653 0.2440515325889161 0.24407702539592713 0.24410251907140368 0.2441280136155506 0.24415350902857202 0.24417900531067416 0.24420450246206182 0.24423000048293986 0.2442554993735132 0.24428099913398715 0.24430649976456675 0.24433200126545762 0.2443575036368646 0.24438300687899273 0.24440851099204797 0.2444340159762347 0.24445952183175934 0.24448502855882615 0.24451053615764096 0.24453604462840905 0.24456155397133594 0.244587064186627 0.24461257527448765 0.2446380872351238 0.24466360006874066 0.24468911377554403 0.24471462835573865 0.24474014380953135 0.24476566013712686 0.24479117733873101 0.24481669541454976 0.24484221436478848 0.2448677341896529 0.244893254889349 0.2449187764640831 0.24494429891406044 0.2449698222394866 0.24499534644056764 0.2450208715175094 0.24504639747051837 0.24507192429979996 0.24509745200555988 0.2451229805880044 0.24514851004734017 0.24517404038377277 0.24519957159750816 0.2452251036887525 0.24525063665771163 0.24527617050459272 0.24530170522960004 0.24532724083294255 0.24535277731482408 0.2453783146754519 0.24540385291503186 0.2454293920337708 0.24545493203187507 0.24548047290955033 0.24550601466700417 0.2455315573044422 0.24555710082207094 0.24558264522009599 0.24560819049872573 0.24563373665816557 0.2456592836986219 0.24568483162030197 0.24571038042341153 0.2457359301081583 0.24576148067474812 0.24578703212338782 0.24581258445428433 0.24583813766764417 0.2458636917636745 0.24588924674258184 0.245914802604572 0.24594035934985325 0.24596591697863313 0.2459914754911161 0.2460170348875106 0.24604259516802285 0.24606815633286117 0.24609371838223182 0.2461192813163411 0.24614484513539725 0.24617040983960636 0.2461959754291756 0.246221541904313 0.24624710926522497 0.246272677512119 0.2462982466452024 0.24632381666468206 0.2463493875707654 0.24637495936365927 0.24640053204357149 0.24642610561070932 0.2464516800652804 0.24647725540749155 0.24650283163755038 0.24652840875566517 0.24655398676204143 0.24657956565688854 0.24660514544041312 0.24663072611282322 0.24665630767432567 0.24668189012512864 0.24670747346543997 0.24673305769546672 0.24675864281541682 0.246784228825498 0.24680981572591743 0.24683540351688438 0.2468609921986047 0.24688658177128764 0.2469121722351405 0.24693776359037134 0.24696335583718731 0.24698894897579649 0.2470145430064088 0.2470401379292292 0.24706573374446805 0.24709133045233134 0.2471169280530292 0.2471425265467686 0.24716812593375703 0.24719372621420344 0.2472193273883161 0.24724492945630228 0.24727053241837138 0.2472961362747308 0.24732174102558924 0.24734734667115454 0.24737295321163533 0.24739856064723997 0.24742416897817554 0.24744977820465275 0.2474753883268781 0.24750099934506098 0.24752661125940956 0.24755222407013222 0.2475778377774377 0.24760345238153447 0.2476290678826304 0.24765468428093496 0.24768030157665666 0.24770591977000445 0.24773153886118582 0.24775715885040994 0.24778277973788587 0.2478084015238221 0.24783402420842826 0.2478596477919115 0.24788527227448154 0.2479108976563471 0.24793652393771748 0.24796215111880127 0.24798777919980663 0.2480134081809442 0.24803903806242134 0.24806466884444722 0.2480903005272318 0.24811593311098412 0.2481415665959118 0.24816720098222544 0.2481928362701331 0.24821847245984474 0.2482441095515695 0.24826974754551578 0.24829538644189342 0.2483210262409119 0.24834666694277963 0.24837230854770642 0.24839795105590246 0.24842359446757623 0.24844923878293612 0.24847488400219342 0.24850053012555628 0.24852617715323455 0.2485518250854376 0.2485774739223755 0.2486031236642573 0.24862877431129293 0.2486544258636909 0.24868007832166183 0.24870573168541554 0.2487313859551603 0.24875704113110775 0.24878269721346613 0.2488083542024453 0.24883401209825573 0.24885967090110717 0.2488853306112082 0.24891099122877058 0.24893665275400267 0.2489623151871151 0.2489879785283171 0.24901364277781945 0.24903930793583107 0.2490649740025631 0.24909064097822475 0.24911630886302671 0.24914197765717827 0.24916764736089037 0.2491933179743725 0.24921898949783505 0.24924466193148787 0.24927033527554177 0.24929600953020625 0.24932168469569183 0.24934736077220976 0.2493730377599681 0.2493987156591796 0.24942439447005305 0.24945007419279963 0.24947575482762918 0.2495014363747522 0.2495271188343795 0.2495528022067215 0.24957848649198833 0.24960417169039062 0.2496298578021392 0.24965554482744445 0.24968123276651655 0.24970692161956765 0.24973261138680602 0.24975830206844418 0.24978399366469284 0.24980968617576094 0.24983537960186086 0.24986107394320378 0.24988676919999897 0.24991246537245848 0.2499381624607917 0.24996386046521113 0.2499895593859276 0.2500152592231506 0.2500409599770912 0.2500666616479622 0.25009236423597325 0.25011806774133616 0.25014377216426076 0.2501694775049591 0.250195183763642 0.250220890940521 0.2502465990358066 0.2502723080497097 0.2502980179824421 0.2503237288342155 0.25034944060524034 0.25037515329572857 0.2504008669058905 0.2504265814359383 0.25045229688608295 0.2504780132565364 0.2505037305475094 0.2505294487592139 0.2505551678918603 0.25058088794566147 0.25060660892082853 0.25063233081757175 0.2506580536361047 0.2506837773766376 0.25070950203938236 0.2507352276245507 0.25076095413235455 0.2507866815630049 0.25081240991671394 0.25083813919369335 0.25086386939415495 0.25088960051831033 0.2509153325663718 0.25094106553855056 0.2509667994350582 0.250992534256107 0.251018270001909 0.25104400667267623 0.2510697442686207 0.25109548278995475 0.25112122223688893 0.2511469626096361 0.2511727039084083 0.25119844613341824 0.25122418928487766 0.25124993336299783 0.2512756783679918 0.2513014243000713 0.25132717115944947 0.2513529189463376 0.2513786676609475 0.2514044173034926 0.25143016787418526 0.25145591937323575 0.25148167180085945 0.2515074251572671 0.25153317944267073 0.2515589346572832 0.25158469080131707 0.2516104478749851 0.25163620587849955 0.2516619648120726 0.25168772467591716 0.2517134854702454 0.25173924719527085 0.25176500985120476 0.2517907734382614 0.25181653795665304 0.2518423034065904 0.25186806978828846 0.25189383710195945 0.25191960534781566 0.25194537452607 0.2519711446369364 0.2519969156806263 0.2520226876573529 0.252048460567329 0.2520742344107687 0.25210000918788333 0.2521257848988867 0.2521515615439921 0.252177339123411 0.2522031176373587 0.25222889708604646 0.2522546774696889 0.25228045878849736 0.2523062410426862 0.2523320242324685 0.25235780835805754 0.25238359341966565 0.25240937941750685 0.25243516635179475 0.2524609542227414 0.2524867430305612 0.25251253277546737 0.2525383234576728 0.25256411507739096 0.25258990763483613 0.2526157011302208 0.2526414955637586 0.25266729093566265 0.25269308724614736 0.2527188844954258 0.2527446826837122 0.2527704818112184 0.2527962818781595 0.25282208288474894 0.2528478848312007 0.2528736877177278 0.2528994915445437 0.2529252963118628 0.2529511020198987 0.252976908668864 0.2530027162589754 0.2530285247904438 0.25305433426348456 0.25308014467831086 0.25310595603513797 0.2531317683341777 0.2531575815756455 0.25318339575975457 0.2532092108867199 0.25323502695675504 0.2532608439700734 0.2532866619268901 0.2533124808274181 0.25333830067187146 0.2533641214604667 0.25338994319341523 0.2534157658709325 0.2534415894932325 0.2534674140605302 0.25349323957303815 0.2535190660309725 0.2535448934345461 0.2535707217839749 0.2535965510794713 0.2536223813212515 0.2536482125095285 0.2536740446445176 0.25369987772643343 0.25372571175548997 0.25375154673190115 0.25377738265588257 0.2538032195276485 0.2538290573474138 0.2538548961153926 0.2538807358317995 0.25390657649684956 0.25393241811075706 0.2539582606737364 0.2539841041860038 0.25400994864777204 0.25403579405925725 0.25406164042067436 0.25408748773223677 0.25411333599416086 0.2541391852066609 0.25416503536995205 0.25419088648424837 0.25421673854976556 0.25424259156671836 0.25426844553532224 0.2542943004557916 0.2543201563283417 0.25434601315318717 0.2543718709305448 0.2543977296606271 0.2544235893436517 0.25444944997983243 0.25447531156938386 0.2545011741125227 0.2545270376094646 0.254552902060422 0.2545787674656126 0.254604633825251 0.25463050113955255 0.25465636940873293 0.2546822386330069 0.25470810881259065 0.25473397994769886 0.2547598520385468 0.25478572508535136 0.2548115990883264 0.25483747404768864 0.25486334996365334 0.25488922683643545 0.2549151046662509 0.2549409834533154 0.25496686319784523 0.2549927439000549 0.25501862556016075 0.2550445081783783 0.25507039175492374 0.2550962762900121 0.2551221617838598 0.25514804823668236 0.2551739356486957 0.2551998240201152 0.2552257133511574 0.25525160364203847 0.2552774948929738 0.25530338710417866 0.25532928027587065 0.25535517440826383 0.2553810695015766 0.2554069655560227 0.2554328625718203 0.2554587605491834 0.25548465948832955 0.2555105593894744 0.2555364602528343 0.2555623620786249 0.25558826486706343 0.2556141686183653 0.2556400733327472 0.25566597901042587 0.2556918856516157 0.255717793256535 0.2557437018253996 0.2557696113584258 0.25579552185582954 0.2558214333178277 0.25584734574463763 0.25587325913647374 0.2558991734935545 0.2559250888160951 0.2559510051043127 0.2559769223584235 0.25600284057864575 0.25602875976519335 0.256054679918285 0.25608060103813624 0.2561065231249635 0.2561324461789857 0.2561583702004171 0.2561842951894757 0.2562102211463779 0.25623614807134065 0.2562620759645804 0.256288004826315 0.2563139346567602 0.25633986545613385 0.2563657972246519 0.25639172996253246 0.25641766366999097 0.25644359834724606 0.256469533994514 0.2564954706120115 0.25652140819995606 0.2565473467585646 0.25657328628805454 0.25659922678864255 0.25662516826054627 0.2566511107039825 0.25667705411916875 0.2567029985063216 0.25672894386565936 0.2567548901973984 0.25678083750175695 0.25680678577895166 0.256832735029199 0.2568586852527184 0.25688463644972637 0.25691058862043914 0.25693654176507597 0.25696249588385367 0.2569884509769891 0.2570144070446998 0.25704036408720454 0.25706632210472025 0.25709228109746374 0.2571182410656532 0.2571442020095065 0.2571701639292414 0.25719612682507487 0.25722209069722457 0.2572480555459099 0.2572740213713469 0.2572999881737533 0.25732595595334773 0.2573519247103475 0.2573778944449716 0.25740386515743574 0.25742983684795895 0.2574558095167603 0.2574817831640557 0.2575077577900644 0.25753373339500363 0.25755970997909194 0.25758568754254707 0.25761166608558717 0.2576376456084306 0.2576636261112948 0.2576896075943981 0.2577155900579591 0.2577415735021953 0.257767557927326 0.2577935433335682 0.25781952972114053 0.2578455170902618 0.2578715054411489 0.2578974947740216 0.25792348508909735 0.2579494763865947 0.2579754686667326 0.25800146192972884 0.2580274561758018 0.25805345140517 0.2580794476180519 0.2581054448146669 0.25813144299523194 0.2581574421599666 0.2581834423090893 0.2582094434428177 0.2582354455613718 0.2582614486649688 0.25828745275382925 0.2583134578281703 0.25833946388821083 0.2583654709341696 0.2583914789662658 0.2584174879847181 0.25844349798974564 0.25846950898156584 0.25849552096039874 0.25852153392646293 0.2585475478799768 0.2585735628211602 0.25859957875023065 0.2586255956674084 0.2586516135729122 0.2586776324669606 0.258703652349773 0.2587296732215689 0.2587556950825658 0.2587817179329839 0.25880774177304233 0.2588337666029603 0.2588597924229563 0.2588858192332497 0.2589118470340601 0.25893787582560635 0.2589639056081081 0.258989936381784 0.2590159681468547 0.2590420009035379 0.25906803465205364 0.2590940693926206 0.2591201051254597 0.2591461418507889 0.25917217956882777 0.2591982182797967 0.25922425798391413 0.25925029868140004 0.2592763403724748 0.2593023830573564 0.2593284267362649 0.2593544714094205 0.2593805170770421 0.25940656373934945 0.2594326113965624 0.25945866004890084 0.259484709696584 0.25951076033983145 0.25953681197886413 0.25956286461390055 0.2595889182451607 0.2596149728728645 0.2596410284972329 0.2596670851184837 0.2596931427368381 0.2597192013525156 0.2597452609657367 0.2597713215767198 0.25979738318568724 0.2598234457928572 0.25984950939844986 0.2598755740026861 0.2599016396057847 0.25992770620796757 0.25995377380945395 0.2599798424104631 0.26000591201121626 0.2600319826119336 0.2600580542128341 0.2600841268141387 0.2601102004160689 0.2601362750188434 0.260162350622682 0.260188427227807 0.2602145048344371 0.2602405834427932 0.26026666305309565 0.2602927436655649 0.26031882528042205 0.2603449078978861 0.2603709915181782 0.26039707614151897 0.2604231617681291 0.2604492483982286 0.26047533603203843 0.26050142466977877 0.2605275143116701 0.2605536049579338 0.2605796966087901 0.26060578926446043 0.26063188292516315 0.26065797759112197 0.26068407326255616 0.26071016993968554 0.2607362676227326 0.26076236631191696 0.26078846600745953 0.2608145667095825 0.2608406684185052 0.2608667711344492 0.2608928748576347 0.2609189795882838 0.26094508532661653 0.2609711920728547 0.2609972998272181 0.26102340858992856 0.2610495183612076 0.2610756291412756 0.2611017409303531 0.2611278537286621 0.26115396753642406 0.2611800823538588 0.2612061981811884 0.2612323150186342 0.2612584328664175 0.2612845517247582 0.26131067159387933 0.2613367924740011 0.2613629143653453 0.261389037268132 0.2614151611825848 0.2614412861089239 0.26146741204737034 0.26149353899814565 0.26151966696147144 0.2615457959375693 0.26157192592666156 0.26159805692896787 0.26162418894471084 0.261650321974112 0.2616764560173934 0.26170259107477545 0.26172872714648054 0.26175486423272964 0.2617810023337461 0.26180714144974937 0.26183328158096253 0.26185942272760687 0.2618855648899049 0.26191170806807684 0.2619378522623461 0.26196399747293275 0.2619901437000606 0.2620162909439502 0.26204243920482373 0.2620685884829037 0.26209473877841094 0.262120890091568 0.2621470424225969 0.2621731957717194 0.2621993501391583 0.2622255055251339 0.26225166192987037 0.26227781935358796 0.2623039777965095 0.26233013725885757 0.26235629774085356 0.2623824592427201 0.26240862176467994 0.26243478530695385 0.26246094986976476 0.2624871154533356 0.2625132820578878 0.2625394496836434 0.26256561833082537 0.26259178799965577 0.2626179586903572 0.2626441304031517 0.262670303138262 0.2626964768959099 0.26272265167631914 0.2627488274797112 0.26277500430630885 0.2628011821563341 0.26282736103001003 0.26285354092755897 0.26287972184920383 0.26290590379516654 0.2629320867656708 0.2629582707609379 0.262984455781192 0.26301064182665423 0.2630368288975484 0.2630630169940962 0.263089206116522 0.2631153962650469 0.2631415874398948 0.26316777964128857 0.26319397286944923 0.2632201671246024 0.2632463624069685 0.2632725587167726 0.2632987560542358 0.2633249544195819 0.26335115381303287 0.2633773542348139 0.2634035556851462 0.26342975816425296 0.2634559616723575 0.26348216620968357 0.26350837177645314 0.2635345783728902 0.2635607859992163 0.2635869946556568 0.2636132043424335 0.2636394150597695 0.2636656268078892 0.26369183958701503 0.2637180533973704 0.2637442682391776 0.263770484112662 0.26379670101804487 0.26382291895555054 0.2638491379254031 0.26387535792782524 0.26390157896303934 0.26392780103126956 0.2639540241327405 0.2639802482676745 0.26400647343629524 0.2640326996388258 0.2640589268754906 0.2640851551465131 0.26411138445211624 0.26413761479252384 0.2641638461679593 0.2641900785786475 0.2642163120248109 0.26424254650667345 0.26426878202445847 0.264295018578391 0.26432125616869295 0.26434749479558994 0.26437373445930423 0.26439997516006053 0.26442621689808266 0.26445245967359376 0.2644787034868188 0.2645049483379809 0.2645311942273041 0.264557441155012 0.26458368912132946 0.2646099381264799 0.264636188170688 0.2646624392541763 0.26468869137717044 0.2647149445398933 0.2647411987425692 0.2647674539854239 0.2647937102686786 0.2648199675925589 0.26484622595729057 0.2648724853630955 0.2648987458101987 0.26492500729882407 0.2649512698291966 0.26497753340154007 0.2650037980160793 0.2650300636730374 0.26505633037264 0.26508259811511126 0.2651088669006746 0.26513513672955513 0.26516140760197815 0.2651876795181667 0.2652139524783452 0.2652402264827397 0.26526650153157294 0.2652927776250704 0.2653190547634562 0.2653453329469556 0.26537161217579275 0.2653978924501921 0.26542417377037775 0.26545045613657625 0.2654767395490104 0.2655030240079055 0.26552930951348686 0.2655555960659782 0.26558188366560453 0.26560817231259093 0.26563446200716245 0.2656607527495437 0.2656870445399594 0.2657133373786338 0.2657396312657926 0.26576592620166073 0.2657922221864639 0.26581851922042443 0.2658448173037694 0.26587111643672334 0.26589741661951094 0.26592371785235847 0.26595002013548896 0.26597632346912914 0.26600262785350304 0.2660289332888365 0.2660552397753544 0.26608154731328104 0.2661078559028438 0.26613416554426517 0.26616047623777217 0.2661867879835902 0.2662131007819426 0.26623941463305645 0.26626572953715655 0.2662920454944683 0.2663183625052168 0.26634468056962657 0.2663709996879253 0.26639731986033655 0.2664236410870855 0.26644996336839855 0.26647628670450163 0.2665026110956187 0.26652893654197607 0.26655526304379895 0.2665815906013147 0.26660791921474547 0.2666342488843195 0.26666057961026124 0.26668691139279654 0.2667132442321516 0.2667395781285514 0.2667659130822222 0.26679224909338917 0.2668185861622778 0.26684492428911444 0.26687126347412504 0.26689760371753457 0.2669239450195696 0.2669502873804559 0.2669766308004182 0.26700297527968364 0.2670293208184775 0.26705566741702524 0.2670820150755552 0.26710836379429026 0.26713471357345775 0.2671610644132836 0.26718741631399445 0.26721376927581475 0.26724012329897184 0.26726647838369155 0.2672928345301997 0.2673191917387219 0.2673455500094857 0.26737190934271626 0.2673982697386398 0.26742463119748283 0.26745099371947156 0.26747735730483135 0.2675037219537896 0.2675300876665718 0.2675564544434046 0.2675828222845146 0.2676091911901277 0.26763556116047016 0.26766193219576806 0.267688304296249 0.2677146774621384 0.2677410516936629 0.2677674269910495 0.2677938033545233 0.2678201807843117 0.2678465592806415 0.26787293884373853 0.2678993194738304 0.26792570117114245 0.2679520839359013 0.2679784677683349 0.26800485266866825 0.26803123863712974 0.2680576256739444 0.2680840137793399 0.2681104029535417 0.26813679319677874 0.26816318450927534 0.2681895768912599 0.26821597034295863 0.26824236486459885 0.26826876045640746 0.2682951571186094 0.2683215548514335 0.2683479536551069 0.26837435352985484 0.26840075447590506 0.26842715649348525 0.2684535595828216 0.2684799637441404 0.26850636897766944 0.26853277528363684 0.26855918266226775 0.26858559111379043 0.26861200063843127 0.2686384112364171 0.2686648229079762 0.26869123565333575 0.2687176494727219 0.2687440643663622 0.26877048033448336 0.26879689737731327 0.26882331549507943 0.26884973468800877 0.2688761549563288 0.26890257630026526 0.2689289987200474 0.26895542221590185 0.2689818467880565 0.26900827243673797 0.2690346991621738 0.2690611269645915 0.2690875558442185 0.2691139858012821 0.2691404168360104 0.26916684894863097 0.2691932821393699 0.26921971640845643 0.2692461517561172 0.26927258818257915 0.26929902568807074 0.26932546427282045 0.269351903937054 0.2693783446810005 0.269404786504887 0.2694312294089414 0.26945767339339166 0.26948411845846465 0.2695105646043888 0.2695370118313918 0.2695634601397012 0.2695899095295453 0.2696163600011514 0.26964281155474756 0.26966926419056136 0.26969571790882096 0.2697221727097552 0.26974862859359017 0.26977508556055496 0.2698015436108765 0.2698280027447847 0.26985446296250604 0.26988092426426913 0.26990738665030134 0.2699338501208315 0.26996031467608694 0.2699867803162972 0.2700132470416887 0.27003971485248957 0.2700661837489302 0.2700926537312356 0.2701191247996366 0.27014559695436 0.2701720701956347 0.27019854452368874 0.27022501993875014 0.2702514964410475 0.2702779740308088 0.2703044527082623 0.2703309324736374 0.27035741332716146 0.27038389526906315 0.27041037829957015 0.27043686241891174 0.27046334762731683 0.270489833925013 0.2705163213122286 0.2705428097891931 0.27056929935613394 0.2705957900132798 0.2706222817608601 0.2706487745991024 0.2706752685282362 0.2707017635484896 0.27072825966009073 0.2707547568632691 0.27078125515825335 0.2708077545452722 0.2708342550245537 0.2708607565963268 0.2708872592608207 0.2709137630182642 0.2709402678688848 0.2709667738129129 0.27099328085057595 0.271019788982105 0.2710462982077262 0.2710728085276697 0.2710993199421644 0.2711258324514392 0.27115234605572314 0.2711788607552449 0.27120537655023425 0.27123189344091836 0.27125841142752827 0.27128493051029157 0.27131145068943807 0.2713379719651965 0.2713644943377965 0.27139101780746633 0.27141754237443605 0.2714440680389336 0.2714705948011893 0.27149712266143167 0.2715236516198899 0.27155018167679335 0.27157671283237184 0.27160324508685396 0.2716297784404682 0.2716563128934453 0.271682848446014 0.2717093850984036 0.2717359228508438 0.27176246170356366 0.2717890016567922 0.27181554271075914 0.2718420848656947 0.2718686281218271 0.27189517247938544 0.2719217179386013 0.271948264499702 0.2719748121629181 0.2720013609284797 0.2720279107966146 0.27205446176755355 0.2720810138415257 0.2721075670187618 0.2721341212994898 0.27216067668394084 0.27218723317234317 0.2722137907649277 0.2722403494619233 0.2722669092635599 0.2722934701700678 0.2723200321816761 0.2723465952986146 0.2723731595211134 0.27239972484940167 0.27242629128371054 0.2724528588242683 0.27247942747130605 0.27250599722505275 0.272532568085739 0.2725591400535936 0.2725857131288485 0.27261228731173126 0.2726388626024736 0.2726654390013057 0.2726920165084563 0.2727185951241553 0.27274517484863403 0.272771755682122 0.27279833762484906 0.27282492067704556 0.27285150483894083 0.2728780901107668 0.27290467649275163 0.27293126398512735 0.2729578525881222 0.2729844423019674 0.2730110331268937 0.27303762506313034 0.27306421811090864 0.27309081227045773 0.2731174075420084 0.2731440039257911 0.27317060142203653 0.2731972000309748 0.2732237997528352 0.27325040058784955 0.2732770025362471 0.2733036055982603 0.2733302097741168 0.27335681506404863 0.2733834214682873 0.2734100289870608 0.273436637620601 0.2734632473691381 0.27348985823290395 0.273516470212128 0.27354308330704025 0.27356969751787197 0.2735963128448542 0.27362292928821697 0.2736495468481914 0.27367616552500773 0.27370278531889725 0.27372940623008923 0.27375602825881606 0.27378265140530766 0.27380927566979507 0.2738359010525093 0.27386252755368057 0.27388915517353984 0.2739157839123185 0.27394241377024686 0.2739690447475558 0.27399567684447623 0.27402231006123934 0.2740489443980756 0.27407557985521636 0.27410221643289256 0.27412885413133514 0.2741554929507747 0.274182132891442 0.27420877395356946 0.27423541613738767 0.2742620594431272 0.27428870387101867 0.27431534942129376 0.2743419960941835 0.2743686438899202 0.274395292808733 0.2744219428508544 0.27444859401651545 0.27447524630594655 0.27450189971938 0.27452855425704625 0.2745552099191765 0.2745818667060034 0.2746085246177564 0.2746351836546681 0.27466184381696834 0.2746885051048906 0.2747151675186652 0.274741831058523 0.27476849572469564 0.2747951615174151 0.2748218284369135 0.2748484964834197 0.2748751656571671 0.2749018359583877 0.2749285073873109 0.2749551799441705 0.27498185362919636 0.27500852844262114 0.27503520438467466 0.2750618814555914 0.275088559655601 0.2751152389849345 0.27514191944382604 0.2751686010325043 0.27519528375120306 0.2752219676001538 0.27524865257958697 0.2752753386897355 0.2753020259308304 0.27532871430310446 0.27535540380678825 0.2753820944421138 0.2754087862093142 0.27543547910861976 0.27546217314026245 0.2754888683044757 0.27551556460148885 0.27554226203153576 0.2755689605948485 0.2755956602916577 0.2756223611221964 0.275649063086695 0.2756757661853876 0.2757024704185047 0.27572917578627987 0.2757558822889429 0.2757825899267272 0.2758092986998649 0.2758360086085876 0.2758627196531276 0.27588943183371717 0.2759161451505885 0.2759428596039737 0.2759695751941049 0.2759962919212142 0.2760230097855332 0.2760497287872956 0.27607644892673333 0.27610317020407726 0.27612989261956056 0.276156616173415 0.2761833408658748 0.2762100666971701 0.2762367936675343 0.27626352177719915 0.27629025102639737 0.2763169814153613 0.2763437129443239 0.2763704456135172 0.27639717942317255 0.2764239143735241 0.27645065046480344 0.2764773876972436 0.2765041260710771 0.27653086558653506 0.27655760624385217 0.2765843480432588 0.2766110909849895 0.27663783506927575 0.27666458029635044 0.2766913266664466 0.27671807417979544 0.2767448228366316 0.27677157263718555 0.27679832358169243 0.27682507567038317 0.27685182890349114 0.27687858328124926 0.2769053388038898 0.2769320954716461 0.2769588532847507 0.2769856122434361 0.27701237234793563 0.2770391335984812 0.2770658959953065 0.27709265953864515 0.27711942422872826 0.27714619006579033 0.27717295705006306 0.27719972518178004 0.2772264944611744 0.2772532648884787 0.27728003646392585 0.27730680918774886 0.27733358306018197 0.2773603580814563 0.27738713425180683 0.27741391157146433 0.27744069004066396 0.277467469659638 0.27749425042861997 0.27752103234784187 0.27754781541753837 0.27757459963794107 0.2776013850092849 0.2776281715318023 0.2776549592057259 0.27768174803128964 0.27770853800872697 0.2777353291382698 0.27776212142015233 0.27778891485460866 0.2778157094418712 0.27784250518217335 0.27786930207574856 0.2778961001228304 0.2779228993236518 0.2779496996784463 0.2779765011874471 0.2780033038508889 0.27803010766900305 0.27805691264202514 0.278083718770187 0.27811052605372355 0.27813733449286704 0.27816414408785184 0.27819095483891054 0.27821776674627796 0.27824457981018713 0.27827139403087076 0.2782982094085642 0.2783250259434993 0.27835184363591126 0.27837866248603227 0.27840548249409713 0.2784323036603389 0.2784591259849921 0.2784859494682894 0.2785127741104654 0.27853959991175326 0.27856642687238686 0.27859325499260035 0.2786200842726273 0.2786469147127012 0.2786737463130562 0.2787005790739261 0.27872741299554504 0.2787542480781463 0.27878108432196425 0.2788079217272329 0.27883476029418597 0.27886160002305715 0.2788884409140804 0.2789152829674908 0.278942126183521 0.278968970562405 0.2789958161043776 0.279022662809673 0.279049510678524 0.27907635971116584 0.27910320990783277 0.2791300612687576 0.27915691379417495 0.2791837674843196 0.27921062233942595 0.2792374783597269 0.2792643355454574 0.2792911938968512 0.2793180534141433 0.27934491409756657 0.27937177594735696 0.2793986389637473 0.2794255031469728 0.27945236849726673 0.2794792350148648 0.2795061027000003 0.2795329715529078 0.2795598415738214 0.2795867127629753 0.2796135851206053 0.279640458646945 0.2796673333422276 0.2796942092066892 0.279721086240563 0.27974796444408456 0.2797748438174883 0.2798017243610078 0.27982860607487825 0.27985548895933365 0.27988237301460817 0.27990925824093826 0.27993614463855654 0.27996303220769836 0.279989920948598 0.2800168108614909 0.2800437019466109 0.2800705942041922 0.2800974876344712 0.2801243822376811 0.2801512780140567 0.28017817496383257 0.2802050730872445 0.2802319723845266 0.2802588728559132 0.28028577450164005 0.28031267732194043 0.28033958131705083 0.28036648648720475 0.2803933928326374 0.2804203003535839 0.28044720905027865 0.28047411892295715 0.28050102997185367 0.28052794219720334 0.280554855599242 0.28058177017820307 0.2806086859343223 0.2806356028678334 0.2806625209789734 0.2806894402679757 0.2807163607350771 0.2807432823805105 0.280770205204512 0.2807971292073166 0.28082405438915914 0.2808509807502746 0.2808779082908983 0.2809048370112657 0.2809317669116125 0.280958697992171 0.2809856302531788 0.2810125636948707 0.281039498317482 0.2810664341212481 0.2810933711064031 0.2811203092731829 0.28114724862182283 0.28117418915255743 0.28120113086562304 0.2812280737612549 0.2812550178396873 0.2812819631011563 0.28130890954589705 0.2813358571741452 0.2813628059861357 0.28138975598210403 0.28141670716228473 0.2814436595269154 0.2814706130762298 0.2814975678104632 0.28152452372985215 0.28155148083463066 0.281578439125036 0.2816053986013024 0.2816323592636656 0.28165932111236147 0.2816862841476251 0.28171324836969247 0.281740213778799 0.28176718037518 0.2817941481590711 0.28182111713070834 0.2818480872903264 0.2818750586381614 0.28190203117445023 0.2819290048994276 0.2819559798133273 0.2819829559163889 0.2820099332088455 0.28203691169093226 0.28206389136288745 0.2820908722249449 0.2821178542773405 0.2821448375203106 0.2821718219540904 0.28219880757891613 0.2822257943950248 0.28225278240265017 0.28227977160202844 0.28230676199339744 0.2823337535769903 0.2823607463530442 0.28238774032179603 0.2824147354834805 0.28244173183833343 0.2824687293865912 0.2824957281284899 0.2825227280642657 0.2825497291941538 0.28257673151839047 0.28260373503721214 0.28263073975085473 0.2826577456595536 0.2826847527635463 0.2827117610630676 0.2827387705583546 0.28276578124964247 0.2827927931371672 0.2828198062211653 0.2828468205018734 0.28287383597952775 0.2829008526543638 0.2829278705266176 0.2829548895965259 0.2829819098643256 0.2830089313302515 0.28303595399454085 0.2830629778574296 0.28309000291915365 0.2831170291799495 0.2831440566400538 0.2831710852997028 0.2831981151591323 0.2832251462185791 0.2832521784782801 0.2832792119384705 0.28330624659938686 0.28333328246126643 0.2833603195243455 0.2833873577888597 0.2834143972550467 0.2834414379231409 0.2834684797933813 0.283495522866003 0.2835225671412419 0.28354961261933576 0.2835766593005209 0.2836037071850328 0.28363075627310963 0.28365780656498685 0.28368485806090127 0.2837119107610895 0.2837389646657875 0.2837660197752334 0.283793076089663 0.2838201336093127 0.28384719233441946 0.2838742522652199 0.2839013134019508 0.28392837574484875 0.2839554392941501 0.2839825040500925 0.2840095700129116 0.28403663718284555 0.28406370556012983 0.28409077514500236 0.2841178459376985 0.2841449179384554 0.28417199114751135 0.2841990655651011 0.28422614119146405 0.2842532180268347 0.284280296071451 0.2843073753255486 0.28433445578936656 0.2843615374631405 0.28438862034710777 0.28441570444150455 0.28444278974656934 0.28446987626253684 0.2844969639896462 0.28452405292813254 0.28455114307823504 0.28457823444018837 0.28460532701423147 0.284632420800601 0.28465951579953286 0.28468661201126577 0.284713709436035 0.28474080807407964 0.28476790792563533 0.2847950089909398 0.2848221112702294 0.2848492147637429 0.28487631947171654 0.28490342539438696 0.2849305325319922 0.2849576408847687 0.28498475045295435 0.2850118612367868 0.2850389732365025 0.28506608645233833 0.28509320088453227 0.28512031653332204 0.2851474333989443 0.28517455148163595 0.2852016707816347 0.2852287912991782 0.28525591303450404 0.285283035987849 0.2853101601594501 0.2853372855495455 0.2853644121583718 0.28539153998616795 0.2854186690331699 0.2854457992996158 0.2854729307857419 0.2855000634917876 0.28552719741798904 0.2855543325645842 0.28558146893181047 0.28560860651990594 0.28563574532910674 0.2856628853596517 0.28569002661177767 0.285717169085723 0.28574431278172374 0.28577145770001966 0.28579860384084643 0.28582575120444287 0.2858528997910459 0.28588004960089364 0.28590720063422326 0.2859343528912728 0.2859615063722809 0.2859886610774832 0.2860158170071182 0.2860429741614243 0.2860701325406392 0.2860972921449998 0.2861244529747444 0.2861516150301109 0.2861787783113362 0.2862059428186592 0.2862331085523169 0.2862602755125484 0.28628744369959 0.2863146131136808 0.28634178375505703 0.2863689556239579 0.2863961287206209 0.2864233030452841 0.28645047859818595 0.2864776553795636 0.2865048333896538 0.2865320126286972 0.28655919309692923 0.28658637479458937 0.28661355772191544 0.28664074187914546 0.2866679272665167 0.2866951138842684 0.2867223017326368 0.2867494908118613 0.2867766811221797 0.28680387266383045 0.28683106543705117 0.28685825944207943 0.2868854546791537 0.28691265114851294 0.2869398488503945 0.286967047785037 0.2869942479526775 0.2870214493535548 0.2870486519879074 0.28707585585597406 0.28710306095799165 0.28713026729419866 0.28715747486483345 0.2871846836701346 0.28721189371033995 0.28723910498568905 0.2872663174964183 0.28729353124276646 0.28732074622497283 0.28734796244327465 0.2873751798979105 0.28740239858911876 0.2874296185171381 0.28745683968220637 0.287484062084563 0.28751128572444395 0.2875385106020909 0.28756573671773955 0.28759296407162993 0.2876201926639993 0.2876474224950871 0.2876746535651309 0.28770188587436984 0.287729119423042 0.28775635421138657 0.2877835902396415 0.2878108275080451 0.28783806601683615 0.287865305766253 0.2878925467565341 0.2879197889879186 0.2879470324606448 0.2879742771749513 0.28800152313107596 0.2880287703292588 0.28805601876973697 0.28808326845275045 0.2881105193785365 0.2881377715473348 0.28816502495938345 0.28819227961492166 0.28821953551418744 0.2882467926574206 0.28827405104485837 0.2883013106767407 0.28832857155330505 0.28835583367479134 0.2883830970414383 0.28841036165348366 0.2884376275111675 0.28846489461472746 0.28849216296440305 0.2885194325604328 0.28854670340305555 0.2885739754925094 0.28860124882903526 0.28862852341287015 0.28865579924425355 0.2886830763234235 0.2887103546506202 0.288737634226083 0.2887649150500483 0.28879219712275717 0.28881948044444794 0.2888467650153592 0.28887405083573037 0.2889013379058003 0.2889286262258075 0.28895591579599245 0.28898320661659205 0.28901049868784723 0.2890377920099956 0.2890650865832767 0.2890923824079292 0.28911967948419437 0.2891469778123076 0.28917427739251034 0.28920157822504144 0.28922888031013927 0.28925618364804373 0.28928348823899364 0.289310794083228 0.28933810118098613 0.2893654095325069 0.28939271913803 0.28942002999779426 0.2894473421120388 0.28947465548100304 0.28950197010492573 0.2895292859840466 0.2895566031186052 0.28958392150884005 0.2896112411549904 0.28963856205729566 0.28966588421599493 0.28969320763132833 0.28972053230353434 0.289747858232853 0.2897751854195223 0.28980251386378364 0.28982984356587393 0.2898571745260341 0.2898845067445034 0.2899118402215204 0.28993917495732513 0.28996651095215675 0.28999384820625507 0.2900211867198592 0.29004852649320845 0.29007586752654246 0.2901032098201006 0.29013055337412186 0.29015789818884696 0.29018524426451386 0.2902125916013629 0.2902399401996336 0.2902672900595653 0.29029464118139725 0.29032199356536903 0.290349347211721 0.2903767021206922 0.2904040582925218 0.2904314157274497 0.2904587744257149 0.2904861343875582 0.2905134956132185 0.2905408581029345 0.29056822185694786 0.2905955868754968 0.29062295315882114 0.2906503207071607 0.290677689520755 0.29070505959984416 0.2907324309446677 0.29075980355546394 0.29078717743247495 0.29081455257593913 0.29084192898609607 0.290869306663186 0.2908966856074484 0.2909240658191228 0.2909514472984496 0.2909788300456677 0.29100621406101834 0.29103359934473905 0.2910609858970723 0.2910883737182556 0.29111576280853013 0.2911431531681353 0.29117054479731086 0.29119793769629687 0.2912253318653335 0.291252727304659 0.29128012401451575 0.2913075219951424 0.29133492124677796 0.29136232176966337 0.29138972356403925 0.29141712663014396 0.2914445309682182 0.2914719365785017 0.2914993434612354 0.29152675161665753 0.2915541610450101 0.29158157174653043 0.29160898372146216 0.2916363969700425 0.29166381149251164 0.2916912272891109 0.2917186443600789 0.29174606270565717 0.2917734823260848 0.291800903221602 0.2918283253924494 0.2918557488388659 0.29188317356109295 0.2919105995593694 0.2919380268339361 0.2919654553850335 0.29199288521290123 0.29202031631777947 0.2920477486999087 0.2920751823595287 0.2921026172968795 0.29213005351220145 0.2921574910057352 0.2921849297777209 0.29221236982839816 0.2922398111580071 0.29226725376678875 0.2922946976549834 0.2923221428228303 0.2923495892705702 0.292377036998444 0.29240448600669056 0.29243193629555186 0.29245938786526704 0.292486840716077 0.29251429484822156 0.2925417502619413 0.2925692069574769 0.292596664935068 0.292624124194955 0.2926515847373792 0.2926790465625797 0.29270650967079814 0.2927339740622741 0.292761439737248 0.2927889066959607 0.29281637493865187 0.2928438444655628 0.29287131527693366 0.29289878737300445 0.29292626075401595 0.2929537354202084 0.29298121137182287 0.29300868860909923 0.29303616713227876 0.2930636469416006 0.2930911280373063 0.29311861041963594 0.2931460940888311 0.2931735790451304 0.29320106528877665 0.29322855282000804 0.29325604163906704 0.29328353174619304 0.29331102314162705 0.29333851582560955 0.293366009798382 0.293393505060183 0.2934210016112556 0.29344849945183893 0.29347599858217377 0.2935034990025005 0.29353100071306093 0.2935585037140944 0.29358600800584245 0.29361351358854604 0.29364102046244445 0.29366852862777904 0.2936960380847915 0.2937235488337202 0.29375106087480896 0.2937785742082961 0.2938060888344236 0.29383360475343157 0.29386112196556136 0.2938886404710537 0.2939161602701478 0.29394368136308624 0.29397120375010855 0.2939987274314573 0.29402625240737124 0.294053778678093 0.29408130624386164 0.2941088351049197 0.29413636526150677 0.294163896713864 0.29419142946223253 0.2942189635068535 0.29424649884796705 0.2942740354858139 0.29430157342063623 0.2943291126526737 0.2943566531821674 0.2943841950093584 0.29441173813448773 0.2944392825577966 0.2944668282795255 0.2944943752999162 0.2945219236192078 0.29454947323764247 0.2945770241554617 0.2946045763729058 0.2946321298902159 0.29465968470763304 0.29468724082539777 0.29471479824375124 0.2947423569629356 0.29476991698319 0.29479747830475733 0.2948250409278774 0.2948526048527915 0.29488017007974054 0.2949077366089663 0.29493530444070903 0.29496287357521056 0.2949904440127108 0.29501801575345277 0.2950455887976766 0.29507316314562204 0.29510073879753185 0.29512831575364706 0.29515589401420883 0.2951834735794572 0.29521105444963447 0.29523863662498173 0.2952662201057391 0.2952938048921494 0.29532139098445254 0.29534897838288987 0.2953765670877031 0.29540415709913326 0.2954317484174216 0.2954593410428086 0.29548693497553646 0.29551453021584684 0.2955421267639795 0.29556972462017583 0.2955973237846783 0.29562492425772713 0.2956525260395646 0.29568012913043196 0.2957077335305689 0.2957353392402181 0.29576294625961985 0.29579055458901693 0.29581816422865015 0.2958457751787602 0.2958733874395889 0.29590100101137695 0.2959286158943668 0.2959562320887996 0.2959838495949163 0.296011468412957 0.2960390885431653 0.2960667099857821 0.2960943327410479 0.29612195680920506 0.2961495821904946 0.29617720888515797 0.296204836893436 0.2962324662155702 0.2962600968518032 0.29628772880237597 0.2963153620675294 0.29634299664750463 0.29637063254254414 0.29639826975288885 0.2964259082787809 0.2964535481204613 0.2964811892781707 0.29650883175215204 0.29653647554264606 0.29656412064989424 0.29659176707413826 0.2966194148156207 0.29664706387458106 0.29667471425126224 0.29670236594590604 0.2967300189587526 0.2967576732900439 0.29678532894002285 0.2968129859089299 0.29684064419700706 0.2968683038044957 0.2968959647316376 0.2969236269786739 0.29695129054584624 0.29697895543339725 0.2970066216415672 0.29703428917059904 0.297061958020733 0.2970896281922122 0.29711729968527734 0.29714497250017 0.29717264663713294 0.29720032209640634 0.29722799887823337 0.2972556769828538 0.29728335641051107 0.2973110371614466 0.2973387192359016 0.2973664026341173 0.29739408735633677 0.2974217734028015 0.2974494607737521 0.29747714946943127 0.2975048394900808 0.2975325308359411 0.2975602235072554 0.29758791750426505 0.2976156128272123 0.29764330947633877 0.2976710074518848 0.2976987067540938 0.29772640738320744 0.29775410933946733 0.29778181262311443 0.29780951723439086 0.29783722317353956 0.29786493044080076 0.2978926390364187 0.2979203489606326 0.29794806021368614 0.29797577279581966 0.29800348670727583 0.29803120194829735 0.2980589185191238 0.29808663641999944 0.29811435565116573 0.29814207621286337 0.29816979810533506 0.2981975213288227 0.29822524588356747 0.29825297176981214 0.2982806989877991 0.29830842753776876 0.29833615741996455 0.29836388863462693 0.2983916211819986 0.29841935506232287 0.29844709027583927 0.29847482682279125 0.29850256470342074 0.29853030391796886 0.29855804446667833 0.2985857863497906 0.29861352956754894 0.2986412741201936 0.2986690200079676 0.2986967672311127 0.298724515789871 0.298752265684485 0.29878001691519573 0.29880776948224597 0.29883552338587704 0.2988632786263319 0.29889103520385196 0.29891879311867964 0.2989465523710566 0.29897431296122523 0.299002074889428 0.2990298381559062 0.2990576027609023 0.2990853687046584 0.2991131359874164 0.29914090460941845 0.29916867457090635 0.29919644587212346 0.29922421851331094 0.299251992494711 0.29927976781656596 0.29930754447911667 0.2993353224826074 0.2993631018272791 0.29939088251337376 0.2994186645411345 0.299446447910803 0.29947423262262096 0.29950201867683046 0.2995298060736744 0.29955759481339483 0.29958538489623443 0.2996131763224339 0.29964096909223636 0.29966876320588387 0.29969655866361866 0.2997243554656841 0.29975215361232044 0.2997799531037706 0.29980775394027814 0.2998355561220827 0.2998633596494289 0.2998911645225575 0.29991897074171203 0.2999467783071328 0.2999745872190648 0.3000023974777484 0.3000302090834255 0.30005802203634 0.3000858363367327 0.3001136519848471 0.3001414689809242 0.30016928732520765 0.3001971070179391 0.3002249280593601 0.3002527504497142 0.3002805741892436 0.30030839927819064 0.30033622571679586 0.30036405350530426 0.3003918826439562 0.3004197131329952 0.3004475449726627 0.3004753781632019 0.3005032127048546 0.3005310485978637 0.3005588858424709 0.3005867244389179 0.3006145643874497 0.30064240568830614 0.30067024834172995 0.3006980923479645 0.30072593770725176 0.3007537844198347 0.3007816324859536 0.30080948190585344 0.3008373326797751 0.30086518480796154 0.3008930382906556 0.3009208931280988 0.3009487493205334 0.30097660686820293 0.3010044657713494 0.30103232603021524 0.3010601876450423 0.3010880506160738 0.30111591494355194 0.3011437806277192 0.30117164766881777 0.30119951606709006 0.3012273858227793 0.3012552569361273 0.3012831294073768 0.30131100323677074 0.3013388784245501 0.3013667549709589 0.3013946328762387 0.30142251214063265 0.301450392764383 0.30147827474773226 0.30150615809092285 0.3015340427941974 0.30156192885779887 0.3015898162819681 0.30161770506694974 0.30164559521298506 0.30167348672031735 0.3017013795891885 0.30172927381984194 0.30175716941251873 0.3017850663674625 0.3018129646849156 0.30184086436512136 0.30186876540832064 0.30189666781475677 0.301924571584673 0.3019524767183114 0.30198038321591447 0.3020082910777252 0.30203620030398526 0.302064110894938 0.3020920228508259 0.30211993617189203 0.3021478508583769 0.3021757669105265 0.30220368432858 0.3022316031127831 0.302259523263376 0.302287444780603 0.3023153676647057 0.302343291915927 0.30237121753450946 0.30239914452069605 0.3024270728747287 0.3024550025968509 0.3024829336873045 0.3025108661463327 0.30253879997417854 0.3025667351710839 0.30259467173729104 0.30262260967304455 0.3026505489785849 0.3026784896541559 0.3027064316999999 0.30273437511636025 0.30276231990347857 0.30279026606159776 0.30281821359096106 0.30284616249181084 0.30287411276439036 0.30290206440894085 0.302930017425707 0.30295797181493 0.3029859275768524 0.3030138847117181 0.30304184321976924 0.3030698031012491 0.3030977643563988 0.30312572698546236 0.30315369098868294 0.3031816563663021 0.30320962311856303 0.30323759124570815 0.3032655607479815 0.30329353162562356 0.303321503878879 0.3033494775079899 0.30337745251319936 0.3034054288947494 0.30343340665288354 0.3034613857878429 0.30348936629987266 0.3035173481892144 0.3035453314561105 0.3035733161008043 0.30360130212353875 0.3036292895245557 0.3036572783040985 0.3036852684624102 0.30371325999973364 0.3037412529163108 0.3037692472123855 0.3037972428881992 0.3038252399439956 0.30385323838001776 0.3038812381965077 0.3039092393937095 0.30393724197186445 0.3039652459312159 0.30399325127200727 0.3040212579944803 0.30404926609887817 0.3040772755854446 0.3041052864544208 0.304133298706051 0.3041613123405775 0.30418932735824256 0.30421734375929066 0.3042453615439622 0.30427338071250243 0.3043014012651525 0.30432942320215584 0.3043574465237553 0.3043854712301943 0.3044134973217145 0.3044415247985598 0.30446955366097206 0.30449758390919524 0.30452561554347046 0.3045536485640429 0.3045816829711536 0.30460971876504694 0.3046377559459642 0.3046657945141493 0.30469383446984466 0.30472187581329246 0.3047499185447371 0.3047779626644209 0.30480600817258663 0.3048340550694766 0.30486210335533404 0.30489015303040246 0.30491820409492376 0.30494625654914165 0.3049743103932985 0.30500236562763705 0.30503042225240073 0.30505848026783267 0.305086539674175 0.3051146004716705 0.3051426626605629 0.30517072624109476 0.3051987912135087 0.3052268575780477 0.3052549253349549 0.30528299448447327 0.305311065026845 0.30533913696231396 0.3053672102911221 0.3053952850135133 0.3054233611297301 0.305451438640015 0.30547951754461145 0.3055075978437626 0.30553567953771 0.3055637626266976 0.3055918471109691 0.30561993299076584 0.305648020266332 0.30567610893790964 0.3057041990057421 0.30573229047007255 0.3057603833311435 0.3057884775891976 0.305816573244478 0.3058446702972284 0.30587276874769076 0.305900868596109 0.3059289698427248 0.3059570724877817 0.3059851765315236 0.3060132819741914 0.3060413888160294 0.3060694970572806 0.3060976066981874 0.30612571773899333 0.3061538301799408 0.3061819440212733 0.3062100592632335 0.30623817590606417 0.30626629395000815 0.3062944133953083 0.30632253424220934 0.3063506564909517 0.30637878014177955 0.30640690519493585 0.30643503165066355 0.30646315950920544 0.30649128877080456 0.3065194194357037 0.3065475515041467 0.3065756849763748 0.3066038198526325 0.30663195613316196 0.30666009381820714 0.30668823290800884 0.306716373402813 0.3067445153028603 0.30677265860839475 0.3068008033196592 0.3068289494368954 0.30685709696034813 0.3068852458902591 0.30691339622687286 0.30694154797043094 0.3069697011211765 0.3069978556793528 0.30702601164520216 0.3070541690189684 0.3070823278008946 0.307110487991223 0.307138649590197 0.30716681259805934 0.30719497701505305 0.3072231428414218 0.30725131007740614 0.3072794787232529 0.3073076487792028 0.3073358202454982 0.3073639931223834 0.3073921674101008 0.30742034310889343 0.30744852021900426 0.30747669874067607 0.30750487867415277 0.3075330600196762 0.30756124277748964 0.30758942694783675 0.30761761253096 0.30764579952710236 0.3076739879365059 0.30770217775941566 0.3077303689960722 0.3077585616467211 0.3077867557116034 0.3078149511909627 0.3078431480850421 0.30787134639408453 0.30789954611833237 0.3079277472580293 0.3079559498134192 0.307984153784743 0.3080123591722448 0.3080405659761668 0.30806877419675394 0.30809698383424655 0.3081251948888891 0.3081534073609249 0.308181621250597 0.3082098365581466 0.3082380532838187 0.30826627142785545 0.30829449099049877 0.3083227119719938 0.308350934372583 0.3083791581925073 0.3084073834320116 0.3084356100913386 0.30846383817073153 0.3084920676704317 0.3085202985906843 0.30854853093173074 0.30857676469381534 0.3086049998771796 0.3086332364820674 0.30866147450872206 0.3086897139573853 0.30871795482830133 0.30874619712171225 0.3087744408378612 0.30880268597699123 0.3088309325393457 0.30885918052516703 0.3088874299346984 0.30891568076818277 0.3089439330258634 0.30897218670798265 0.3090004418147839 0.30902869834651003 0.3090569563034046 0.30908521568570935 0.3091134764936676 0.3091417387275228 0.3091700023875178 0.3091982674738951 0.30922653398689837 0.30925480192677046 0.3092830712937529 0.30931134208808986 0.30933961431002555 0.30936788795980086 0.30939616303765916 0.30942443954384424 0.30945271747859837 0.3094809968421639 0.3095092776347852 0.3095375598567043 0.30956584350816385 0.3095941285894078 0.30962241510067834 0.3096507030422192 0.30967899241427266 0.30970728321708174 0.3097355754508888 0.30976386911593756 0.3097921642124709 0.3098204607407321 0.3098487587009626 0.30987705809340715 0.3099053589183074 0.30993366117590737 0.3099619648664488 0.30999026999017487 0.3100185765473288 0.3100468845381543 0.31007519396289307 0.31010350482178817 0.310131817115083 0.31016013084301985 0.3101884460058427 0.31021676260379283 0.3102450806371153 0.31027340010605053 0.31030172101084386 0.310330043351736 0.31035836712897136 0.31038669234279326 0.3104150189934429 0.31044334708116383 0.310471676606199 0.3105000075687916 0.31052833996918383 0.31055667380762 0.31058500908434183 0.31061334579959166 0.31064168395361336 0.3106700235466502 0.31069836457894406 0.31072670705073824 0.3107550509622752 0.3107833963137985 0.3108117431055506 0.31084009133777446 0.31086844101071376 0.3108967921246093 0.3109251446797051 0.3109534986762448 0.31098185411447044 0.3110102109946249 0.31103856931695084 0.3110669290816921 0.31109529028909 0.3111236529393884 0.3111520170328299 0.31118038256965797 0.31120874955011457 0.3112371179744421 0.3112654878428842 0.3112938591556845 0.3113222319130846 0.31135060611532717 0.31137898176265555 0.311407358855313 0.31143573739354236 0.31146411737758484 0.31149249880768437 0.31152088168408465 0.3115492660070266 0.3115776517767549 0.3116060389935109 0.311634427657538 0.3116628177690788 0.3116912093283767 0.31171960233567386 0.31174799679121257 0.31177639269523705 0.3118047900479892 0.3118331888497121 0.31186158910064765 0.31188999080104063 0.3119183939511314 0.31194679855116414 0.3119752046013806 0.3120036121020253 0.3120320210533398 0.3120604314555666 0.3120888433089488 0.3121172566137289 0.31214567137015026 0.31217408757845555 0.31220250523888704 0.31223092435168764 0.3122593449171006 0.3122877669353681 0.31231619040673264 0.3123446153314372 0.3123730417097248 0.3124014695418378 0.3124298988280183 0.31245832956851105 0.3124867617635566 0.312515195413399 0.31254363051828027 0.3125720670784432 0.31260050509413073 0.312628944565585 0.3126573854930492 0.3126858278767668 0.31271427171697885 0.31274271701392853 0.31277116376785896 0.31279961197901285 0.3128280616476329 0.31285651277396065 0.3128849653582404 0.31291341940071327 0.3129418749016226 0.3129703318612118 0.3129987902797231 0.3130272501573972 0.3130557114944805 0.31308417429121194 0.3131126385478361 0.3131411042645955 0.31316957144173285 0.3131980400794895 0.31322651017810954 0.3132549817378347 0.31328345475890784 0.3133119292415719 0.3133404051860693 0.3133688825926422 0.31339736146153385 0.31342584179298627 0.31345432358724246 0.3134828068445449 0.31351129156513524 0.313539777749258 0.31356826539715454 0.31359675450906677 0.3136252450852389 0.3136537371259118 0.3136822306313294 0.3137107256017333 0.31373922203736604 0.3137677199384714 0.313796219305291 0.31382472013806695 0.3138532224370427 0.3138817262024598 0.31391023143456087 0.3139387381335901 0.313967246299788 0.3139957559333971 0.31402426703466146 0.31405277960382183 0.31408129364112214 0.3141098091468044 0.31413832612111126 0.314166844564284 0.3141953644765668 0.3142238858582007 0.3142524087094284 0.3142809330304941 0.31430945882163797 0.3143379860831037 0.3143665148151338 0.31439504501796955 0.31442357669185417 0.314452109837031 0.3144806444537408 0.3145091805422271 0.3145377181027318 0.31456625713549724 0.31459479764076603 0.31462333961878075 0.31465188306978353 0.3146804279940174 0.3147089743917233 0.314737522263145 0.3147660716085242 0.3147946224281035 0.3148231747221253 0.3148517284908313 0.3148802837344651 0.3149088404532684 0.3149373986474835 0.3149659583173525 0.31499451946311785 0.3150230820850217 0.31505164618330694 0.3150802117582161 0.31510877880999133 0.31513734733887333 0.3151659173451071 0.3151944888289324 0.31522306179059356 0.31525163623033103 0.31528021214838864 0.3153087895450074 0.31533736842043125 0.31536594877490065 0.3153945306086591 0.31542311392194866 0.31545169871501044 0.31548028498808844 0.31550887274142303 0.315537461975258 0.31556605268983473 0.3155946448853961 0.315623238562184 0.31565183372044014 0.31568043036040705 0.31570902848232774 0.3157376280864439 0.31576622917299635 0.3157948317422282 0.315823435794383 0.3158520413297009 0.31588064834842566 0.31590925685079774 0.31593786683706104 0.31596647830745694 0.31599509126222747 0.31602370570161475 0.31605232162586083 0.3160809390352075 0.31610955792989814 0.3161381783101739 0.31616680017627674 0.31619542352844987 0.3162240483669342 0.3162526746919716 0.3162813025038056 0.3163099318026771 0.3163385625888284 0.31636719486250153 0.31639582862393867 0.31642446387338197 0.3164531006110738 0.31648173883725494 0.31651037855216924 0.3165390197560567 0.31656766244916046 0.31659630663172267 0.31662495230398535 0.3166535994661899 0.3166822481185785 0.3167108982613934 0.31673954989487585 0.3167682030192691 0.31679685763481413 0.3168255137417535 0.3168541713403289 0.31688283043078136 0.31691149101335403 0.3169401530882887 0.3169688166558271 0.31699748171621067 0.31702614826968223 0.31705481631648336 0.3170834858568553 0.3171121568910409 0.3171408294192807 0.3171695034418176 0.317198178958894 0.31722685597075073 0.3172555344776298 0.3172842144797736 0.3173128959774236 0.3173415789708218 0.31737026346020913 0.3173989494458287 0.3174276369279213 0.31745632590673 0.3174850163824955 0.3175137083554599 0.31754240182586435 0.31757109679395223 0.3175997932599637 0.3176284912241416 0.31765719068672693 0.31768589164796146 0.3177145941080879 0.317743298067346 0.31777200352598034 0.3178007104842302 0.3178294189423385 0.3178581289005471 0.3178868403590963 0.31791555331822896 0.31794426777818585 0.3179729837392101 0.3180017012015427 0.31803042016542493 0.3180591406310985 0.3180878625988057 0.3181165860687871 0.3181453110412851 0.31817403751654105 0.31820276549479654 0.3182314949762943 0.3182602259612737 0.31828895844997795 0.3183176924426485 0.3183464279395266 0.3183751649408533 0.31840390344687153 0.3184326434578215 0.31846138497394527 0.3184901279954846 0.3185188725226803 0.31854761855577485 0.3185763660950094 0.3186051151406252 0.31863386569286434 0.31866261775196714 0.3186913713181764 0.31872012639173297 0.31874888297287696 0.31877764106185247 0.3188064006588994 0.3188351617642595 0.31886392437817346 0.3188926885008847 0.3189214541326325 0.318950221273659 0.31897898992420615 0.31900776008451526 0.3190365317548267 0.31906530493538177 0.3190940796264232 0.31912285582819155 0.31915163354092857 0.3191804127648754 0.319209193500273 0.31923797574736246 0.31926675950638583 0.3192955447775849 0.3193243315612001 0.31935311985747195 0.3193819096666435 0.31941070098895497 0.3194394938246473 0.3194682881739628 0.31949708403714205 0.3195258814144266 0.3195546803060565 0.31958348071227527 0.31961228263332164 0.3196410860694384 0.3196698910208662 0.31969869748784663 0.31972750547062023 0.3197563149694286 0.3197851259845126 0.3198139385161136 0.3198427525644725 0.319871568129831 0.3199003852124288 0.31992920381250967 0.31995802393031236 0.3199868455660788 0.32001566872004883 0.32004449339246555 0.32007331958356877 0.3201021472935992 0.3201309765228 0.32015980727141047 0.32018863953967136 0.32021747332782446 0.3202463086361105 0.3202751454647703 0.32030398381404557 0.32033282368417604 0.32036166507540464 0.3203905079879702 0.3204193524221146 0.32044819837807936 0.3204770458561048 0.32050589485643144 0.32053474537930104 0.320563597424954 0.3205924509936311 0.3206213060855737 0.3206501627010221 0.32067902084021727 0.3207078805034005 0.32073674169081257 0.3207656044026943 0.3207944686392856 0.3208233344008289 0.3208522016875637 0.3208810704997309 0.32090994083757174 0.32093881270132707 0.3209676860912378 0.32099656100754426 0.3210254374504866 0.3210543154203065 0.32108319491724535 0.32111207594154223 0.3211409584934385 0.3211698425731748 0.3211987281809924 0.32122761531713084 0.32125650398183225 0.32128539417533575 0.3213142858978827 0.32134317914971455 0.3213720739310706 0.3214009702421917 0.32142986808331897 0.3214587674546936 0.3214876683565535 0.321516570789143 0.3215454747527 0.32157438024746554 0.3216032872736807 0.321632195831586 0.3216611059214207 0.32169001754342674 0.3217189306978442 0.32174784538491374 0.3217767616048758 0.32180567935797055 0.3218345986444391 0.3218635194645203 0.32189244181845655 0.32192136570648666 0.32195029112885276 0.32197921808579366 0.32200814657754995 0.32203707660436287 0.32206600816647235 0.32209494126411875 0.3221238758975429 0.322152812066983 0.3221817497726829 0.32221068901488015 0.32223962979381593 0.32226857210973114 0.3222975159628645 0.3223264613534569 0.3223554082817508 0.3223843567479836 0.3224133067523962 0.32244225829522977 0.3224712113767234 0.32250016599711817 0.32252912215665397 0.32255807985557094 0.3225870390941088 0.32261599987250833 0.32264496219101035 0.3226739260498528 0.32270289144927755 0.3227318583895249 0.3227608268708342 0.32278979689344567 0.3228187684575987 0.32284774156353446 0.32287671621149294 0.32290569240171374 0.3229346701344371 0.32296364940990285 0.322992630228351 0.32302161259002216 0.32305059649515555 0.323079581943991 0.32310856893676976 0.3231375574737301 0.3231665475551131 0.3231955391811592 0.32322453235210635 0.32325352706819577 0.32328252332966645 0.32331152113675987 0.32334052048971507 0.32336952138877206 0.3233985238341699 0.32342752782615003 0.32345653336494984 0.32348554045081124 0.3235145490839737 0.3235435592646758 0.3235725709931577 0.3236015842696609 0.3236305990944236 0.3236596154676852 0.3236886333896867 0.3237176528606661 0.3237466738808654 0.3237756964505223 0.3238047205698773 0.32383374623917005 0.3238627734586401 0.3238918022285264 0.3239208325490692 0.3239498644205093 0.3239788978430844 0.32400793281703555 0.32403696934260107 0.324066007420021 0.32409504704953496 0.3241240882313825 0.324153130965803 0.3241821752530365 0.3242112210933221 0.324240268486899 0.32426931743400744 0.32429836793488565 0.3243274199897751 0.3243564735989125 0.324385528762539 0.3244145854808951 0.32444364375421797 0.3244727035827474 0.3245017649667232 0.32453082790638543 0.32455989240197236 0.32458895845372404 0.3246180260618786 0.32464709522667734 0.32467616594835735 0.3247052382271596 0.3247343120633228 0.3247633874570862 0.32479246440868903 0.3248215429183702 0.32485062298636946 0.3248797046129257 0.3249087877982779 0.3249378725426657 0.32496695884632787 0.3249960467095032 0.32502513613243234 0.3250542271153529 0.3250833196585048 0.3251124137621271 0.32514150942645803 0.3251706066517377 0.32519970543820453 0.3252288057860978 0.3252579076956561 0.32528701116711933 0.3253161162007262 0.3253452227967151 0.32537433095532486 0.32540344067679583 0.3254325519613652 0.3254616648092734 0.32549077922075864 0.32551989519606006 0.3255490127354166 0.32557813183906625 0.32560725250724887 0.32563637474020246 0.32566549853816673 0.3256946239013807 0.3257237508300821 0.3257528793245106 0.325782009384904 0.3258111410115021 0.32584027420454365 0.32586940896426686 0.32589854529091 0.32592768318471277 0.32595682264591286 0.3259859636747495 0.3260151062714619 0.3260442504362888 0.3260733961694673 0.32610254347123724 0.3261316923418365 0.3261608427815047 0.32618999479047917 0.3262191483689987 0.32624830351730405 0.32627746023563 0.3263066185242183 0.3263357783833054 0.32636493981313075 0.3263941028139332 0.3264232673859504 0.3264524335294202 0.3264816012445836 0.32651077053167665 0.3265399413909371 0.32656911382260545 0.32659828782691913 0.3266274634041175 0.326656640554437 0.3266858192781179 0.3267149995753972 0.3267441814465134 0.32677336489170516 0.3268025499112104 0.3268317365052673 0.32686092467411476 0.32689011441799054 0.3269193057371331 0.32694849863178066 0.3269776931021706 0.3270068891485415 0.3270360867711317 0.32706528597018036 0.32709448674592334 0.3271236890986007 0.3271528930284491 0.3271820985357071 0.32721130562061407 0.3272405142834056 0.3272697245243211 0.3272989363436002 0.32732814974147795 0.32735736471819377 0.32738658127398557 0.3274157994090905 0.32744501912374735 0.3274742404181943 0.32750346329266855 0.3275326877474086 0.32756191378265165 0.32759114139863543 0.3276203705955991 0.32764960137377885 0.3276788337334141 0.3277080676747409 0.3277373031979981 0.32776654030342267 0.32779577899125445 0.3278250192617286 0.32785426111508387 0.32788350455155857 0.32791274957138905 0.32794199617481423 0.32797124436207015 0.32800049413339694 0.3280297454890305 0.3280589984292088 0.3280882529541689 0.32811750906414927 0.3281467667593867 0.328176026040119 0.3282052869065839 0.3282345493590192 0.3282638133976614 0.32829307902274873 0.32832234623451817 0.3283516150332072 0.3283808854190541 0.32841015739229507 0.3284394309531683 0.32846870610191115 0.32849798283875997 0.32852726116395314 0.3285565410777287 0.32858582258032154 0.32861510567197194 0.3286443903529137 0.3286736766233873 0.3287029644836288 0.3287322539338746 0.3287615449743635 0.328790837605331 0.32882013182701475 0.3288494276396525 0.32887872504348215 0.3289080240387383 0.3289373246256604 0.3289666268044835 0.32899593057544685 0.32902523593878685 0.32905454289474023 0.3290838514435427 0.32911316158543413 0.32914247332064905 0.32917178664942504 0.32920110157199933 0.32923041808860876 0.3292597361994909 0.329289055904882 0.32931837720501944 0.3293477001001377 0.32937702459047746 0.329406350676273 0.3294356783577619 0.32946500763518083 0.3294943385087665 0.329523670978756 0.3295530050453861 0.3295823407088916 0.3296116779695132 0.32964101682748426 0.32967035728304195 0.32969969933642407 0.3297290429878663 0.32975838823760584 0.3297877350858789 0.32981708353292216 0.3298464335789726 0.32987578522426664 0.32990513846903957 0.32993449331353 0.32996384975797266 0.3299932078026053 0.3300225674476627 0.3300519286933834 0.330081291540002 0.33011065598775613 0.33014002203688164 0.33016938968761544 0.33019875894019424 0.33022812979485194 0.33025750225182704 0.3302868763113562 0.3303162519736742 0.3303456292390172 0.3303750081076229 0.3304043885797272 0.33043377065556523 0.3304631543353752 0.3304925396193906 0.3305219265078496 0.33055131500098733 0.33058070509904025 0.33061009680224385 0.33063949011083604 0.33066888502505054 0.33069828154512526 0.33072767967129457 0.3307570794037966 0.3307864807428653 0.3308158836887378 0.3308452882416495 0.33087469440183637 0.3309041021695349 0.3309335115449801 0.33096292252840875 0.3309923351200552 0.3310217493201577 0.33105116512895094 0.3310805825466685 0.33111000157354953 0.3311394222098286 0.3311688444557408 0.33119826831152244 0.3312276937774089 0.3312571208536359 0.33128654954044023 0.3313159798380553 0.33134541174671917 0.3313748452666657 0.3314042803981304 0.33143371714135017 0.3314631554965606 0.33149259546399534 0.3315220370438914 0.3315514802364842 0.3315809250420092 0.33161037146070105 0.33163981949279653 0.3316692691385288 0.3316987203981365 0.33172817327185233 0.33175762775991247 0.3317870838625524 0.3318165415800074 0.3318460009125124 0.33187546186030414 0.33190492442361563 0.33193438860268365 0.3319638543977428 0.33199332180902896 0.332022790836777 0.3320522614812209 0.3320817337425974 0.332111207621141 0.3321406831170871 0.3321701602306699 0.332199638962126 0.3322291193116884 0.3322586012795943 0.3322880848660772 0.3323175700713714 0.33234705689571487 0.33237654533933925 0.33240603540248204 0.3324355270853758 0.3324650203882582 0.33249451531136065 0.33252401185492064 0.33255351001917144 0.3325830098043496 0.33261251121068836 0.3326420142384232 0.3326715188877881 0.332701025159019 0.33273053305234934 0.33276004256801506 0.3327895537062495 0.33281906646728776 0.33284858085136426 0.3328780968587147 0.33290761448957307 0.3329371337441738 0.33296665462275077 0.3329961771255394 0.3330257012527734 0.33305522700468804 0.33308475438151763 0.333114283383497 0.3331438140108586 0.3331733462638382 0.33320288014267174 0.33323241564759054 0.3332619527788303 0.33329149153662596 0.333321031921211 0.3333505739328202 0.3333801175716864 0.3334096628380461 0.3334392097321319 0.33346875825417877 0.33349830840441985 0.3335278601830899 0.3335574135904228 0.3335869686266526 0.33361652529201513 0.3336460835867414 0.3336756435110668 0.3337052050652267 0.33373476824945403 0.33376433306398134 0.3337938995090447 0.33382346758487746 0.33385303729171234 0.33388260862978403 0.3339121815993271 0.33394175620057487 0.33397133243376054 0.3340009102991184 0.33403048979688243 0.33406007092728585 0.3340896536905631 0.33411923808694666 0.3341488241166717 0.3341784117799713 0.33420800107707793 0.3342375920082268 0.33426718457365134 0.3342967787735852 0.3343263746082601 0.3343559720779118 0.3343855711827721 0.334415171923076 0.33444477429905595 0.33447437831094573 0.3345039839589792 0.3345335912433881 0.33456320016440855 0.3345928107222712 0.3346224229172112 0.33465203674946054 0.3346816522192535 0.3347112693268228 0.3347408880724021 0.3347705084562247 0.3348001304785222 0.33482975413952976 0.33485937943947985 0.33488900637860586 0.33491863495714 0.3349482651753162 0.33497789703336656 0.3350075305315253 0.3350371656700245 0.33506680244909826 0.3350964408689787 0.33512608092989926 0.33515572263209104 0.33518536597578974 0.33521501096122575 0.33524465758863387 0.33527430585824614 0.3353039557702948 0.33533360732501394 0.3353632605226353 0.3353929153633912 0.33542257184751667 0.33545222997524116 0.33548188974679904 0.33551155116242337 0.33554121422234606 0.3355708789268006 0.3356005452760167 0.33563021327023135 0.33565988290967397 0.3356895541945778 0.33571922712517543 0.3357489017016997 0.3357785779243816 0.3358082557934554 0.3358379353091532 0.3358676164717056 0.3358972992813464 0.33592698373830787 0.33595666984282224 0.3359863575951223 0.3360160469954383 0.33604573804400495 0.3360754307410527 0.3361051250868139 0.33613482108152226 0.3361645187254081 0.3361942180187042 0.3362239189616425 0.33625362155445515 0.33628332579737463 0.3363130316906322 0.33634273923446056 0.33637244842909064 0.33640215927475536 0.3364318717716863 0.3364615859201152 0.3364913017202741 0.33652101917239485 0.33655073827670834 0.3365804590334487 0.33661018144284527 0.3366399055051318 0.3366696312205376 0.3366993585892968 0.336729087611639 0.33675881828779686 0.33678855061800295 0.33681828460248664 0.3368480202414813 0.33687775753521776 0.3369074964839276 0.3369372370878416 0.33696697934719344 0.33699672326221264 0.3370264688331307 0.33705621606018066 0.33708596494359133 0.3371157154835962 0.3371454676804254 0.3371752215343109 0.337204977045483 0.33723473421417427 0.33726449304061457 0.3372942535250363 0.3373240156676709 0.3373537794687471 0.337383544928499 0.33741331204715563 0.3374430808249498 0.337472851262111 0.3375026233588707 0.33753239711546024 0.3375621725321102 0.3375919496090518 0.3376217283465156 0.33765150874473304 0.3376812908039344 0.33771107452435156 0.3377408599062145 0.33777064694975323 0.3378004356552 0.33783022602278456 0.33786001805273824 0.3378898117452922 0.3379196071006749 0.3379494041191202 0.3379792028008559 0.33800900314611404 0.33803880515512486 0.33806860882811973 0.33809841416532715 0.3381282211669788 0.3381580298333057 0.33818784016453707 0.33821765216090427 0.3382474658226373 0.33827728114996636 0.33830709814312243 0.3383369168023349 0.3383667371278347 0.33839655911985234 0.3384263827786176 0.3384562081043603 0.3384860350973108 0.33851586375769993 0.3385456940857563 0.33857552608171204 0.33860535974579586 0.33863519507823814 0.3386650320792697 0.3386948707491182 0.3387247110880164 0.33875455309619207 0.3387843967738764 0.33881424212129985 0.3388440891386899 0.33887393782627817 0.3389037881842948 0.3389336402129679 0.33896349391252856 0.33899334928320546 0.3390232063252294 0.33905306503882926 0.339082925424236 0.33911278748167706 0.3391426512113841 0.33917251661358583 0.33920238368851163 0.3392322524363911 0.3392621228574533 0.33929199495192863 0.3393218687200453 0.3393517441620346 0.339381621278124 0.3394115000685435 0.33944138053352246 0.3394712626732912 0.3395011464880766 0.3395310319781103 0.3395609191436201 0.33959080798483465 0.3396206985019853 0.3396505906952999 0.339680484565007 0.33971038011133636 0.33974027733451684 0.339770176234778 0.3398000768123476 0.3398299790674556 0.3398598830003312 0.33988978861120156 0.3399196959002979 0.3399496048678472 0.3399795155140799 0.34000942783922317 0.3400393418435066 0.3400692575271592 0.34009917489040853 0.3401290939334849 0.34015901465661613 0.34018893706003017 0.3402188611439574 0.3402487869086239 0.34027871435426116 0.3403086434810958 0.34033857428935543 0.3403685067792709 0.3403984409510685 0.34042837680497906 0.3404583143412283 0.3404882535600462 0.3405181944616602 0.3405481370462994 0.34057808131419187 0.34060802726556527 0.34063797490064895 0.34066792421966996 0.34069787522285655 0.34072782791043754 0.34075778228263953 0.3407877383396922 0.3408176960818239 0.34084765550926055 0.34087761662223137 0.3409075794209657 0.34093754390568887 0.3409675100766303 0.34099747793401725 0.34102744747807845 0.3410574187090405 0.34108739162713164 0.3411173662325788 0.3411473425256121 0.34117732050645677 0.3412073001753415 0.3412372815324949 0.3412672645781427 0.3412972493125117 0.3413272357358327 0.3413572238483322 0.34138721365023594 0.3414172051417723 0.34144719832316905 0.3414771931946534 0.34150718975645245 0.34153718800879385 0.34156718795190444 0.3415971895860135 0.3416271929113446 0.3416571979281273 0.34168720463658997 0.341717213036957 0.34174722312945716 0.3417772349143172 0.3418072483917638 0.3418372635620255 0.34186728042532744 0.3418972989818969 0.3419273192319616 0.3419573411757485 0.34198736481348435 0.3420173901453949 0.3420474171717085 0.3420774458926519 0.34210747630844995 0.34213750841933144 0.34216754222552204 0.34219757772724924 0.3422276149247383 0.3422576538182187 0.3422876944079132 0.3423177366940513 0.342347780676858 0.34237782635656 0.3424078737333842 0.3424379228075577 0.34246797357930525 0.34249802604885393 0.34252808021643 0.3425581360822607 0.3425881936465728 0.34261825290958914 0.34264831387153905 0.34267837653264843 0.34270844089314223 0.3427385069532465 0.342768574713189 0.34279864417319517 0.34282871533349013 0.34285878819430016 0.3428888627558525 0.34291893901837156 0.3429490169820837 0.34297909664721593 0.34300917801399244 0.3430392610826396 0.343069345853384 0.34309943232645046 0.3431295205020638 0.3431596103804522 0.3431897019618404 0.3432197952464533 0.3432498902345168 0.3432799869262566 0.3433100853218979 0.3433401854216671 0.3433702872257882 0.34340039073448914 0.34343049594799246 0.3434606028665257 0.3434907114903124 0.3435208218195791 0.34355093385455104 0.3435810475954527 0.34361116304251094 0.3436412801959494 0.34367139905599453 0.34370151962286943 0.3437316418968013 0.3437617658780131 0.3437918915667322 0.3438220189631829 0.34385214806758835 0.3438822788801764 0.3439124114011691 0.34394254563079385 0.3439726815692741 0.34400281921683495 0.34403295857370086 0.34406309964009707 0.3440932424162484 0.34412338690237887 0.34415353309871355 0.344183681005477 0.34421383062289435 0.34424398195118844 0.344274134990586 0.34430428974131044 0.3443344462035862 0.3443646043776377 0.34439476426369 0.3444249258619657 0.3444550891726911 0.344485254196089 0.3445154209323852 0.344545589381803 0.344575759544566 0.34460593142090024 0.3446361050110276 0.34466628031517343 0.3446964573335616 0.34472663606641685 0.3447568165139616 0.3447869986764216 0.34481718255401905 0.34484736814697925 0.3448775554555257 0.34490774447988126 0.3449379352202704 0.34496812767691853 0.34499832185004675 0.3450285177398803 0.3450587153466407 0.3450889146705558 0.34511911571184517 0.34514931847073504 0.3451795229474479 0.3452097291422054 0.3452399370552348 0.3452701466867555 0.34530035803699577 0.34533057110617305 0.345360785894516 0.3453910024022455 0.34542122062958414 0.34545144057675614 0.3454816622439847 0.3455118856314927 0.3455421107395037 0.34557233756824135 0.34560256611792617 0.3456327963887842 0.34566302838103735 0.3456932620949069 0.3457234975306187 0.345753734688393 0.3457839735684556 0.345814214171027 0.34584445649632944 0.3458747005445879 0.34590494631602453 0.345935193810861 0.3459654430293204 0.345995693971624 0.34602594663799824 0.34605620102866186 0.34608645714383957 0.3461167149837534 0.34614697454862475 0.3461772358386771 0.3462074988541314 0.34623776359521297 0.346268030062141 0.34629829825513925 0.34632856817442925 0.3463588398202341 0.3463891131927761 0.3464193882922769 0.3464496651189586 0.34647994367304236 0.3465102239547523 0.34654050596430763 0.34657078970193234 0.34660107516784855 0.346631362362277 0.34666165128544035 0.3466919419375596 0.3467222343188576 0.34675252842955606 0.3467828242698755 0.34681312184003876 0.3468434211402671 0.3468737221707816 0.3469040249318044 0.34693432942355595 0.3469646356462598 0.3469949436001365 0.34702525328540745 0.34705556470229415 0.3470858778510172 0.3471161927317987 0.3471465093448598 0.347176827690423 0.3472071477687064 0.3472374695799332 0.34726779312432554 0.3472981184021019 0.34732844541348695 0.34735877415869776 0.34738910463795747 0.34741943685148646 0.34744977079950634 0.34748010648223726 0.34751044389990215 0.34754078305271885 0.3475711239409095 0.3476014665646956 0.3476318109242966 0.3476621570199334 0.34769250485182734 0.34772285442019757 0.3477532057252677 0.34778355876725475 0.3478139135463807 0.3478442700628679 0.34787462831693294 0.3479049883087988 0.34793535003868536 0.3479657135068136 0.34799607871340166 0.3480264456586717 0.3480568143428442 0.3480871847661373 0.3481175569287731 0.3481479308309706 0.3481783064729509 0.3482086838549323 0.34823906297713725 0.34826944383978387 0.3482998264430919 0.34833021078728144 0.34836059687257337 0.34839098469918706 0.3484213742673423 0.34845176557725743 0.348482158629154 0.3485125534232507 0.3485429499597683 0.34857334823892494 0.3486037482609414 0.34863415002603526 0.34866455353442805 0.3486949587863373 0.3487253657819849 0.34875577452158824 0.3487861850053675 0.3488165972335421 0.34884701120632944 0.3488774269239501 0.3489078443866249 0.3489382635945707 0.348968684548007 0.34899910724715366 0.3490295316922283 0.34905995788345223 0.3490903858210418 0.34912081550521723 0.34915124693619703 0.3491816801141998 0.3492121150394458 0.34924255171215246 0.34927299013253843 0.34930343030082367 0.3493338722172237 0.3493643158819615 0.34939476129525215 0.3494252084573164 0.3494556573683709 0.34948610802863567 0.3495165604383279 0.3495470145976667 0.34957747050687105 0.3496079281661568 0.34963838757574495 0.3496688487358529 0.3496993116466971 0.3497297763084979 0.34976024272147344 0.34979071088584046 0.34982118080181746 0.34985165246962147 0.34988212588947243 0.34991260106158695 0.3499430779861832 0.3499735566634786 0.35000403709369277 0.35003451927704055 0.35006500321374123 0.35009548890401276 0.3501259763480724 0.3501564655461379 0.3501869564984271 0.35021744920515574 0.35024794366654466 0.35027843988280816 0.3503089378541646 0.35033943758083175 0.35036993906302694 0.3504004423009668 0.35043094729486934 0.3504614540449513 0.35049196255142967 0.3505224728145232 0.3505529848344464 0.3505834986114187 0.35061401414565496 0.35064453143737406 0.3506750504867906 0.3507055712941245 0.3507360938595898 0.35076661818340626 0.350797144265787 0.35082767210695154 0.35085820170711557 0.35088873306649626 0.35091926618530955 0.3509498010637728 0.3509803377021017 0.35101087610051285 0.35104141625922347 0.3510719581784483 0.35110250185840597 0.35113304729931105 0.3511635945013811 0.3511941434648316 0.35122469418987845 0.35125524667673924 0.35128580092562856 0.35131635693676266 0.3513469147103587 0.35137747424663124 0.35140803554579736 0.35143859860807347 0.3514691634336733 0.3514997300228144 0.3515302983757118 0.3515608684925833 0.35159144037364043 0.35162201401910287 0.3516525894291854 0.35168316660410204 0.35171374554406953 0.3517443262493033 0.35177490872001804 0.35180549295643027 0.3518360789587561 0.351866666727209 0.35189725626200397 0.3519278475633585 0.3519584406314864 0.3519890354666029 0.3520196320689247 0.352050230438663 0.3520808305760377 0.352111432481261 0.35214203615454776 0.35217264159611417 0.35220324880617493 0.3522338577849444 0.35226446853263793 0.3522950810494687 0.35232569533565394 0.3523563113914061 0.3523869292169415 0.3524175488124741 0.35244817017821717 0.3524787933143879 0.35250941822119786 0.3525400448988649 0.35257067334759906 0.3526013035676193 0.3526319355591372 0.3526625693223676 0.3526932048575244 0.3527238421648222 0.3527544812444753 0.3527851220966982 0.3528157647217032 0.35284640911970566 0.35287705529092017 0.3529077032355593 0.3529383529538377 0.3529690044459689 0.35299965771216657 0.35303031275264574 0.35306096956761834 0.35309162815729833 0.3531222885219012 0.353152950661638 0.3531836145767244 0.35321428026737256 0.35324494773379644 0.35327561697620946 0.35330628799482566 0.353336960789856 0.3533676353615167 0.35339831171001945 0.353428989835578 0.3534596697384049 0.353490351418715 0.3535210348767186 0.3535517201126318 0.35358240712666467 0.3536130959190322 0.35364378648994654 0.3536744788396198 0.353705172968266 0.35373586887609854 0.35376656656332806 0.35379726603016803 0.3538279672768334 0.3538586703035328 0.35388937511048135 0.3539200816978909 0.3539507900659742 0.35398150021494357 0.3540122121450121 0.3540429258563902 0.35407364134929165 0.35410435862392864 0.3541350776805141 0.3541657985192582 0.3541965211403736 0.35422724554407425 0.3542579717305694 0.3542886997000736 0.35431942945279715 0.354350160988953 0.35438089430875186 0.3544116294124069 0.35444236630013015 0.3544731049721299 0.35450384542862223 0.35453458766981516 0.3545653316959243 0.35459607750715727 0.3546268251037268 0.354657574485846 0.35468832565372455 0.3547190786075747 0.3547498333476067 0.3547805898740337 0.3548113481870654 0.354842108286912 0.35487287017378777 0.35490363384790125 0.35493439930946535 0.3549651665586886 0.35499593559578424 0.35502670642096157 0.3550574790344332 0.35508825343640915 0.3551190296270993 0.355149807606716 0.35518058737546876 0.3552113689335693 0.355242152281227 0.3552729374186535 0.35530372434605806 0.35533451306365205 0.3553653035716464 0.3553960958702512 0.3554268899596754 0.35545768584013104 0.35548848351182794 0.3555192829749759 0.35555008422978496 0.3555808872764652 0.35561169211522836 0.3556424987462823 0.35567330716983725 0.35570411738610486 0.3557349293952927 0.3557657431976121 0.35579655879327277 0.35582737618248395 0.35585819536545693 0.3558890163423981 0.3559198391135202 0.35595066367903083 0.3559814900391409 0.35601231819405843 0.35604314814399496 0.3560739798891579 0.35610481342975775 0.35613564876600234 0.3561664858981023 0.356197324826267 0.3562281655507038 0.35625900807162414 0.35628985238923605 0.3563206985037475 0.3563515464153687 0.35638239612430866 0.35641324763077575 0.356444100934978 0.3564749560371264 0.3565058129374281 0.35653667163609104 0.35656753213332537 0.3565983944293396 0.35662925852434146 0.35666012441853967 0.3566909921121424 0.35672186160535924 0.35675273289839793 0.35678360599146497 0.35681448088477186 0.35684535757852465 0.3568762360729324 0.3569071163682035 0.3569379984645439 0.3569688823621644 0.35699976806127154 0.35703065556207403 0.3570615448647778 0.3570924359695913 0.3571233288767257 0.3571542235863854 0.3571851200987777 0.35721601841411177 0.35724691853259494 0.3572778204544331 0.35730872417983695 0.3573396297090119 0.35737053704216515 0.3574014461795052 0.35743235712123944 0.35746326986757415 0.35749418441871583 0.35752510077487343 0.3575560189362531 0.35758693890306203 0.3576178606755074 0.3576487842537954 0.357679709638135 0.3577106368287313 0.3577415658257914 0.3577724966295218 0.3578034292401311 0.3578343636578234 0.3578652998828067 0.357896237915287 0.35792717775547156 0.35795811940356814 0.35798906285978016 0.3580200081243148 0.3580509551973794 0.35808190407918095 0.3581128547699233 0.35814380726981465 0.3581747615790605 0.358205717697867 0.3582366756264407 0.3582676353649854 0.3582985969137106 0.3583295602728196 0.3583605254425184 0.3583914924230138 0.35842246121451127 0.3584534318172171 0.35848440423133543 0.35851537845707315 0.35854635449463435 0.3585773323442263 0.35860831200605414 0.35863929348032186 0.35867027676723706 0.3587012618670027 0.3587322487798258 0.35876323750591 0.3587942280454621 0.35882522039868714 0.3588562145657891 0.35888721054697226 0.3589182083424438 0.35894920795240837 0.35898020937706987 0.35901121261663294 0.3590422176713025 0.3590732245412841 0.35910423322678087 0.3591352437279989 0.3591662560451423 0.35919727017841563 0.35922828612802404 0.3592593038941704 0.35929032347706014 0.35932134487689726 0.35935236809388527 0.35938339312822953 0.35941441998013424 0.3594454486498031 0.35947647913743985 0.35950751144324977 0.3595385455674349 0.35956958151020024 0.3596006192717506 0.35963165885228776 0.35966270025201696 0.3596937434711409 0.35972478850986445 0.35975583536838984 0.35978688404692183 0.3598179345456638 0.3598489868648187 0.3598800410045897 0.35991109696518153 0.35994215474679625 0.3599732143496368 0.3600042757739068 0.36003533901981055 0.36006640408754875 0.36009747097732636 0.3601285396893472 0.3601596102238117 0.360190682580924 0.3602217567608861 0.3602528327639022 0.36028391059017584 0.36031499023990765 0.3603460717133007 0.3603771550105568 0.36040824013188033 0.3604393270774737 0.3604704158475369 0.36050150644227497 0.36053259886188993 0.3605636931065823 0.36059478917655596 0.36062588707201126 0.3606569867931525 0.3606880883401813 0.3607191917132979 0.3607502969127079 0.3607814039386086 0.36081251279120496 0.3608436234706972 0.3608747359772888 0.3609058503111813 0.36093696647257345 0.3609680844616694 0.36099920427867105 0.36103032592377915 0.3610614493971942 0.36109257469911893 0.3611237018297557 0.3611548307893022 0.361185961577962 0.36121709419593606 0.361248228643426 0.36127936492063206 0.3613105030277557 0.3613416429649976 0.36137278473255885 0.3614039283306407 0.3614350737594436 0.3614662210191679 0.36149737011001415 0.3615285210321846 0.3615596737858786 0.3615908283712965 0.36162198478863994 0.36165314303810714 0.3616843031199001 0.36171546503422025 0.3617466287812663 0.3617777943612377 0.3618089617743363 0.3618401310207616 0.36187130210071394 0.3619024750143922 0.3619336497619978 0.36196482634373006 0.36199600475978777 0.36202718501037245 0.36205836709568273 0.36208955101592044 0.362120736771282 0.3621519243619682 0.3621831137881799 0.3622143050501152 0.362245498147973 0.36227669308195476 0.36230788985225726 0.3623390884590819 0.3623702889026267 0.3624014911830913 0.3624326953006739 0.36246390125557504 0.3624951090479933 0.362526318678126 0.3625575301461741 0.3625887434523345 0.36261995859680796 0.3626511755797921 0.3626823944014851 0.3627136150620869 0.3627448375617949 0.36277606190080847 0.3628072880793255 0.3628385160975449 0.3628697459556631 0.36290097765388096 0.36293221119239516 0.3629634465714041 0.36299468379110666 0.36302592285170077 0.36305716375338326 0.36308840649635377 0.36311965108080835 0.36315089750694485 0.3631821457749631 0.3632133958850591 0.3632446478374316 0.3632759016322771 0.3633071572697937 0.3633384147501795 0.3633696740736314 0.3634009352403462 0.3634321982505213 0.3634634631043556 0.3634947298020449 0.36352599834378685 0.36355726872977856 0.3635885409602162 0.36361981503529694 0.36365109095521864 0.3636823687201789 0.3637136483303729 0.3637449297859985 0.3637762130872503 0.36380749823432856 0.3638387852274272 0.36387007406674177 0.36390136475247226 0.36393265728481294 0.36396395166396034 0.3639952478901112 0.3640265459634624 0.3640578458842081 0.3640891476525474 0.36412045126867243 0.36415175673278377 0.3641830640450743 0.364214373205741 0.3642456842149784 0.36427699707298433 0.3643083117799546 0.3643396283360838 0.3643709467415681 0.36440226699660183 0.3644335891013808 0.3644649130561026 0.3644962388609615 0.36452756651615115 0.3645588960218704 0.3645902273783106 0.3646215605856693 0.3646528956441414 0.3646842325539219 0.36471557131520527 0.3647469119281873 0.364778254393062 0.3648095987100245 0.36484094487926955 0.36487229290099354 0.36490364277538867 0.3649349945026501 0.364966348082973 0.36499770351655303 0.3650290608035821 0.36506041994425575 0.3650917809387695 0.3651231437873157 0.36515450849009023 0.36518587504728584 0.3652172434590968 0.36524861372571893 0.36527998584734345 0.36531135982416596 0.3653427356563803 0.3653741133441799 0.3654054928877585 0.36543687428731086 0.3654682575430297 0.36549964265510737 0.36553102962373973 0.3655624184491182 0.3655938091314386 0.3656252016708921 0.365656596067673 0.3656879923219727 0.3657193904339874 0.365750790403908 0.36578219223192854 0.3658135959182418 0.36584500146304044 0.3658764088665176 0.3659078181288661 0.36593922925027766 0.3659706422309482 0.3660020570710665 0.3660334737708273 0.3660648923304215 0.3660963127500434 0.3661277350298846 0.36615915917013786 0.36619058517099456 0.3662220130326481 0.3662534427552888 0.36628487433911094 0.36631630778430546 0.36634774309106466 0.36637918025958016 0.36641061929004337 0.36644206018264736 0.36647350293758274 0.36650494755504237 0.3665363940352172 0.36656784237829765 0.36659929258447665 0.3666307446539465 0.3666621985868964 0.3666936543835194 0.36672511204400604 0.36675657156854724 0.36678803295733386 0.3668194962105584 0.366850961328412 0.366882428311084 0.36691389715876566 0.366945367871648 0.36697684044992296 0.3670083148937806 0.3670397912034107 0.3670712693790056 0.36710274942075305 0.36713423132884637 0.36716571510347495 0.36719720074482887 0.3672286882530986 0.36726017762847385 0.3672916688711466 0.3673231619813051 0.3673546569591395 0.36738615380484196 0.3674176525185996 0.36744915310060433 0.36748065555104437 0.36751215987011165 0.3675436660579938 0.3675751741148814 0.36760668404096264 0.3676381958364294 0.3676697095014705 0.3677012250362742 0.3677327424410297 0.36776426171592713 0.367795782861156 0.36782730587690504 0.367858830763364 0.3678903575207205 0.3679218861491639 0.36795341664888426 0.3679849490200686 0.3680164832629078 0.3680480193775886 0.36807955736430076 0.368111097223232 0.36814263895457233 0.3681741825585094 0.368205728035231 0.36823727538492634 0.36826882460778365 0.36830037570399043 0.36833192867373676 0.3683634835172074 0.36839504023459324 0.36842659882608153 0.3684581592918592 0.3684897216321156 0.3685212858470368 0.36855285193681153 0.36858441990162794 0.36861598974167387 0.3686475614571355 0.3686791350482006 0.36871071051505666 0.36874228785789254 0.36877386707689264 0.3688054481722468 0.3688370311441407 0.36886861599276144 0.3689002027182974 0.36893179132093445 0.36896338180085897 0.3689949741582593 0.3690265683933207 0.36905816450623097 0.3690897624971776 0.36912136236634463 0.3691529641139195 0.3691845677400907 0.36921617324504286 0.3692477806289619 0.3692793898920348 0.3693110010344469 0.3693426140563866 0.36937422895803773 0.36940584573958735 0.3694374644012215 0.36946908494312514 0.3695007073654857 0.36953233166848753 0.36956395785231644 0.3695955859171579 0.3696272158631988 0.3696588476906242 0.369690481399618 0.36972211699036805 0.3697537544630578 0.36978539381787323 0.36981703505499897 0.36984867817462086 0.369880323176924 0.36991197006209264 0.36994361883031224 0.36997526948176707 0.3700069220166433 0.37003857643512417 0.3700702327373948 0.37010189092364065 0.37013355099404555 0.37016521294879334 0.3701968767880699 0.3702285425120595 0.3702602101209437 0.3702918796149106 0.37032355099414116 0.3703552242588213 0.37038689940913583 0.3704185764452659 0.3704502553673976 0.3704819361757151 0.3705136188704 0.37054530345163594 0.3705769899196094 0.37060867827450306 0.3706403685164993 0.3706720606457816 0.370703754662534 0.3707354505669389 0.37076714835918123 0.3707988480394424 0.37083054960790696 0.3708622530647564 0.3708939584101758 0.37092566564434626 0.37095737476745083 0.3709890857796728 0.3710207986811953 0.3710525134721998 0.3710842301528702 0.3711159487233877 0.3711476691839357 0.37117939153469715 0.37121111577585286 0.37124284190758594 0.371274569930079 0.37130629984351193 0.37133803164806956 0.3713697653439326 0.3714015009312839 0.3714332384103032 0.37146497778117493 0.3714967190440791 0.37152846219919655 0.3715602072467128 0.37159195418680513 0.37162370301965697 0.3716554537454494 0.37168720636436303 0.37171896087658074 0.3717507172822816 0.3717824755816491 0.3718142357748625 0.37184599786210415 0.37187776184355315 0.3719095277193918 0.3719412954898018 0.37197306515496087 0.37200483671505236 0.3720366101702559 0.3720683855207516 0.37210016276672053 0.3721319419083423 0.37216372294579947 0.37219550587926953 0.37222729070893323 0.3722590774349718 0.37229086605756534 0.37232265657689223 0.3723544489931345 0.37238624330646997 0.37241803951707986 0.3724498376251427 0.3724816376308395 0.3725134395343497 0.3725452433358514 0.3725770490355247 0.3726088566335497 0.37264066613010516 0.37267247752537014 0.3727042908195237 0.3727361060127464 0.37276792310521456 0.3727997420971103 0.3728315629886094 0.3728633857798921 0.37289521047113827 0.3729270370625253 0.37295886555423274 0.3729906959464373 0.37302252823931936 0.37305436243305645 0.37308619852782676 0.37311803652380904 0.3731498764211829 0.3731817182201229 0.3732135619208101 0.3732454075234215 0.37327725502813447 0.3733091044351282 0.3733409557445808 0.37337280895666747 0.3734046640715679 0.37343652108945924 0.3734683800105185 0.3735002408349244 0.3735321035628528 0.37356396819448245 0.3735958347299895 0.37362770316955096 0.37365957351334433 0.37369144576154767 0.3737233199143364 0.373755195971889 0.3737870739343805 0.3738189538019884 0.37385083557489085 0.37388271925326055 0.3739146048372788 0.37394649232711763 0.37397838172295794 0.3740102730249737 0.37404216623333997 0.37407406134823507 0.37410595836983396 0.37413785729831306 0.37416975813384945 0.37420166087661644 0.3742335655267921 0.37426547208455196 0.37429738055007045 0.3743292909235243 0.37436120320508814 0.3743931173949391 0.3744250334932514 0.3744569515002002 0.37448887141596154 0.3745207932407093 0.37455271697461967 0.37458464261786895 0.37461657017063 0.374648499633079 0.3746804310053893 0.3747123642877379 0.3747442994802981 0.3747762365832442 0.3748081755967516 0.374840116520995 0.3748720593561481 0.3749040041023852 0.37493595075988173 0.3749678993288107 0.37499984980934564 0.37503180220166255 0.37506375650593504 0.3750957127223358 0.3751276708510394 0.37515963089222015 0.3751915928460513 0.37522355671270624 0.3752555224923587 0.3752874901851826 0.3753194597913505 0.3753514313110362 0.3753834047444131 0.3754153800916542 0.37544735735293244 0.37547933652842214 0.37551131761829426 0.37554330062272245 0.37557528554188147 0.3756072723759427 0.3756392611250776 0.3756712517894598 0.37570324436926295 0.3757352388646583 0.3757672352758181 0.3757992336029148 0.37583123384612227 0.375863236005611 0.37589524008155273 0.375927246074121 0.3759592539834853 0.3759912638098222 0.3760232755533002 0.3760552892140897 0.3760873047923654 0.3761193222882977 0.376151341702058 0.3761833630338176 0.37621538628374873 0.3762474114520221 0.3762794385388092 0.3763114675442809 0.37634349846860893 0.3763755313119628 0.37640756607451564 0.3764396027564372 0.3764716413578977 0.3765036818790689 0.3765357243201204 0.37656776868122477 0.37659981496254913 0.37663186316426756 0.37666391328654836 0.37669596532956273 0.37672801929347943 0.37676007517847077 0.37679213298470526 0.37682419271235423 0.3768562543615861 0.3768883179325706 0.37692038342547796 0.3769524508404789 0.376984520177742 0.3770165914374366 0.3770486646197351 0.37708073972480216 0.3771128167528097 0.3771448957039276 0.37717697657832405 0.37720905937616744 0.37724114409762755 0.37727323074287367 0.377305319312075 0.37733740980539876 0.37736950222301535 0.377401596565092 0.37743369283179895 0.3774657910233028 0.3774978911397737 0.37752999318137903 0.3775620971482876 0.37759420304066793 0.37762631085868636 0.3776584206025122 0.37769053227231375 0.37772264586825777 0.37775476139051367 0.37778687883924733 0.37781899821462905 0.3778511195168238 0.3778832427460006 0.37791536790232627 0.377947494985968 0.37797962399709395 0.3780117549358709 0.3780438878024659 0.37807602259704587 0.37810815931977837 0.3781402979708296 0.37817243855036653 0.37820458105855703 0.3782367254955663 0.378268871861561 0.3783010201567105 0.37833317038117653 0.37836532253512933 0.378397476618733 0.3784296326321558 0.3784617905755615 0.3784939504491186 0.37852611225299015 0.37855827598734537 0.3785904416523479 0.37862260924816393 0.3786547787749599 0.3786869502329019 0.37871912362215276 0.3787512989428813 0.37878347619525043 0.37881565537942696 0.37884783649557374 0.3788800195438601 0.3789122045244473 0.37894439143750214 0.3789765802831889 0.3790087710616732 0.3790409637731197 0.37907315841769207 0.37910535499555553 0.37913755350687495 0.3791697539518144 0.37920195633053866 0.3792341606432119 0.37926636688999804 0.3792985750710618 0.3793307851865665 0.37936299723667666 0.3793952112215555 0.3794274271413678 0.3794596449962777 0.3794918647864469 0.37952408651204284 0.37955631017322444 0.3795885357701566 0.37962076330300465 0.3796529927719292 0.3796852241770957 0.3797174575186668 0.3797496927968045 0.3797819300116725 0.37981416916343347 0.3798464102522521 0.37987865327828785 0.379910898241705 0.37994314514266636 0.3799753939813345 0.3800076447578711 0.38003989747243927 0.3800721521252015 0.380104408716319 0.3801366672459551 0.38016892771427013 0.38020119012142706 0.38023345446758827 0.38026572075291554 0.38029798897756995 0.3803302591417128 0.3803625312455068 0.38039480528911196 0.38042708127269076 0.38045935919640506 0.38049163906041494 0.3805239208648816 0.38055620460996686 0.38058849029583175 0.3806207779226366 0.3806530674905426 0.3806853589997111 0.38071765245030087 0.38074994784247496 0.3807822451763909 0.3808145444522125 0.38084684567009863 0.38087914883020946 0.38091145393270454 0.3809437609777453 0.38097606996549216 0.38100838089610267 0.3810406937697395 0.3810730085865601 0.38110532534672625 0.38113764405039596 0.38116996469773046 0.3812022872888865 0.38123461182402596 0.38126693830330916 0.38129926672689285 0.38133159709493625 0.38136392940759956 0.3813962636650422 0.38142859986742206 0.3814609380148981 0.381493278107629 0.3815256201457735 0.38155796412949117 0.3815903100589393 0.3816226579342765 0.38165500775566263 0.38168735952325394 0.3817197132372102 0.3817520688976883 0.3817844265048467 0.38181678605884295 0.3818491475598358 0.3818815110079832 0.38191387640344243 0.38194624374636965 0.38197861303692515 0.38201098427526436 0.3820433574615456 0.38207573259592476 0.382108109678561 0.38214048870961137 0.3821728696892315 0.38220525261757876 0.3822376374948113 0.3822700243210836 0.3823024130965552 0.3823348038213805 0.3823671964957174 0.3823995911197211 0.3824319876935487 0.3824643862173571 0.38249678669130294 0.3825291891155398 0.38256159349022534 0.38259399981551645 0.38262640809156845 0.38265881831853643 0.3826912304965766 0.3827236446258442 0.3827560607064959 0.3827884787386866 0.38282089872257086 0.3828533206583058 0.3828857445460443 0.3829181703859439 0.3829505981781587 0.38298302792284233 0.38301545962015215 0.3830478932702417 0.3830803288732666 0.3831127664293793 0.3831452059387369 0.3831776474014924 0.38321009081780044 0.38324253618781645 0.38327498351169254 0.38330743278958435 0.38333988402164665 0.38337233720803177 0.38340479234889413 0.3834372494443883 0.38346970849466744 0.3835021694998857 0.3835346324601958 0.38356709737575123 0.38359956424670594 0.3836320330732136 0.3836645038554275 0.38369697659349933 0.3837294512875835 0.3837619279378326 0.3837944065443992 0.38382688710743684 0.3838593696270983 0.383891854103535 0.3839243405369004 0.3839568289273474 0.38398931927502766 0.3840218115800933 0.38405430584269773 0.3840868020629915 0.3841193002411285 0.3841518003772585 0.3841843024715357 0.38421680652411005 0.38424931253513406 0.3842818205047591 0.3843143304331387 0.38434684232042005 0.38437935616675856 0.3844118719723041 0.3844443897372065 0.3844769094616185 0.38450943114569125 0.3845419547895754 0.3845744803934217 0.38460700795738 0.38463953748160284 0.3846720689662386 0.38470460241144 0.3847371378173565 0.38476967518413774 0.38480221451193497 0.38483475580089876 0.3848672990511782 0.38489984426292356 0.3849323914362859 0.3849649405714124 0.3849974916684554 0.3850300447275632 0.3850625997488857 0.38509515673257255 0.385127715678774 0.3851602765876372 0.3851928394593136 0.38522540429395047 0.38525797109169746 0.38529053985270534 0.38532311057712 0.38535568326509284 0.3853882579167701 0.38542083453230336 0.3854534131118389 0.3854859936555264 0.38551857616351315 0.38555116063594763 0.38558374707297793 0.3856163354747537 0.3856489258414222 0.3856815181731297 0.3857141124700264 0.38574670873225825 0.38577930695997376 0.3858119071533207 0.3858445093124463 0.3858771134374972 0.3859097195286232 0.38594232758596725 0.3859749376096808 0.3860075495999089 0.3860401635567986 0.386072779480497 0.38610539737115146 0.3861380172289077 0.3861706390539126 0.38620326284631135 0.38623588860625335 0.3862685163338835 0.38630114602934773 0.3863337776927922 0.3863664113243642 0.3863990469242078 0.3864316844924707 0.3864643240292971 0.3864969655348348 0.38652960900922806 0.3865622544526217 0.38659490186516243 0.38662755124699544 0.3866602025982664 0.38669285591911917 0.38672551120970067 0.38675816847015343 0.3867908277006251 0.3868234889012596 0.38685615207220114 0.3868888172135947 0.3869214843255846 0.3869541534083154 0.38698682446193255 0.38701949748657927 0.38705217248239987 0.387084849449538 0.3871175283881396 0.387150209298347 0.3871828921803049 0.38721557703415566 0.38724826386004496 0.3872809526581138 0.38731364342850827 0.3873463361713716 0.3873790308868448 0.387411727575074 0.38744442623620046 0.38747712687036806 0.3875098294777195 0.3875425340583971 0.387575240612545 0.38760794914030483 0.38764065964182026 0.38767337211723163 0.3877060865666828 0.3877388029903165 0.38777152138827464 0.38780424176069994 0.38783696410773294 0.3878696884295172 0.38790241472619347 0.38793514299790477 0.38796787324479143 0.3880006054669958 0.38803333966466025 0.3880660758379232 0.3880988139869306 0.38813155411181843 0.3881642962127322 0.3881970402898127 0.3882297863431974 0.38826253437303027 0.3882952843794516 0.3883280363626008 0.3883607903226205 0.3883935462596495 0.3884263041738294 0.3884590640653004 0.3884918259342012 0.3885245897806743 0.3885573556048574 0.3885901234068925 0.3886228931869189 0.3886556649450761 0.3886884386815028 0.3887212143963408 0.38875399208972805 0.3887867717618043 0.3888195534127111 0.38885233704258326 0.3888851226515633 0.3889179102397894 0.3889506998073995 0.3889834913545348 0.3890162848813311 0.3890490803879296 0.38908187787446813 0.38911467734108507 0.38914747878791855 0.3891802822151075 0.38921308762278983 0.38924589501110307 0.38927870438018597 0.38931151573017675 0.38934432906121197 0.3893771443734314 0.3894099616669715 0.3894427809419708 0.3894756021985648 0.3895084254368919 0.3895412506570888 0.3895740778592951 0.38960690704364576 0.38963973821027875 0.38967257135932953 0.38970540649093677 0.38973824360523723 0.3897710827023657 0.3898039237824601 0.3898367668456564 0.3898696118920919 0.3899024589219007 0.38993530793522213 0.38996815893218906 0.3900010119129398 0.39003386687761044 0.39006672382633467 0.3900995827592495 0.3901324436764897 0.3901653065781927 0.39019817146449165 0.3902310383355245 0.3902639071914237 0.39029677803232565 0.3903296508583658 0.39036252566967944 0.39039540246639937 0.39042828124866213 0.39046116201660297 0.3904940447703542 0.39052692951005197 0.3905598162358307 0.3905927049478246 0.3906255956461677 0.3906584883309927 0.3906913830024358 0.39072427966062995 0.3907571783057089 0.3907900789378065 0.3908229815570565 0.3908558861635927 0.3908887927575484 0.39092170133905557 0.3909546119082501 0.3909875244652634 0.3910204390102283 0.391053355543278 0.3910862740645469 0.3911191945741661 0.3911521170722685 0.3911850415589877 0.39121796803445463 0.3912508964988035 0.3912838269521641 0.39131675939467025 0.3913496938264561 0.3913826302476495 0.39141556865838467 0.39144850905879447 0.3914814514490077 0.39151439582915937 0.3915473421993778 0.39158029055979715 0.39161324091054617 0.39164619325175876 0.39167914758356415 0.3917121039060941 0.3917450622194789 0.39177802252385097 0.3918109848193394 0.3918439491060761 0.39187691538419034 0.39190988365381396 0.39194285391507666 0.39197582616810833 0.39200880041303976 0.39204177665000184 0.39207475487912236 0.39210773510053376 0.39214071731436384 0.3921737015207434 0.3922066877198007 0.39223967591166686 0.39227266609647027 0.3923056582743414 0.39233865244540866 0.3923716486098001 0.39240464676764675 0.3924376469190757 0.39247064906421847 0.39250365320319947 0.39253665933615234 0.39256966746320265 0.39260267758447775 0.39263568970010854 0.3926687038102218 0.3927017199149463 0.3927347380144106 0.39276775810874165 0.39280078019806774 0.39283380428251613 0.3928668303622158 0.39289985843729147 0.392932888507874 0.3929659205740881 0.39299895463606294 0.393031990693925 0.3930650287478007 0.39309806879781806 0.3931311108441037 0.39316415488678347 0.39319720092598376 0.3932302489618327 0.3932632989944571 0.3932963510239813 0.39332940505053293 0.3933624610742379 0.3933955190952211 0.3934285791136112 0.3934616411295322 0.39349470514311014 0.39352777115447013 0.3935608391637393 0.3935939091710414 0.3936269811765032 0.3936600551802484 0.3936931311824051 0.39372620918309464 0.39375928918244485 0.3937923711805785 0.3938254551776217 0.39385854117370034 0.39389162916893616 0.39392471916345484 0.3939578111573814 0.39399090515083934 0.39402400114395375 0.3940570991368484 0.3940901991296464 0.3941233011224734 0.39415640511545 0.3941895111087039 0.39422261910235523 0.39425572909653117 0.39428884109135054 0.39432195508693924 0.3943550710834216 0.3943881890809178 0.39442130907955286 0.3944544310794498 0.39448755508072986 0.3945206810835168 0.3945538090879337 0.39458693909410125 0.3946200711021435 0.39465320511218216 0.39468634112434 0.39471947913873795 0.3947526191554982 0.39478576117474296 0.3948189051965938 0.3948520512211733 0.39488519924860155 0.39491834927900116 0.3949515013124929 0.3949846553491987 0.3950178113892391 0.39505096943273543 0.39508412947980776 0.39511729153057895 0.3951504555851679 0.39518362164369625 0.3952167897062835 0.39524995977305155 0.3952831318441187 0.39531630591960853 0.39534948199963704 0.3953826600843282 0.3954158401737997 0.39544902226817125 0.39548220636756404 0.3955153924720963 0.39554858058188835 0.39558177069705935 0.3956149628177279 0.3956481569440151 0.3956813530760387 0.39571455121391774 0.3957477513577723 0.3957809535077186 0.39581415766387784 0.3958473638263684 0.3958805719953077 0.39591378217081474 0.39594699435300873 0.39598020854200544 0.396013424737925 0.39604664294088443 0.3960798631510024 0.3961130853683965 0.39614630959318387 0.3961795358254825 0.3962127640654103 0.3962459943130845 0.39627922656862125 0.396312460832139 0.3963456971037529 0.3963789353835825 0.39641217567174336 0.3964454179683532 0.3964786622735259 0.39651190858738117 0.39654515691003456 0.3965784072416012 0.39661165958219824 0.3966449139319428 0.3966781702909492 0.3967114286593334 0.39674468903721183 0.39677795142470096 0.39681121582191525 0.39684448222897206 0.39687775064598374 0.39691102107306775 0.39694429351033866 0.39697756795791106 0.39701084441590084 0.39704412288442337 0.3970774033635919 0.3971106858535218 0.3971439703543266 0.39717725686612204 0.3972105453890238 0.3972438359231436 0.3972771284685963 0.3973104230254967 0.39734371959395753 0.39737701817409443 0.39741031876601896 0.397443621369846 0.3974769259856885 0.3975102326136608 0.3975435412538756 0.39757685190644554 0.3976101645714851 0.3976434792491048 0.3976767959394205 0.39771011464254347 0.39774343535858636 0.3977767580876621 0.3978100828298825 0.397843409585361 0.3978767383542088 0.39791006913653826 0.39794340193246225 0.39797673674209166 0.3980100735655394 0.3980434124029162 0.39807675325433334 0.3981100961199021 0.3981434409997364 0.39817678789394506 0.3982101368026407 0.3982434877259331 0.3982768406639343 0.39831019561675585 0.39834355258450493 0.3983769115672964 0.3984102725652381 0.39844363557844154 0.3984770006070175 0.39851036765107517 0.3985437367107256 0.3985771077860787 0.39861048087724305 0.3986438559843293 0.3986772331074473 0.39871061224670834 0.39874399340221767 0.3987773765740894 0.39881076176242813 0.3988441489673473 0.39887753818895355 0.3989109294273574 0.3989443226826648 0.3989777179549868 0.3990111152444311 0.39904451455110723 0.39907791587512254 0.39911131921658627 0.399144724575605 0.399178131952289 0.39921154134674497 0.39924495275908056 0.39927836618940415 0.39931178163782266 0.3993451991044452 0.39937861858937596 0.3994120400927248 0.3994454636145989 0.39947888915510554 0.3995123167143513 0.3995457462924419 0.3995791778894855 0.39961261150558824 0.39964604714085694 0.3996794847953973 0.3997129244693165 0.39974636616272075 0.3997798098757166 0.3998132556084082 0.3998467033609041 0.3998801531333078 0.39991360492572514 0.3999470587382632 0.39998051457102646 0.4000139724241205 0.4000474322976493 0.400080894191722 0.4001143581064379 0.40014782404190696 0.4001812919982315 0.40021476197551575 0.40024823397386644 0.4002817079933858 0.40031518403417976 0.40034866209635145 0.40038214218000623 0.4004156242852467 0.4004491084121785 0.4004825945609043 0.4005160827315284 0.40054957292415216 0.4005830651388831 0.4006165593758215 0.40065005563507283 0.40068355391673793 0.4007170542209202 0.4007505565477243 0.40078406089725305 0.4008175672696064 0.4008510756648904 0.4008845860832053 0.40091809852465365 0.4009516129893378 0.4009851294773612 0.40101864798882403 0.40105216852383085 0.4010856910824806 0.4011192156648764 0.40115274227111986 0.4011862709013121 0.40121980155555503 0.40125333423394993 0.40128686893659715 0.4013204056635985 0.40135394441505445 0.4013874851910666 0.4014210279917346 0.401454572817159 0.40148811966744247 0.40152166854268323 0.4015552194429818 0.4015887723684394 0.40162232731915415 0.4016558842952287 0.4016894432967606 0.40172300432385 0.40175656737659815 0.4017901324551021 0.4018236995594623 0.4018572686897779 0.4018908398461497 0.4019244130286743 0.40195798823745255 0.4019915654725801 0.40202514473416007 0.4020587260222883 0.40209230933706364 0.40212589467858373 0.4021594820469494 0.4021930714422559 0.40222666286460385 0.4022602563140889 0.402293851790809 0.40232744929486364 0.40236104882634993 0.4023946503853637 0.4024282539720039 0.40246185958636604 0.40249546722854956 0.4025290768986507 0.40256268859676636 0.40259630232299193 0.4026299180774251 0.40266353586016357 0.4026971556713016 0.40273077751093633 0.40276440137916514 0.4027980272760828 0.40283165520178543 0.4028652851563701 0.40289891713993076 0.4029325511525643 0.40296618719436683 0.4029998252654312 0.40303346536585594 0.40306710749573416 0.4031007516551619 0.40313439784423233 0.40316804606304235 0.4032016963116859 0.4032353485902589 0.4032690028988535 0.40330265923756525 0.40333631760648825 0.40336997800571717 0.4034036404353456 0.4034373048954689 0.40347097138617727 0.403504639907569 0.403538310459734 0.4035719830427682 0.4036056576567639 0.40363933430181365 0.4036730129780114 0.40370669368544987 0.40374037642422156 0.40377406119442205 0.40380774799614083 0.4038414368294696 0.40387512769450473 0.4039088205913355 0.40394251552005533 0.4039762124807561 0.4040099114735297 0.40404361249846765 0.4040773155556623 0.4041110206452051 0.4041447277671881 0.40417843692170075 0.40421214810883677 0.4042458613286859 0.40427957658133995 0.4043132938668885 0.4043470131854239 0.4043807345370358 0.4044144579218165 0.4044481833398539 0.4044819107912395 0.4045156402760639 0.40454937179441774 0.4045831053463895 0.40461684093207007 0.40465057855154996 0.40468431820491735 0.40471805989226173 0.404751803613673 0.40478554936924205 0.40481929715905385 0.40485304698320246 0.40488679884177303 0.40492055273485683 0.4049543086625411 0.4049880666249148 0.4050218266220681 0.40505558865408653 0.4050893527210597 0.4051231188230764 0.405156886960224 0.4051906571325894 0.4052244293402618 0.4052582035833292 0.4052919798618766 0.4053257581759955 0.40535953852576845 0.4053933209112863 0.4054271053326344 0.4054608917899023 0.4054946802831729 0.4055284708125342 0.4055622633780742 0.4055960579798784 0.40562985461803336 0.4056636532926243 0.40569745400374035 0.40573125675146327 0.40576506153588354 0.40579886835708345 0.4058326772151485 0.4058664881101668 0.4059003010422225 0.40593411601140006 0.4059679330177861 0.4060017520614645 0.4060355731425209 0.4060693962610413 0.40610322141710675 0.40613704861080635 0.4061708778422224 0.40620470911143725 0.4062385424185375 0.4062723777636075 0.4063062151467295 0.4063400545679906 0.40637389602747054 0.4064077395252561 0.4064415850614288 0.40647543263607244 0.4065092822492712 0.4065431339011083 0.4065769875916647 0.4066108433210247 0.40664470108927153 0.4066785608964891 0.40671242274275654 0.4067462866281577 0.4067801525527768 0.40681402051669413 0.40684789051999015 0.4068817625627493 0.40691563664505503 0.4069495127669859 0.4069833909286248 0.4070172711300519 0.4070511533713508 0.40708503765260096 0.4071189239738844 0.4071528123352812 0.4071867027368724 0.4072205951787402 0.40725448966096434 0.40728838618362295 0.4073222847468009 0.40735618535057583 0.40739008799502874 0.407423992680238 0.4074578994062861 0.4074918081732496 0.4075257189812105 0.407559631830249 0.40759354672044146 0.4076274636518704 0.40766138262461327 0.40769530363874895 0.40772922669435774 0.40776315179151745 0.4077970789303067 0.40783100811080497 0.40786493933308954 0.4078988725972392 0.40793280790333153 0.4079667452514455 0.4080006846416597 0.40803462607405017 0.4080685695486974 0.4081025150656751 0.408136462625064 0.40817041222693873 0.40820436387137904 0.4082383175584614 0.408272273288262 0.4083062310608587 0.40834019087632756 0.4083741527347443 0.4084081166361866 0.4084420825807311 0.40847605056845393 0.4085100205994311 0.40854399267373687 0.40857796679144953 0.4086119429526447 0.4086459211573956 0.4086799014057796 0.40871388369787354 0.4087478680337491 0.4087818544134847 0.4088158428371531 0.40884983330483027 0.40888382581659166 0.4089178203725108 0.4089518169726616 0.40898581561711966 0.40901981630596074 0.40905381903925453 0.4090878238170774 0.40912183063950613 0.4091558395066106 0.4091898504184669 0.40922386337514594 0.40925787837672334 0.40929189542327116 0.4093259145148631 0.40935993565157325 0.4093939588334725 0.40942798406063474 0.409462011333133 0.4094960406510395 0.4095300720144257 0.40956410542336497 0.40959814087793045 0.40963217837819177 0.4096662179242212 0.40970025951609235 0.4097343031538765 0.40976834883764324 0.40980239656746553 0.40983644634341543 0.409870498165563 0.40990455203397924 0.4099386079487335 0.4099726659099008 0.4100067259175493 0.4100407879717487 0.4100748520725708 0.41010891822008455 0.41014298641436286 0.410177056655473 0.4102111289434852 0.41024520327847047 0.41027927966049704 0.41031335808963443 0.4103474385659558 0.4103815210895252 0.41041560566041513 0.410449692278693 0.4104837809444295 0.41051787165769105 0.4105519644185478 0.41058605922706837 0.4106201560833209 0.41065425498737396 0.410688355939294 0.4107224589391514 0.41075656398701277 0.41079067108294687 0.41082478022702107 0.41085889141930143 0.41089300465985557 0.41092711994875253 0.4109612372860588 0.41099535667184106 0.4110294781061663 0.4110636015891016 0.41109772712071146 0.4111318547010665 0.4111659843302302 0.4112001160082679 0.4112342497352489 0.41126838551123757 0.41130252333629846 0.4113366632104998 0.41137080513390556 0.41140494910658276 0.4114390951285929 0.41147324320000633 0.41150739332088504 0.41154154549129673 0.41157569971130226 0.41160985598096966 0.411644014300362 0.41167817466954315 0.4117123370885798 0.4117465015575341 0.4117806680764715 0.4118148366454557 0.4118490072645482 0.41188317993381585 0.4119173546533197 0.41195153142312635 0.41198571024329644 0.41201989111389525 0.41205407403498295 0.41208825900662416 0.41212244602888215 0.41215663510181944 0.41219082622549763 0.4122250193999808 0.4122592146253302 0.4122934119016056 0.41232761122887296 0.41236181260719385 0.41239601603662857 0.41243022151723885 0.4124644290490854 0.41249863863223113 0.41253285026673736 0.41256706395266485 0.41260127969007365 0.41263549747902606 0.41266971731958235 0.41270393921180215 0.4127381631557464 0.41277238915147674 0.4128066171990533 0.4128408472985343 0.4128750794499816 0.4129093136534534 0.4129435499090094 0.4129777882167118 0.41301202857661723 0.41304627098878566 0.41308051545327884 0.4131147619701512 0.41314901053946484 0.4131832611612789 0.41321751383565 0.41325176856263757 0.41328602534230097 0.4133202841746977 0.4133545450598852 0.4133888079979229 0.41342307298886727 0.41345734003277657 0.4134916091297087 0.41352588027972126 0.4135601534828717 0.4135944287392168 0.4136287060488121 0.4136629854117184 0.41369726682798924 0.4137315502976837 0.4137658358208567 0.4138001233975642 0.41383441302786494 0.41386870471181303 0.41390299844946443 0.41393729424087633 0.41397159208610423 0.41400589198520377 0.4140401939382298 0.41407449794523865 0.4141088040062848 0.4141431121214223 0.4141774222907094 0.414211734514198 0.4142460487919448 0.4142803651240041 0.41431468351042855 0.41434900395127405 0.4143833264465945 0.41441765099644423 0.4144519776008767 0.4144863062599471 0.41452063697370733 0.41455496974220973 0.41458930456551124 0.41462364144366426 0.41465798037672186 0.41469232136473366 0.4147266644077574 0.41476100950584227 0.4147953566590433 0.4148297058674114 0.41486405713100116 0.4148984104498612 0.4149327658240465 0.41496712325360774 0.4150014827385967 0.4150358442790676 0.41507020787506765 0.4151045735266514 0.4151389412338691 0.4151733109967718 0.41520768281541254 0.4152420566898385 0.41527643262010305 0.4153108106062565 0.4153451906483483 0.41537957274642934 0.4154139569005506 0.41544834311076295 0.41548273137711345 0.41551712169965416 0.4155515140784336 0.41558590851350186 0.415620305004909 0.4156547035527026 0.4156891041569335 0.4157235068176499 0.4157579115349017 0.41579231830873487 0.4158267271392013 0.4158611380263486 0.4158955509702247 0.4159299659708757 0.4159643830283526 0.4159988021427037 0.4160332233139754 0.4160676465422145 0.4161020718274716 0.4161364991697889 0.4161709285692202 0.4162053600258081 0.41623979353959983 0.41627422911064493 0.41630866673898725 0.4163431064246754 0.41637754816775463 0.4164119919682714 0.41644643782627266 0.41648088574180364 0.41651533571491206 0.4165497877456401 0.41658424183403575 0.4166186979801454 0.4166531561840141 0.41668761644568386 0.4167220787652043 0.41675654314261834 0.41679100957796966 0.4168254780713039 0.41685994862266806 0.41689442123210385 0.41692889589965443 0.4169633726253661 0.41699785140928314 0.41703233225144887 0.417066815151905 0.41710130011069957 0.4171357871278718 0.417170276203467 0.41720476733752787 0.41723926053009763 0.41727375578121995 0.4173082530909368 0.41734275245929076 0.4173772538863242 0.41741175737208125 0.41744626291660136 0.4174807705199286 0.41751528018210415 0.417549791903171 0.41758430568316784 0.41761882152213947 0.4176533394201263 0.41768785937716957 0.4177223813933095 0.4177569054685878 0.4177914316030462 0.41782595979672466 0.41786049004966364 0.4178950223619038 0.4179295567334853 0.4179640931644484 0.41799863165483286 0.41803317220467984 0.4180677148140284 0.4181022594829171 0.4181368062113868 0.41817135499947566 0.4182059058472237 0.41824045875467053 0.41827501372185416 0.4183095707488138 0.41834412983558855 0.4183786909822165 0.41841325418873443 0.4184478194551835 0.4184823867815992 0.4185169561680224 0.41855152761448855 0.41858610112103434 0.41862067668770164 0.4186552543145241 0.41868983400153936 0.41872441574878716 0.41875899955630236 0.41879358542412115 0.4188281733522823 0.41886276334082095 0.41889735538977435 0.41893194949917856 0.4189665456690683 0.4190011438994836 0.4190357441904544 0.41907034654202224 0.4191049509542193 0.41913955742708187 0.41917416596064616 0.4192087765549458 0.4192433892100168 0.4192780039258943 0.419312620702613 0.4193472395402059 0.4193818604387102 0.41941648339815774 0.41945110841858435 0.4194857355000242 0.4195203646425105 0.41955499584607625 0.41958962911075726 0.4196242644365853 0.419658901823593 0.4196935412718179 0.41972818278128776 0.41976282635203743 0.4197974719841009 0.41983211967751033 0.4198667694322984 0.41990142124849594 0.4199360751261365 0.4199707310652516 0.42000538906587515 0.4200400491280374 0.4200747112517689 0.42010937543710325 0.4201440416840707 0.42017870999270324 0.42021338036303035 0.42024805279508626 0.42028272728889715 0.4203174038444979 0.4203520824619177 0.4203867631411864 0.4204214458823343 0.4204561306853911 0.420490817550389 0.42052550647735565 0.42056019746632134 0.42059489051731636 0.4206295856303701 0.4206642828055106 0.42069898204276723 0.420733683342169 0.4207683867037464 0.42080309212752764 0.4208377996135396 0.42087250916181085 0.4209072207723721 0.4209419344452495 0.4209766501804717 0.4210113679780658 0.4210460878380595 0.42108080976048257 0.4211155337453596 0.42115025979271925 0.4211849879025886 0.4212197180749945 0.42125445030996456 0.4212891846075233 0.4213239209677 0.42135865939051853 0.4213933998760091 0.421428142424194 0.42146288703510026 0.4214976337087535 0.42153238244517954 0.4215671332444054 0.4216018861064559 0.4216366410313551 0.4216713980191287 0.42170615706980397 0.42174091818340087 0.4217756813599486 0.421810446599469 0.4218452139019879 0.4218799832675295 0.4219147546961184 0.42194952818777676 0.4219843037425306 0.42201908136040167 0.4220538610414162 0.4220886427855932 0.42212342659296054 0.4221582124635379 0.42219300039735086 0.4222277903944216 0.42226258245477155 0.42229737657842303 0.4223321727654019 0.4223669710157262 0.4224017713294206 0.42243657370650556 0.42247137814700486 0.4225061846509379 0.4225409932183276 0.42257580384919624 0.4226106165435629 0.4226454313014496 0.4226802481228784 0.4227150670078681 0.42274988795643953 0.4227847109686167 0.4228195360444158 0.4228543631838586 0.4228891923869649 0.4229240236537555 0.42295885698424995 0.42299369237846696 0.42302852983642714 0.4230633693581476 0.4230982109436514 0.4231330545929548 0.42316790030607687 0.42320274808303715 0.42323759792385585 0.4232724498285476 0.42330730379713377 0.42334215982963164 0.4233770179260594 0.42341187808643443 0.42344674031077556 0.4234816045990988 0.4235164709514224 0.4235513393677639 0.42358620984814155 0.423621082392569 0.42365595700106695 0.4236908336736507 0.4237257124103343 0.42376059321113857 0.4237954760760778 0.42383036100516647 0.42386524799842307 0.42390013705586493 0.4239350281775024 0.4239699213633542 0.42400481661343625 0.4240397139277625 0.42407461330634844 0.42410951474921066 0.4241444182563614 0.42417932382781687 0.4242142314635904 0.42424914116369816 0.4242840529281535 0.42431896675697134 0.4243538826501623 0.4243888006077442 0.42442372062972766 0.42445864271612954 0.4244935668669605 0.42452849308223284 0.42456342136196357 0.424598351706162 0.42463328411484125 0.42466821858801607 0.4247031551256971 0.4247380937278973 0.4247730343946291 0.42480797712590346 0.42484292192173356 0.42487786878212885 0.42491281770710476 0.42494776869666895 0.4249827217508342 0.4250176768696119 0.42505263405301363 0.42508759330104917 0.42512255461372783 0.4251575179910634 0.4251924834330625 0.425227450939739 0.4252624205111014 0.42529739214715834 0.42533236584792233 0.42536734161339995 0.4254023194436032 0.42543729933853935 0.4254722812982199 0.42550726532265193 0.42554225141184565 0.42557723956581006 0.4256122297845506 0.42564722206807937 0.42568221641640225 0.42571721282952957 0.4257522113074681 0.42578721185022483 0.42582221445780943 0.4258572191302279 0.4258922258674882 0.4259272346695975 0.4259622455365607 0.42599725846838987 0.4260322734650892 0.4260672905266627 0.42610230965311935 0.4261373308444658 0.42617235410070753 0.4262073794218505 0.4262424068078994 0.42627743625886405 0.42631246777474585 0.42634750135555266 0.4263825370012875 0.42641757471195785 0.426452614487568 0.42648765632812147 0.42652270023362415 0.42655774620408093 0.4265927942394947 0.4266278443398708 0.4266628965052144 0.4266979507355262 0.42673300703081285 0.4267680653910775 0.42680312581632307 0.42683818830655196 0.4268732528617688 0.42690831948197694 0.4269433881671767 0.42697845891737396 0.42701353173256906 0.42704860661276434 0.4270836835579648 0.4271187625681703 0.4271538436433824 0.42718892678360443 0.42722401198883564 0.4272590992590811 0.4272941885943392 0.4273292799946119 0.4273643734599022 0.4273994689902072 0.4274345665855309 0.42746966624587146 0.42750476797123116 0.42753987176160924 0.42757497761700747 0.4276100855374232 0.42764519552285973 0.42768030757331255 0.4277154216887844 0.4277505378692743 0.42778565611477903 0.4278207764252999 0.4278558988008354 0.4278910232413832 0.4279261497469443 0.4279612783175142 0.42799640895309343 0.42803154165367974 0.4280666764192693 0.42810181324986263 0.4281369521454561 0.4281720931060464 0.42820723613163236 0.4282423812222105 0.428277528377778 0.42831267759833214 0.42834782888386935 0.42838298223438553 0.4284181376498789 0.42845329513034336 0.42848845467577634 0.42852361628617563 0.42855877996153335 0.42859394570184817 0.4286291135071132 0.4286642833773271 0.4286994553124832 0.4287346293125749 0.4287698053775998 0.42880498350755036 0.4288401637024233 0.4288753459622121 0.4289105302869112 0.4289457166765158 0.4289809051310167 0.42901609565041077 0.42905128823469074 0.42908648288385076 0.4291216795978836 0.42915687837678007 0.4291920792205378 0.4292272821291454 0.42926248710260007 0.4292976941408917 0.42933290324401197 0.4293681144119539 0.42940332764471045 0.4294385429422731 0.429473760304633 0.4295089797317837 0.42954420122371517 0.429579424780419 0.4296146504018856 0.42964987808810706 0.42968510783907377 0.42972033965477685 0.42975557353520655 0.42979080948035375 0.4298260474902085 0.42986128756476116 0.4298965297040007 0.4299317739079165 0.4299670201765 0.4300022685097413 0.4300375189076273 0.4300727713701483 0.43010802589729247 0.4301432824890503 0.4301785411454091 0.4302138018663584 0.43024906465188506 0.4302843295019789 0.4303195964166273 0.43035486539581813 0.4303901364395394 0.43042540954777897 0.4304606847205239 0.4304959619577611 0.4305312412594773 0.4305665226256602 0.4306018060562975 0.43063709155137486 0.43067237911087886 0.43070766873479593 0.43074296042311166 0.4307782541758133 0.43081354999288646 0.43084884787431543 0.4308841478200869 0.43091944983018693 0.4309547539045999 0.430990060043311 0.431025368246304 0.4310606785135668 0.43109599084508043 0.43113130524083154 0.43116662170080344 0.4312019402249814 0.4312372608133477 0.4312725834658875 0.43130790818258324 0.43134323496342075 0.4313785638083808 0.4314138947174484 0.43144922769060545 0.43148456272783453 0.4315198998291194 0.4315552389944428 0.43159058022378627 0.43162592351713247 0.43166126887446266 0.4316966162957603 0.4317319657810068 0.4317673173301825 0.4318026709432685 0.4318380266202486 0.4318733843611029 0.4319087441658105 0.43194410603435407 0.4319794699667132 0.43201483596287005 0.43205020402280403 0.4320855741464953 0.4321209463339233 0.43215632058506825 0.43219169689990955 0.4322270752784293 0.4322624557206025 0.4322978382264122 0.4323332227958345 0.43236860942885036 0.4324039981254373 0.432439388885574 0.43247478170924003 0.432510176596413 0.43254557354707046 0.43258097256119155 0.4326163736387518 0.432651776779731 0.43268718198410716 0.4327225892518547 0.4327579985829526 0.4327934099773777 0.43282882343510687 0.43286423895611625 0.4328996565403824 0.4329350761878834 0.432970497898592 0.43300592167248797 0.4330413475095447 0.43307677540973843 0.43311220537304485 0.4331476373994396 0.4331830714888959 0.433218507641393 0.4332539458569016 0.433289386135399 0.43332482847685805 0.4333602728812549 0.43339571934856236 0.43343116787875435 0.4334666184718051 0.43350207112769 0.4335375258463805 0.4335729826278514 0.4336084414720751 0.4336439023790246 0.4336793653486739 0.43371483038099545 0.4337502974759614 0.4337857666335445 0.43382123785371784 0.4338567111364513 0.4338921864817191 0.4339276638894902 0.4339631433597405 0.43399862489243923 0.4340341084875571 0.43406959414506596 0.434105081864937 0.43414057164714004 0.4341760634916487 0.4342115573984291 0.43424705336745517 0.4342825513986954 0.43431805149212055 0.43435355364769945 0.4343890578654038 0.43442456414520114 0.4344600724870613 0.43449558289095425 0.434531095356848 0.43456660988471385 0.43460212647451635 0.4346376451262275 0.4346731658398133 0.43470868861524625 0.4347442134524895 0.4347797403515129 0.4348152693122864 0.4348508003347733 0.434886333418943 0.4349218685647642 0.4349574057722019 0.43499294504122354 0.43502848637179725 0.4350640297638886 0.435099575217464 0.4351351227324898 0.43517067230893103 0.43520622394675645 0.43524177764592964 0.4352773334064154 0.43531289122818184 0.43534845111119225 0.4353840130554123 0.4354195770608087 0.43545514312734257 0.43549071125498173 0.4355262814436889 0.4355618536934299 0.43559742800416823 0.43563300437586683 0.43566858280848986 0.4357041633020028 0.4357397458563672 0.43577533047154726 0.4358109171475053 0.43584650588420604 0.4358820966816097 0.43591768953968013 0.43595328445838266 0.4359888814376748 0.4360244804775213 0.43606008157788545 0.4360956847387245 0.4361312899600053 0.436166897241687 0.43620250658373183 0.4362381179860988 0.4362737314487506 0.43630934697164914 0.4363449645547528 0.4363805841980235 0.43641620590142094 0.43645182966490514 0.4364874554884368 0.4365230833719763 0.4365587133154828 0.4365943453189143 0.4366299793822327 0.43666561550539496 0.4367012536883621 0.43673689393109216 0.4367725362335422 0.4368081805956736 0.4368438270174422 0.43687947549880835 0.4369151260397285 0.43695077864016096 0.4369864333000646 0.43702209001939596 0.43705774879811166 0.4370934096361696 0.4371290725335263 0.4371647374901393 0.4372004045059651 0.43723607358096195 0.43727174471508223 0.4373074179082851 0.43734309316052755 0.43737877047176155 0.4374144498419462 0.4374501312710348 0.4374858147589844 0.4375215003057499 0.4375571879112865 0.4375928775755483 0.4376285692984898 0.4376642630800671 0.4376999589202315 0.43773565681894067 0.4377713567761464 0.4378070587918037 0.43784276286586654 0.4378784689982864 0.43791417718901837 0.43794988743801566 0.43798559974523177 0.43802131411061707 0.4380570305341259 0.4380927490157105 0.4381284695553245 0.43816419215291913 0.4381999168084454 0.4382356435218552 0.43827137229310265 0.4383071031221377 0.43834283600891155 0.4383785709533732 0.438414307955479 0.4384500470151752 0.4384857881324129 0.4385215313071451 0.43855727653932153 0.43859302382889076 0.43862877317580184 0.43866452458000826 0.43870027804145695 0.43873603356009805 0.4387717911358804 0.4388075507687531 0.4388433124586679 0.4388790762055709 0.4389148420094098 0.43895060987013623 0.4389863797876956 0.43902215176203785 0.4390579257931104 0.4390937018808607 0.4391294800252371 0.43916526022618496 0.43920104248365477 0.43923682679759213 0.4392726131679441 0.43930840159465656 0.4393441920776766 0.4393799846169508 0.4394157792124269 0.43945157586404826 0.43948737457176223 0.4395231753355162 0.43955897815525224 0.4395947830309179 0.43963058996245874 0.43966639894981896 0.43970220999294407 0.43973802309177845 0.4397738382462655 0.4398096554563524 0.4398454747219809 0.439881296043096 0.4399171194196416 0.43995294485156133 0.4399887723387994 0.4400246018812972 0.4400604334789996 0.44009626713184946 0.44013210283979 0.4401679406027632 0.44020378042071107 0.4402396222935776 0.44027546622130354 0.4403113122038307 0.4403471602411031 0.4403830103330596 0.44041886247964257 0.44045471668079483 0.4404905729364563 0.4405264312465673 0.4405622916110703 0.44059815402990543 0.44063401850301176 0.44066988503033055 0.44070575361180364 0.4407416242473673 0.4407774969369642 0.4408133716805325 0.4408492484780139 0.4408851273293436 0.4409210082344659 0.4409568911933146 0.44099277620583155 0.4410286632719552 0.4410645523916208 0.44110044356477096 0.44113633679134256 0.44117223207127176 0.44120812940449716 0.44124402879095626 0.44127993023058765 0.4413158337233267 0.4413517392691111 0.4413876468678791 0.44142355651956466 0.4414594682241063 0.4414953819814392 0.4415312977915 0.44156721565422496 0.44160313556954955 0.44163905753741095 0.44167498155774054 0.44171090763047893 0.44174683575555884 0.44178276593291343 0.4418186981624801 0.44185463244419165 0.44189056877798305 0.44192650716378945 0.44196244760154424 0.4419983900911817 0.442034334632635 0.4420702812258379 0.442106229870723 0.44214218056722565 0.4421781333152768 0.44221408811481044 0.44225004496576004 0.44228600386805583 0.44232196482163166 0.4423579278264189 0.4423938928823511 0.4424298599893578 0.4424658291473733 0.44250180035632647 0.4425377736161512 0.44257374892677626 0.4426097262881348 0.44264570570015516 0.442681687162769 0.4427176706759085 0.44275365623950047 0.4427896438534775 0.4428256335177707 0.4428616252323061 0.4428976189970161 0.44293361481182925 0.44296961267667445 0.4430056125914794 0.4430416145561773 0.4430776185706923 0.4431136246349554 0.4431496327488931 0.4431856429124369 0.44322165512551126 0.443257669388045 0.44329368569996663 0.4433297040612042 0.4433657244716813 0.4434017469313305 0.44343777144007346 0.4434737979978406 0.44350982660455707 0.44354585726014983 0.4435818899645443 0.44361792471766703 0.44365396151944314 0.44369000036980055 0.443726041268663 0.44376208421595553 0.4437981292116049 0.44383417625553456 0.4438702253476696 0.44390627648793624 0.44394232967625635 0.4439783849125567 0.44401444219675845 0.4440505015287901 0.4440865629085713 0.4441226263360274 0.44415869181108236 0.4441947593336588 0.4442308289036778 0.4442669005210653 0.4443029741857437 0.4443390498976336 0.44437512765665765 0.44441120746273977 0.4444472893158009 0.4444833732157637 0.44451945916254787 0.4445555471560767 0.4445916371962708 0.4446277292830523 0.44466382341634003 0.4446999195960559 0.4447360178221216 0.44477211809445594 0.44480822041298085 0.44484432477761326 0.44488043118827747 0.44491653964489086 0.44495265014737184 0.44498876269563925 0.4450248772896165 0.44506099392921983 0.4450971126143669 0.4451332333449789 0.4451693561209725 0.4452054809422662 0.44524160780877975 0.4452777367204288 0.44531386767713266 0.4453500006788076 0.445386135725373 0.4454222728167443 0.44545841195283864 0.44549455313357433 0.4455306963588669 0.4455668416286337 0.44560298894278905 0.4456391383012517 0.44567528970393555 0.4457114431507575 0.4457475986416337 0.44578375617647814 0.44581991575520785 0.4458560773777356 0.4458922410439784 0.4459284067538498 0.4459645745072658 0.44600074430413783 0.4460369161443829 0.4460730900279146 0.44610926595464573 0.4461454439244896 0.4461816239373617 0.44621780599317395 0.4462539900918391 0.44629017623327094 0.44632636441738294 0.44636255464408636 0.44639874691329406 0.4464349412249159 0.4464711375788686 0.44650733597506154 0.4465435364134056 0.4465797388938134 0.4466159434161965 0.446652149980465 0.4466883585865311 0.4467245692343038 0.44676078192369584 0.4467969966546167 0.4468332134269758 0.4468694322406863 0.4469056530956539 0.44694187599178936 0.4469781009290057 0.44701432790720774 0.4470505569263066 0.4470867879862117 0.4471230210868312 0.4471592562280744 0.4471954934098483 0.4472317326320623 0.44726797389462425 0.4473042171974433 0.4473404625404256 0.44737670992347867 0.44741295934651015 0.44744921080942734 0.44748546431213765 0.44752171985454714 0.44755797743656345 0.44759423705809276 0.44763049871904026 0.44766676241931347 0.44770302815881813 0.44773929593745865 0.4477755657551399 0.44781183761177235 0.4478481115072548 0.44788438744149794 0.4479206654144011 0.44795694542587294 0.44799322747581716 0.4480295115641366 0.44806579769073585 0.4481020858555209 0.44813837605839324 0.44817466829925756 0.4482109625780155 0.4482472588945736 0.44828355724883173 0.44831985764069415 0.4483561600700616 0.44839246453684045 0.44842877104092926 0.44846507958223225 0.44850139016065094 0.44853770277608573 0.4485740174284407 0.4486103341176144 0.4486466528435116 0.44868297360602893 0.4487192964050717 0.44875562124053703 0.44879194811232637 0.44882827702034156 0.4488646079644809 0.4489009409446454 0.4489372759607344 0.44897361301264627 0.44900995210028305 0.4490462932235424 0.4490826363823217 0.4491189815765235 0.4491553288060426 0.4491916780707801 0.44922802937063433 0.4492643827055023 0.4493007380752818 0.4493370954798708 0.44937345491916636 0.4494098163930671 0.4494461799014695 0.4494825454442706 0.44951891302136815 0.44955528263265654 0.4495916542780345 0.4496280279573974 0.44966440367064187 0.4497007814176619 0.44973716119835694 0.4497735430126182 0.4498099268603426 0.44984631274142606 0.4498827006557651 0.4499190906032511 0.4499554825837797 0.4499918765972466 0.4500282726435456 0.4500646707225693 0.4501010708342157 0.45013747297837337 0.4501738771549384 0.4502102833638033 0.4502466916048622 0.450283101878008 0.45031951418313243 0.4503559285201293 0.4503923448888898 0.4504287632893078 0.4504651837212732 0.45050160618468027 0.4505380306794178 0.4505744572053787 0.45061088576245734 0.45064731635053934 0.4506837489695201 0.45072018361928623 0.45075662029973174 0.45079305901074695 0.45082949975222 0.4508659425240418 0.45090238732610266 0.45093883415829206 0.4509752830204987 0.4510117339126123 0.45104818683452264 0.4510846417861183 0.45112109876728645 0.45115755777791855 0.4511940188179002 0.45123048188712156 0.45126694698546954 0.4513034141128309 0.451339883269096 0.45137635445415003 0.45141282766788016 0.45144930291017693 0.4514857801809222 0.45152225948000546 0.4515587408073136 0.4515952241627301 0.4516317095461442 0.4516681969574401 0.4517046863965053 0.45174117786322365 0.45177767135748104 0.4518141668791624 0.45185066442815347 0.45188716400433826 0.4519236656076018 0.4519601692378288 0.4519966748949029 0.4520331825787085 0.4520696922891285 0.45210620402604884 0.4521427177893518 0.4521792335789214 0.452215751394639 0.45225227123638945 0.45228879310405423 0.4523253169975159 0.45236184291665893 0.45239837086136325 0.4524349008315107 0.45247143282698565 0.4525079668476666 0.45254450289343695 0.45258104096417884 0.4526175810597717 0.4526541231800967 0.45269066732503394 0.45272721349446665 0.4527637616882716 0.45280031190633085 0.45283686414852475 0.4528734184147323 0.45290997470483374 0.4529465330187059 0.4529830933562331 0.4530196557172892 0.4530562201017563 0.45309278650951157 0.45312935494043316 0.45316592539440137 0.45320249787129185 0.45323907237098604 0.4532756488933578 0.4533122274382857 0.45334880800564803 0.45338539059532224 0.4534219752071835 0.45345856184110955 0.4534951504969782 0.4535317411746633 0.45356833387404394 0.453604928594995 0.45364152533738933 0.45367812410110786 0.45371472488602294 0.45375132769200954 0.45378793251894534 0.4538245393667022 0.45386114823515666 0.4538977591241824 0.4539343720336546 0.4539709869634465 0.4540076039134324 0.454044222883486 0.45408084387348 0.45411746688329147 0.4541540919127893 0.45419071896184837 0.4542273480303409 0.45426397911814065 0.4543006122251192 0.45433724735114867 0.4543738844961014 0.45441052365984946 0.454447164842265 0.45448380804321786 0.4545204532625804 0.4545571005002249 0.45459374975601974 0.4546304010298383 0.45466705432154897 0.45470370963102225 0.4547403669581307 0.4547770263027433 0.4548136876647286 0.4548503510439563 0.4548870164402963 0.4549236838536186 0.4549603532837918 0.45499702473068404 0.45503369819416517 0.45507037367410286 0.4551070511703652 0.4551437306828201 0.455180412211337 0.4552170957557822 0.45525378131602334 0.4552904688919277 0.455327158483364 0.4553638500901971 0.45540054371229455 0.4554372393495243 0.4554739370017493 0.4555106366688393 0.4555473383506583 0.45558404204707426 0.45562074775794814 0.45565745548315095 0.45569416522254524 0.4557308769759949 0.45576759074336737 0.4558043065245263 0.45584102431933493 0.45587774412765936 0.455914465949363 0.45595118978430915 0.45598791563236185 0.45602464349338545 0.4560613733672423 0.4560981052537971 0.4561348391529094 0.4561715750644466 0.4562083129882688 0.4562450529242361 0.4562817948722142 0.4563185388320643 0.45635528480364784 0.4563920327868263 0.4564287827814604 0.45646553478741403 0.4565022888045456 0.4565390448327167 0.45657580287178745 0.45661256292161934 0.4566493249820731 0.45668608905300623 0.4567228551342808 0.45675962322575714 0.45679639332729316 0.45683316543874897 0.45686993955998245 0.45690671569085395 0.4569434938312218 0.45698027398094365 0.45701705613988186 0.4570538403078881 0.45709062648482557 0.4571274146705493 0.45716420486491804 0.45720099706778883 0.4572377912790191 0.4572745874984665 0.4573113857259852 0.45734818596143434 0.45738498820467033 0.4574217924555486 0.4574585987139268 0.4574954069796566 0.4575322172525986 0.4575690295326049 0.4576058438195336 0.4576426601132364 0.45767947841357226 0.45771629872039155 0.4577531210335519 0.4577899453529053 0.4578267716783093 0.4578636000096141 0.4579004303466756 0.45793726268934654 0.45797409703748126 0.4580109333909317 0.45804777174955147 0.45808461211319274 0.4581214544817096 0.4581582988549524 0.45819514523277416 0.45823199361502853 0.4582688440015641 0.4583056963922343 0.4583425507868917 0.4583794071853864 0.45841626558756876 0.45845312599328913 0.4584899884024005 0.4585268528147517 0.4585637192301937 0.4586005876485759 0.4586374580697483 0.45867433049356077 0.4587112049198643 0.4587480813485052 0.45878495977933387 0.45882184021219974 0.45885872264695204 0.458895607083438 0.45893249352150667 0.4589693819610039 0.45900627240178116 0.4590431648436848 0.4590800592865616 0.459116955730261 0.4591538541746272 0.4591907546195091 0.45922765706475266 0.459264561510206 0.4593014679557126 0.45933837640112163 0.45937528684627726 0.45941219929102517 0.459449113735213 0.4594860301786836 0.45952294862128396 0.45955986906285795 0.4595967915032526 0.4596337159423096 0.4596706423798753 0.4597075708157936 0.45974450124990685 0.4597814336820596 0.4598183681120984 0.4598553045398641 0.45989224296520215 0.4599291833879515 0.45996612580795726 0.4600030702250628 0.460040016639111 0.46007696504994144 0.460113915457399 0.46015086786132464 0.4601878222615605 0.4602247786579472 0.46026173705032547 0.46029869743853835 0.46033565982242663 0.46037262420182756 0.4604095905765868 0.4604465589465412 0.460483529311531 0.46052050167139935 0.4605574760259823 0.4605944523751213 0.4606314307186543 0.4606684110564221 0.4607053933882628 0.4607423777140156 0.46077936403351805 0.46081635234661067 0.46085334265313005 0.460890334952913 0.4609273292457996 0.4609643255316267 0.4610013238102304 0.4610383240814506 0.46107532634512327 0.46111233060108203 0.4611493368491677 0.4611863450892155 0.4612233553210612 0.4612603675445399 0.46129738175948987 0.46133439796574427 0.46137141616314015 0.4614084363515114 0.46144545853069374 0.4614824827005235 0.4615195088608335 0.4615565370114587 0.46159356715223265 0.4616305992829899 0.4616676334035654 0.4617046695137914 0.4617417076135011 0.4617787477025306 0.46181578978070936 0.4618528338478729 0.4618898799038511 0.4619269279484788 0.4619639779815896 0.46200103000301107 0.4620380840125784 0.4620751400101235 0.462112197995475 0.4621492579684674 0.4621863199289298 0.4622233838766949 0.4622604498115912 0.4622975177334514 0.46233458764210345 0.4623716595373797 0.46240873341910915 0.46244580928712087 0.4624828871412454 0.46251996698131226 0.4625570488071491 0.46259413261858584 0.4626312184154513 0.46266830619757293 0.462705395964782 0.4627424877169024 0.46277958145376585 0.4628166771751985 0.4628537748810273 0.46289087457108025 0.462927976245185 0.4629650799031664 0.46300218554485406 0.4630392931700724 0.46307640277865003 0.46311351437041015 0.46315062794518136 0.46318774350278824 0.4632248610430554 0.46326198056581025 0.46329910207087677 0.46333622555807996 0.463373351027244 0.46341047847819516 0.46344760791075745 0.46348473932475276 0.4635218727200079 0.463559008096345 0.46359614545358796 0.4636332847915603 0.46367042611008613 0.46370756940898694 0.46374471468808576 0.46378186194720517 0.4638190111861691 0.4638561624047972 0.46389331560291414 0.46393047078033955 0.46396762793689716 0.46400478707240644 0.4640419481866873 0.46407911127956436 0.4641162763508557 0.464153443400384 0.46419061242796666 0.46422778343342697 0.4642649564165837 0.46430213137725684 0.4643393083152654 0.46437648723042924 0.46441366812256635 0.46445085099149863 0.4644880358370429 0.4645252226590173 0.46456241145724086 0.46459960223153063 0.46463679498170696 0.4646739897075869 0.4647111864089868 0.46474838508572547 0.46478558573761974 0.4648227883644862 0.46485999296614056 0.4648971995424014 0.4649344080930846 0.46497161861800795 0.4650088311169842 0.4650460455898304 0.4650832620363623 0.46512048045639576 0.4651577008497447 0.46519492321622513 0.465232147555652 0.4652693738678404 0.46530660215260333 0.4653438324097574 0.4653810646391132 0.4654182988404856 0.4654555350136891 0.46549277315853743 0.46553001327484234 0.46556725536241816 0.46560449942107685 0.4656417454506312 0.4656789934508929 0.46571624342167617 0.4657534953627931 0.46579074927405206 0.46582800515526834 0.4658652630062492 0.46590252282681033 0.46593978461675967 0.4659770483759105 0.46601431410407157 0.46605158180105244 0.4660888514666659 0.4661261231007199 0.4661633967030252 0.4662006722733911 0.46623794981162714 0.46627522931754184 0.46631251079094516 0.466349794231645 0.46638707963945114 0.46642436701417056 0.4664616563556103 0.46649894766358324 0.4665362409378915 0.46657353617834696 0.46661083338475295 0.4666481325569196 0.46668543369465443 0.466722736797762 0.4667600418660487 0.4667973488993229 0.46683465789739054 0.46687196886005666 0.46690928178712476 0.46694659667840566 0.4669839135337015 0.4670212323528158 0.4670585531355582 0.4670958758817281 0.46713320059113483 0.46717052726358044 0.4672078558988677 0.46724518649680347 0.4672825190571892 0.46731985357982975 0.4673571900645275 0.4673945285110861 0.4674318689193089 0.467469211288998 0.46750655561995735 0.46754390191198514 0.4675812501648884 0.4676186003784668 0.4676559525525228 0.46769330668685694 0.46773066278127096 0.4677680208355657 0.4678053808495428 0.46784274282300276 0.467880106755745 0.4679174726475721 0.4679548404982812 0.4679922103076728 0.46802958207554957 0.4680669558017079 0.468104331485949 0.46814170912806996 0.46817908872787206 0.46821647028515034 0.46825385379970763 0.4682912392713403 0.46832862669984543 0.4683660160850205 0.46840340742666675 0.4684408007245786 0.46847819597855334 0.4685155931883882 0.4685529923538809 0.4685903934748281 0.46862779655102593 0.46866520158226943 0.4687026085683561 0.4687400175090817 0.4687774284042425 0.4688148412536306 0.46885225605704584 0.46888967281427907 0.4689270915251287 0.46896451218938773 0.46900193480684904 0.46903935937730856 0.46907678590056046 0.469114214376398 0.4691516448046156 0.46918907718500513 0.4692265115173617 0.4692639478014746 0.469301386037142 0.4693388262241509 0.4693762683622986 0.4694137124513733 0.46945115849116914 0.4694886064814794 0.469526056422092 0.46956350831279936 0.4696009621533943 0.469638417943667 0.4696758756834074 0.4697133353724068 0.46975079701045486 0.469788260597342 0.46982572613285933 0.4698631936167943 0.4699006630489384 0.46993813442907895 0.4699756077570081 0.4700130830325131 0.4700505602553806 0.47008803942540145 0.4701255205423649 0.47016300360605556 0.47020048861626473 0.4702379755727779 0.4702754644753844 0.47031295532386874 0.4703504481180212 0.4703879428576254 0.4704254395424714 0.4704629381723442 0.47050043874702774 0.4705379412663113 0.4705754457299798 0.47061295213781773 0.4706504604896131 0.4706879707851479 0.47072548302420913 0.47076299720658143 0.470800513332047 0.4708380314003946 0.4708755514114056 0.4709130733648639 0.4709505972605541 0.4709881230982602 0.4710256508777646 0.471063180598851 0.47110071226130246 0.4711382458649007 0.47117578140942884 0.47121331889466944 0.47125085832040514 0.47128839968641767 0.4713259429924883 0.4713634882383979 0.4714010354239295 0.4714385845488631 0.4714761356129802 0.47151368861606 0.471551243557885 0.4715888004382358 0.4716263592568879 0.47166392001362745 0.4717014827082302 0.4717390473404772 0.4717766139101469 0.4718141824170179 0.4718517528608712 0.47188932524148264 0.47192689955863276 0.47196447581209955 0.4720020540016594 0.47203963412709227 0.472077216188175 0.47211480018468444 0.4721523861163983 0.4721899739830926 0.4722275637845468 0.47226515552053505 0.47230274919083426 0.4723403447952197 0.47237794233346975 0.4724155418053573 0.47245314321066223 0.4724907465491539 0.47252835182061204 0.47256595902481013 0.4726035681615217 0.47264117923052407 0.4726787922315894 0.4727164071644929 0.472754024029008 0.4727916428249084 0.472829263551966 0.47286688620995765 0.47290451079865314 0.47294213731782664 0.4729797657672521 0.47301739614669946 0.4730550284559438 0.4730926626947525 0.4731302988629029 0.47316793696016335 0.47320557698630705 0.47324321894110444 0.47328086282432524 0.473318508635743 0.4733561563751243 0.4733938060422438 0.4734314576368692 0.4734691111587719 0.4735067666077195 0.4735444239834836 0.4735820832858346 0.4736197445145378 0.4736574076693647 0.4736950727500844 0.4737327397564639 0.47377040868827214 0.47380807954527904 0.47384575232725035 0.4738834270339536 0.47392110366515827 0.47395878222062926 0.47399646270013496 0.474034145103442 0.47407182943031656 0.47410951568052573 0.4741472038538368 0.47418489395001506 0.47422258596882494 0.4742602799100315 0.4742979757734038 0.4743356735587041 0.47437337326570006 0.474411074894153 0.4744487784438296 0.47448648391449355 0.47452419130591017 0.4745619006178421 0.47459961185005417 0.4746373250023088 0.47467504007437045 0.4747127570660006 0.47475047597696496 0.4747881968070238 0.474825919555939 0.47486364422347593 0.4749013708093943 0.47493909931345724 0.4749768297354262 0.4750145620750612 0.47505229633212553 0.4750900325063787 0.47512777059758315 0.47516551060549905 0.4752032525298864 0.47524099637050354 0.4752787421271134 0.47531648979947594 0.47535423938734755 0.4753919908904902 0.4754297443086646 0.47546749964162593 0.4755052568891347 0.47554301605094995 0.47558077712683056 0.47561854011653115 0.4756563050198148 0.47569407183643353 0.4757318405661497 0.47576961120871974 0.475807383763899 0.47584515823144447 0.47588293461111375 0.4759207129026639 0.4759584931058507 0.4759962752204292 0.47603405924615627 0.4760718451827872 0.4761096330300767 0.47614742278778155 0.47618521445565665 0.4762230080334553 0.47626080352093303 0.47629860091784515 0.47633640022394363 0.4763742014389838 0.47641200456272026 0.476449809594905 0.4764876165352896 0.4765254253836322 0.4765632361396832 0.47660104880319354 0.4766388633739189 0.4766766798516089 0.4767144982360183 0.4767523185268958 0.47679014072399517 0.476827964827069 0.47686579083586467 0.4769036187501363 0.47694144856963394 0.4769792802941071 0.4770171139233088 0.4770549494569871 0.477092786894894 0.4771306262367758 0.47716846748238684 0.47720631063147034 0.4772441556837814 0.47728200263906717 0.47731985149707334 0.4773577022575528 0.47739555492025043 0.4774334094849171 0.4774712659512994 0.4775091243191447 0.47754698458820166 0.4775848467582158 0.47762271082893504 0.47766057680010654 0.47769844467147626 0.47773631444279285 0.4777741861137992 0.477812059684243 0.477849935153871 0.47788781252242774 0.47792569178965727 0.4779635729553071 0.47800145601912125 0.4780393409808452 0.4780772278402208 0.478115116596995 0.47815300725091303 0.4781908998017148 0.47822879424914877 0.478266690592954 0.4783045888328754 0.47834248896865716 0.4783803910000415 0.47841829492677035 0.47845620074858775 0.47849410846523455 0.4785320180764525 0.4785699295819841 0.47860784298157166 0.47864575827495615 0.4786836754618766 0.47872159454207774 0.47875951551529905 0.47879743838127786 0.4788353631397595 0.4788732897904793 0.4789112183331816 0.4789491487676041 0.4789870810934853 0.4790250153105664 0.47906295141858446 0.4791008894172808 0.47913882930639207 0.47917677108565804 0.4792147147548156 0.47925266031360403 0.47929060776176 0.4793285570990222 0.4793665083251277 0.4794044614398132 0.4794424164428166 0.47948037333387283 0.47951833211272143 0.47955629277909617 0.4795942553327346 0.479632219773372 0.4796701861007451 0.47970815431458647 0.4797461244146337 0.47978409640062214 0.4798220702722866 0.47986004602936094 0.4798980236715793 0.4799360031986766 0.47997398461038765 0.4800119679064445 0.48004995308658227 0.48008794015053446 0.48012592909803375 0.48016391992881013 0.48020191264260115 0.480239907239137 0.48027790371815016 0.48031590207937414 0.48035390232253783 0.4803919044473761 0.48042990845361855 0.4804679143409978 0.4805059221092429 0.4805439317580884 0.4805819432872598 0.48061995669649193 0.48065797198551263 0.48069598915405143 0.4807340082018421 0.48077202912860995 0.4808100519340861 0.4808480766179981 0.48088610318007774 0.4809241316200521 0.48096216193765096 0.4810001941326012 0.4810382282046297 0.48107626415346605 0.4811143019788402 0.48115234168047594 0.48119038325810237 0.4812284267114473 0.48126647204023354 0.4813045192441925 0.48134256832304834 0.481380619276528 0.4814186721043554 0.48145672680625884 0.48149478338196294 0.4815328418311944 0.4815709021536754 0.48160896434913436 0.48164702841729246 0.481685094357877 0.4817231621706115 0.4817612318552209 0.48179930341142607 0.4818373768389532 0.48187545213752614 0.48191352930686593 0.48195160834669637 0.481989689256743 0.482027772036725 0.4820658566863647 0.4821039432053871 0.4821420315935119 0.48218012185046244 0.482218213975959 0.4822563079697231 0.48229440383147537 0.48233250156093943 0.48237060115783303 0.48240870262187574 0.482446805952792 0.4824849111502989 0.48252301821411714 0.48256112714396515 0.4825992379395643 0.48263735060063384 0.4826754651268912 0.4827135815180563 0.4827516997738466 0.48278981989397973 0.48282794187817646 0.48286606572615387 0.4829041914376284 0.482942319012319 0.4829804484499418 0.48301857975021556 0.4830567129128558 0.4830948479375783 0.48313298482410305 0.4831711235721432 0.4832092641814145 0.4832474066516348 0.4832855509825178 0.4833236971737813 0.4833618452251376 0.4833999951363046 0.4834381469069937 0.4834763005369218 0.4835144560258038 0.4835526133733512 0.48359077257928007 0.48362893364330306 0.48366709656513573 0.48370526134448766 0.4837434279810744 0.48378159647460883 0.4838197668248021 0.48385793903136864 0.48389611309401936 0.4839342890124656 0.4839724667864207 0.484010646415596 0.48404882789970216 0.48408701123844944 0.4841251964315507 0.484163383478716 0.4842015723796551 0.4842397631340787 0.48427795574169785 0.4843161502022211 0.4843543465153586 0.48439254468082016 0.48443074469831493 0.48446894656755046 0.48450715028823677 0.4845453558600834 0.48458356328279795 0.48462177255608774 0.484659983679661 0.48469819665322555 0.4847364114764896 0.4847746281491587 0.4848128466709418 0.4848510670415458 0.48488928926067665 0.4849275133280422 0.4849657392433455 0.48500396700629445 0.4850421966165963 0.48508042807395313 0.48511866137807536 0.4851568965286628 0.48519513352542365 0.4852333723680622 0.4852716130562824 0.48530985558978923 0.4853480999682853 0.485386346191476 0.4854245942590667 0.4854628441707556 0.4855010959262507 0.48553934952525246 0.48557760496746605 0.485615862252593 0.4856541213803336 0.4856923823503936 0.4857306451624728 0.48576890981627296 0.4858071763114964 0.4858454446478446 0.4858837148250157 0.4859219868427169 0.4859602607006448 0.48599853639849844 0.4860368139359803 0.48607509331279 0.48611337452862724 0.4861516575831919 0.4861899424761831 0.48622822920730124 0.4862665177762444 0.48630480818270927 0.48634310042639783 0.48638139450700724 0.4864196904242355 0.4864579881777793 0.4864962877673382 0.48653458919260806 0.4865728924532884 0.4866111975490741 0.4866495044796615 0.4866878132447505 0.4867261238440346 0.48676443627721144 0.4868027505439765 0.4868410666440257 0.4868793845770536 0.48691770434275883 0.4869560259408314 0.48699434937097097 0.4870326746328686 0.4870710017262221 0.48710933065072326 0.487147661406067 0.4871859939919476 0.48722432840805796 0.4872626646540916 0.48730100272974264 0.4873393426347026 0.48737768436866524 0.4874160279313233 0.4874543733223682 0.4874927205414954 0.48753106958839054 0.48756942046275076 0.48760777316426474 0.48764612769262605 0.48768448404752296 0.4877228422286486 0.4877612022356932 0.4877995640683459 0.4878379277262994 0.48787629320924064 0.4879146605168614 0.487953029648851 0.4879914006048991 0.4880297733846928 0.4880681479879234 0.48810652441427815 0.48814490266344723 0.4881832827351187 0.48822166462897787 0.4882600483447146 0.488298433882018 0.4883368212405732 0.48837521042006804 0.4884136014201892 0.4884519942406258 0.48849038888106167 0.4885287853411826 0.4885671836206784 0.4886055837192331 0.48864398563652944 0.4886823893722574 0.4887207949261003 0.48875920229774295 0.48879761148687173 0.48883602249317004 0.48887443531632213 0.48891284995601203 0.48895126641192443 0.4889896846837445 0.4890281047711531 0.48906652667383477 0.4891049503914737 0.4891433759237507 0.48918180327035055 0.48922023243095425 0.4892586634052438 0.48929709619290374 0.4893355307936136 0.48937396720705606 0.48941240543291276 0.4894508454708624 0.48948928732058916 0.4895277309817736 0.4895661764540944 0.48960462373723335 0.4896430728308685 0.489681523734683 0.48971997644835463 0.489758430971563 0.4897968873039882 0.48983534544530904 0.4898738053952023 0.48991226715334935 0.4899507307194273 0.48998919609311553 0.49002766327409186 0.4900661322620319 0.4901046030566145 0.4901430756575198 0.4901815500644202 0.4902200262769951 0.4902585042949208 0.49029698411787503 0.4903354657455308 0.49037394917756916 0.4904124344136611 0.4904509214534851 0.49048941029671567 0.49052790094302834 0.49056639339209696 0.49060488764359844 0.49064338369720595 0.4906818815525946 0.49072038120943606 0.49075888266740786 0.49079738592618094 0.49083589098543245 0.49087439784482934 0.4909129065040514 0.49095141696276734 0.4909899292206503 0.49102844327737416 0.4910669591326098 0.4911054767860308 0.49114399623730653 0.49118251748610997 0.49122104053211224 0.4912595653749863 0.4912980920143992 0.4913366204500256 0.49137515068153226 0.4914136827085933 0.491452216530875 0.49149075214805094 0.49152928955978736 0.49156782876575567 0.49160636976562366 0.49164491255906206 0.49168345714573825 0.4917220035253227 0.49176055169748123 0.49179910166188323 0.4918376534181954 0.49187620696608714 0.49191476230522624 0.4919533194352783 0.49199187835590985 0.49203043906679 0.4920690015675846 0.4921075658579588 0.49214613193757994 0.49218469980611457 0.49222326946322736 0.4922618409085828 0.4923004141418488 0.4923389891626897 0.492377565970767 0.4924161445657518 0.4924547249473039 0.49249330711508854 0.4925318910687677 0.49257047680800925 0.4926090643324754 0.4926476536418294 0.4926862447357321 0.49272483761385 0.49276343227584385 0.492802028721377 0.4928406269501111 0.49287922696170794 0.4929178287558318 0.4929564323321409 0.49299503769029895 0.4930336448299675 0.493072253750805 0.4931108644524749 0.49314947693463473 0.49318809119694884 0.4932267072390766 0.4932653250606742 0.4933039446614056 0.4933425660409292 0.4933811891989026 0.4934198141349859 0.4934584408488407 0.49349706934011994 0.4935356996084872 0.493574331653599 0.493612965475112 0.49365160107268546 0.49369023844597715 0.4937288775946447 0.49376751851834255 0.4938061612167306 0.4938448056894653 0.4938834519362012 0.4939220999565954 0.49396074975030446 0.4939994013169855 0.49403805465629125 0.4940767097678811 0.4941153666514042 0.49415402530652397 0.49419268573288644 0.4942313479301532 0.4942700118979728 0.4943086776360035 0.4943473451438971 0.49438601442130903 0.49442468546789087 0.4944633582832987 0.49450203286718164 0.49454070921919646 0.4945793873389932 0.4946180672262237 0.4946567488805438 0.4946954323016015 0.4947341174890516 0.494772804442545 0.49481149316172957 0.49485018364626 0.49488887589578856 0.494927569909962 0.49496626568843194 0.4950049632308513 0.49504366253686816 0.49508236360613056 0.4951210664382919 0.495159771032998 0.49519847738990075 0.49523718550864637 0.4952758953888874 0.49531460703026986 0.4953533204324416 0.4953920355950525 0.49543075251774793 0.4954694712001786 0.49550819164199056 0.4955469138428308 0.4955856378023471 0.4956243635201836 0.4956630909959916 0.495701820229415 0.4957405512200985 0.49577928396769 0.4958180184718346 0.49585675473217816 0.49589549274836564 0.49593423252004265 0.49597297404685436 0.4960117173284444 0.49605046236445816 0.4960892091545379 0.4961279576983302 0.4961667079954779 0.49620546004562494 0.4962442138484129 0.4962829694034876 0.49632172671049 0.4963604857690629 0.49639924657885093 0.49643800913949443 0.49647677345063546 0.4965155395119156 0.49655430732297834 0.49659307688346366 0.49663184819301254 0.4966706212512684 0.496709396057869 0.49674817261245563 0.49678695091467096 0.4968257309641515 0.49686451276054044 0.4969032963034754 0.49694208159259645 0.4969808686275432 0.4970196574079542 0.49705844793346987 0.49709724020372703 0.4971360342183635 0.49717482997701956 0.4972136274793324 0.49725242672493986 0.49729122771348044 0.49733003044458846 0.4973688349179046 0.497407641133063 0.4974464490897019 0.4974852587874561 0.49752407022596534 0.49756288340486243 0.4976016983237852 0.4976405149823677 0.4976793333802465 0.49771815351705606 0.4977569753924307 0.49779579900600757 0.4978346243574192 0.49787345144630324 0.4979122802722864 0.4979511108350101 0.49798994313410505 0.498028777169204 0.4980676129399413 0.49810645044594914 0.49814528968686167 0.49818413066231093 0.4982229733719288 0.4982618178153486 0.49830066399220074 0.49833951190211856 0.49837836154473125 0.49841721291967356 0.4984560660265749 0.4984949208650651 0.4985337774347762 0.4985726357353375 0.4986114957663812 0.49865035752753406 0.4986892210184304 0.49872808623869647 0.49876695318796194 0.4988058218658564 0.4988446922720091 0.49888356440605053 0.4989224382676052 0.49896131385630316 0.4990001911717754 0.4990390702136449 0.49907795098154395 0.4991168334750957 0.49915571769393163 0.4991946036376762 0.49923349130595507 0.49927238069839763 0.49931127181462664 0.4993501646542726 0.4993890592169601 0.49942795550231356 0.4994668535099587 0.49950575323952195 0.49954465469062814 0.4995835578629002 0.49962246275596556 0.4996613693694476 0.49970027770297065 0.4997391877561561 0.49977809952863206 0.49981701302002035 0.4998559282299433 0.49989484515802474 0.499933763803889 0.49997268416715723 0.5000116062474511 0.5000505300443943 0.5000894555576085 0.5001283827867165 0.5001673117313394 0.5002062423910969 0.5002451747656127 0.5002841088545071 0.5003230446573994 0.5003619821739125 0.5004009214036647 0.5004398623462774 0.5004788050013693 0.5005177493685617 0.500556695447474 0.5005956432377241 0.5006345927389313 0.500673543950716 0.5007124968726959 0.5007514515044886 0.5007904078457119 0.500829365895987 0.5008683256549276 0.5009072871221545 0.5009462502972837 0.5009852151799319 0.5010241817697163 0.5010631500662548 0.5011021200691623 0.5011410917780559 0.5011800651925504 0.501219040312264 0.5012580171368097 0.5012969956658058 0.5013359758988636 0.5013749578356026 0.5014139414756338 0.5014529268185723 0.5014919138640361 0.5015309026116359 0.5015698930609849 0.5016088852116996 0.501647879063392 0.5016868746156753 0.5017258718681621 0.5017648708204663 0.5018038714721997 0.5018428738229761 0.5018818778724057 0.5019208836201012 0.5019598910656748 0.5019989002087382 0.5020379110489022 0.5020769235857789 0.5021159378189783 0.5021549537481085 0.5021939713727852 0.5022329906926151 0.5022720117072104 0.502311034416179 0.5023500588191301 0.5023890849156749 0.502428112705422 0.5024671421879823 0.5025061733629608 0.5025452062299673 0.5025842407886105 0.5026232770384997 0.502662314979242 0.5027013546104435 0.5027403959317143 0.5027794389426599 0.5028184836428875 0.5028575300320042 0.5028965781096162 0.5029356278753312 0.5029746793287551 0.5030137324694914 0.5030527872971478 0.5030918438113305 0.5031309020116435 0.5031699618976941 0.503209023469084 0.503248086725419 0.5032871516663058 0.5033262182913449 0.5033652866001443 0.5034043565923045 0.5034434282674298 0.5034825016251256 0.5035215766649923 0.5035606533866348 0.5035997317896561 0.5036388118736568 0.5036778936382404 0.5037169770830099 0.5037560622075652 0.50379514901151 0.5038342374944433 0.5038733276559686 0.5039124194956861 0.5039515130131966 0.5039906082081012 0.5040297050799989 0.504068803628493 0.5041079038531797 0.5041470057536594 0.5041861093295332 0.5042252145804009 0.50426432150586 0.5043034301055092 0.5043425403789494 0.5043816523257754 0.504420765945589 0.5044598812379868 0.5044989982025667 0.5045381168389254 0.5045772371466621 0.5046163591253736 0.5046554827746548 0.5046946080941042 0.5047337350833183 0.5047728637418938 0.5048119940694245 0.5048511260655097 0.5048902597297433 0.5049293950617206 0.5049685320610358 0.5050076707272879 0.5050468110600681 0.5050859530589702 0.5051250967235923 0.5051642420535243 0.5052033890483656 0.5052425377077054 0.5052816880311393 0.5053208400182585 0.5053599936686599 0.5053991489819323 0.5054383059576713 0.5054774645954687 0.5055166248949146 0.5055557868556044 0.5055949504771273 0.5056341157590774 0.5056732827010433 0.5057124513026179 0.5057516215633919 0.5057907934829569 0.5058299670609023 0.5058691422968178 0.5059083191902949 0.5059474977409231 0.5059866779482918 0.50602585981199 0.5060650433316092 0.5061042285067372 0.5061434153369597 0.5061826038218702 0.5062217939610543 0.5062609857541025 0.5063001792006008 0.5063393743001374 0.5063785710523001 0.5064177694566747 0.5064569695128509 0.5064961712204132 0.50653537457895 0.5065745795880496 0.5066137862472928 0.5066529945562703 0.5066922045145665 0.506731416121766 0.506770629377457 0.5068098442812221 0.5068490608326455 0.5068882790313154 0.5069274988768147 0.5069667203687263 0.5070059435066376 0.5070451682901305 0.5070843947187884 0.5071236227921947 0.5071628525099332 0.5072020838715889 0.5072413168767411 0.5072805515249745 0.5073197878158695 0.5073590257490115 0.5073982653239821 0.507437506540362 0.5074767493977315 0.5075159938956739 0.5075552400337688 0.5075944878115994 0.5076337372287443 0.5076729882847841 0.5077122409793011 0.5077514953118749 0.507790751282083 0.5078300088895078 0.5078692681337273 0.5079085290143219 0.5079477915308672 0.5079870556829464 0.5080263214701366 0.5080655888920165 0.5081048579481631 0.5081441286381545 0.5081834009615704 0.508222674917985 0.5082619505069779 0.508301227728126 0.5083405065810076 0.5083797870651954 0.5084190691802701 0.5084583529258051 0.5084976383013764 0.5085369253065619 0.5085762139409371 0.5086155042040768 0.5086547960955552 0.5086940896149479 0.50873338476183 0.5087726815357771 0.5088119799363615 0.5088512799631577 0.5088905816157401 0.5089298848936816 0.5089691897965594 0.5090084963239425 0.5090478044754039 0.5090871142505189 0.5091264256488583 0.5091657386699979 0.509205053313506 0.5092443695789557 0.5092836874659206 0.50932300697397 0.5093623281026758 0.5094016508516097 0.5094409752203419 0.5094803012084463 0.5095196288154891 0.5095589580410413 0.5095982888846751 0.5096376213459584 0.5096769554244629 0.5097162911197555 0.5097556284314095 0.5097949673589903 0.5098343079020666 0.5098736500602101 0.5099129938329843 0.509952339219963 0.5099916862207121 0.5100310348347972 0.5100703850617876 0.5101097369012519 0.5101490903527552 0.5101884454158652 0.5102278020901485 0.5102671603751718 0.5103065202705017 0.5103458817757027 0.5103852448903408 0.5104246096139844 0.510463975946198 0.5105033438865445 0.5105427134345912 0.5105820845899012 0.5106214573520407 0.5106608317205721 0.5107002076950624 0.5107395852750729 0.5107789644601695 0.5108183452499142 0.5108577276438722 0.5108971116416026 0.510936497242672 0.5109758844466421 0.5110152732530746 0.5110546636615332 0.51109405567158 0.511133449282775 0.5111728444946821 0.5112122413068598 0.51125163971887 0.5112910397302768 0.5113304413406394 0.5113698445495165 0.5114092493564706 0.5114486557610607 0.5114880637628474 0.5115274733613893 0.5115668845562482 0.5116062973469813 0.5116457117331485 0.5116851277143084 0.5117245452900194 0.5117639644598404 0.5118033852233299 0.511842807580045 0.5118822315295453 0.5119216570713885 0.5119610842051285 0.5120005129303244 0.5120399432465357 0.5120793751533159 0.5121188086502226 0.5121582437368131 0.5121976804126434 0.5122371186772672 0.5122765585302431 0.5123159999711233 0.5123554429994672 0.5123948876148261 0.5124343338167585 0.5124737816048146 0.5125132309785538 0.5125526819375261 0.5125921344812887 0.5126315886093937 0.512671044321396 0.5127105016168474 0.5127499604953005 0.5127894209563104 0.5128288829994287 0.5128683466242105 0.5129078118302042 0.5129472786169635 0.5129867469840397 0.5130262169309874 0.513065688457355 0.5131051615626951 0.5131446362465577 0.5131841125084959 0.5132235903480578 0.513263069764796 0.51330255075826 0.5133420333279988 0.5133815174735634 0.5134210031945028 0.513460490490367 0.5134999793607036 0.5135394698050646 0.5135789618229973 0.5136184554140484 0.5136579505777681 0.5136974473137055 0.5137369456214056 0.5137764455004192 0.5138159469502928 0.5138554499705721 0.5138949545608071 0.5139344607205412 0.5139739684493234 0.5140134777467003 0.5140529886122163 0.5140925010454216 0.5141320150458566 0.5141715306130701 0.5142110477466084 0.5142505664460131 0.5142900867108311 0.514329608540609 0.5143691319348884 0.5144086568932162 0.5144481834151355 0.5144877115001902 0.5145272411479225 0.514566772357878 0.5146063051296008 0.5146458394626303 0.5146853753565137 0.5147249128107916 0.5147644518250063 0.5148039923987004 0.5148435345314162 0.5148830782226945 0.5149226234720787 0.5149621702791083 0.5150017186433269 0.5150412685642736 0.5150808200414894 0.5151203730745184 0.5151599276628944 0.5151994838061627 0.5152390415038608 0.5152786007555286 0.515318161560709 0.515357723918936 0.5153972878297521 0.5154368532926974 0.5154764203073068 0.515515988873122 0.5155555589896796 0.5155951306565201 0.5156347038731777 0.5156742786391912 0.5157138549541007 0.5157534328174396 0.5157930122287493 0.5158325931875622 0.5158721756934166 0.5159117597458516 0.5159513453443996 0.5159909324885994 0.5160305211779832 0.5160701114120916 0.5161097031904553 0.5161492965126122 0.516188891378097 0.5162284877864438 0.5162680857371875 0.5163076852298631 0.5163472862640017 0.5163868888391412 0.5164264929548128 0.5164660986105538 0.5165057058058911 0.5165453145403629 0.5165849248134982 0.5166245366248334 0.5166641499738995 0.5167037648602284 0.5167433812833537 0.5167829992428044 0.5168226187381153 0.5168622397688165 0.5169018623344377 0.516941486434511 0.5169811120685686 0.5170207392361394 0.5170603679367543 0.5170999981699445 0.5171396299352362 0.5171792632321641 0.5172188980602554 0.5172585344190401 0.5172981723080454 0.5173378117268026 0.5173774526748405 0.5174170951516872 0.5174567391568696 0.5174963846899163 0.5175360317503577 0.5175756803377163 0.5176153304515239 0.5176549820913077 0.5176946352565921 0.5177342899469073 0.5177739461617763 0.5178136039007282 0.5178532631632891 0.5178929239489838 0.5179325862573394 0.5179722500878801 0.5180119154401339 0.5180515823136234 0.5180912507078737 0.5181309206224107 0.5181705920567596 0.5182102650104425 0.5182499394829849 0.5182896154739103 0.5183292929827443 0.5183689720090081 0.5184086525522265 0.5184483346119235 0.5184880181876186 0.5185277032788371 0.5185673898851011 0.5186070780059331 0.5186467676408564 0.5186864587893887 0.5187261514510559 0.5187658456253781 0.5188055413118762 0.5188452385100735 0.5188849372194857 0.5189246374396383 0.5189643391700511 0.5190040424102413 0.5190437471597322 0.5190834534180431 0.5191231611846938 0.5191628704592004 0.5192025812410859 0.5192422935298688 0.5192820073250664 0.5193217226262006 0.5193614394327843 0.5194011577443407 0.519440877560384 0.5194805988804356 0.5195203217040099 0.519560046030626 0.5195997718598022 0.5196394991910522 0.5196792280238947 0.5197189583578468 0.5197586901924249 0.5197984235271429 0.5198381583615181 0.519877894695068 0.5199176325273038 0.5199573718577446 0.519997112685904 0.5200368550112993 0.5200765988334415 0.5201163441518466 0.520156090966029 0.5201958392755026 0.5202355890797816 0.5202753403783802 0.5203150931708118 0.5203548474565878 0.5203946032352229 0.5204343605062309 0.5204741192691213 0.5205138795234077 0.5205536412686032 0.5205934045042206 0.520633169229771 0.5206729354447648 0.5207127031487155 0.520752472341133 0.520792243021529 0.5208320151894117 0.5208717888442957 0.5209115639856892 0.5209513406131021 0.520991118726045 0.5210308983240277 0.5210706794065603 0.5211104619731521 0.5211502460233095 0.5211900315565448 0.5212298185723645 0.5212696070702818 0.5213093970498002 0.5213491885104282 0.5213889814516748 0.5214287758730487 0.5214685717740561 0.5215083691542031 0.5215481680129996 0.521587968349952 0.5216277701645651 0.5216675734563472 0.5217073782248041 0.5217471844694415 0.5217869921897655 0.5218268013852825 0.521866612055498 0.5219064241999154 0.5219462378180413 0.5219860529093807 0.5220258694734372 0.5220656875097165 0.5221055070177236 0.5221453279969603 0.5221851504469321 0.5222249743671417 0.5222647997570922 0.5223046266162892 0.5223444549442331 0.5223842847404292 0.5224241160043759 0.5224639487355818 0.5225037829335437 0.522543618597765 0.5225834557277507 0.5226232943229978 0.5226631343830117 0.5227029759072912 0.522742818895338 0.5227826633466524 0.5228225092607368 0.5228623566370905 0.5229022054752113 0.5229420557746027 0.5229819075347633 0.523021760755193 0.5230616154353904 0.5231014715748554 0.5231413291730862 0.5231811882295831 0.5232210487438416 0.5232609107153652 0.523300774143648 0.5233406390281887 0.5233805053684835 0.5234203731640343 0.523460242414336 0.5235001131188848 0.5235399852771803 0.5235798588887159 0.5236197339529909 0.523659610469501 0.5236994884377411 0.5237393678572084 0.5237792487273998 0.5238191310478078 0.5238590148179294 0.5238989000372591 0.5239387867052945 0.5239786748215276 0.5240185643854527 0.5240584553965668 0.5240983478543622 0.5241382417583322 0.5241781371079717 0.5242180339027724 0.52425793214223 0.524297831825838 0.5243377329530874 0.5243776355234699 0.5244175395364832 0.524457444991614 0.5244973518883569 0.5245372602262028 0.5245771700046451 0.5246170812231743 0.5246569938812824 0.5246969079784587 0.5247368235141967 0.5247767404879835 0.5248166588993135 0.5248565787476758 0.5248965000325585 0.5249364227534545 0.5249763469098512 0.5250162725012402 0.5250561995271106 0.5250961279869475 0.5251360578802458 0.5251759892064913 0.5252159219651709 0.5252558561557745 0.5252957917777918 0.5253357288307081 0.5253756673140106 0.5254156072271903 0.5254555485697332 0.5254954913411245 0.5255354355408535 0.5255753811684052 0.5256153282232683 0.5256552767049238 0.5256952266128654 0.5257351779465735 0.5257751307055356 0.5258150848892362 0.5258550404971631 0.5258949975287988 0.5259349559836306 0.5259749158611398 0.5260148771608142 0.5260548398821372 0.5260948040245916 0.5261347695876633 0.5261747365708347 0.5262147049735888 0.5262546747954107 0.5262946460357827 0.5263346186941862 0.5263745927701065 0.5264145682630228 0.5264545451724216 0.5264945234977827 0.5265345032385882 0.5265744843943196 0.5266144669644599 0.5266544509484876 0.5266944363458861 0.5267344231561351 0.5267744113787158 0.5268144010131095 0.5268543920587951 0.5268943845152547 0.5269343783819651 0.5269743736584103 0.527014370344066 0.5270543684384126 0.5270943679409301 0.5271343688510983 0.5271743711683929 0.5272143748922946 0.5272543800222813 0.527294386557831 0.5273343944984221 0.5273744038435311 0.527414414592638 0.5274544267452184 0.5274944403007482 0.5275344552587069 0.5275744716185695 0.5276144893798145 0.5276545085419171 0.5276945291043513 0.5277345510665965 0.5277745744281277 0.5278145991884189 0.5278546253469469 0.5278946529031869 0.527934681856612 0.5279747122067002 0.5280147439529219 0.5280547770947566 0.5280948116316739 0.5281348475631504 0.5281748848886574 0.5282149236076723 0.5282549637196663 0.5282950052241124 0.5283350481204825 0.5283750924082538 0.528415138086894 0.5284551851558781 0.528495233614676 0.5285352834627626 0.5285753346996089 0.5286153873246862 0.5286554413374658 0.5286954967374178 0.5287355535240148 0.5287756116967279 0.5288156712550283 0.5288557321983847 0.5288957945262658 0.5289358582381463 0.5289759233334912 0.529015989811773 0.5290560576724617 0.529096126915025 0.5291361975389326 0.5291762695436537 0.529216342928656 0.5292564176934076 0.5292964938373794 0.5293365713600375 0.5293766502608486 0.5294167305392825 0.5294568121948087 0.5294968952268899 0.5295369796349936 0.5295770654185901 0.5296171525771449 0.5296572411101232 0.5296973310169921 0.5297374222972175 0.5297775149502666 0.5298176089756022 0.529857704372692 0.5298978011410029 0.5299378992799981 0.5299779987891413 0.5300180996678998 0.5300582019157372 0.5300983055321171 0.5301384105165048 0.5301785168683646 0.5302186245871585 0.5302587336723492 0.5302988441234053 0.5303389559397851 0.530379069120954 0.5304191836663734 0.5304592995755071 0.5304994168478165 0.5305395354827644 0.5305796554798137 0.5306197768384224 0.5306598995580594 0.53070002363818 0.5307401490782466 0.5307802758777223 0.5308204040360645 0.5308605335527372 0.5309006644271999 0.5309407966589124 0.5309809302473354 0.5310210651919276 0.5310612014921512 0.5311013391474644 0.5311414781573247 0.5311816185211922 0.5312217602385285 0.53126190330879 0.531302047731435 0.5313421935059202 0.5313823406317091 0.5314224891082535 0.5314626389350168 0.531502790111454 0.5315429426370206 0.5315830965111772 0.5316232517333785 0.531663408303082 0.5317035662197447 0.5317437254828219 0.5317838860917692 0.5318240480460472 0.5318642113451086 0.5319043759884061 0.5319445419754012 0.5319847093055445 0.5320248779782928 0.5320650479931006 0.5321052193494233 0.5321453920467136 0.5321855660844292 0.5322257414620206 0.5322659181789426 0.5323060962346506 0.5323462756285959 0.5323864563602358 0.5324266384290177 0.5324668218343991 0.5325070065758291 0.5325471926527641 0.5325873800646552 0.5326275688109543 0.5326677588911117 0.5327079503045824 0.5327481430508139 0.5327883371292623 0.5328285325393756 0.532868729280606 0.5329089273524044 0.5329491267542208 0.5329893274855055 0.5330295295457124 0.5330697329342851 0.5331099376506783 0.53315014369434 0.5331903510647207 0.5332305597612685 0.5332707697834325 0.5333109811306622 0.5333511938024065 0.533391407798115 0.5334316231172334 0.5334718397592118 0.5335120577234986 0.5335522770095396 0.5335924976167852 0.533632719544678 0.5336729427926699 0.5337131673602076 0.5337533932467347 0.5337936204517015 0.5338338489745511 0.5338740788147311 0.5339143099716899 0.53395454244487 0.5339947762337198 0.5340350113376826 0.5340752477562047 0.5341154854887307 0.5341557245347057 0.534195964893577 0.5342362065647848 0.5342764495477748 0.5343166938419941 0.5343569394468832 0.5343971863618882 0.5344374345864509 0.5344776841200156 0.5345179349620246 0.5345581871119234 0.5345984405691531 0.5346386953331566 0.534678951403375 0.5347192087792529 0.5347594674602312 0.534799727445751 0.5348399887352535 0.5348802513281852 0.5349205152239829 0.5349607804220886 0.5350010469219437 0.5350413147229871 0.5350815838246619 0.5351218542264067 0.5351621259276635 0.5352023989278711 0.5352426732264706 0.5352829488229007 0.5353232257165996 0.5353635039070077 0.5354037833935652 0.535444064175709 0.5354843462528791 0.5355246296245153 0.535564914290052 0.5356052002489315 0.5356454875005874 0.5356857760444607 0.5357260658799905 0.535766357006608 0.5358066494237566 0.535846943130871 0.5358872381273885 0.5359275344127437 0.5359678319863763 0.5360081308477187 0.536048430996211 0.5360887324312849 0.5361290351523809 0.5361693391589302 0.5362096444503712 0.5362499510261378 0.5362902588856651 0.5363305680283859 0.5363708784537371 0.5364111901611535 0.536451503150067 0.5364918174199136 0.536532132970126 0.5365724498001394 0.5366127679093857 0.5366530872972985 0.5366934079633112 0.5367337299068557 0.5367740531273661 0.5368143776242753 0.536854703397013 0.5368950304450149 0.5369353587677108 0.536975688364532 0.5370160192349116 0.5370563513782791 0.5370966847940675 0.5371370194817064 0.53717735544063 0.5372176926702636 0.5372580311700417 0.5372983709393939 0.5373387119777497 0.5373790542845385 0.5374193978591921 0.5374597427011369 0.5375000888098049 0.5375404361846257 0.5375807848250236 0.5376211347304325 0.53766148590028 0.537701838333994 0.5377421920310013 0.5377825469907327 0.5378229032126138 0.5378632606960743 0.5379036194405398 0.5379439794454386 0.5379843407101974 0.5380247032342445 0.538065067017004 0.5381054320579051 0.5381457983563742 0.5381861659118363 0.5382265347237167 0.5382669047914428 0.5383072761144407 0.5383476486921315 0.538388022523947 0.5384283976093092 0.5384687739476421 0.5385091515383729 0.5385495303809245 0.5385899104747207 0.5386302918191859 0.5386706744137464 0.5387110582578232 0.5387514433508422 0.5387918296922263 0.5388322172813962 0.5388726061177778 0.5389129962007946 0.5389533875298667 0.5389937801044198 0.5390341739238746 0.5390745689876513 0.5391149652951748 0.5391553628458654 0.5391957616391456 0.5392361616744372 0.5392765629511613 0.5393169654687382 0.5393573692265874 0.5393977742241314 0.5394381804607922 0.5394785879359882 0.5395189966491403 0.5395594065996692 0.5395998177869921 0.5396402302105319 0.5396806438697062 0.5397210587639323 0.5397614748926345 0.5398018922552277 0.539842310851131 0.5398827306797624 0.5399231517405443 0.5399635740328927 0.5400039975562219 0.5400444223099532 0.5400848482935059 0.5401252755062949 0.5401657039477372 0.5402061336172503 0.5402465645142529 0.5402869966381594 0.5403274299883878 0.5403678645643533 0.5404083003654736 0.5404487373911633 0.5404891756408388 0.5405296151139156 0.5405700558098083 0.540610497727934 0.5406509408677089 0.5406913852285431 0.5407318308098563 0.54077227761106 0.5408127256315693 0.5408531748708008 0.540893625328164 0.5409340770030764 0.5409745298949495 0.5410149840031981 0.5410554393272371 0.5410958958664753 0.5411363536203289 0.5411768125882102 0.5412172727695299 0.5412577341637035 0.5412981967701416 0.5413386605882557 0.5413791256174569 0.5414195918571603 0.5414600593067744 0.5415005279657121 0.5415409978333827 0.5415814689091998 0.5416219411925709 0.5416624146829117 0.5417028893796247 0.5417433652821289 0.5417838423898298 0.5418243207021365 0.5418648002184618 0.5419052809382119 0.5419457628607987 0.5419862459856315 0.5420267303121171 0.5420672158396647 0.5421077025676846 0.5421481904955856 0.5421886796227733 0.5422291699486586 0.5422696614726461 0.5423101541941482 0.5423506481125697 0.5423911432273183 0.5424316395377999 0.5424721370434229 0.5425126357435954 0.5425531356377222 0.5425936367252098 0.5426341390054656 0.5426746424778963 0.5427151471419078 0.5427556529969042 0.5427961600422901 0.5428366682774746 0.5428771777018617 0.5429176883148545 0.542958200115861 0.5429987131042848 0.5430392272795279 0.543079742640999 0.5431202591880986 0.5431607769202327 0.5432012958368058 0.543241815937221 0.5432823372208804 0.5433228596871884 0.5433633833355489 0.5434039081653641 0.5434444341760356 0.543484961366969 0.5435254897375645 0.5435660192872247 0.5436065500153524 0.5436470819213486 0.5436876150046155 0.5437281492645543 0.5437686847005676 0.5438092213120544 0.5438497590984195 0.5438902980590599 0.5439308381933805 0.5439713795007757 0.5440119219806512 0.5440524656324053 0.544093010455438 0.5441335564491481 0.5441741036129386 0.5442146519462059 0.5442552014483497 0.544295752118769 0.5443363039568654 0.544376856962034 0.5444174111336755 0.5444579664711864 0.544498522973969 0.5445390806414183 0.5445796394729321 0.544620199467909 0.544660760625747 0.5447013229458411 0.5447418864275915 0.5447824510703936 0.5448230168736443 0.5448635838367402 0.5449041519590803 0.5449447212400578 0.5449852916790694 0.5450258632755123 0.5450664360287814 0.5451070099382731 0.545147585003384 0.5451881612235054 0.5452287385980354 0.5452693171263705 0.5453098968079024 0.5453504776420244 0.545391059628137 0.5454316427656294 0.5454722270538961 0.5455128124923334 0.5455533990803332 0.545593986817289 0.545634575702596 0.5456751657356451 0.5457157569158313 0.5457563492425468 0.545796942715183 0.545837537333135 0.545878133095794 0.5459187300025512 0.545959328052801 0.5459999272459308 0.5460405275813383 0.5460811290584111 0.5461217316765401 0.5461623354351195 0.5462029403335373 0.5462435463711881 0.5462841535474565 0.5463247618617382 0.5463653713134247 0.5464059819018985 0.5464465936265577 0.5464872064867876 0.5465278204819803 0.5465684356115235 0.5466090518748059 0.5466496692712197 0.5466902878001516 0.5467309074609914 0.5467715282531258 0.5468121501759453 0.5468527732288355 0.5468933974111871 0.5469340227223896 0.546974649161825 0.547015276728887 0.5470559054229593 0.5470965352434316 0.54713716618969 0.5471777982611195 0.5472184314571087 0.5472590657770444 0.5472997012203111 0.5473403377862982 0.5473809754743901 0.5474216142839707 0.5474622542144301 0.5475028952651506 0.5475435374355193 0.5475841807249204 0.5476248251327389 0.5476654706583577 0.547706117301165 0.5477467650605448 0.547787413935882 0.5478280639265576 0.5478687150319572 0.5479093672514672 0.5479500205844672 0.5479906750303432 0.5480313305884801 0.5480719872582567 0.548112645039061 0.5481533039302708 0.5481939639312736 0.548234625041448 0.5482752872601777 0.5483159505868469 0.5483566150208352 0.5483972805615258 0.5484379472082994 0.5484786149605376 0.5485192838176223 0.5485599537789347 0.548600624843856 0.5486412970117664 0.5486819702820471 0.5487226446540796 0.5487633201272422 0.5488039967009153 0.548844674374481 0.5488853531473157 0.5489260330188039 0.5489667139883205 0.5490073960552482 0.5490480792189643 0.5490887634788457 0.5491294488342784 0.5491701352846343 0.5492108228292947 0.5492515114676373 0.5492922011990404 0.5493328920228824 0.549373583938539 0.5494142769453927 0.549454971042818 0.5494956662301924 0.5495363625068919 0.5495770598722958 0.5496177583257789 0.5496584578667185 0.5496991584944939 0.5497398602084755 0.5497805630080479 0.5498212668925784 0.549861971861449 0.5499026779140341 0.5499433850497073 0.549984093267845 0.5500248025678243 0.5500655129490168 0.5501062244108004 0.5501469369525487 0.5501876505736363 0.5502283652734379 0.5502690810513267 0.5503097979066784 0.5503505158388653 0.5503912348472604 0.5504319549312418 0.5504726760901781 0.5505133983234443 0.550554121630414 0.550594846010459 0.5506355714629549 0.5506762979872704 0.5507170255827782 0.5507577542488555 0.5507984839848701 0.5508392147901926 0.5508799466641987 0.55092067960626 0.5509614136157455 0.5510021486920278 0.5510428848344744 0.5510836220424626 0.5511243603153579 0.5511650996525379 0.5512058400533648 0.5512465815172136 0.5512873240434528 0.5513280676314529 0.5513688122805855 0.5514095579902165 0.5514503047597181 0.5514910525884615 0.551531801475811 0.5515725514211394 0.5516133024238137 0.5516540544832045 0.5516948075986785 0.5517355617696036 0.5517763169953509 0.5518170732752861 0.5518578306087776 0.5518985889951942 0.5519393484339028 0.5519801089242682 0.5520208704656628 0.552061633057451 0.5521023966989993 0.5521431613896737 0.5521839271288433 0.5522246939158726 0.552265461750131 0.552306230630979 0.5523470005577877 0.5523877715299224 0.5524285435467455 0.5524693166076247 0.5525100907119271 0.5525508658590144 0.5525916420482533 0.5526324192790097 0.552673197550646 0.5527139768625273 0.552754757214019 0.552795538604486 0.5528363210332907 0.5528771044997989 0.5529178890033717 0.5529586745433741 0.5529994611191706 0.5530402487301211 0.5530810373755939 0.5531218270549478 0.5531626177675462 0.5532034095127532 0.5532442022899315 0.5532849960984407 0.553325790937647 0.5533665868069075 0.5534073837055891 0.5534481816330508 0.5534889805886527 0.5535297805717598 0.553570581581732 0.5536113836179282 0.5536521866797106 0.5536929907664399 0.5537337958774793 0.5537746020121856 0.5538154091699208 0.5538562173500461 0.553897026551919 0.5539378367748993 0.5539786480183504 0.5540194602816262 0.554060273564092 0.5541010878651025 0.554141903184018 0.5541827195201972 0.5542235368729997 0.5542643552417847 0.5543051746259082 0.5543459950247316 0.5543868164376087 0.5544276388638991 0.5544684623029628 0.5545092867541566 0.554550112216837 0.5545909386903607 0.5546317661740885 0.5546725946673705 0.5547134241695715 0.5547542546800432 0.5547950861981428 0.5548359187232286 0.5548767522546529 0.5549175867917775 0.554958422333953 0.5549992588805375 0.555040096430885 0.5550809349843548 0.5551217745403005 0.5551626150980735 0.5552034566570339 0.5552442992165325 0.5552851427759291 0.555325987334572 0.55536683289182 0.5554076794470237 0.555448526999542 0.5554893755487258 0.5555302250939305 0.5555710756345056 0.5556119271698083 0.5556527796991904 0.5556936332220059 0.5557344877376107 0.55577534324535 0.5558161997445832 0.5558570572346606 0.5558979157149344 0.5559387751847564 0.555979635643479 0.5560204970904554 0.5560613595250348 0.556102222946572 0.5561430873544171 0.5561839527479195 0.5562248191264318 0.5562656864893065 0.5563065548358925 0.5563474241655415 0.5563882944776017 0.5564291657714273 0.5564700380463661 0.5565109113017694 0.5565517855369855 0.5565926607513663 0.5566335369442599 0.5566744141150166 0.5567152922629848 0.5567561713875135 0.5567970514879541 0.5568379325636539 0.5568788146139598 0.5569196976382218 0.5569605816357914 0.5570014666060121 0.557042352548236 0.5570832394618082 0.5571241273460765 0.5571650162003896 0.5572059060240953 0.55724679681654 0.5572876885770748 0.5573285813050401 0.5573694749997882 0.5574103696606629 0.5574512652870125 0.5574921618781832 0.5575330594335208 0.55757395795237 0.5576148574340802 0.5576557578779968 0.5576966592834618 0.5577375616498252 0.5577784649764297 0.5578193692626201 0.5578602745077448 0.5579011807111447 0.557942087872169 0.5579829959901574 0.5580239050644598 0.5580648150944179 0.5581057260793747 0.5581466380186768 0.558187550911666 0.5582284647576881 0.5582693795560842 0.5583102953061996 0.5583512120073784 0.558392129658962 0.5584330482602933 0.5584739678107176 0.5585148883095752 0.5585558097562096 0.558596732149965 0.5586376554901802 0.5586785797761993 0.5587195050073666 0.5587604311830177 0.5588013583025004 0.5588422863651559 0.5588832153703227 0.5589241453173421 0.5589650762055571 0.5590060080343084 0.5590469408029359 0.5590878745107797 0.5591288091571831 0.5591697447414836 0.5592106812630258 0.5592516187211436 0.559292557115183 0.5593334964444789 0.5593744367083733 0.5594153779062072 0.559456320037317 0.5594972631010438 0.5595382070967241 0.5595791520237008 0.5596200978813097 0.5596610446688934 0.5597019923857862 0.5597429410313286 0.5597838906048547 0.5598248411057098 0.5598657925332271 0.5599067448867445 0.5599476981656002 0.5599886523691331 0.5600296074966788 0.5600705635475767 0.5601115205211595 0.5601524784167693 0.5601934372337398 0.5602343969714096 0.5602753576291124 0.5603163192061871 0.56035728170197 0.5603982451157936 0.5604392094469997 0.560480174694918 0.5605211408588868 0.5605621079382423 0.5606030759323208 0.5606440448404539 0.5606850146619777 0.5607259853962305 0.5607669570425449 0.5608079296002533 0.560848903068695 0.5608898774471993 0.5609308527351051 0.5609718289317414 0.5610128060364463 0.5610537840485506 0.561094762967393 0.5611357427923003 0.5611767235226097 0.5612177051576535 0.5612586876967645 0.5612996711392766 0.5613406554845224 0.5613816407318355 0.5614226268805447 0.5614636139299862 0.5615046018794909 0.5615455907283904 0.5615865804760178 0.5616275711217025 0.5616685626647775 0.5617095551045779 0.5617505484404277 0.5617915426716642 0.5618325377976183 0.5618735338176184 0.561914530730995 0.5619555285370796 0.5619965272352045 0.5620375268246962 0.5620785273048898 0.5621195286751122 0.5621605309346953 0.5622015340829665 0.5622425381192588 0.5622835430428976 0.5623245488532156 0.5623655555495404 0.5624065631312025 0.5624475715975294 0.5624885809478504 0.5625295911814967 0.5625706022977928 0.5626116142960691 0.5626526271756549 0.5626936409358765 0.5627346555760646 0.562775671095542 0.5628166874936431 0.5628577047696885 0.562898722923014 0.5629397419529372 0.5629807618587943 0.5630217826399069 0.5630628042956038 0.5631038268252113 0.5631448502280532 0.5631858745034648 0.5632268996507641 0.5632679256692805 0.5633089525583372 0.5633499803172635 0.5633910089453851 0.5634320384420284 0.5634730688065148 0.5635141000381745 0.5635551321363272 0.5635961651003045 0.5636371989294262 0.563678233623021 0.563719269180412 0.5637603056009239 0.5638013428838788 0.5638423810286048 0.5638834200344256 0.5639244599006636 0.5639655006266422 0.5640065422116873 0.5640475846551221 0.5640886279562678 0.5641296721144524 0.5641707171289916 0.5642117629992169 0.5642528097244475 0.5642938573040044 0.5643349057372116 0.5643759550233944 0.5644170051618713 0.5644580561519703 0.5644991079930071 0.5645401606843075 0.5645812142251905 0.5646222686149793 0.5646633238529972 0.5647043799385636 0.5647454368710001 0.5647864946496299 0.5648275532737719 0.5648686127427487 0.5649096730558789 0.5649507342124831 0.564991796211884 0.5650328590534031 0.5650739227363561 0.5651149872600667 0.5651560526238568 0.5651971188270417 0.5652381858689421 0.5652792537488789 0.5653203224661718 0.5653613920201392 0.5654024624101015 0.565443533635378 0.5654846056952851 0.5655256785891438 0.5655667523162706 0.5656078268759868 0.5656489022676097 0.5656899784904583 0.5657310555438524 0.5657721334271035 0.5658132121395361 0.5658542916804661 0.5658953720492093 0.5659364532450839 0.5659775352674095 0.5660186181155011 0.5660597017886773 0.5661007862862542 0.5661418716075466 0.5661829577518773 0.5662240447185587 0.5662651325069066 0.5663062211162377 0.5663473105458678 0.5663884007951148 0.5664294918632953 0.566470583749723 0.566511676453715 0.5665527699745847 0.5665938643116517 0.5666349594642259 0.5666760554316266 0.5667171522131664 0.5667582498081614 0.5667993482159253 0.5668404474357742 0.5668815474670246 0.5669226483089862 0.5669637499609743 0.5670048524223044 0.5670459556922924 0.5670870597702482 0.5671281646554898 0.5671692703473259 0.5672103768450742 0.5672514841480447 0.5672925922555541 0.5673337011669117 0.5673748108814343 0.5674159213984322 0.5674570327172186 0.5674981448371053 0.5675392577574072 0.5675803714774352 0.5676214859965014 0.567662601313919 0.5677037174289996 0.5677448343410514 0.5677859520493922 0.5678270705533279 0.5678681898521745 0.5679093099452415 0.5679504308318393 0.5679915525112795 0.5680326749828737 0.5680737982459332 0.5681149222997677 0.5681560471436873 0.5681971727770012 0.5682382991990242 0.5682794264090623 0.5683205544064265 0.5683616831904288 0.5684028127603789 0.5684439431155819 0.5684850742553524 0.5685262061789971 0.5685673388858263 0.5686084723751508 0.5686496066462738 0.5686907416985127 0.5687318775311712 0.5687730141435585 0.568814151534982 0.5688552897047527 0.5688964286521774 0.5689375683765645 0.5689787088772249 0.5690198501534618 0.569060992204586 0.569102135029901 0.5691432786287196 0.5691844230003498 0.5692255681440952 0.5692667140592633 0.5693078607451632 0.5693490082010975 0.5693901564263792 0.5694313054203124 0.5694724551822019 0.5695136057113559 0.5695547570070842 0.5695959090686864 0.5696370618954718 0.5696782154867437 0.5697193698418137 0.5697605249599822 0.5698016808405575 0.5698428374828424 0.5698839948861476 0.5699251530497738 0.5699663119730267 0.5700074716552115 0.5700486320956322 0.5700897932935982 0.5701309552484095 0.5701721179593688 0.570213281425787 0.5702544456469645 0.5702956106222044 0.5703367763508127 0.5703779428320928 0.5704191100653475 0.570460278049882 0.5705014467850007 0.5705426162700038 0.570583786504196 0.5706249574868807 0.5706661292173629 0.5707073016949424 0.5707484749189236 0.5707896488886082 0.5708308236033011 0.5708719990622999 0.5709131752649128 0.570954352210439 0.570995529898181 0.5710367083274408 0.5710778874975204 0.5711190674077207 0.5711602480573454 0.5712014294456924 0.5712426115720675 0.5712837944357692 0.5713249780360967 0.5713661623723572 0.5714073474438439 0.5714485332498649 0.5714897197897162 0.5715309070627004 0.5715720950681171 0.5716132838052677 0.5716544732734508 0.571695663471965 0.5717368544001149 0.5717780460571968 0.5718192384425129 0.5718604315553606 0.5719016253950417 0.5719428199608529 0.5719840152520956 0.5720252112680655 0.5720664080080686 0.572107605471394 0.5721488036573488 0.5721900025652293 0.5722312021943319 0.5722724025439594 0.5723136036134049 0.5723548054019689 0.5723960079089523 0.5724372111336493 0.5724784150753577 0.5725196197333808 0.5725608251070071 0.5726020311955402 0.5726432379982769 0.5726844455145141 0.5727256537435479 0.5727668626846771 0.5728080723371969 0.5728492827004059 0.5728904937735995 0.5729317055560752 0.5729729180471277 0.5730141312460562 0.573055345152155 0.5730965597647197 0.5731377750830497 0.5731789911064362 0.5732202078341777 0.5732614252655694 0.5733026433999076 0.5733438622364886 0.5733850817746029 0.5734263020135519 0.5734675229526252 0.5735087445911247 0.5735499669283359 0.5735911899635622 0.5736324136960949 0.5736736381252279 0.5737148632502547 0.573756089070474 0.5737973155851759 0.573838542793657 0.5738797706952088 0.573920999289125 0.5739622285747039 0.5740034585512328 0.5740446892180098 0.5740859205743285 0.5741271526194811 0.5741683853527584 0.5742096187734564 0.5742508528808674 0.5742920876742834 0.5743333231529988 0.5743745593163041 0.5744157961634946 0.5744570336938588 0.574498271906694 0.5745395108012883 0.5745807503769367 0.5746219906329275 0.5746632315685585 0.5747044731831159 0.574745715475893 0.5747869584461822 0.5748282020932731 0.5748694464164605 0.5749106914150302 0.5749519370882792 0.5749931834354953 0.5750344304559705 0.5750756781489916 0.5751169265138554 0.5751581755498516 0.5751994252562644 0.5752406756323911 0.5752819266775189 0.575323178390936 0.5753644307719379 0.5754056838198103 0.5754469375338438 0.5754881919133283 0.5755294469575545 0.575570702665807 0.5756119590373814 0.5756532160715668 0.5756944737676479 0.5757357321249141 0.575776991142658 0.5758182508201655 0.5758595111567273 0.5759007721516314 0.5759420338041625 0.5759832961136171 0.5760245590792743 0.57606582270043 0.5761070869763689 0.5761483519063768 0.5761896174897472 0.5762308837257606 0.5762721506137125 0.5763134181528842 0.5763546863425639 0.5763959551820452 0.5764372246706064 0.5764784948075412 0.5765197655921326 0.5765610370236687 0.5766023091014383 0.5766435818247264 0.5766848551928188 0.5767261292050014 0.5767674038605652 0.5768086791587903 0.5768499550989674 0.5768912316803814 0.576932508902317 0.5769737867640621 0.5770150652648991 0.5770563444041166 0.577097624181 0.5771389045948341 0.577180185644905 0.5772214673304963 0.5772627496508917 0.5773040326053815 0.5773453161932465 0.577386600413774 0.5774278852662451 0.5774691707499469 0.5775104568641636 0.5775517436081805 0.5775930309812793 0.5776343189827491 0.5776756076118679 0.5777168968679238 0.5777581867501982 0.5777994772579782 0.5778407683905435 0.5778820601471795 0.5779233525271719 0.5779646455297993 0.5780059391543495 0.5780472334001028 0.5780885282663437 0.5781298237523527 0.5781711198574166 0.5782124165808151 0.5782537139218324 0.5782950118797501 0.5783363104538519 0.5783776096434197 0.5784189094477346 0.5784602098660796 0.5785015108977385 0.5785428125419885 0.5785841147981157 0.5786254176654004 0.5786667211431249 0.5787080252305694 0.5787493299270188 0.5787906352317473 0.578831941144045 0.5788732476631857 0.5789145547884553 0.5789558625191311 0.5789971708544985 0.5790384797938339 0.5790797893364203 0.5791210994815357 0.5791624102284652 0.5792037215764849 0.5792450335248762 0.5792863460729181 0.5793276592198957 0.5793689729650833 0.5794102873077644 0.5794516022472143 0.5794929177827173 0.5795342339135496 0.5795755506389941 0.5796168679583276 0.5796581858708301 0.5796995043757822 0.5797408234724581 0.5797821431601415 0.5798234634381116 0.5798647843056453 0.5799061057620205 0.5799474278065171 0.5799887504384122 0.5800300736569872 0.580071397461519 0.5801127218512834 0.5801540468255602 0.5801953723836304 0.5802366985247669 0.5802780252482513 0.5803193525533579 0.5803606804393664 0.5804020089055553 0.5804433379511988 0.5804846675755777 0.5805259977779689 0.5805673285576474 0.5806086599138895 0.5806499918459762 0.5806913243531822 0.5807326574347818 0.5807739910900573 0.580815325318278 0.5808566601187273 0.580897995490677 0.5809393314334059 0.5809806679461891 0.5810220050283046 0.5810633426790244 0.5811046808976288 0.5811460196833889 0.5811873590355834 0.5812286989534894 0.5812700394363808 0.581311380483529 0.5813527220942161 0.5813940642677138 0.5814354070032999 0.5814767503002463 0.5815180941578302 0.5815594385753236 0.5816007835520027 0.5816421290871421 0.5816834751800186 0.5817248218299058 0.5817661690360749 0.5818075167978054 0.5818488651143681 0.581890213985035 0.5819315634090867 0.58197291338579 0.5820142639144257 0.5820556149942613 0.5820969666245739 0.5821383188046358 0.5821796715337217 0.5822210248111086 0.5822623786360603 0.5823037330078551 0.5823450879257694 0.5823864433890722 0.5824277993970375 0.5824691559489383 0.5825105130440451 0.5825518706816355 0.5825932288609796 0.5826345875813459 0.5826759468420148 0.5827173066422522 0.5827586669813316 0.5828000278585272 0.5828413892731108 0.5828827512243515 0.582924113711524 0.5829654767338996 0.5830068402907478 0.5830482043813432 0.5830895690049558 0.5831309341608564 0.5831722998483166 0.5832136660666118 0.5832550328150057 0.5832964000927765 0.5833377678991913 0.5833791362335199 0.5834205050950365 0.583461874483008 0.5835032443967094 0.5835446148354095 0.5835859857983765 0.5836273572848825 0.5836687292941998 0.5837101018255948 0.5837514748783397 0.5837928484517043 0.58383422254496 0.5838755971573732 0.5839169722882154 0.583958347936758 0.5839997241022676 0.5840411007840169 0.5840824779812714 0.5841238556933055 0.5841652339193835 0.584206612658775 0.5842479919107528 0.584289371674583 0.5843307519495347 0.5843721327348783 0.5844135140298805 0.5844548958338127 0.5844962781459397 0.5845376609655311 0.5845790442918595 0.5846204281241856 0.5846618124617828 0.5847031973039205 0.5847445826498632 0.5847859684988781 0.5848273548502378 0.5848687417032057 0.5849101290570518 0.5849515169110422 0.5849929052644465 0.5850342941165316 0.5850756834665622 0.5851170733138082 0.5851584636575355 0.5851998544970143 0.585241245831507 0.5852826376602822 0.5853240299826088 0.5853654227977516 0.5854068161049775 0.5854482099035545 0.5854896041927482 0.5855309989718229 0.5855723942400477 0.5856137899966896 0.585655186241012 0.5856965829722842 0.585737980189768 0.5857793778927325 0.5858207760804435 0.5858621747521655 0.5859035739071654 0.5859449735447098 0.5859863736640611 0.586027774264485 0.5860691753452507 0.5861105769056203 0.5861519789448595 0.5861933814622349 0.5862347844570093 0.5862761879284495 0.5863175918758186 0.5863589962983844 0.5864004011954078 0.5864418065661556 0.5864832124098964 0.5865246187258857 0.5865660255133953 0.5866074327716857 0.5866488405000234 0.5866902486976728 0.5867316573638948 0.5867730664979558 0.5868144760991179 0.5868558861666486 0.5868972966998092 0.5869387076978625 0.5869801191600754 0.5870215310857101 0.5870629434740278 0.5871043563242941 0.5871457696357709 0.587187183407724 0.5872285976394123 0.5872700123301049 0.5873114274790581 0.5873528430855384 0.5873942591488104 0.5874356756681329 0.5874770926427704 0.5875185100719877 0.5875599279550445 0.5876013462912022 0.5876427650797265 0.5876841843198783 0.5877256040109171 0.5877670241521109 0.5878084447427163 0.5878498657819997 0.587891287269219 0.5879327092036384 0.587974131584518 0.5880155544111236 0.5880569776827125 0.5880984013985464 0.5881398255578898 0.5881812501600012 0.5882226752041426 0.5882641006895768 0.5883055266155615 0.5883469529813636 0.5883883797862381 0.5884298070294496 0.5884712347102576 0.5885126628279216 0.588554091381706 0.5885955203708688 0.5886369497946682 0.588678379652372 0.5887198099432336 0.5887612406665161 0.5888026718214792 0.5888441034073841 0.588885535423491 0.5889269678690576 0.5889684007433473 0.5890098340456171 0.5890512677751263 0.5890927019311389 0.5891341365129108 0.5891755715197049 0.5892170069507747 0.5892584428053862 0.5892998790827959 0.5893413157822653 0.589382752903048 0.5894241904444104 0.5894656284056066 0.5895070667858948 0.5895485055845386 0.5895899448007951 0.5896313844339207 0.5896728244831779 0.5897142649478235 0.5897557058271161 0.5897971471203127 0.5898385888266742 0.5898800309454604 0.5899214734759246 0.5899629164173277 0.5900043597689302 0.5900458035299851 0.5900872476997563 0.590128692277496 0.5901701372624677 0.590211582653924 0.5902530284511256 0.5902944746533305 0.5903359212597934 0.5903773682697766 0.590418815682533 0.5904602634973231 0.5905017117134015 0.5905431603300255 0.5905846093464593 0.5906260587619505 0.5906675085757613 0.5907089587871457 0.590750409395365 0.590791860399672 0.5908333117993252 0.5908747635935807 0.5909162157816954 0.5909576683629294 0.5909991213365338 0.5910405747017653 0.5910820284578833 0.5911234826041425 0.5911649371397998 0.5912063920641131 0.5912478473763343 0.5912893030757211 0.5913307591615313 0.591372215633021 0.5914136724894421 0.591455129730053 0.5914965873541089 0.5915380453608661 0.591579503749583 0.5916209625195077 0.5916624216699025 0.5917038812000186 0.5917453411091143 0.5917868013964436 0.5918282620612589 0.5918697231028209 0.5919111845203795 0.5919526463131946 0.5919941084805156 0.5920355710216003 0.5920770339357055 0.5921184972220817 0.5921599608799846 0.592201424908672 0.5922428893073954 0.5922843540754081 0.59232581921197 0.5923672847163313 0.5924087505877438 0.5924502168254655 0.5924916834287521 0.5925331503968527 0.5925746177290283 0.5926160854245242 0.5926575534825982 0.5926990219025072 0.5927404906834997 0.5927819598248338 0.5928234293257613 0.5928648991855345 0.5929063694034094 0.5929478399786396 0.5929893109104738 0.5930307821981713 0.5930722538409807 0.5931137258381565 0.5931551981889545 0.5931966708926244 0.5932381439484224 0.5932796173555983 0.5933210911134055 0.5933625652210992 0.5934040396779299 0.5934455144831492 0.5934869896360138 0.5935284651357746 0.5935699409816795 0.5936114171729889 0.5936528937089505 0.5936943705888156 0.5937358478118389 0.593777325377272 0.5938188032843692 0.593860281532377 0.5939017601205514 0.5939432390481472 0.5939847183144098 0.5940261979185935 0.594067677859951 0.5941091581377347 0.594150638751197 0.594192119699585 0.594233600982154 0.5942750825981542 0.5943165645468387 0.5943580468274576 0.5943995294392597 0.5944410123815023 0.5944824956534311 0.5945239792542996 0.5945654631833581 0.5946069474398592 0.5946484320230503 0.5946899169321882 0.5947314021665178 0.5947728877252927 0.5948143736077642 0.5948558598131817 0.5948973463407952 0.5949388331898573 0.5949803203596162 0.5950218078493235 0.59506329565823 0.5951047837855867 0.5951462722306426 0.5951877609926481 0.5952292500708554 0.5952707394645111 0.5953122291728654 0.5953537191951708 0.5953952095306765 0.5954367001786325 0.5954781911382849 0.595519682408892 0.5955611739896938 0.595602665879948 0.5956441580789011 0.5956856505857975 0.5957271433998936 0.595768636520438 0.5958101299466778 0.5958516236778633 0.5958931177132443 0.5959346120520683 0.595976106693588 0.5960176016370473 0.5960590968816997 0.5961005924267937 0.5961420882715751 0.596183584415297 0.5962250808572049 0.5962665775965474 0.5963080746325731 0.5963495719645371 0.5963910695916812 0.5964325675132551 0.5964740657285086 0.5965155642366897 0.5965570630370469 0.5965985621288281 0.5966400615112812 0.5966815611836591 0.596723061145203 0.5967645613951646 0.5968060619327931 0.596847562757332 0.596889063868034 0.5969305652641457 0.5969720669449146 0.597013568909591 0.5970550711574156 0.5970965736876432 0.5971380764995216 0.5971795795922927 0.5972210829652094 0.5972625866175156 0.5973040905484615 0.5973455947572934 0.5973870992432568 0.5974286040056036 0.5974701090435781 0.5975116143564265 0.5975531199433974 0.5975946258037399 0.5976361319366981 0.5976776383415194 0.5977191450174515 0.5977606519637404 0.5978021591796356 0.5978436666643816 0.597885174417224 0.597926682437413 0.5979681907241945 0.5980096992768131 0.5980512080945171 0.59809271717655 0.5981342265221636 0.5981757361306006 0.5982172460011075 0.5982587561329324 0.5983002665253192 0.5983417771775161 0.5983832880887692 0.5984247992583254 0.5984663106854273 0.5985078223693241 0.5985493343092618 0.5985908465044854 0.598632358954239 0.598673871657772 0.5987153846143296 0.5987568978231557 0.5987984112834961 0.598839924994599 0.598881438955706 0.598922953166066 0.5989644676249268 0.5990059823315286 0.5990474972851172 0.5990890124849404 0.5991305279302446 0.5991720436202723 0.5992135595542707 0.5992550757314827 0.5992965921511559 0.5993381088125358 0.599379625714866 0.5994211428573908 0.5994626602393562 0.5995041778600072 0.5995456957185894 0.599587213814345 0.5996287321465215 0.5996702507143641 0.5997117695171177 0.5997532885540227 0.5997948078243269 0.5998363273272753 0.5998778470621113 0.5999193670280825 0.599960887224428 0.6000024076503974 0.6000439283052299 0.6000854491881733 0.6001269702984726 0.6001684916353711 0.6002100131981123 0.6002515349859383 0.6002930569980995 0.6003345792338333 0.600376101692387 0.6004176243730042 0.6004591472749294 0.6005006703974061 0.6005421937396771 0.6005837173009871 0.6006252410805817 0.6006667650776993 0.6007082892915905 0.6007498137214964 0.600791338366655 0.6008328632263176 0.600874388299725 0.6009159135861217 0.6009574390847487 0.6009989647948513 0.6010404907156692 0.6010820168464517 0.6011235431864397 0.601165069734876 0.6012065964910036 0.6012481234540636 0.6012896506233019 0.601331177997964 0.6013727055772882 0.6014142333605199 0.6014557613469016 0.6014972895356749 0.6015388179260852 0.6015803465173744 0.6016218753087832 0.6016634042995594 0.6017049334889395 0.6017464628761717 0.601787992460497 0.6018295222411556 0.6018710522173911 0.6019125823884477 0.6019541127535661 0.6019956433119922 0.6020371740629644 0.6020787050057255 0.6021202361395206 0.6021617674635884 0.6022032989771762 0.6022448306795223 0.6022863625698682 0.60232789464746 0.6023694269115354 0.6024109593613383 0.6024524919961132 0.6024940248151007 0.6025355578175384 0.6025770910026744 0.6026186243697491 0.6026601579180031 0.6027016916466779 0.6027432255550171 0.60278475964226 0.6028262939076532 0.6028678283504301 0.602909362969841 0.6029508977651206 0.602992432735517 0.6030339678802676 0.6030755031986152 0.6031170386897997 0.6031585743530639 0.603200110187649 0.6032416461927959 0.6032831823677491 0.6033247187117454 0.6033662552240295 0.603407791903841 0.6034493287504188 0.6034908657630094 0.60353240294085 0.6035739402831841 0.6036154777892508 0.6036570154582923 0.6036985532895489 0.603740091282265 0.6037816294356735 0.6038231677490233 0.6038647062215512 0.6039062448525003 0.6039477836411102 0.6039893225866209 0.6040308616882746 0.6040724009453133 0.6041139403569729 0.6041554799224991 0.6041970196411284 0.6042385595121051 0.6042800995346678 0.604321639708058 0.6043631800315157 0.6044047205042808 0.6044462611255939 0.6044878018946973 0.6045293428108294 0.60457088387323 0.60461242508114 0.6046539664338002 0.6046955079304523 0.6047370495703344 0.6047785913526882 0.6048201332767527 0.6048616753417679 0.6049032175469709 0.604944759891608 0.6049863023749191 0.6050278449961377 0.6050693877545104 0.6051109306492726 0.6051524736796661 0.6051940168449326 0.6052355601443078 0.6052771035770359 0.6053186471423528 0.6053601908395025 0.605401734667719 0.6054432786262496 0.6054848227143281 0.6055263669311945 0.6055679112760894 0.6056094557482545 0.6056510003469298 0.605692545071352 0.6057340899207608 0.6057756348943959 0.6058171799914964 0.6058587252113055 0.6059002705530583 0.6059418160159962 0.6059833615993568 0.6060249073023805 0.6060664531243078 0.6061079990643756 0.6061495451218286 0.6061910912958988 0.6062326375858285 0.606274183990859 0.6063157305102274 0.6063572771431709 0.6063988238889322 0.6064403707467487 0.6064819177158576 0.6065234647955018 0.606565011984918 0.6066065592833458 0.6066481066900247 0.6066896542041929 0.6067312018250888 0.6067727495519522 0.6068142973840196 0.6068558453205326 0.60689739336073 0.6069389415038509 0.6069804897491313 0.6070220380958125 0.6070635865431333 0.60710513509033 0.6071466837366424 0.6071882324813112 0.6072297813235725 0.6072713302626647 0.6073128792978273 0.607354428428299 0.6073959776533182 0.6074375269721248 0.6074790763839562 0.6075206258880479 0.6075621754836418 0.607603725169978 0.6076452749462893 0.6076868248118186 0.6077283747658044 0.6077699248074824 0.6078114749360899 0.6078530251508696 0.6078945754510565 0.6079361258358902 0.6079776763046085 0.6080192268564493 0.6080607774906517 0.6081023282064528 0.6081438790030904 0.6081854298798035 0.6082269808358318 0.6082685318704093 0.608310082982777 0.6083516341721726 0.608393185437835 0.6084347367789986 0.6084762881949066 0.6085178396847919 0.6085593912478955 0.6086009428834565 0.6086424945907067 0.6086840463688921 0.6087255982172457 0.6087671501350029 0.608808702121407 0.6088502541756939 0.6088918062971027 0.6089333584848671 0.6089749107382283 0.609016463056423 0.6090580154386869 0.6090995678842612 0.609141120392382 0.6091826729622882 0.6092242255932152 0.6092657782844024 0.6093073310350843 0.6093488838445045 0.6093904367118952 0.6094319896364933 0.6094735426175415 0.609515095654273 0.6095566487459272 0.6095982018917416 0.6096397550909534 0.6096813083427994 0.6097228616465165 0.6097644150013442 0.6098059684065187 0.6098475218612793 0.6098890753648591 0.6099306289164992 0.6099721825154343 0.6100137361609048 0.6100552898521447 0.610096843588392 0.6101383973688865 0.6101799511928632 0.6102215050595596 0.610263058968215 0.6103046129180629 0.6103461669083445 0.6103877209382915 0.6104292750071467 0.610470829114145 0.6105123832585226 0.6105539374395166 0.6105954916563667 0.6106370459083079 0.6106786001945794 0.6107201545144143 0.6107617088670536 0.6108032632517322 0.6108448176676871 0.6108863721141562 0.6109279265903753 0.6109694810955817 0.6110110356290166 0.6110525901899104 0.6110941447775033 0.6111356993910309 0.6111772540297342 0.6112188086928447 0.6112603633796012 0.6113019180892427 0.6113434728210019 0.6113850275741186 0.6114265823478306 0.6114681371413706 0.6115096919539802 0.6115512467848951 0.6115928016333503 0.6116343564985822 0.6116759113798296 0.6117174662763287 0.6117590211873174 0.6118005761120271 0.6118421310497031 0.6118836859995751 0.611925240960882 0.611966795932861 0.61200835091475 0.6120499059057831 0.6120914609051962 0.612133015912232 0.612174570926119 0.6122161259461016 0.6122576809714111 0.612299236001286 0.6123407910349612 0.6123823460716769 0.6124239011106654 0.6124654561511669 0.6125070111924176 0.612548566233651 0.6125901212741072 0.6126316763130211 0.6126732313496297 0.6127147863831681 0.6127563414128747 0.6127978964379848 0.6128394514577362 0.6128810064713628 0.6129225614781051 0.612964116477198 0.6130056714678755 0.6130472264493763 0.6130887814209385 0.6131303363817948 0.6131718913311832 0.6132134462683405 0.6132550011925042 0.6132965561029073 0.6133381109987919 0.6133796658793913 0.6134212207439382 0.6134627755916757 0.6135043304218357 0.6135458852336564 0.6135874400263743 0.6136289947992211 0.6136705495514421 0.6137121042822684 0.6137536589909345 0.6137952136766818 0.6138367683387418 0.6138783229763554 0.6139198775887524 0.6139614321751778 0.6140029867348615 0.6140445412670399 0.614086095770956 0.6141276502458388 0.614169204690926 0.6142107591054566 0.6142523134886646 0.6142938678397882 0.6143354221580626 0.6143769764427252 0.6144185306930079 0.6144600849081516 0.6145016390873939 0.614543193229967 0.6145847473351065 0.6146263014020534 0.6146678554300422 0.6147094094183077 0.614750963366085 0.6147925172726145 0.6148340711371321 0.6148756249588678 0.6149171787370649 0.6149587324709573 0.6150002861597805 0.6150418398027713 0.6150833933991677 0.6151249469482016 0.6151665004491136 0.6152080539011386 0.6152496073035123 0.6152911606554718 0.6153327139562512 0.6153742672050877 0.6154158204012188 0.6154573735438813 0.615498926632311 0.6155404796657415 0.6155820326434114 0.6156235855645549 0.6156651384284135 0.6157066912342188 0.6157482439812056 0.6157897966686141 0.6158313492956795 0.615872901861636 0.6159144543657233 0.6159560068071754 0.6159975591852278 0.6160391114991215 0.6160806637480833 0.6161222159313584 0.616163768048182 0.6162053200977864 0.6162468720794096 0.6162884239922874 0.6163299758356582 0.6163715276087571 0.6164130793108189 0.6164546309410801 0.6164961824987802 0.6165377339831506 0.6165792853934333 0.6166208367288597 0.6166623879886659 0.6167039391720919 0.6167454902783722 0.6167870413067451 0.6168285922564409 0.6168701431267021 0.6169116939167609 0.6169532446258565 0.6169947952532251 0.6170363457980999 0.6170778962597228 0.6171194466373238 0.6171609969301417 0.6172025471374154 0.6172440972583786 0.6172856472922672 0.6173271972383194 0.6173687470957681 0.6174102968638544 0.6174518465418108 0.6174933961288749 0.6175349456242856 0.617576495027276 0.6176180443370844 0.6176595935529441 0.6177011426740948 0.6177426916997728 0.6177842406292118 0.6178257894616517 0.617867338196324 0.6179088868324716 0.6179504353693268 0.6179919838061254 0.6180335321421049 0.6180750803765014 0.6181166285085546 0.6181581765374962 0.6181997244625634 0.6182412722829973 0.6182828199980293 0.618324367606899 0.618365915108837 0.6184074625030909 0.6184490097888871 0.6184905569654648 0.6185321040320595 0.6185736509879132 0.6186151978322585 0.6186567445643325 0.6186982911833692 0.6187398376886071 0.6187813840792857 0.6188229303546386 0.6188644765139013 0.6189060225563119 0.6189475684811057 0.6189891142875235 0.6190306599747972 0.6190722055421665 0.6191137509888647 0.6191552963141322 0.6191968415172018 0.6192383865973143 0.6192799315537023 0.6193214763856076 0.6193630210922603 0.6194045656729035 0.6194461101267685 0.6194876544530965 0.6195291986511229 0.6195707427200796 0.6196122866592106 0.6196538304677504 0.6196953741449347 0.6197369176900003 0.6197784611021815 0.6198200043807205 0.6198615475248508 0.6199030905338101 0.6199446334068353 0.619986176143162 0.6200277187420307 0.6200692612026728 0.6201108035243301 0.6201523457062357 0.6201938877476285 0.620235429647747 0.6202769714058249 0.6203185130211011 0.6203600544928116 0.6204015958201958 0.6204431370024861 0.6204846780389219 0.6205262189287433 0.6205677596711847 0.6206093002654796 0.6206508407108704 0.6206923810065921 0.6207339211518792 0.620775461145975 0.6208170009881118 0.6208585406775278 0.6209000802134614 0.6209416195951465 0.6209831588218258 0.6210246978927305 0.6210662368071003 0.6211077755641747 0.6211493141631845 0.6211908526033758 0.6212323908839794 0.6212739290042353 0.6213154669633796 0.6213570047606485 0.621398542395283 0.6214400798665172 0.6214816171735882 0.6215231543157353 0.6215646912921962 0.6216062281022061 0.6216477647450045 0.6216893012198266 0.6217308375259119 0.6217723736624978 0.6218139096288204 0.6218554454241187 0.6218969810476294 0.6219385164985889 0.6219800517762368 0.622021586879808 0.622063121808544 0.6221046565616812 0.6221461911384547 0.6221877255381032 0.6222292597598655 0.6222707938029775 0.6223123276666787 0.6223538613502058 0.6223953948527965 0.6224369281736906 0.622478461312123 0.6225199942673338 0.6225615270385596 0.6226030596250363 0.6226445920260044 0.6226861242407025 0.622727656268363 0.6227691881082309 0.6228107197595412 0.6228522512215311 0.6228937824934391 0.6229353135745026 0.622976844463961 0.6230183751610505 0.6230599056650092 0.6231014359750806 0.6231429660904955 0.6231844960104924 0.6232260257343141 0.6232675552611942 0.6233090845903744 0.6233506137210929 0.6233921426525839 0.6234336713840904 0.6234751999148458 0.623516728244093 0.623558256371068 0.6235997842950083 0.6236413120151534 0.6236828395307443 0.6237243668410133 0.6237658939452033 0.6238074208425513 0.6238489475322955 0.6238904740136746 0.6239320002859281 0.6239735263482933 0.6240150522000087 0.6240565778403138 0.6240981032684454 0.6241396284836429 0.6241811534851471 0.6242226782721922 0.6242642028440213 0.6243057271998698 0.6243472513389798 0.6243887752605883 0.6244302989639317 0.6244718224482511 0.6245133457127863 0.6245548687567721 0.6245963915794546 0.624637914180066 0.6246794365578459 0.624720958712035 0.6247624806418735 0.6248040023465984 0.6248455238254491 0.6248870450776631 0.6249285661024819 0.6249700868991432 0.6250116074668881 0.6250531278049536 0.6250946479125794 0.6251361677890042 0.6251776874334682 0.6252192068452098 0.6252607260234666 0.6253022449674814 0.625343763676492 0.6253852821497368 0.6254268003864583 0.6254683183858909 0.6255098361472775 0.625551353669856 0.6255928709528682 0.6256343879955506 0.6256759047971439 0.6257174213568892 0.6257589376740236 0.6258004537477884 0.625841969577422 0.6258834851621637 0.6259250005012542 0.6259665155939331 0.6260080304394409 0.6260495450370167 0.6260910593858999 0.6261325734853296 0.6261740873345478 0.6262156009327924 0.6262571142793052 0.6262986273733222 0.6263401402140878 0.6263816528008415 0.6264231651328205 0.6264646772092679 0.6265061890294239 0.6265477005925224 0.6265892118978102 0.6266307229445243 0.6266722337319082 0.6267137442591999 0.626755254525639 0.6267967645304666 0.626838274272921 0.6268797837522477 0.6269212929676817 0.6269628019184652 0.6270043106038388 0.6270458190230455 0.6270873271753221 0.627128835059908 0.6271703426760511 0.6272118500229837 0.6272533570999506 0.6272948639061893 0.6273363704409469 0.6273778767034561 0.6274193826929653 0.6274608884087103 0.6275023938499302 0.6275438990158704 0.6275854039057707 0.6276269085188717 0.6276684128544137 0.6277099169116371 0.6277514206897843 0.6277929241880973 0.6278344274058136 0.627875930342177 0.6279174329964301 0.6279589353678081 0.6280004374555586 0.6280419392589205 0.6280834407771314 0.6281249420094412 0.6281664429550826 0.6282079436133035 0.6282494439833406 0.6282909440644342 0.6283324438558311 0.628373943356771 0.6284154425664952 0.6284569414842427 0.6284984401092553 0.6285399384407815 0.6285814364780533 0.6286229342203202 0.6286644316668193 0.6287059288167947 0.6287474256694874 0.6287889222241381 0.6288304184799902 0.6288719144362853 0.6289134100922653 0.628954905447171 0.6289964005002489 0.6290378952507327 0.6290793896978732 0.6291208838409068 0.6291623776790782 0.6292038712116306 0.6292453644378031 0.62928685735684 0.6293283499679845 0.6293698422704765 0.6294113342635581 0.6294528259464744 0.6294943173184657 0.629535808378777 0.6295772991266491 0.6296187895613261 0.6296602796820463 0.6297017694880562 0.629743258978597 0.6297847481529135 0.6298262370102452 0.6298677255498382 0.6299092137709332 0.6299507016727726 0.629992189254601 0.6300336765156627 0.6300751634551949 0.6301166500724451 0.6301581363666573 0.6301996223370736 0.6302411079829342 0.6302825933034861 0.630324078297972 0.6303655629656313 0.6304070473057117 0.6304485313174546 0.6304900150001027 0.6305314983529038 0.6305729813750962 0.6306144640659246 0.6306559464246329 0.6306974284504658 0.6307389101426661 0.6307803915004779 0.6308218725231431 0.6308633532099075 0.6309048335600138 0.6309463135727058 0.6309877932472299 0.6310292725828264 0.6310707515787386 0.6311122302342143 0.631153708548498 0.6311951865208285 0.6312366641504545 0.6312781414366175 0.6313196183785621 0.6313610949755364 0.6314025712267777 0.6314440471315366 0.6314855226890534 0.6315269978985754 0.6315684727593458 0.6316099472706085 0.6316514214316074 0.6316928952415917 0.6317343686997972 0.631775841805478 0.6318173145578723 0.6318587869562302 0.6319002589997902 0.6319417306878017 0.6319832020195089 0.6320246729941554 0.6320661436109878 0.6321076138692487 0.6321490837681869 0.6321905533070438 0.6322320224850659 0.6322734913014985 0.632314959755587 0.6323564278465752 0.6323978955737115 0.6324393629362384 0.6324808299334039 0.6325222965644495 0.6325637628286249 0.6326052287251747 0.6326466942533406 0.6326881594123737 0.632729624201515 0.6327710886200133 0.6328125526671151 0.6328540163420615 0.6328954796441049 0.6329369425724853 0.6329784051264524 0.6330198673052503 0.6330613291081257 0.6331027905343241 0.6331442515830905 0.6331857122536766 0.6332271725453222 0.6332686324572754 0.633310091988786 0.6333515511390961 0.633393009907453 0.6334344682931061 0.6334759262952963 0.6335173839132773 0.6335588411462887 0.6336002979935802 0.6336417544543995 0.6336832105279928 0.6337246662136065 0.6337661215104895 0.6338075764178825 0.6338490309350393 0.6338904850612035 0.6339319387956213 0.6339733921375448 0.6340148450862149 0.6340562976408832 0.634097749800794 0.6341392015651957 0.6341806529333374 0.6342221039044644 0.6342635544778217 0.6343050046526622 0.6343464544282307 0.6343879038037739 0.6344293527785423 0.6344708013517808 0.6345122495227367 0.6345536972906598 0.6345951446547984 0.6346365916143999 0.6346780381687103 0.6347194843169781 0.6347609300584525 0.6348023753923822 0.6348438203180149 0.634885264834594 0.6349267089413766 0.6349681526376052 0.6350095959225257 0.6350510387953934 0.6350924812554528 0.635133923301952 0.6351753649341405 0.6352168061512682 0.6352582469525814 0.6352996873373309 0.6353411273047638 0.635382566854128 0.6354240059846723 0.6354654446956483 0.6355068829863078 0.6355483208558901 0.6355897583036523 0.6356311953288407 0.635672631930706 0.6357140681084954 0.6357555038614577 0.635796939188845 0.6358383740899041 0.6358798085638866 0.6359212426100398 0.6359626762276145 0.6360041094158624 0.6360455421740292 0.6360869745013673 0.6361284063971231 0.6361698378605489 0.6362112688908972 0.6362526994874131 0.6362941296493481 0.6363355593759539 0.6363769886664778 0.6364184175201735 0.6364598459362873 0.6365012739140723 0.6365427014527782 0.6365841285516567 0.6366255552099525 0.6366669814269241 0.6367084072018143 0.6367498325338787 0.6367912574223675 0.6368326818665317 0.6368741058656158 0.6369155294188795 0.6369569525255703 0.6369983751849366 0.6370397973962316 0.6370812191587045 0.6371226404716097 0.6371640613341991 0.637205481745716 0.6372469017054208 0.6372883212125606 0.6373297402663853 0.6373711588661504 0.637412577011105 0.6374539947004987 0.6374954119335863 0.6375368287096186 0.6375782450278462 0.6376196608875235 0.6376610762878976 0.6377024912282265 0.6377439057077559 0.6377853197257422 0.6378267332814374 0.6378681463740901 0.6379095590029569 0.6379509711672862 0.637992382866333 0.6380337940993479 0.6380752048655833 0.6381166151642932 0.6381580249947287 0.6381994343561403 0.6382408432477871 0.6382822516689193 0.6383236596187831 0.6383650670966396 0.6384064741017399 0.6384478806333322 0.6384892866906742 0.6385306922730178 0.6385720973796158 0.6386135020097217 0.6386549061625906 0.6386963098374718 0.6387377130336194 0.6387791157502904 0.6388205179867326 0.6388619197422067 0.6389033210159627 0.6389447218072519 0.6389861221153315 0.6390275219394523 0.6390689212788716 0.6391103201328399 0.6391517185006146 0.6391931163814464 0.6392345137745927 0.6392759106793058 0.6393173070948364 0.6393587030204451 0.639400098455384 0.6394414933989068 0.6394828878502672 0.6395242818087221 0.6395656752735244 0.6396070682439277 0.6396484607191906 0.6396898526985626 0.6397312441813026 0.6397726351666635 0.6398140256539011 0.639855415642272 0.639896805131027 0.6399381941194253 0.6399795826067223 0.6400209705921684 0.640062358075024 0.6401037450545419 0.6401451315299784 0.6401865175005894 0.6402279029656304 0.6402692879243572 0.6403106723760237 0.6403520563198872 0.6403934397552049 0.64043482268123 0.6404762050972204 0.6405175870024302 0.6405589683961201 0.6406003492775405 0.6406417296459508 0.6406831095006074 0.6407244888407644 0.6407658676656813 0.640807245974613 0.6408486237668154 0.6408900010415459 0.640931377798063 0.6409727540356187 0.6410141297534759 0.6410555049508861 0.6410968796271101 0.6411382537814014 0.641179627413021 0.6412210005212264 0.6412623731052693 0.6413037451644112 0.6413451166979098 0.6413864877050219 0.6414278581850053 0.6414692281371108 0.6415105975606079 0.6415519664547489 0.6415933348187874 0.6416347026519884 0.641676069953603 0.6417174367228937 0.6417588029591181 0.6418001686615349 0.6418415338293981 0.6418828984619698 0.6419242625585082 0.6419656261182711 0.6420069891405156 0.6420483516245015 0.6420897135694879 0.6421310749747329 0.642172435839494 0.6422137961630332 0.6422551559446028 0.6422965151834712 0.642337873878891 0.6423792320301216 0.6424205896364239 0.6424619466970551 0.6425033032112781 0.6425446591783488 0.6425860145975282 0.6426273694680742 0.6426687237892477 0.6427100775603096 0.64275143078052 0.6427927834491325 0.6428341355654144 0.6428754871286202 0.6429168381380133 0.6429581885928526 0.6429995384924001 0.6430408878359124 0.6430822366226527 0.6431235848518773 0.6431649325228501 0.6432062796348337 0.6432476261870845 0.6432889721788646 0.6433303176094358 0.6433716624780554 0.6434130067839878 0.6434543505264931 0.6434956937048308 0.6435370363182626 0.6435783783660518 0.6436197198474569 0.6436610607617397 0.6437024011081616 0.6437437408859856 0.6437850800944718 0.6438264187328808 0.6438677568004767 0.643909094296518 0.6439504312202702 0.6439917675709907 0.6440331033479485 0.6440744385503987 0.644115773177603 0.644157107228831 0.6441984407033381 0.6442397736003875 0.6442811059192448 0.6443224376591707 0.6443637688194255 0.6444050993992743 0.6444464293979801 0.6444877588148041 0.6445290876490115 0.6445704158998631 0.6446117435666188 0.6446530706485476 0.644694397144908 0.6447357230549684 0.6447770483779884 0.6448183731132282 0.6448596972599598 0.6449010208174408 0.6449423437849335 0.6449836661617043 0.6450249879470182 0.6450663091401339 0.6451076297403193 0.6451489497468392 0.6451902691589586 0.6452315879759347 0.6452729061970353 0.6453142238215281 0.6453555408486729 0.645396857277736 0.6454381731079826 0.6454794883386765 0.6455208029690798 0.6455621169984609 0.6456034304260865 0.6456447432512145 0.6456860554731114 0.6457273670910473 0.6457686781042855 0.645809988512088 0.6458512983137235 0.6458926075084546 0.6459339160955473 0.6459752240742693 0.6460165314438846 0.6460578382036575 0.6460991443528565 0.6461404498907459 0.6461817548165905 0.6462230591296569 0.646264362829212 0.6463056659145225 0.6463469683848528 0.646388270239469 0.6464295714776405 0.6464708720986292 0.6465121721017071 0.646553471486137 0.6465947702511832 0.6466360683961159 0.6466773659202028 0.6467186628227108 0.6467599591029041 0.646801254760049 0.6468425497934165 0.646883844202274 0.646925137985886 0.6469664311435195 0.6470077236744434 0.6470490155779258 0.6470903068532332 0.647131597499633 0.647172887516396 0.6472141769027848 0.6472554656580709 0.6472967537815222 0.6473380412724061 0.6473793281299904 0.6474206143535448 0.6474618999423369 0.647503184895633 0.6475444692127057 0.6475857528928202 0.6476270359352463 0.6476683183392529 0.6477096001041103 0.6477508812290842 0.6477921617134461 0.6478334415564646 0.6478747207574065 0.6479159993155441 0.6479572772301481 0.6479985545004829 0.6480398311258195 0.648081107105432 0.6481223824385824 0.648163657124547 0.6482049311625937 0.6482462045519899 0.6482874772920113 0.6483287493819219 0.6483700208209933 0.6484112916084985 0.6484525617437034 0.6484938312258834 0.6485351000543027 0.6485763682282402 0.6486176357469611 0.6486589026097369 0.6487001688158389 0.6487414343645383 0.6487826992551016 0.648823963486806 0.6488652270589212 0.6489064899707184 0.6489477522214688 0.6489890138104397 0.6490302747369103 0.6490715350001461 0.6491127945994208 0.6491540535340055 0.6491953118031712 0.6492365694061926 0.6492778263423431 0.6493190826108872 0.6493603382111053 0.6494015931422643 0.6494428474036393 0.6494841009945018 0.6495253539141261 0.6495666061617793 0.6496078577367412 0.6496491086382787 0.6496903588656684 0.6497316084181839 0.6497728572950936 0.649814105495675 0.6498553530192006 0.6498965998649404 0.6499378460321716 0.6499790915201673 0.6500203363281973 0.650061580455539 0.650102823901467 0.6501440666652525 0.6501853087461698 0.6502265501434927 0.6502677908564978 0.6503090308844564 0.6503502702266428 0.6503915088823313 0.650432746850798 0.6504739841313185 0.6505152207231646 0.6505564566256115 0.650597691837935 0.6506389263594079 0.6506801601893084 0.6507213933269109 0.650762625771486 0.6508038575223156 0.650845088578669 0.6508863189398275 0.6509275486050627 0.6509687775736497 0.6510100058448649 0.6510512334179859 0.6510924602922858 0.6511336864670438 0.6511749119415318 0.6512161367150335 0.6512573607868162 0.6512985841561585 0.6513398068223415 0.6513810287846371 0.6514222500423217 0.6514634705946754 0.6515046904409705 0.6515459095804881 0.6515871280125027 0.6516283457362937 0.6516695627511349 0.6517107790563035 0.651751994651079 0.6517932095347403 0.6518344237065601 0.6518756371658196 0.6519168499117964 0.651958061943765 0.6519992732610063 0.6520404838627984 0.6520816937484173 0.6521229029171443 0.6521641113682533 0.6522053191010249 0.6522465261147365 0.6522877324086696 0.6523289379820996 0.6523701428343058 0.6524113469645676 0.6524525503721637 0.6524937530563719 0.652534955016473 0.6525761562517438 0.6526173567614668 0.6526585565449206 0.6526997556013823 0.6527409539301343 0.6527821515304526 0.6528233484016186 0.6528645445429131 0.6529057399536125 0.6529469346330035 0.6529881285803631 0.6530293217949683 0.6530705142761013 0.6531117060230418 0.6531528970350744 0.6531940873114712 0.6532352768515226 0.6532764656545025 0.6533176537196945 0.6533588410463798 0.6534000276338361 0.653441213481347 0.6534823985881968 0.6535235829536601 0.6535647665770243 0.6536059494575663 0.6536471315945702 0.6536883129873172 0.6537294936350895 0.6537706735371678 0.6538118526928347 0.6538530311013724 0.6538942087620616 0.6539353856741876 0.653976561837029 0.6540177372498719 0.6540589119119975 0.6541000858226891 0.654141258981225 0.6541824313868911 0.6542236030389732 0.6542647739367486 0.6543059440795074 0.654347113466526 0.6543882820970892 0.6544294499704861 0.654470617085992 0.6545117834428944 0.6545529490404782 0.6545941138780251 0.6546352779548192 0.654676441270146 0.6547176038232887 0.6547587656135292 0.654799926640155 0.654841086902449 0.6548822463996973 0.6549234051311794 0.6549645630961882 0.6550057202940007 0.6550468767239075 0.6550880323851895 0.6551291872771321 0.6551703413990215 0.655211494750144 0.6552526473297853 0.6552937991372272 0.6553349501717585 0.655376100432663 0.655417249919229 0.6554583986307385 0.6554995465664799 0.6555406937257371 0.6555818401078 0.6556229857119535 0.6556641305374802 0.6557052745836731 0.6557464178498127 0.6557875603351884 0.6558287020390894 0.6558698429607965 0.6559109830996004 0.6559521224547877 0.6559932610256456 0.6560343988114616 0.6560755358115211 0.6561166720251141 0.6561578074515257 0.6561989420900456 0.65624007593996 0.6562812090005588 0.6563223412711272 0.6563634727509537 0.6564046034393296 0.6564457333355398 0.6564868624388727 0.6565279907486159 0.6565691182640621 0.6566102449844982 0.6566513709092128 0.6566924960374914 0.6567336203686271 0.6567747439019076 0.656815866636622 0.6568569885720588 0.6568981097075106 0.6569392300422587 0.6569803495756039 0.657021468306827 0.6570625862352222 0.6571037033600766 0.6571448196806808 0.6571859351963303 0.657227049906306 0.657268163809906 0.6573092769064155 0.6573503891951273 0.6573915006753335 0.6574326113463191 0.6574737212073809 0.6575148302578067 0.6575559384968885 0.6575970459239198 0.6576381525381847 0.6576792583389788 0.6577203633255972 0.6577614674973271 0.6578025708534607 0.6578436733932878 0.6578847751161037 0.657925876021199 0.6579669761078635 0.6580080753753923 0.6580491738230776 0.6580902714502113 0.6581313682560843 0.6581724642399887 0.6582135594012213 0.6582546537390717 0.6582957472528317 0.6583368399417975 0.6583779318052612 0.6584190228425115 0.6584601130528471 0.6585012024355603 0.6585422909899452 0.6585833787152917 0.6586244656108944 0.6586655516760518 0.658706636910054 0.6587477213121953 0.658788804881768 0.6588298876180705 0.6588709695203958 0.6589120505880373 0.6589531308202872 0.6589942102164466 0.6590352887758038 0.6590763664976551 0.6591174433812979 0.6591585194260254 0.6591995946311369 0.6592406689959205 0.6592817425196755 0.6593228152016986 0.6593638870412812 0.6594049580377241 0.6594460281903207 0.6594870974983644 0.6595281659611552 0.6595692335779888 0.6596103003481584 0.6596513662709651 0.659692431345702 0.6597334955716652 0.6597745589481496 0.6598156214744602 0.659856683149886 0.6598977439737261 0.6599388039452767 0.6599798630638398 0.6600209213287056 0.6600619787391786 0.6601030352945518 0.6601440909941227 0.6601851458371919 0.6602261998230521 0.6602672529510094 0.6603083052203551 0.6603493566303889 0.6603904071804114 0.6604314568697194 0.6604725056976088 0.6605135536633828 0.6605546007663397 0.6605956470057723 0.6606366923809874 0.6606777368912815 0.6607187805359511 0.6607598233142953 0.6608008652256185 0.6608419062692208 0.6608829464443893 0.6609239857504401 0.6609650241866614 0.6610060617523583 0.6610470984468315 0.6610881342693768 0.6611291692192998 0.6611702032958953 0.6612112364984704 0.6612522688263183 0.6612933002787464 0.6613343308550501 0.6613753605545334 0.6614163893764977 0.661457417320243 0.6614984443850704 0.6615394705702826 0.6615804958751772 0.6616215202990612 0.6616625438412351 0.6617035665009949 0.6617445882776496 0.6617856091705003 0.6618266291788477 0.6618676483019899 0.6619086665392357 0.6619496838898855 0.6619907003532424 0.6620317159286051 0.6620727306152792 0.6621137444125722 0.6621547573197804 0.6621957693362113 0.662236780461164 0.6622777906939454 0.6623188000338582 0.6623598084802067 0.6624008160322936 0.6624418226894209 0.6624828284508966 0.6625238333160208 0.6625648372840975 0.6626058403544384 0.662646842526339 0.6626878437991075 0.66272884417205 0.6627698436444653 0.6628108422156682 0.6628518398849552 0.662892836651634 0.6629338325150094 0.6629748274743881 0.6630158215290731 0.6630568146783722 0.6630978069215947 0.6631387982580372 0.6631797886870108 0.6632207782078234 0.6632617668197778 0.6633027545221801 0.6633437413143386 0.6633847271955611 0.6634257121651481 0.6634666962224138 0.6635076793666586 0.6635486615971953 0.663589642913325 0.6636306233143585 0.6636716027996019 0.6637125813683635 0.6637535590199504 0.663794535753669 0.6638355115688275 0.6638764864647362 0.6639174604407008 0.6639584334960302 0.6639994056300313 0.6640403768420122 0.6640813471312832 0.6641223164971499 0.6641632849389285 0.6642042524559171 0.6642452190474315 0.664286184712779 0.664327149451267 0.664368113262207 0.6644090761449089 0.664450038098682 0.6644909991228336 0.6645319592166734 0.6645729183795128 0.6646138766106626 0.6646548339094274 0.6646957902751289 0.6647367457070654 0.6647777002045507 0.6648186537668987 0.664859606393418 0.6649005580834195 0.6649415088362136 0.6649824586511071 0.6650234075274211 0.6650643554644569 0.6651053024615332 0.6651462485179591 0.6651871936330456 0.665228137806104 0.6652690810364448 0.6653100233233791 0.665350964666223 0.6653919050642909 0.6654328445168862 0.665473783023329 0.6655147205829295 0.6655556571949983 0.6655965928588505 0.6656375275737993 0.6656784613391549 0.6657193941542334 0.665760326018346 0.6658012569308083 0.6658421868909294 0.6658831158980281 0.6659240439514149 0.6659649710504059 0.666005897194313 0.6660468223824512 0.6660877466141324 0.6661286698886748 0.6661695922053914 0.6662105135635965 0.6662514339626038 0.666292353401728 0.6663332718802861 0.6663741893975921 0.6664151059529626 0.6664560215457076 0.6664969361751476 0.6665378498405952 0.6665787625413726 0.6666196742767856 0.666660585046156 0.6667014948488008 0.6667424036840299 0.6667833115511672 0.6668242184495243 0.6668651243784169 0.666906029337168 0.6669469333250868 0.6669878363414936 0.6670287383857043 0.6670696394570397 0.6671105395548094 0.6671514386783364 0.6671923368269401 0.6672332339999332 0.6672741301966358 0.6673150254163649 0.6673559196584375 0.6673968129221732 0.6674377052068912 0.6674785965119059 0.6675194868365408 0.6675603761801105 0.6676012645419338 0.6676421519213314 0.667683038317624 0.6677239237301245 0.6677648081581591 0.6678056916010418 0.6678465740580948 0.667887455528634 0.6679283360119839 0.6679692155074612 0.6680100940143889 0.6680509715320828 0.6680918480598654 0.6681327235970587 0.6681735981429784 0.6682144716969467 0.6682553442582868 0.6682962158263182 0.6683370864003619 0.6683779559797369 0.6684188245637674 0.6684596921517707 0.6685005587430741 0.6685414243369909 0.6685822889328528 0.6686231525299737 0.6686640151276757 0.6687048767252841 0.6687457373221228 0.6687865969175097 0.6688274555107672 0.6688683131012203 0.6689091696881926 0.6689500252710026 0.6689908798489752 0.6690317334214348 0.6690725859877009 0.6691134375470984 0.6691542880989572 0.6691951376425893 0.6692359861773265 0.6692768337024888 0.6693176802174028 0.6693585257213939 0.6693993702137788 0.6694402136938871 0.6694810561610409 0.6695218976145676 0.6695627380537945 0.6696035774780371 0.6696444158866273 0.6696852532788875 0.6697260896541446 0.669766925011722 0.6698077593509462 0.6698485926711453 0.6698894249716374 0.6699302562517566 0.6699710865108228 0.6700119157481619 0.6700527439631061 0.6700935711549787 0.6701343973231035 0.6701752224668076 0.670216046585423 0.6702568696782714 0.670297691744679 0.6703385127839754 0.6703793327954863 0.67042015177854 0.6704609697324644 0.6705017866565837 0.6705426025502303 0.6705834174127308 0.6706242312434101 0.6706650440415978 0.6707058558066235 0.6707466665378155 0.6707874762344987 0.6708282848960072 0.6708690925216647 0.670909899110802 0.670950704662749 0.670991509176833 0.671032312652383 0.671073115088733 0.6711139164852042 0.6711547168411336 0.6711955161558487 0.6712363144286762 0.6712771116589484 0.6713179078460001 0.671358702989151 0.6713994970877422 0.6714402901410967 0.6714810821485488 0.6715218731094277 0.6715626630230676 0.6716034518887952 0.6716442397059428 0.6716850264738423 0.6717258121918239 0.6717665968592224 0.6718073804753637 0.6718481630395869 0.6718889445512173 0.6719297250095917 0.6719705044140405 0.672011282763896 0.6720520600584883 0.672092836297153 0.6721336114792213 0.6721743856040281 0.6722151586709033 0.6722559306791831 0.6722967016281975 0.6723374715172818 0.6723782403457701 0.6724190081129935 0.672459774818289 0.6725005404609885 0.6725413050404256 0.6725820685559363 0.6726228310068509 0.6726635923925097 0.6727043527122418 0.6727451119653864 0.6727858701512746 0.6728266272692438 0.6728673833186256 0.672908138298759 0.6729488922089777 0.672989645048619 0.6730303968170128 0.6730711475135016 0.6731118971374177 0.6731526456880985 0.6731933931648788 0.6732341395670935 0.6732748848940813 0.6733156291451827 0.6733563723197264 0.673397114417053 0.6734378554364964 0.6734785953774005 0.6735193342390966 0.6735600720209245 0.6736008087222203 0.6736415443423209 0.6736822788805652 0.6737230123362936 0.6737637447088356 0.6738044759975406 0.6738452062017393 0.67388593532077 0.6739266633539727 0.6739673903006895 0.674008116160258 0.6740488409320133 0.6740895646152925 0.6741302872094423 0.6741710087137971 0.6742117291276983 0.6742524484504835 0.6742931666814966 0.6743338838200688 0.6743745998655508 0.6744153148172747 0.6744560286745847 0.6744967414368195 0.674537453103319 0.6745781636734258 0.6746188731464804 0.6746595815218228 0.6747002887987934 0.6747409949767351 0.6747817000549876 0.6748224040328918 0.674863106909793 0.6749038086850287 0.674944509357942 0.6749852089278763 0.675025907394174 0.6750666047561755 0.6751073010132218 0.6751479961646587 0.6751886902098254 0.6752293831480696 0.6752700749787297 0.6753107657011519 0.6753514553146733 0.6753921438186454 0.6754328312124065 0.6754735174953064 0.6755142026666778 0.6755548867258749 0.6755955696722371 0.6756362515051082 0.6756769322238318 0.6757176118277564 0.6757582903162218 0.6757989676885763 0.6758396439441645 0.675880319082331 0.6759209931024173 0.6759616660037691 0.6760023377857372 0.6760430084476656 0.6760836779888957 0.6761243464087747 0.6761650137066517 0.6762056798818712 0.6762463449337766 0.6762870088617186 0.6763276716650397 0.6763683333430905 0.6764089938952143 0.6764496533207565 0.6764903116190712 0.676530968789498 0.6765716248313873 0.6766122797440874 0.6766529335269473 0.6766935861793095 0.6767342377005252 0.67677488808994 0.6768155373469065 0.6768561854707691 0.6768968324608764 0.6769374783165798 0.6769781230372243 0.6770187666221594 0.6770594090707345 0.6771000503823024 0.6771406905562078 0.677181329591801 0.677221967488431 0.6772626042454497 0.6773032398622023 0.6773438743380422 0.6773845076723208 0.6774251398643865 0.6774657709135905 0.6775064008192777 0.677547029580805 0.6775876571975239 0.677628283668779 0.677668908993927 0.6777095331723166 0.6777501562033013 0.6777907780862291 0.6778313988204494 0.6778720184053231 0.6779126368401935 0.6779532541244186 0.6779938702573456 0.678034485238328 0.6780750990667195 0.6781157117418728 0.6781563232631382 0.6781969336298728 0.6782375428414262 0.6782781508971509 0.6783187577964007 0.6783593635385297 0.6783999681228925 0.6784405715488426 0.6784811738157306 0.6785217749229124 0.6785623748697442 0.6786029736555783 0.6786435712797687 0.6786841677416695 0.6787247630406352 0.6787653571760208 0.6788059501471846 0.6788465419534782 0.6788871325942583 0.678927722068877 0.6789683103766937 0.6790088975170618 0.6790494834893355 0.6790900682928778 0.6791306519270388 0.6791712343911736 0.6792118156846438 0.6792523958067995 0.679292974757002 0.679333552534606 0.679374129138969 0.6794147045694487 0.6794552788254007 0.6794958519061849 0.679536423811157 0.6795769945396735 0.6796175640910922 0.6796581324647721 0.6796986996600733 0.6797392656763499 0.6797798305129628 0.6798203941692718 0.6798609566446321 0.6799015179384031 0.6799420780499441 0.6799826369786153 0.680023194723774 0.6800637512847802 0.6801043066609962 0.6801448608517753 0.6801854138564811 0.6802259656744771 0.6802665163051156 0.6803070657477635 0.6803476140017755 0.6803881610665155 0.6804287069413457 0.6804692516256197 0.6805097951187074 0.6805503374199631 0.6805908785287524 0.6806314184444335 0.6806719571663686 0.6807124946939205 0.6807530310264478 0.6807935661633164 0.6808341001038836 0.6808746328475186 0.6809151643935776 0.6809556947414253 0.6809962238904246 0.6810367518399372 0.6810772785893264 0.6811178041379529 0.6811583284851861 0.6811988516303846 0.6812393735729101 0.6812798943121305 0.6813204138474052 0.6813609321781047 0.681401449303586 0.681441965223216 0.6814824799363597 0.6815229934423821 0.6815635057406464 0.681604016830518 0.681644526711362 0.681685035382543 0.6817255428434232 0.6817660490933735 0.6818065541317562 0.6818470579579381 0.681887560571284 0.6819280619711579 0.6819685621569322 0.6820090611279668 0.6820495588836302 0.68209005542329 0.6821305507463111 0.6821710448520579 0.6822115377399045 0.6822520294092089 0.6822925198593495 0.682333009089684 0.6823734970995836 0.6824139838884171 0.6824544694555483 0.6824949538003495 0.6825354369221843 0.6825759188204279 0.6826163994944419 0.6826568789435985 0.6826973571672652 0.6827378341648074 0.6827783099356013 0.6828187844790095 0.6828592577944061 0.6828997298811557 0.6829402007386336 0.6829806703662036 0.6830211387632397 0.6830616059291099 0.6831020718631844 0.6831425365648369 0.6831830000334322 0.6832234622683435 0.6832639232689426 0.6833043830345993 0.6833448415646837 0.6833852988585687 0.6834257549156255 0.6834662097352258 0.6835066633167386 0.6835471156595374 0.6835875667629918 0.6836280166264825 0.6836684652493681 0.6837089126310325 0.6837493587708439 0.6837898036681742 0.6838302473223941 0.6838706897328795 0.6839111308990051 0.6839515708201427 0.6839920094956675 0.6840324469249468 0.6840728831073595 0.6841133180422783 0.6841537517290746 0.6841941841671291 0.6842346153558083 0.6842750452944921 0.6843154739825514 0.6843559014193674 0.6843963276043035 0.6844367525367452 0.6844771762160615 0.6845175986416314 0.6845580198128292 0.6845984397290301 0.6846388583896108 0.6846792757939462 0.6847196919414102 0.6847601068313822 0.6848005204632377 0.6848409328363547 0.6848813439501069 0.6849217538038714 0.6849621623970299 0.6850025697289512 0.68504297579902 0.6850833806066083 0.6851237841510966 0.6851641864318667 0.6852045874482846 0.6852449871997417 0.685285385685604 0.685325782905259 0.6853661788580827 0.6854065735434511 0.6854469669607446 0.6854873591093433 0.6855277499886232 0.6855681395979643 0.6856085279367474 0.685648915004355 0.6856893008001603 0.6857296853235468 0.6857700685738901 0.6858104505505764 0.6858508312529839 0.6858912106804902 0.6859315888324797 0.6859719657083292 0.6860123413074244 0.6860527156291423 0.6860930886728642 0.6861334604379732 0.6861738309238508 0.6862142001298768 0.6862545680554326 0.6862949346999019 0.6863353000626649 0.6863756641431085 0.6864160269406092 0.68645638845455 0.686496748684317 0.6865371076292917 0.6865774652888565 0.6866178216623959 0.6866581767492883 0.6866985305489219 0.686738883060678 0.6867792342839449 0.6868195842180995 0.6868599328625298 0.68690028021662 0.6869406262797519 0.6869809710513133 0.6870213145306843 0.6870616567172527 0.6871019976104069 0.6871423372095251 0.6871826755139958 0.6872230125232048 0.6872633482365356 0.6873036826533772 0.6873440157731139 0.6873843475951298 0.68742467811881 0.6874650073435453 0.6875053352687206 0.6875456618937208 0.6875859872179353 0.6876263112407464 0.6876666339615469 0.6877069553797188 0.6877472754946523 0.6877875943057352 0.6878279118123518 0.6878682280138948 0.6879085429097482 0.6879488564993035 0.687989168781945 0.6880294797570643 0.6880697894240482 0.6881100977822856 0.6881504048311664 0.6881907105700777 0.6882310149984106 0.6882713181155522 0.6883116199208947 0.6883519204138309 0.6883922195937386 0.6884325174600161 0.6884728140120595 0.6885131092492476 0.6885534031709732 0.688593695776633 0.6886339870656095 0.6886742770373009 0.6887145656910922 0.6887548530263805 0.6887951390425544 0.6888354237390022 0.6888757071151204 0.6889159891702965 0.6889562699039273 0.6889965493153987 0.6890368274041092 0.689077104169445 0.6891173796108057 0.6891576537275768 0.6891979265191581 0.6892381979849378 0.6892784681243085 0.6893187369366687 0.6893590044214049 0.6893992705779173 0.6894395354055951 0.6894797989038342 0.6895200610720305 0.6895603219095716 0.6896005814158586 0.6896408395902853 0.6896810964322411 0.6897213519411285 0.6897616061163374 0.6898018589572614 0.6898421104633004 0.6898823606338484 0.6899226094683006 0.6899628569660545 0.6900031031265048 0.6900433479490449 0.6900835914330719 0.690123833577986 0.6901640743831834 0.6902043138480567 0.6902445519720062 0.6902847887544215 0.6903250241947114 0.6903652582922684 0.6904054910464874 0.6904457224567697 0.6904859525225089 0.6905261812431056 0.6905664086179595 0.6906066346464659 0.6906468593280253 0.6906870826620344 0.6907273046478932 0.6907675252849987 0.6908077445727527 0.690847962510555 0.690888179097801 0.6909283943338946 0.6909686082182309 0.6910088207502143 0.6910490319292413 0.6910892417547128 0.6911294502260321 0.6911696573425932 0.6912098631038024 0.6912500675090594 0.6912902705577659 0.6913304722493196 0.6913706725831212 0.6914108715585783 0.691451069175087 0.6914912654320513 0.6915314603288734 0.6915716538649548 0.6916118460396954 0.6916520368524977 0.6916922263027672 0.691732414389906 0.6917726011133161 0.6918127864724002 0.6918529704665621 0.6918931530952039 0.6919333343577301 0.6919735142535446 0.692013692782049 0.6920538699426504 0.6920940457347486 0.6921342201577532 0.6921743932110627 0.6922145648940854 0.6922547352062283 0.6922949041468895 0.6923350717154801 0.6923752379114001 0.6924154027340601 0.6924555661828604 0.6924957282572113 0.6925358889565147 0.6925760482801799 0.6926162062276111 0.6926563627982165 0.692696517991398 0.6927366718065666 0.6927768242431287 0.6928169753004878 0.692857124978054 0.6928972732752343 0.6929374201914331 0.6929775657260646 0.6930177098785302 0.6930578526482383 0.6930979940345987 0.69313813403702 0.69317827265491 0.693218409887677 0.6932585457347269 0.693298680195473 0.6933388132693235 0.6933789449556835 0.6934190752539666 0.6934592041635801 0.693499331683938 0.6935394578144425 0.6935795825545061 0.6936197059035436 0.6936598278609589 0.6936999484261674 0.6937400675985754 0.6937801853775944 0.6938203017626385 0.6938604167531175 0.6939005303484418 0.6939406425480203 0.6939807533512687 0.694020862757595 0.6940609707664136 0.694101077377135 0.6941411825891723 0.6941812864019372 0.6942213888148454 0.6942614898273032 0.6943015894387292 0.6943416876485309 0.6943817844561249 0.6944218798609247 0.6944619738623437 0.6945020664597927 0.6945421576526898 0.694582247440445 0.6946223358224739 0.694662422798191 0.6947025083670093 0.6947425925283435 0.6947826752816111 0.6948227566262237 0.6948628365615961 0.6949029150871482 0.6949429922022894 0.6949830679064404 0.6950231421990116 0.6950632150794216 0.6951032865470874 0.6951433566014238 0.695183425241847 0.6952234924677734 0.6952635582786189 0.6953036226738023 0.6953436856527395 0.695383747214847 0.6954238073595409 0.6954638660862444 0.695503923394369 0.6955439792833324 0.695584033752557 0.6956240868014596 0.6956641384294535 0.695704188635963 0.6957442374204037 0.6957842847821942 0.6958243307207566 0.6958643752355038 0.6959044183258611 0.6959444599912437 0.695984500231074 0.6960245390447697 0.6960645764317523 0.6961046123914398 0.6961446469232542 0.6961846800266169 0.6962247117009417 0.6962647419456569 0.6963047707601802 0.696344798143931 0.6963848240963348 0.6964248486168079 0.696464871704775 0.696504893359656 0.6965449135808761 0.6965849323678515 0.6966249497200088 0.6966649656367674 0.6967049801175518 0.6967449931617837 0.696785004768885 0.6968250149382793 0.6968650236693943 0.6969050309616454 0.6969450368144583 0.6969850412272598 0.697025044199471 0.697065045730517 0.6971050458198182 0.6971450444668046 0.6971850416708945 0.6972250374315176 0.6972650317480948 0.6973050246200545 0.6973450160468193 0.6973850060278148 0.6974249945624673 0.6974649816501999 0.6975049672904383 0.6975449514826133 0.6975849342261453 0.697624915520461 0.6976648953649907 0.6977048737591589 0.6977448507023896 0.697784826194114 0.6978248002337524 0.697864772820739 0.6979047439544968 0.697944713634457 0.697984681860045 0.6980246486306858 0.6980646139458093 0.6981045778048482 0.6981445402072266 0.6981845011523711 0.6982244606397139 0.6982644186686793 0.698304375238703 0.698344330349209 0.698384283999625 0.6984242361893847 0.6984641869179182 0.69850413618465 0.6985440839890138 0.6985840303304398 0.6986239752083561 0.6986639186221955 0.6987038605713889 0.6987438010553637 0.698783740073551 0.6988236776253858 0.6988636137102942 0.6989035483277124 0.6989434814770685 0.6989834131577983 0.699023343369328 0.6990632721110925 0.6991031993825274 0.699143125183058 0.6991830495121212 0.6992229723691483 0.6992628937535745 0.6993028136648278 0.6993427321023469 0.6993826490655632 0.6994225645539105 0.6994624785668158 0.699502391103725 0.6995423021640639 0.6995822117472683 0.6996221198527708 0.6996620264800113 0.6997019316284201 0.6997418352974325 0.6997817374864841 0.6998216381950102 0.699861537422446 0.6999014351682267 0.6999413314317877 0.6999812262125644 0.7000211195099952 0.7000610113235135 0.7001009016525561 0.700140790496558 0.7001806778549642 0.7002205637271968 0.7002604481127057 0.7003003310109228 0.7003402124212859 0.7003800923432328 0.7004199707761978 0.7004598477196236 0.7004997231729464 0.7005395971356034 0.7005794696070327 0.7006193405866772 0.7006592100739646 0.7006990780683489 0.7007389445692591 0.7007788095761303 0.7008186730884138 0.7008585351055385 0.7008983956269512 0.7009382546520884 0.7009781121803895 0.7010179682112974 0.7010578227442497 0.7010976757786855 0.7011375273140483 0.7011773773497803 0.7012172258853178 0.7012570729201033 0.7012969184535813 0.7013367624851914 0.7013766050143715 0.701416446040569 0.7014562855632218 0.7014961235817732 0.7015359600956665 0.7015757951043418 0.7016156286072459 0.701655460603817 0.7016952910935013 0.7017351200757385 0.7017749475499753 0.7018147735156517 0.7018545979722135 0.7018944209191043 0.7019342423557688 0.7019740622816464 0.7020138806961891 0.7020536975988361 0.70209351298903 0.7021333268662204 0.7021731392298518 0.702212950079365 0.702252759414209 0.7022925672338289 0.7023323735376685 0.7023721783251751 0.7024119815957939 0.702451783348971 0.7024915835841554 0.702531382300787 0.7025711794983163 0.7026109751761915 0.7026507693338575 0.7026905619707622 0.7027303530863498 0.702770142680073 0.7028099307513782 0.7028497172997088 0.7028895023245154 0.7029292858252447 0.7029690678013498 0.703008848252274 0.7030486271774663 0.7030884045763801 0.7031281804484582 0.7031679547931518 0.7032077276099113 0.7032474988981883 0.7032872686574265 0.7033270368870814 0.7033668035865945 0.7034065687554265 0.7034463323930216 0.7034860944988297 0.7035258550723036 0.703565614112895 0.7036053716200494 0.7036451275932234 0.7036848820318691 0.703724634935432 0.7037643863033693 0.7038041361351299 0.7038438844301649 0.7038836311879288 0.7039233764078721 0.7039631200894454 0.7040028622321077 0.7040426028353075 0.7040823418984945 0.70412207942113 0.7041618154026592 0.7042015498425374 0.7042412827402218 0.7042810140951645 0.7043207439068209 0.7043604721746362 0.704400198898077 0.704439924076594 0.7044796477096351 0.7045193697966603 0.7045590903371242 0.7045988093304858 0.7046385267761968 0.7046782426737084 0.7047179570224806 0.7047576698219684 0.7047973810716293 0.7048370907709185 0.7048767989192921 0.7049165055162037 0.7049562105611169 0.70499591405348 0.7050356159927549 0.7050753163783976 0.7051150152098695 0.7051547124866206 0.7051944082081127 0.7052341023738027 0.70527379498315 0.7053134860356116 0.7053531755306448 0.7053928634677118 0.7054325498462655 0.7054722346657689 0.7055119179256799 0.7055515996254567 0.7055912797645607 0.7056309583424485 0.7056706353585835 0.7057103108124236 0.7057499847034241 0.7057896570310542 0.70582932779477 0.7058689969940273 0.7059086646282939 0.705948330697028 0.7059879951996884 0.7060276581357405 0.706067319504643 0.706106979305857 0.7061466375388459 0.7061862942030694 0.706225949297991 0.7062656028230754 0.7063052547777788 0.7063449051615651 0.706384553973902 0.706424201214251 0.7064638468820732 0.7065034909768302 0.7065431334979864 0.7065827744450095 0.7066224138173554 0.7066620516144964 0.7067016878358889 0.7067413224810046 0.7067809555493032 0.7068205870402471 0.706860216953306 0.7068998452879431 0.7069394720436235 0.7069790972198104 0.7070187208159713 0.7070583428315727 0.7070979632660768 0.7071375821189552 0.7071771993896694 0.7072168150776841 0.7072564291824708 0.7072960417034921 0.7073356526402181 0.7073752619921105 0.7074148697586446 0.70745447593928 0.707494080533486 0.7075336835407346 0.7075732849604863 0.707612884792215 0.7076524830353892 0.7076920796894712 0.7077316747539328 0.707771268228246 0.7078108601118744 0.7078504504042882 0.7078900391049596 0.707929626213353 0.7079692117289444 0.7080087956511962 0.7080483779795816 0.7080879587135709 0.7081275378526339 0.7081671153962406 0.7082066913438636 0.70824626569497 0.7082858384490336 0.7083254096055251 0.7083649791639113 0.7084045471236706 0.708444113484269 0.7084836782451809 0.7085232414058762 0.7085628029658291 0.7086023629245131 0.7086419212813935 0.7086814780359523 0.7087210331876566 0.7087605867359805 0.708800138680393 0.7088396890203765 0.7088792377553959 0.7089187848849261 0.7089583304084464 0.7089978743254273 0.7090374166353428 0.7090769573376634 0.7091164964318692 0.7091560339174319 0.7091955697938281 0.7092351040605316 0.7092746367170171 0.7093141677627588 0.7093536971972358 0.70939322501992 0.7094327512302907 0.7094722758278196 0.7095117988119861 0.7095513201822656 0.7095908399381377 0.7096303580790693 0.7096698746045489 0.7097093895140454 0.7097489028070425 0.7097884144830124 0.7098279245414314 0.7098674329817809 0.7099069398035414 0.7099464450061828 0.7099859485891904 0.7100254505520398 0.7100649508942076 0.7101044496151769 0.710143946714423 0.7101834421914275 0.7102229360456656 0.7102624282766221 0.7103019188837727 0.710341407866597 0.7103808952245783 0.7104203809571956 0.7104598650639251 0.7104993475442511 0.7105388283976528 0.7105783076236114 0.7106177852216105 0.7106572611911259 0.7106967355316394 0.7107362082426372 0.7107756793235982 0.7108151487740042 0.7108546165933376 0.7108940827810797 0.7109335473367131 0.7109730102597207 0.7110124715495851 0.7110519312057892 0.711091389227815 0.7111308456151437 0.7111703003672645 0.7112097534836574 0.7112492049638055 0.7112886548071939 0.7113281030133063 0.7113675495816283 0.7114069945116399 0.7114464378028287 0.7114858794546821 0.7115253194666793 0.7115647578383086 0.7116041945690568 0.7116436296584028 0.7116830631058391 0.7117224949108509 0.7117619250729212 0.7118013535915364 0.7118407804661822 0.711880205696346 0.711919629281518 0.71195905122118 0.7119984715148191 0.7120378901619253 0.7120773071619837 0.7121167225144824 0.7121561362189119 0.7121955482747542 0.7122349586815009 0.712274367438642 0.7123137745456596 0.7123531800020486 0.712392583807296 0.7124319859608867 0.7124713864623131 0.712510785311067 0.7125501825066332 0.7125895780485012 0.7126289719361631 0.7126683641691098 0.7127077547468288 0.7127471436688109 0.7127865309345469 0.7128259165435256 0.7128653004952406 0.712904682789183 0.7129440634248403 0.7129834424017076 0.7130228197192721 0.7130621953770286 0.7131015693744711 0.713140941711085 0.7131803123863665 0.713219681399808 0.7132590487509027 0.7132984144391425 0.7133377784640147 0.7133771408250218 0.7134165015216523 0.7134558605534 0.7134952179197558 0.7135345736202181 0.7135739276542734 0.7136132800214237 0.7136526307211599 0.713691979752979 0.7137313271163697 0.7137706728108326 0.7138100168358594 0.713849359190943 0.7138886998755871 0.713928038889277 0.7139673762315166 0.7140067119017957 0.7140460458996114 0.7140853782244605 0.71412470887584 0.7141640378532459 0.7142033651561757 0.7142426907841277 0.7142820147365918 0.7143213370130734 0.7143606576130643 0.7143999765360642 0.7144392937815707 0.714478609349082 0.7145179232380954 0.7145572354481096 0.7145965459786192 0.7146358548291301 0.7146751619991365 0.7147144674881343 0.7147537712956284 0.7147930734211183 0.7148323738640954 0.7148716726240683 0.714910969700534 0.7149502650929891 0.7149895588009358 0.7150288508238765 0.7150681411613069 0.7151074298127349 0.7151467167776526 0.7151860020555669 0.7152252856459786 0.7152645675483851 0.7153038477622904 0.7153431262871965 0.7153824031226075 0.7154216782680214 0.7154609517229396 0.7155002234868679 0.7155394935593082 0.7155787619397627 0.7156180286277332 0.7156572936227228 0.7156965569242388 0.7157358185317773 0.7157750784448498 0.715814336662953 0.7158535931855927 0.7158928480122786 0.7159321011425077 0.7159713525757889 0.7160106023116233 0.7160498503495187 0.7160890966889779 0.7161283413295076 0.7161675842706132 0.716206825511799 0.7162460650525733 0.7162853028924383 0.7163245390308999 0.7163637734674686 0.7164030062016447 0.7164422372329406 0.7164814665608592 0.7165206941849087 0.7165599201045982 0.7165991443194271 0.7166383668289142 0.7166775876325584 0.716716806729871 0.7167560241203588 0.7167952398035313 0.7168344537788969 0.7168736660459614 0.7169128766042345 0.716952085453225 0.716991292592442 0.7170304980213968 0.717069701739597 0.7171089037465521 0.7171481040417698 0.7171873026247633 0.717226499495037 0.717265694652109 0.7173048880954846 0.7173440798246755 0.7173832698391918 0.7174224581385442 0.717461644722247 0.7175008295898073 0.7175400127407385 0.71757919417455 0.7176183738907573 0.7176575518888688 0.7176967281683999 0.7177359027288603 0.717775075569761 0.717814246690619 0.7178534160909456 0.7178925837702523 0.7179317497280531 0.717970913963859 0.7180100764771904 0.7180492372675538 0.7180883963344633 0.7181275536774365 0.7181667092959878 0.7182058631896282 0.718245015357875 0.7182841658002412 0.7183233145162424 0.718362461505395 0.7184016067672114 0.7184407503012107 0.718479892106902 0.7185190321838095 0.7185581705314443 0.7185973071493206 0.7186364420369606 0.7186755751938754 0.718714706619584 0.7187538363136043 0.7187929642754498 0.7188320905046415 0.7188712150006933 0.7189103377631256 0.7189494587914558 0.7189885780851983 0.719027695643875 0.7190668114670014 0.7191059255540986 0.7191450379046824 0.7191841485182751 0.719223257394392 0.7192623645325549 0.7193014699322806 0.7193405735930893 0.7193796755145012 0.7194187756960371 0.719457874137214 0.7194969708375547 0.7195360657965781 0.7195751590138071 0.7196142504887582 0.7196533402209551 0.7196924282099169 0.7197315144551673 0.7197705989562244 0.7198096817126138 0.7198487627238568 0.7198878419894694 0.7199269195089792 0.7199659952819084 0.7200050693077762 0.7200441415861087 0.7200832121164265 0.7201222808982526 0.7201613479311118 0.7202004132145243 0.7202394767480149 0.7202785385311097 0.7203175985633283 0.7203566568442017 0.7203957133732442 0.7204347681499845 0.7204738211739508 0.7205128724446641 0.7205519219616496 0.7205909697244339 0.7206300157325383 0.7206690599854908 0.7207081024828197 0.7207471432240466 0.7207861822086978 0.7208252194363021 0.7208642549063831 0.7209032886184668 0.7209423205720857 0.7209813507667577 0.7210203792020162 0.7210594058773854 0.7210984307923931 0.7211374539465683 0.7211764753394367 0.7212154949705261 0.7212545128393673 0.7212935289454845 0.7213325432884106 0.7213715558676683 0.7214105666827941 0.7214495757333093 0.7214885830187461 0.721527588538635 0.7215665922925043 0.7216055942798798 0.7216445945002974 0.7216835929532859 0.7217225896383748 0.72176158455509 0.7218005777029668 0.7218395690815349 0.7218785586903285 0.7219175465288721 0.7219565325966961 0.7219955168933387 0.7220344994183283 0.7220734801711968 0.7221124591514738 0.7221514363586952 0.7221904117923923 0.7222293854520936 0.7222683573373354 0.7223073274476506 0.7223462957825713 0.722385262341628 0.7224242271243597 0.722463190130294 0.7225021513589687 0.7225411108099151 0.7225800684826682 0.7226190243767612 0.7226579784917297 0.7226969308271083 0.7227358813824318 0.7227748301572334 0.7228137771510483 0.722852722363414 0.7228916657938638 0.7229306074419339 0.72296954730716 0.7230084853890786 0.7230474216872231 0.7230863562011325 0.7231252889303428 0.7231642198743913 0.723203149032813 0.7232420764051473 0.7232810019909264 0.7233199257896914 0.7233588478009809 0.7233977680243311 0.7234366864592787 0.7234756031053644 0.7235145179621225 0.7235534310290954 0.7235923423058181 0.7236312517918333 0.7236701594866746 0.7237090653898881 0.7237479695010052 0.7237868718195695 0.7238257723451245 0.7238646710772005 0.7239035680153458 0.7239424631590972 0.7239813565079942 0.7240202480615767 0.7240591378193881 0.7240980257809704 0.7241369119458605 0.7241757963136028 0.7242146788837345 0.7242535596558 0.7242924386293448 0.7243313158039031 0.7243701911790204 0.7244090647542403 0.7244479365291061 0.7244868065031551 0.7245256746759345 0.7245645410469868 0.7246034056158535 0.7246422683820799 0.7246811293452045 0.7247199885047786 0.7247588458603402 0.7247977014114368 0.7248365551576104 0.7248754070984069 0.7249142572333702 0.7249531055620415 0.7249919520839723 0.7250307967987022 0.7250696397057785 0.7251084808047465 0.7251473200951524 0.7251861575765424 0.7252249932484607 0.7252638271104557 0.7253026591620695 0.7253414894028516 0.7253803178323439 0.7254191444501041 0.7254579692556691 0.7254967922485898 0.7255356134284154 0.7255744327946907 0.7256132503469621 0.7256520660847785 0.7256908800076927 0.7257296921152461 0.7257685024069895 0.7258073108824732 0.7258461175412432 0.7258849223828505 0.7259237254068451 0.725962526612774 0.7260013260001861 0.7260401235686333 0.7260789193176616 0.7261177132468284 0.7261565053556729 0.7261952956437572 0.7262340841106241 0.7262728707558261 0.7263116555789162 0.7263504385794406 0.7263892197569568 0.7264279991110107 0.7264667766411566 0.7265055523469468 0.7265443262279305 0.7265830982836592 0.7266218685136918 0.7266606369175741 0.7266994034948613 0.7267381682451077 0.7267769311678625 0.7268156922626801 0.7268544515291135 0.7268932089667197 0.7269319645750476 0.7269707183536531 0.7270094703020904 0.7270482204199156 0.7270869687066799 0.7271257151619377 0.7271644597852496 0.7272032025761614 0.727241943534233 0.7272806826590208 0.7273194199500785 0.7273581554069624 0.7273968890292264 0.7274356208164285 0.7274743507681245 0.7275130788838715 0.7275518051632224 0.7275905296057381 0.7276292522109744 0.7276679729784861 0.7277066919078328 0.7277454089985704 0.7277841242502565 0.727822837662452 0.7278615492347091 0.7279002589665913 0.7279389668576524 0.727977672907455 0.7280163771155559 0.7280550794815128 0.7280937800048839 0.7281324786852303 0.7281711755221101 0.7282098705150859 0.7282485636637119 0.7282872549675536 0.7283259444261665 0.7283646320391117 0.7284033178059557 0.7284420017262505 0.7284806837995605 0.7285193640254466 0.7285580424034659 0.7285967189331872 0.7286353936141654 0.7286740664459679 0.7287127374281495 0.7287514065602785 0.728790073841914 0.728828739272618 0.7288674028519535 0.7289060645794856 0.7289447244547702 0.7289833824773797 0.7290220386468689 0.7290606929628063 0.7290993454247539 0.7291379960322772 0.7291766447849342 0.7292152916822943 0.7292539367239208 0.729292579909379 0.729331221238229 0.7293698607100421 0.7294084983243774 0.7294471340808035 0.7294857679788862 0.7295244000181846 0.7295630301982721 0.7296016585187117 0.7296402849790713 0.7296789095789151 0.729717532317808 0.729756153195317 0.7297947722110083 0.7298333893644497 0.7298720046552121 0.7299106180828565 0.7299492296469556 0.7299878393470727 0.7300264471827798 0.7300650531536403 0.7301036572592268 0.7301422594991003 0.7301808598728363 0.730219458380005 0.7302580550201676 0.730296649792896 0.7303352426977638 0.7303738337343337 0.7304124229021818 0.7304510102008706 0.7304895956299746 0.7305281791890641 0.7305667608777067 0.7306053406954756 0.7306439186419378 0.7306824947166679 0.7307210689192358 0.7307596412492114 0.7307982117061687 0.7308367802896711 0.7308753469993003 0.730913911834624 0.7309524747952127 0.7309910358806382 0.7310295950904793 0.7310681524242977 0.7311067078816764 0.7311452614621827 0.7311838131653909 0.7312223629908754 0.731260910938206 0.7312994570069602 0.7313380011967103 0.7313765435070319 0.7314150839374935 0.7314536224876758 0.7314921591571495 0.7315306939454902 0.7315692268522742 0.7316077578770728 0.731646287019462 0.7316848142790211 0.731723339655324 0.7317618631479452 0.7318003847564585 0.7318389044804436 0.7318774223194737 0.7319159382731273 0.7319544523409822 0.7319929645226106 0.7320314748175925 0.7320699832255053 0.732108489745926 0.7321469943784298 0.7321854971225983 0.7322239979780067 0.7322624969442311 0.7323009940208562 0.732339489207452 0.7323779825036012 0.7324164739088839 0.732454963422875 0.7324934510451573 0.732531936775308 0.732570420612908 0.7326089025575349 0.7326473826087683 0.7326858607661866 0.7327243370293774 0.732762811397913 0.7328012838713791 0.7328397544493517 0.7328782231314142 0.7329166899171438 0.7329551548061306 0.7329936177979455 0.7330320788921771 0.7330705380884024 0.7331089953862089 0.7331474507851712 0.7331859042848801 0.7332243558849081 0.7332628055848476 0.7333012533842731 0.7333396992827736 0.7333781432799273 0.7334165853753181 0.7334550255685341 0.733493463859157 0.7335319002467662 0.7335703347309495 0.7336087673112908 0.7336471979873731 0.7336856267587826 0.7337240536251015 0.7337624785859169 0.733800901640814 0.7338393227893774 0.7338777420311895 0.7339161593658385 0.7339545747929104 0.7339929883119882 0.734031399922664 0.7340698096245202 0.7341082174171403 0.7341466233001142 0.7341850272730306 0.7342234293354728 0.7342618294870276 0.7343002277272885 0.7343386240558347 0.7343770184722578 0.7344154109761485 0.7344538015670872 0.734492190244667 0.7345305770084762 0.7345689618581026 0.7346073447931358 0.734645725813166 0.7346841049177764 0.7347224821065592 0.7347608573791073 0.7347992307350069 0.7348376021738474 0.7348759716952202 0.7349143392987159 0.7349527049839217 0.734991068750428 0.7350294305978309 0.7350677905257159 0.735106148533677 0.7351445046213025 0.7351828587881863 0.7352212110339194 0.7352595613580921 0.7352979097602979 0.7353362562401258 0.7353746007971713 0.7354129434310266 0.7354512841412837 0.7354896229275307 0.7355279597893669 0.7355662947263859 0.7356046277381749 0.735642958824331 0.7356812879844492 0.7357196152181207 0.7357579405249373 0.7357962639044979 0.7358345853563977 0.735872904880225 0.7359112224755786 0.7359495381420535 0.7359878518792422 0.7360261636867413 0.7360644735641484 0.7361027815110543 0.7361410875270582 0.7361793916117583 0.7362176937647451 0.736255993985615 0.7362942922739686 0.7363325886293988 0.7363708830515061 0.736409175539884 0.7364474660941329 0.7364857547138455 0.736524041398622 0.7365623261480603 0.7366006089617587 0.7366388898393124 0.7366771687803246 0.7367154457843872 0.7367537208511039 0.7367919939800676 0.7368302651708873 0.736868534423152 0.7369068017364635 0.7369450671104254 0.7369833305446309 0.7370215920386838 0.7370598515921838 0.7370981092047317 0.7371363648759246 0.7371746186053634 0.7372128703926533 0.7372511202373893 0.737289368139175 0.7373276140976128 0.7373658581123024 0.7374041001828453 0.7374423403088417 0.7374805784898948 0.737518814725608 0.7375570490155825 0.7375952813594207 0.7376335117567252 0.7376717402070989 0.7377099667101459 0.7377481912654638 0.7377864138726609 0.7378246345313391 0.7378628532411047 0.7379010700015569 0.7379392848122999 0.7379774976729425 0.7380157085830834 0.7380539175423333 0.7380921245502903 0.7381303296065633 0.7381685327107568 0.738206733862472 0.7382449330613241 0.7382831303069064 0.7383213255988337 0.738359518936706 0.7383977103201331 0.7384358997487186 0.7384740872220714 0.7385122727397953 0.7385504563015006 0.7385886379067914 0.7386268175552759 0.7386649952465598 0.7387031709802525 0.7387413447559594 0.7387795165732922 0.7388176864318547 0.7388558543312558 0.7388940202711072 0.7389321842510128 0.7389703462705843 0.7390085063294325 0.7390466644271565 0.7390848205633778 0.7391229747376986 0.7391611269497289 0.7391992771990841 0.7392374254853635 0.7392755718081894 0.7393137161671617 0.7393518585618963 0.7393899989920016 0.7394281374570941 0.7394662739567723 0.7395044084906595 0.7395425410583623 0.739580671659493 0.7396188002936621 0.7396569269604805 0.739695051659562 0.7397331743905178 0.7397712951529629 0.7398094139465061 0.7398475307707624 0.7398856456253404 0.7399237585098573 0.7399618694239272 0.7399999783671618 0.7400380853391739 0.7400761903395772 0.740114293367987 0.7401523944240174 0.7401904935072816 0.7402285906173935 0.7402666857539697 0.7403047789166228 0.7403428701049704 0.7403809593186248 0.7404190465572014 0.7404571318203179 0.7404952151075888 0.740533296418628 0.7405713757530537 0.7406094531104832 0.7406475284905318 0.7406856018928138 0.7407236733169462 0.7407617427625506 0.7407998102292404 0.7408378757166294 0.7408759392243438 0.7409140007519921 0.7409520602991977 0.740990117865576 0.7410281734507476 0.7410662270543273 0.7411042786759374 0.7411423283151923 0.7411803759717115 0.741218421645117 0.7412564653350269 0.7412945070410581 0.7413325467628336 0.7413705844999701 0.741408620252088 0.7414466540188074 0.7414846857997508 0.7415227155945345 0.741560743402784 0.7415987692241146 0.74163679305815 0.7416748149045096 0.7417128347628177 0.7417508526326944 0.7417888685137626 0.7418268824056391 0.7418648943079487 0.7419029042203138 0.7419409121423581 0.7419789180737006 0.7420169220139676 0.7420549239627796 0.7420929239197602 0.7421309218845313 0.7421689178567175 0.7422069118359418 0.7422449038218286 0.7422828938140005 0.7423208818120841 0.7423588678156987 0.7423968518244746 0.7424348338380304 0.7424728138559953 0.7425107918779925 0.7425487679036458 0.7425867419325825 0.7426247139644271 0.7426626839988058 0.7427006520353423 0.742738618073667 0.7427765821133994 0.7428145441541727 0.7428525041956067 0.7428904622373336 0.7429284182789762 0.742966372320164 0.7430043243605227 0.7430422743996772 0.7430802224372606 0.7431181684728978 0.7431561125062183 0.7431940545368481 0.7432319945644146 0.743269932588545 0.7433078686088699 0.7433458026250215 0.7433837346366241 0.7434216646433063 0.7434595926447005 0.7434975186404351 0.7435354426301373 0.7435733646134348 0.7436112845899667 0.7436492025593555 0.7436871185212335 0.7437250324752336 0.7437629444209795 0.7438008543581094 0.7438387622862508 0.7438766682050331 0.7439145721140938 0.7439524740130588 0.7439903739015588 0.7440282717792313 0.7440661676456997 0.7441040615006063 0.744141953343574 0.7441798431742426 0.7442177309922451 0.7442556167972045 0.7442935005887641 0.7443313823665538 0.7443692621302063 0.7444071398793572 0.7444450156136369 0.7444828893326791 0.7445207610361213 0.744558630723597 0.7445964983947393 0.7446343640491822 0.7446722276865629 0.7447100893065128 0.744747948908671 0.7447858064926702 0.7448236620581463 0.7448615156047342 0.7448993671320712 0.7449372166397925 0.7449750641275319 0.7450129095949312 0.7450507530416224 0.7450885944672443 0.7451264338714321 0.7451642712538249 0.7452021066140571 0.7452399399517657 0.7452777712665934 0.7453156005581723 0.7453534278261436 0.7453912530701461 0.7454290762898146 0.7454668974847882 0.7455047166547075 0.7455425337992083 0.7455803489179311 0.7456181620105164 0.7456559730765984 0.7456937821158254 0.7457315891278298 0.7457693941122518 0.7458071970687334 0.7458449979969137 0.745882796896435 0.7459205937669382 0.7459583886080567 0.7459961814194405 0.746033972200723 0.7460717609515504 0.7461095476715633 0.7461473323604011 0.7461851150177072 0.7462228956431214 0.7462606742362898 0.7462984507968515 0.7463362253244474 0.7463739978187249 0.7464117682793205 0.7464495367058803 0.7464873030980488 0.7465250674554678 0.7465628297777802 0.7466005900646313 0.7466383483156598 0.746676104530517 0.7467138587088407 0.7467516108502792 0.7467893609544765 0.7468271090210714 0.7468648550497157 0.7469025990400537 0.7469403409917281 0.7469780809043831 0.7470158187776672 0.7470535546112234 0.7470912884046998 0.7471290201577425 0.7471667498699945 0.7472044775411013 0.747242203170718 0.7472799267584822 0.7473176483040411 0.7473553678070493 0.747393085267146 0.7474308006839827 0.7474685140572057 0.7475062253864635 0.7475439346714039 0.7475816419116703 0.7476193471069179 0.7476570502567914 0.7476947513609413 0.7477324504190144 0.7477701474306597 0.7478078423955292 0.7478455353132643 0.7478832261835224 0.7479209150059507 0.7479586017801969 0.747996286505916 0.7480339691827509 0.7480716498103557 0.748109328388384 0.7481470049164809 0.7481846793943019 0.7482223518214937 0.7482600221977087 0.7482976905225982 0.748335356795816 0.748373021017011 0.748410683185837 0.7484483433019422 0.7484860013649837 0.7485236573746108 0.748561311330477 0.7485989632322323 0.7486366130795354 0.7486742608720309 0.7487119066093819 0.7487495502912349 0.7487871919172449 0.7488248314870636 0.7488624690003483 0.7489001044567529 0.7489377378559285 0.7489753691975347 0.749012998481221 0.7490506257066434 0.7490882508734578 0.7491258739813209 0.7491634950298811 0.7492011140188017 0.7492387309477353 0.7492763458163334 0.7493139586242596 0.7493515693711652 0.7493891780567092 0.7494267846805422 0.749464389242328 0.7495019917417207 0.7495395921783723 0.7495771905519488 0.7496147868621033 0.7496523811084912 0.7496899732907716 0.749727563408602 0.7497651514616424 0.7498027374495495 0.7498403213719802 0.7498779032285965 0.7499154830190529 0.7499530607430123 0.7499906364001283 0.7500282099900659 0.7500657815124812 0.7501033509670338 0.7501409183533851 0.7501784836711907 0.7502160469201171 0.7502536080998197 0.7502911672099599 0.7503287242501973 0.7503662792201959 0.7504038321196127 0.7504413829481127 0.7504789317053531 0.7505164783909981 0.750554023004709 0.7505915655461433 0.7506291060149657 0.7506666444108432 0.7507041807334303 0.7507417149823961 0.7507792471573944 0.7508167772580983 0.7508543052841647 0.7508918312352568 0.7509293551110385 0.7509668769111724 0.7510043966353239 0.7510419142831575 0.7510794298543342 0.751116943348521 0.7511544547653759 0.7511919641045719 0.7512294713657717 0.7512669765486315 0.7513044796528294 0.7513419806780215 0.7513794796238753 0.751416976490056 0.751454471276233 0.7514919639820654 0.7515294546072244 0.7515669431513725 0.7516044296141784 0.7516419139953112 0.751679396294429 0.751716876511209 0.7517543546453089 0.7517918306964053 0.7518293046641547 0.7518667765482325 0.7519042463483081 0.7519417140640394 0.7519791796951023 0.7520166432411655 0.75205410470189 0.7520915640769537 0.7521290213660174 0.7521664765687555 0.7522039296848324 0.7522413807139232 0.7522788296556921 0.7523162765098086 0.7523537212759455 0.7523911639537724 0.7524286045429569 0.7524660430431709 0.7525034794540852 0.7525409137753665 0.752578346006691 0.7526157761477261 0.7526532041981453 0.7526906301576144 0.7527280540258126 0.7527654758024067 0.7528028954870687 0.7528403130794734 0.75287772857929 0.7529151419861877 0.7529525532998456 0.7529899625199343 0.7530273696461227 0.7530647746780883 0.7531021776155031 0.7531395784580381 0.7531769772053676 0.7532143738571679 0.7532517684131095 0.7532891608728671 0.7533265512361169 0.7533639395025287 0.7534013256717818 0.75343870974355 0.753476091717507 0.7535134715933234 0.7535508493706797 0.7535882250492532 0.7536255986287133 0.7536629701087412 0.7537003394890056 0.7537377067691913 0.7537750719489671 0.7538124350280133 0.7538497960060035 0.7538871548826154 0.7539245116575262 0.7539618663304168 0.7539992189009594 0.7540365693688338 0.7540739177337115 0.7541112639952785 0.7541486081532067 0.7541859502071746 0.7542232901568653 0.7542606280019544 0.7542979637421192 0.7543352973770379 0.7543726289063903 0.7544099583298567 0.7544472856471172 0.7544846108578438 0.7545219339617231 0.7545592549584323 0.7545965738476563 0.754633890629065 0.7546712053023454 0.75470851786718 0.7547458283232409 0.754783136670216 0.754820442907786 0.7548577470356261 0.7548950490534208 0.7549323489608537 0.7549696467576061 0.755006942443357 0.7550442360177869 0.75508152748058 0.755118816831422 0.7551561040699919 0.7551933891959679 0.7552306722090418 0.7552679531088886 0.7553052318951947 0.7553425085676448 0.7553797831259177 0.755417055569702 0.7554543258986777 0.7554915941125313 0.7555288602109438 0.7555661241936027 0.7556033860601896 0.7556406458103915 0.755677903443891 0.7557151589603759 0.7557524123595272 0.7557896636410313 0.755826912804576 0.7558641598498448 0.7559014047765236 0.7559386475842973 0.7559758882728538 0.7560131268418797 0.7560503632910587 0.7560875976200812 0.7561248298286287 0.7561620599163912 0.7561992878830572 0.7562365137283122 0.7562737374518453 0.7563109590533366 0.7563481785324846 0.7563853958889737 0.7564226111224868 0.7564598242327174 0.7564970352193507 0.7565342440820757 0.7565714508205852 0.7566086554345637 0.7566458579237008 0.7566830582876882 0.7567202565262132 0.7567574526389664 0.7567946466256359 0.7568318384859132 0.7568690282194876 0.7569062158260496 0.7569434013052898 0.7569805846568982 0.7570177658805648 0.7570549449759798 0.7570921219428399 0.757129296780831 0.757166469489643 0.7572036400689712 0.7572408085185127 0.7572779748379461 0.757315139026975 0.7573523010852825 0.7573894610125693 0.7574266188085201 0.7574637744728356 0.7575009280052045 0.7575380794053188 0.7575752286728719 0.7576123758075621 0.7576495208090754 0.7576866636771125 0.757723804411361 0.7577609430115182 0.7577980794772801 0.75783521380834 0.7578723460043908 0.7579094760651255 0.7579466039902447 0.7579837297794394 0.7580208534324053 0.7580579749488388 0.7580950943284352 0.758132211570888 0.7581693266758949 0.7582064396431534 0.7582435504723579 0.7582806591632076 0.7583177657153923 0.7583548701286145 0.7583919724025718 0.7584290725369545 0.7584661705314688 0.7585032663858076 0.7585403600996667 0.7585774516727466 0.758614541104742 0.7586516283953562 0.7586887135442821 0.7587257965512222 0.7587628774158712 0.7587999561379277 0.7588370327170952 0.7588741071530736 0.7589111794455554 0.7589482495942419 0.7589853175988348 0.7590223834590311 0.7590594471745369 0.7590965087450456 0.7591335681702605 0.7591706254498787 0.7592076805836043 0.7592447335711352 0.7592817844121775 0.7593188331064258 0.7593558796535864 0.7593929240533559 0.7594299663054371 0.7594670064095355 0.7595040443653507 0.7595410801725828 0.7595781138309334 0.759615145340111 0.7596521746998111 0.7596892019097414 0.7597262269695984 0.7597632498790912 0.7598002706379221 0.7598372892457945 0.7598743057024091 0.7599113200074714 0.7599483321606859 0.7599853421617568 0.7600223500103822 0.7600593557062751 0.7600963592491374 0.7601333606386689 0.7601703598745806 0.7602073569565766 0.7602443518843569 0.7602813446576338 0.7603183352761107 0.7603553237394884 0.7603923100474743 0.7604292941997772 0.7604662761961074 0.7605032560361604 0.7605402337196512 0.7605772092462837 0.7606141826157622 0.7606511538277996 0.7606881228821001 0.7607250897783668 0.7607620545163121 0.76079901709564 0.7608359775160642 0.7608729357772899 0.7609098918790185 0.7609468458209689 0.760983797602842 0.7610207472243515 0.761057694685203 0.7610946399851044 0.7611315831237708 0.7611685241009025 0.761205462916215 0.7612423995694175 0.7612793340602202 0.7613162663883268 0.7613531965534561 0.7613901245553143 0.7614270503936109 0.7614639740680587 0.7615008955783646 0.7615378149242442 0.7615747321054029 0.7616116471215619 0.7616485599724225 0.7616854706576992 0.7617223791771066 0.7617592855303537 0.7617961897171532 0.7618330917372163 0.7618699915902574 0.7619068892759875 0.7619437847941208 0.7619806781443685 0.7620175693264466 0.7620544583400617 0.7620913451849343 0.7621282298607759 0.7621651123672988 0.7622019927042136 0.7622388708712446 0.7622757468680952 0.7623126206944864 0.7623494923501277 0.7623863618347391 0.7624232291480304 0.7624600942897215 0.7624969572595228 0.7625338180571528 0.7625706766823255 0.7626075331347582 0.7626443874141635 0.7626812395202593 0.7627180894527641 0.762754937211392 0.762791782795855 0.7628286262058768 0.7628654674411717 0.7629023065014566 0.7629391433864503 0.7629759780958623 0.7630128106294203 0.7630496409868388 0.7630864691678316 0.7631232951721194 0.763160118999421 0.763196940649451 0.7632337601219323 0.7632705774165831 0.7633073925331215 0.7633442054712618 0.7633810162307286 0.7634178248112404 0.7634546312125146 0.7634914354342719 0.7635282374762329 0.7635650373381158 0.7636018350196421 0.7636386305205285 0.7636754238405006 0.7637122149792763 0.7637490039365746 0.7637857907121204 0.7638225753056309 0.7638593577168302 0.7638961379454374 0.7639329159911727 0.7639696918537604 0.7640064655329231 0.7640432370283823 0.7640800063398585 0.7641167734670735 0.7641535384097504 0.764190301167615 0.7642270617403866 0.7642638201277896 0.7643005763295454 0.7643373303453795 0.7643740821750122 0.764410831818171 0.7644475792745791 0.7644843245439583 0.7645210676260339 0.7645578085205273 0.7645945472271674 0.764631283745675 0.764668018075779 0.7647047502172029 0.7647414801696706 0.7647782079329066 0.7648149335066377 0.7648516568905865 0.7648883780844824 0.7649250970880501 0.7649618139010146 0.7649985285231082 0.7650352409540442 0.7650719511935591 0.76510865924138 0.7651453650972289 0.7651820687608368 0.7652187702319302 0.7652554695102318 0.7652921665954748 0.7653288614873861 0.7653655541856899 0.7654022446901148 0.7654389330003928 0.76547561911625 0.7655123030374134 0.7655489847636123 0.7655856642945766 0.7656223416300358 0.7656590167697177 0.76569568971335 0.765732360460661 0.7657690290113874 0.7658056953652532 0.765842359521991 0.7658790214813285 0.7659156812429961 0.7659523388067251 0.7659889941722473 0.7660256473392877 0.7660622983075847 0.7660989470768675 0.7661355936468632 0.7661722380173086 0.7662088801879299 0.766245520158461 0.766282157928635 0.766318793498181 0.7663554268668349 0.7663920580343275 0.7664286870003894 0.7664653137647548 0.7665019383271572 0.7665385606873278 0.7665751808449999 0.7666117987999082 0.7666484145517845 0.7666850281003639 0.7667216394453789 0.7667582485865638 0.7667948555236535 0.7668314602563804 0.7668680627844802 0.7669046631076888 0.7669412612257376 0.7669778571383628 0.7670144508453014 0.7670510423462864 0.7670876316410524 0.7671242187293386 0.7671608036108755 0.7671973862854033 0.7672339667526542 0.7672705450123669 0.767307121064279 0.7673436949081234 0.7673802665436413 0.7674168359705651 0.767453403188632 0.7674899681975837 0.7675265309971524 0.7675630915870775 0.767599649967093 0.7676362061369448 0.7676727600963653 0.7677093118450911 0.7677458613828638 0.76778240870942 0.767818953824497 0.7678554967278384 0.7678920374191791 0.7679285758982586 0.7679651121648128 0.768001646218591 0.7680381780593208 0.7680747076867491 0.7681112351006156 0.7681477603006575 0.7681842832866137 0.7682208040582288 0.7682573226152418 0.7682938389573912 0.7683303530844219 0.7683668649960698 0.7684033746920802 0.768439882172187 0.7684763874361429 0.7685128904836798 0.7685493913145471 0.768585889928479 0.7686223863252213 0.7686588805045182 0.768695372466109 0.7687318622097377 0.7687683497351483 0.7688048350420771 0.7688413181302745 0.7688777989994817 0.7689142776494424 0.768950754079893 0.7689872282905861 0.7690237002812619 0.7690601700516682 0.7690966376015425 0.7691331029306308 0.7691695660386801 0.7692060269254328 0.7692424855906359 0.7692789420340329 0.7693153962553669 0.7693518482543849 0.7693882980308357 0.7694247455844594 0.769461190915002 0.7694976340222142 0.7695340749058375 0.769570513565619 0.7696069500013054 0.7696433842126449 0.7696798161993796 0.7697162459612592 0.7697526734980296 0.7697890988094422 0.7698255218952361 0.7698619427551674 0.769898361388978 0.7699347777964167 0.7699711919772312 0.7700076039311725 0.7700440136579831 0.7700804211574173 0.7701168264292217 0.7701532294731401 0.7701896302889277 0.7702260288763316 0.7702624252351022 0.7702988193649838 0.7703352112657305 0.7703716009370924 0.7704079883788153 0.7704443735906508 0.7704807565723517 0.7705171373236634 0.77055351584434 0.7705898921341281 0.7706262661927887 0.7706626380200585 0.7706990076156963 0.7707353749794541 0.770771740111081 0.770808103010326 0.7708444636769454 0.7708808221106886 0.7709171783113105 0.7709535322785543 0.7709898840121834 0.7710262335119447 0.7710625807775926 0.7710989258088785 0.7711352686055561 0.7711716091673753 0.7712079474940934 0.7712442835854638 0.7712806174412372 0.7713169490611684 0.7713532784450119 0.7713896055925209 0.7714259305034508 0.7714622531775548 0.7714985736145852 0.7715348918143032 0.7715712077764576 0.7716075215008042 0.7716438329870998 0.7716801422350974 0.7717164492445547 0.7717527540152276 0.7717890565468708 0.7718253568392366 0.7718616548920867 0.771897950705176 0.7719342442782569 0.7719705356110884 0.7720068247034306 0.7720431115550364 0.7720793961656598 0.7721156785350665 0.7721519586630077 0.7721882365492401 0.772224512193523 0.7722607855956158 0.7722970567552752 0.7723333256722587 0.7723695923463232 0.7724058567772314 0.7724421189647392 0.7724783789086018 0.7725146366085827 0.772550892064439 0.7725871452759312 0.7726233962428177 0.7726596449648571 0.772695891441809 0.7727321356734362 0.7727683776594956 0.7728046173997474 0.7728408548939532 0.7728770901418711 0.7729133231432672 0.7729495538978948 0.772985782405518 0.773022008665897 0.7730582326787965 0.7730944544439737 0.773130673961191 0.7731668912302117 0.7732031062507945 0.7732393190227047 0.7732755295457014 0.7733117378195491 0.7733479438440105 0.7733841476188466 0.7734203491438187 0.7734565484186913 0.7734927454432285 0.7735289402171954 0.7735651327403499 0.773601323012457 0.77363751103328 0.7736736968025872 0.7737098803201388 0.773746061585699 0.7737822405990311 0.7738184173599032 0.7738545918680757 0.773890764123315 0.7739269341253876 0.7739631018740551 0.7739992673690816 0.7740354306102399 0.7740715915972924 0.7741077503299993 0.7741439068081317 0.7741800610314529 0.774216212999733 0.7742523627127333 0.7742885101702202 0.7743246553719656 0.7743607983177343 0.7743969390072878 0.7744330774404018 0.774469213616835 0.7745053475363566 0.7745414791987404 0.7745776086037481 0.7746137357511498 0.7746498606407115 0.7746859832722035 0.7747221036453924 0.7747582217600459 0.7747943376159352 0.7748304512128268 0.7748665625504916 0.7749026716286966 0.7749387784472108 0.7749748830058054 0.7750109853042488 0.7750470853423113 0.7750831831197598 0.7751192786363688 0.7751553718919053 0.7751914628861394 0.7752275516188429 0.7752636380897864 0.7752997222987392 0.7753358042454739 0.7753718839297585 0.7754079613513714 0.7754440365100725 0.7754801094056432 0.7755161800378507 0.7755522484064632 0.7755883145112623 0.7756243783520145 0.7756604399284908 0.775696499240464 0.7757325562877062 0.775768611069994 0.7758046635870945 0.7758407138387866 0.7758767618248428 0.7759128075450299 0.7759488509991261 0.7759848921869079 0.7760209311081401 0.7760569677626061 0.776093002150078 0.7761290342703249 0.7761650641231235 0.7762010917082485 0.7762371170254774 0.7762731400745819 0.7763091608553387 0.7763451793675193 0.7763811956109052 0.7764172095852686 0.7764532212903803 0.7764892307260238 0.7765252378919685 0.7765612427879955 0.776597245413881 0.7766332457693979 0.776669243854325 0.7767052396684353 0.7767412332115096 0.7767772244833242 0.776813213483655 0.7768492002122782 0.7768851846689744 0.7769211668535185 0.7769571467656915 0.7769931244052668 0.7770290997720259 0.7770650728657458 0.777101043686204 0.7771370122331789 0.7771729785064507 0.7772089425057973 0.7772449042309955 0.777280863681826 0.7773168208580705 0.7773527757595053 0.777388728385912 0.7774246787370684 0.7774606268127551 0.7774965726127478 0.7775325161368345 0.7775684573847923 0.777604396356403 0.7776403330514416 0.7776762674696933 0.7777121996109382 0.7777481294749544 0.777784057061528 0.7778199823704384 0.7778559054014673 0.777891826154395 0.7779277446290058 0.7779636608250762 0.7779995747423931 0.7780354863807402 0.7780713957398957 0.7781073028196448 0.778143207619767 0.7781791101400466 0.7782150103802674 0.7782509083402136 0.7782868040196693 0.7783226974184125 0.7783585885362279 0.7783944773729048 0.7784303639282217 0.778466248201966 0.7785021301939212 0.7785380099038701 0.7785738873315977 0.7786097624768848 0.7786456353395281 0.7786815059192995 0.7787173742159916 0.7787532402293869 0.7787891039592685 0.778824965405426 0.7788608245676427 0.7788966814457059 0.7789325360394006 0.778968388348513 0.7790042383728315 0.7790400861121412 0.779075931566225 0.7791117747348757 0.7791476156178738 0.7791834542150138 0.7792192905260749 0.7792551245508528 0.7792909562891266 0.7793267857406887 0.7793626129053268 0.7793984377828285 0.7794342603729785 0.7794700806755701 0.7795058986903904 0.7795417144172245 0.7795775278558643 0.7796133390060973 0.779649147867715 0.779684954440502 0.7797207587242536 0.7797565607187502 0.7797923604237884 0.779828157839159 0.7798639529646478 0.779899745800047 0.7799355363451432 0.7799713245997308 0.7800071105636008 0.7800428942365416 0.7800786756183409 0.7801144547087941 0.7801502315076925 0.7801860060148234 0.7802217782299821 0.7802575481529586 0.7802933157835437 0.7803290811215264 0.7803648441667081 0.7804006049188703 0.7804363633778135 0.7804721195433244 0.780507873415196 0.7805436249932263 0.7805793742772016 0.7806151212669183 0.7806508659621687 0.7806866083627471 0.7807223484684453 0.7807580862790564 0.7807938217943764 0.7808295550141984 0.780865285938315 0.780901014566521 0.7809367408986108 0.7809724649343823 0.7810081866736205 0.7810439061161336 0.7810796232617037 0.7811153381101379 0.7811510506612172 0.7811867609147531 0.7812224688705258 0.7812581745283411 0.7812938778879892 0.781329578949272 0.7813652777119791 0.7814009741759109 0.7814366683408593 0.7814723602066269 0.7815080497730071 0.781543737039798 0.781579422006792 0.781615104673794 0.7816507850405947 0.7816864631069915 0.7817221388727877 0.7817578123377769 0.7817934835017579 0.7818291523645269 0.7818648189258841 0.7819004831856264 0.7819361451435536 0.7819718047994628 0.7820074621531556 0.782043117204426 0.7820787699530776 0.7821144203989054 0.7821500685417127 0.7821857143812987 0.7822213579174588 0.7822569991499988 0.7822926380787136 0.7823282747034035 0.7823639090238692 0.7823995410399156 0.7824351707513413 0.7824707981579411 0.7825064232595196 0.7825420460558794 0.7825776665468172 0.7826132847321421 0.7826489006116479 0.7826845141851368 0.7827201254524139 0.7827557344132814 0.7827913410675365 0.7828269454149854 0.782862547455428 0.7828981471886682 0.7829337446145062 0.7829693397327486 0.7830049325431949 0.783040523045649 0.7830761112399158 0.7831116971257943 0.7831472807030901 0.7831828619716088 0.7832184409311513 0.7832540175815268 0.7832895919225302 0.7833251639539718 0.7833607336756547 0.7833963010873828 0.783431866188963 0.7834674289801973 0.7835029894608883 0.7835385476308443 0.7835741034898724 0.7836096570377733 0.7836452082743559 0.7836807571994249 0.7837163038127875 0.7837518481142447 0.7837873901036054 0.7838229297806794 0.7838584671452637 0.7838940021971741 0.7839295349362132 0.783965065362191 0.7840005934749064 0.7840361192741754 0.7840716427598005 0.7841071639315884 0.784142682789349 0.7841781993328891 0.7842137135620153 0.7842492254765363 0.784284735076261 0.7843202423609958 0.7843557473305498 0.784391249984733 0.7844267503233537 0.7844622483462196 0.7844977440531369 0.7845332374439216 0.7845687285183764 0.7846042172763088 0.7846397037175399 0.784675187841867 0.7847106696491055 0.784746149139067 0.784781626311557 0.7848171011663898 0.7848525737033705 0.7848880439223174 0.7849235118230344 0.7849589774053332 0.7849944406690257 0.7850299016139242 0.7850653602398403 0.7851008165465823 0.785136270533962 0.7851717222017962 0.7852071715498905 0.7852426185780605 0.7852780632861183 0.7853135056738727 0.7853489457411373 0.7853843834877279 0.7854198189134503 0.7854552520181259 0.7854906828015613 0.7855261112635756 0.7855615374039733 0.7855969612225759 0.7856323827191893 0.7856678018936338 0.7857032187457227 0.7857386332752667 0.7857740454820807 0.7858094553659813 0.785844862926778 0.7858802681642942 0.7859156710783322 0.7859510716687141 0.785986469935257 0.7860218658777733 0.7860572594960757 0.7860926507899821 0.7861280397593076 0.7861634264038662 0.7861988107234792 0.7862341927179559 0.7862695723871163 0.7863049497307733 0.7863403247487486 0.7863756974408544 0.7864110678069096 0.7864464358467305 0.7864818015601314 0.7865171649469309 0.7865525260069473 0.7865878847399992 0.7866232411458993 0.7866585952244702 0.7866939469755292 0.7867292963988899 0.7867646434943731 0.7867999882617978 0.7868353307009823 0.7868706708117463 0.7869060085939021 0.7869413440472781 0.786976677171682 0.787012007966944 0.7870473364328774 0.7870826625692995 0.7871179863760358 0.7871533078529023 0.7871886269997168 0.7872239438163033 0.7872592583024811 0.7872945704580685 0.7873298802828894 0.78736518777676 0.7874004929394998 0.7874357957709355 0.7874710962708853 0.7875063944391671 0.7875416902756092 0.7875769837800257 0.7876122749522412 0.7876475637920781 0.7876828502993551 0.7877181344738975 0.7877534163155244 0.7877886958240625 0.7878239729993304 0.7878592478411475 0.7878945203493437 0.7879297905237392 0.7879650583641502 0.7880003238704132 0.7880355870423383 0.7880708478797549 0.7881061063824855 0.7881413625503553 0.7881766163831858 0.7882118678808001 0.7882471170430254 0.7882823638696848 0.7883176083605998 0.7883528505155994 0.788388090334502 0.7884233278171382 0.7884585629633314 0.7884937957729066 0.7885290262456843 0.7885642543814966 0.7885994801801621 0.7886347036415147 0.7886699247653741 0.7887051435515673 0.7887403599999214 0.7887755741102622 0.7888107858824123 0.7888459953162035 0.7888812024114591 0.7889164071680081 0.7889516095856735 0.7889868096642869 0.7890220074036742 0.7890572028036575 0.7890923958640701 0.7891275865847376 0.7891627749654879 0.7891979610061506 0.7892331447065497 0.7892683260665145 0.7893035050858739 0.7893386817644565 0.7893738561020918 0.7894090280986039 0.789444197753828 0.7894793650675882 0.7895145300397157 0.7895496926700389 0.7895848529583867 0.7896200109045919 0.7896551665084772 0.7896903197698788 0.7897254706886225 0.7897606192645434 0.789795765497467 0.7898309093872229 0.7898660509336441 0.789901190136562 0.7899363269958051 0.7899714615112075 0.790006593682594 0.7900417235098016 0.7900768509926595 0.7901119761310005 0.7901470989246533 0.790182219373448 0.7902173374772228 0.7902524532358055 0.7902875666490283 0.7903226777167254 0.7903577864387255 0.7903928928148642 0.7904279968449754 0.7904630985288892 0.7904981978664392 0.7905332948574566 0.7905683895017777 0.7906034817992378 0.7906385717496631 0.7906736593528927 0.7907087446087588 0.7907438275170962 0.7907789080777354 0.7908139862905172 0.7908490621552693 0.7908841356718299 0.7909192068400315 0.790954275659713 0.7909893421307057 0.7910244062528429 0.7910594680259622 0.7910945274499013 0.7911295845244897 0.7911646392495659 0.7911996916249695 0.7912347416505316 0.7912697893260863 0.7913048346514757 0.7913398776265315 0.7913749182510914 0.7914099565249917 0.7914449924480713 0.791480026020162 0.7915150572411056 0.7915500861107381 0.7915851126288935 0.7916201367954141 0.7916551586101328 0.791690178072892 0.7917251951835249 0.7917602099418732 0.7917952223477691 0.7918302324010564 0.7918652401015693 0.7919002454491535 0.791935248443641 0.7919702490848699 0.7920052473726811 0.7920402433069142 0.7920752368874084 0.792110228114002 0.7921452169865355 0.7921802035048449 0.7922151876687753 0.792250169478161 0.7922851489328493 0.7923201260326727 0.7923551007774745 0.7923900731670919 0.7924250432013742 0.7924600108801549 0.792494976203272 0.7925299391705727 0.792564899781897 0.7925998580370839 0.7926348139359753 0.7926697674784122 0.792704718664236 0.7927396674932927 0.7927746139654186 0.7928095580804595 0.7928444998382531 0.792879439238646 0.7929143762814799 0.7929493109665944 0.7929842432938368 0.7930191732630443 0.7930541008740621 0.7930890261267343 0.793123949020905 0.7931588695564167 0.7931937877331132 0.7932287035508345 0.793263617009428 0.7932985281087386 0.7933334368486051 0.7933683432288741 0.7934032472493935 0.7934381489100029 0.7934730482105534 0.7935079451508802 0.7935428397308333 0.7935777319502599 0.7936126218090016 0.7936475093069031 0.7936823944438116 0.7937172772195737 0.793752157634035 0.7937870356870382 0.7938219113784291 0.7938567847080584 0.7938916556757674 0.7939265242814055 0.7939613905248182 0.7939962544058488 0.7940311159243483 0.7940659750801631 0.7941008318731395 0.7941356863031259 0.7941705383699658 0.7942053880735092 0.7942402354136049 0.7942750803900966 0.7943099230028365 0.7943447632516674 0.794379601136445 0.7944144366570107 0.794449269813214 0.7944841006049057 0.7945189290319326 0.7945537550941435 0.7945885787913851 0.7946234001235144 0.7946582190903726 0.7946930356918092 0.7947278499276789 0.7947626617978274 0.7947974713021024 0.7948322784403581 0.7948670832124434 0.7949018856182064 0.7949366856574991 0.7949714833301718 0.7950062786360734 0.7950410715750569 0.7950758621469705 0.7951106503516661 0.7951454361889947 0.7951802196588069 0.7952150007609582 0.7952497794952929 0.7952845558616666 0.7953193298599275 0.7953541014899352 0.7953888707515353 0.7954236376445794 0.7954584021689237 0.7954931643244165 0.7955279241109119 0.7955626815282637 0.7955974365763248 0.7956321892549445 0.7956669395639788 0.7957016875032805 0.7957364330727006 0.7957711762720985 0.7958059171013234 0.7958406555602267 0.7958753916486629 0.7959101253664911 0.7959448567135605 0.795979585689728 0.796014312294844 0.7960490365287685 0.7960837583913491 0.796118477882451 0.7961531950019181 0.7961879097496105 0.7962226221253823 0.7962573321290907 0.7962920397605884 0.7963267450197324 0.7963614479063779 0.7963961484203814 0.7964308465615983 0.7964655423298816 0.7965002357250941 0.7965349267470854 0.7965696153957167 0.7966043016708422 0.7966389855723193 0.7966736671000028 0.7967083462537545 0.7967430230334276 0.7967776974388783 0.7968123694699689 0.7968470391265521 0.7968817064084892 0.796916371315636 0.7969510338478476 0.7969856940049864 0.7970203517869074 0.7970550071934732 0.7970896602245376 0.7971243108799635 0.7971589591596011 0.7971936050633213 0.7972282485909736 0.7972628897424234 0.7972975285175239 0.7973321649161382 0.7973667989381266 0.7974014305833435 0.7974360598516546 0.797470686742916 0.7975053112569923 0.797539933393735 0.7975745531530116 0.7976091705346819 0.7976437855386034 0.7976783981646398 0.7977130084126496 0.7977476162824935 0.7977822217740358 0.7978168248871351 0.7978514256216496 0.7978860239774477 0.7979206199543873 0.7979552135523289 0.7979898047711351 0.7980243936106677 0.7980589800707896 0.7980935641513627 0.79812814585225 0.7981627251733137 0.7981973021144135 0.7982318766754175 0.7982664488561824 0.7983010186565775 0.7983355860764609 0.7983701511156986 0.7984047137741517 0.7984392740516884 0.7984738319481643 0.7985083874634507 0.7985429405974065 0.7985774913499042 0.7986120397207932 0.7986465857099523 0.798681129317238 0.7987156705425156 0.7987502093856516 0.7987847458465103 0.7988192799249554 0.7988538116208543 0.7988883409340677 0.7989228678644673 0.7989573924119149 0.7989919145762756 0.799026434357414 0.7990609517552023 0.7990954667694967 0.7991299794001745 0.7991644896470909 0.7991989975101221 0.7992335029891233 0.7992680060839734 0.7993025067945312 0.7993370051206665 0.7993715010622446 0.7994059946191352 0.799440485791201 0.7994749745783121 0.7995094609803404 0.7995439449971449 0.799578426628599 0.799612905874572 0.7996473827349271 0.7996818572095321 0.799716329298261 0.7997507990009796 0.7997852663175553 0.7998197312478563 0.7998541937917494 0.7998886539491132 0.7999231117198031 0.7999575671036994 0.7999920201006663 0.8000264707105758 0.8000609189332937 0.8000953647686919 0.8001298082166421 0.800164249277012 0.8001986879496692 0.8002331242344882 0.8002675581313394 0.8003019896400894 0.8003364187606108 0.8003708454927765 0.8004052698364543 0.8004396917915164 0.8004741113578322 0.8005085285352735 0.8005429433237183 0.8005773557230282 0.8006117657330789 0.8006461733537453 0.8006805785848943 0.8007149814263976 0.8007493818781313 0.8007837799399651 0.8008181756117747 0.8008525688934285 0.8008869597848012 0.8009213482857642 0.8009557343961893 0.800990118115954 0.8010244994449252 0.8010588783829822 0.8010932549299954 0.8011276290858385 0.8011620008503877 0.801196370223515 0.8012307372050902 0.8012651017949959 0.8012994639930973 0.8013338237992724 0.8013681812133984 0.8014025362353463 0.8014368888649899 0.8014712391022081 0.8015055869468726 0.8015399323988608 0.8015742754580417 0.8016086161243001 0.8016429543975083 0.8016772902775378 0.8017116237642659 0.8017459548575676 0.8017802835573251 0.8018146098634042 0.8018489337756909 0.8018832552940554 0.8019175744183755 0.8019518911485284 0.8019862054843889 0.8020205174258415 0.8020548269727501 0.8020891341250016 0.8021234388824727 0.8021577412450316 0.8021920412125696 0.8022263387849544 0.8022606339620666 0.8022949267437822 0.8023292171299825 0.8023635051205416 0.8023977907153399 0.802432073914257 0.8024663547171704 0.8025006331239581 0.8025349091344989 0.8025691827486718 0.8026034539663551 0.8026377227874288 0.8026719892117693 0.8027062532392584 0.8027405148697795 0.8027747741032072 0.8028090309394187 0.8028432853782992 0.8028775374197266 0.8029117870635805 0.8029460343097408 0.8029802791580902 0.803014521608505 0.8030487616608699 0.8030829993150652 0.8031172345709678 0.8031514674284645 0.8031856978874319 0.8032199259477533 0.8032541516093066 0.8032883748719759 0.8033225957356429 0.8033568142001886 0.8033910302654994 0.8034252439314506 0.8034594551979248 0.8034936640648065 0.8035278705319806 0.8035620745993233 0.8035962762667213 0.8036304755340531 0.8036646724012106 0.8036988668680722 0.8037330589345149 0.8037672486004281 0.8038014358656935 0.8038356207301951 0.8038698031938138 0.8039039832564383 0.8039381609179475 0.80397233617823 0.8040065090371655 0.8040406794946389 0.8040748475505373 0.8041090132047426 0.8041431764571398 0.8041773373076149 0.8042114957560489 0.8042456518023324 0.8042798054463469 0.804313956687976 0.8043481055271096 0.8043822519636299 0.8044163959974222 0.8044505376283726 0.8044846768563696 0.804518813681294 0.8045529481030369 0.8045870801214834 0.8046212097365144 0.8046553369480236 0.80468946175589 0.8047235841600087 0.8047577041602629 0.8047918217565408 0.8048259369487241 0.8048600497367002 0.8048941601203641 0.8049282680995964 0.8049623736742875 0.8049964768443245 0.8050305776095952 0.8050646759699882 0.8050987719253901 0.8051328654756862 0.805166956620768 0.8052010453605274 0.805235131694849 0.805269215623617 0.80530329714673 0.8053373762640681 0.805371452975526 0.8054055272809897 0.8054395991803502 0.8054736686734938 0.8055077357603129 0.8055418004406951 0.8055758627145315 0.8056099225817146 0.8056439800421276 0.8056780350956674 0.805712087742219 0.8057461379816753 0.8057801858139266 0.8058142312388643 0.8058482742563751 0.8058823148663539 0.805916353068689 0.805950388863274 0.8059844222499997 0.8060184532287553 0.8060524817994323 0.8060865079619228 0.8061205317161209 0.8061545530619156 0.8061885719992004 0.8062225885278651 0.806256602647804 0.8062906143589095 0.8063246236610708 0.8063586305541832 0.8063926350381379 0.8064266371128306 0.8064606367781535 0.8064946340339936 0.8065286288802527 0.8065626213168176 0.8065966113435818 0.8066305989604434 0.8066645841672901 0.8066985669640236 0.8067325473505307 0.8067665253267118 0.8068005008924501 0.806834474047649 0.8068684447922005 0.8069024131260005 0.8069363790489419 0.8069703425609192 0.807004303661822 0.8070382623515571 0.807072218630009 0.8071061724970767 0.8071401239526597 0.8071740729966457 0.8072080196289346 0.8072419638494206 0.8072759056580026 0.807309845054571 0.8073437820390263 0.8073777166112648 0.8074116487711804 0.8074455785186658 0.807479505853625 0.8075134307759517 0.8075473532855395 0.8075812733822891 0.8076151910660974 0.8076491063368607 0.8076830191944753 0.8077169296388398 0.8077508376698472 0.8077847432874021 0.8078186464913959 0.8078525472817357 0.807886445658307 0.8079203416210143 0.8079542351697562 0.8079881263044322 0.8080220150249335 0.808055901331169 0.8080897852230302 0.8081236667004168 0.8081575457632268 0.8081914224113618 0.8082252966447223 0.8082591684632046 0.8082930378667061 0.80832690485513 0.8083607694283748 0.8083946315863386 0.8084284913289232 0.8084623486560292 0.8084962035675569 0.8085300560634019 0.8085639061434666 0.808597753807657 0.8086315990558655 0.808665441887995 0.8086992823039527 0.8087331203036281 0.8087669558869328 0.8088007890537607 0.8088346198040175 0.8088684481376027 0.808902274054417 0.8089360975543647 0.8089699186373438 0.8090037373032568 0.8090375535520122 0.8090713673835039 0.8091051787976353 0.8091389877943109 0.8091727943734348 0.8092065985349071 0.8092404002786286 0.8092741996045076 0.809307996512439 0.8093417910023324 0.8093755830740919 0.8094093727276139 0.8094431599628038 0.8094769447795709 0.809510727177815 0.809544507157435 0.8095782847183433 0.8096120598604366 0.8096458325836267 0.8096796028878097 0.8097133707728945 0.8097471362387878 0.8097808992853861 0.8098146599126002 0.8098484181203329 0.8098821739084898 0.8099159272769776 0.8099496782256974 0.8099834267545587 0.8100171728634653 0.8100509165523198 0.8100846578210297 0.8101183966695025 0.8101521330976449 0.8101858671053588 0.8102195986925493 0.8102533278591291 0.8102870546049976 0.8103207789300655 0.8103545008342414 0.8103882203174255 0.8104219373795276 0.8104556520204547 0.8104893642401154 0.8105230740384164 0.8105567814152621 0.810590486370562 0.8106241889042218 0.810657889016152 0.8106915867062576 0.8107252819744493 0.810758974820629 0.8107926652447113 0.8108263532466031 0.8108600388262106 0.8108937219834425 0.8109274027182094 0.8109610810304204 0.8109947569199771 0.8110284303867963 0.8110621014307837 0.8110957700518509 0.8111294362499037 0.8111631000248498 0.8111967613766065 0.8112304203050786 0.8112640768101704 0.8112977308918001 0.8113313825498754 0.8113650317843042 0.8113986785949958 0.8114323229818663 0.8114659649448188 0.8114996044837692 0.8115332415986256 0.8115668762893 0.8116005085556992 0.8116341383977395 0.8116677658153311 0.8117013908083799 0.8117350133768022 0.811768633520511 0.8118022512394134 0.8118358665334215 0.8118694794024504 0.8119030898464059 0.8119366978652076 0.8119703034587611 0.8120039066269855 0.8120375073697848 0.812071105687078 0.8121047015787743 0.8121382950447886 0.8121718860850307 0.8122054746994116 0.8122390608878551 0.8122726446502613 0.8123062259865512 0.8123398048966382 0.8123733813804312 0.8124069554378486 0.8124405270687958 0.8124740962731987 0.8125076630509618 0.8125412274020027 0.8125747893262352 0.812608348823576 0.8126419058939369 0.8126754605372295 0.8127090127533729 0.8127425625422793 0.8127761099038662 0.8128096548380435 0.8128431973447348 0.812876737423847 0.8129102750752981 0.8129438102990028 0.8129773430948799 0.8130108734628441 0.8130444014028075 0.8130779269146906 0.8131114499984067 0.8131449706538727 0.813178488881001 0.8132120046797133 0.8132455180499238 0.8132790289915499 0.8133125375045038 0.8133460435887123 0.8133795472440832 0.8134130484705342 0.8134465472679875 0.8134800436363556 0.813513537575558 0.8135470290855122 0.8135805181661355 0.8136140048173437 0.8136474890390566 0.8136809708311907 0.8137144501936682 0.8137479271264019 0.8137814016293132 0.8138148737023179 0.8138483433453381 0.8138818105582883 0.8139152753410877 0.8139487376936574 0.8139821976159154 0.8140156551077808 0.8140491101691738 0.8140825628000126 0.8141160130002136 0.8141494607697006 0.8141829061083932 0.8142163490162075 0.8142497894930663 0.8142832275388903 0.8143166631535963 0.8143500963371042 0.8143835270893376 0.8144169554102136 0.8144503812996575 0.8144838047575855 0.8145172257839182 0.8145506443785786 0.8145840605414871 0.8146174742725627 0.81465088557173 0.8146842944389063 0.8147177008740178 0.8147511048769824 0.8147845064477204 0.8148179055861613 0.8148513022922188 0.8148846965658165 0.8149180884068761 0.8149514778153217 0.8149848647910791 0.8150182493340616 0.8150516314441978 0.8150850111214096 0.8151183883656192 0.8151517631767482 0.8151851355547235 0.815218505499463 0.8152518730108922 0.8152852380889359 0.8153186007335149 0.8153519609445559 0.8153853187219768 0.8154186740657063 0.8154520269756662 0.8154853774517841 0.8155187254939791 0.8155520711021758 0.8155854142763019 0.8156187550162801 0.815652093322033 0.8156854291934874 0.8157187626305678 0.8157520936331983 0.8157854222013037 0.8158187483348076 0.8158520720336431 0.8158853932977246 0.8159187121269822 0.8159520285213429 0.8159853424807308 0.8160186540050729 0.8160519630942908 0.8160852697483154 0.8161185739670684 0.8161518757504806 0.8161851750984759 0.8162184720109817 0.8162517664879194 0.816285058529219 0.8163183481348129 0.8163516353046198 0.8163849200385715 0.8164182023365916 0.8164514821986106 0.8164847596245521 0.8165180346143455 0.8165513071679205 0.8165845772851983 0.8166178449661143 0.8166511102105904 0.8166843730185582 0.8167176333899433 0.8167508913246719 0.8167841468226793 0.816817399883885 0.8168506505082269 0.816883898695627 0.8169171444460133 0.816950387759318 0.8169836286354704 0.8170168670743974 0.8170501030760262 0.8170833366402912 0.817116567767119 0.8171497964564376 0.8171830227081782 0.817216246522273 0.8172494678986464 0.8172826868372323 0.8173159033379582 0.8173491174007521 0.8173823290255506 0.8174155382122801 0.8174487449608727 0.8174819492712537 0.8175151511433651 0.8175483505771255 0.817581547572473 0.8176147421293325 0.8176479342476426 0.8176811239273256 0.8177143111683236 0.8177474959705591 0.8177806783339656 0.81781385825848 0.8178470357440257 0.817880210790543 0.8179133833979557 0.8179465535661992 0.8179797212952089 0.8180128865849121 0.8180460494352442 0.8180792098461356 0.8181123678175224 0.818145523349334 0.8181786764415033 0.8182118270939633 0.8182449753066487 0.8182781210794876 0.8183112644124231 0.8183444053053792 0.8183775437582947 0.8184106797711035 0.8184438133437304 0.8184769444761231 0.8185100731682013 0.8185431994199108 0.8185763232311771 0.8186094446019418 0.8186425635321304 0.8186756800216872 0.8187087940705415 0.818741905678626 0.8187750148458761 0.8188081215722298 0.818841225857621 0.8188743277019848 0.8189074271052545 0.8189405240673653 0.8189736185882552 0.8190067106678578 0.819039800306111 0.819072887502948 0.8191059722583041 0.8191390545721187 0.8191721344443232 0.8192052118748547 0.819238286863653 0.819271359410654 0.819304429515789 0.8193374971789986 0.8193705624002197 0.8194036251793868 0.8194366855164408 0.8194697434113136 0.8195027988639416 0.8195358518742699 0.8195689024422277 0.8196019505677572 0.8196349962507952 0.819668039491277 0.8197010802891413 0.8197341186443288 0.8197671545567722 0.8198001880264127 0.8198332190531876 0.8198662476370366 0.8198992737778972 0.8199322974757044 0.8199653187304048 0.8199983375419266 0.8200313539102211 0.8200643678352131 0.8200973793168553 0.8201303883550766 0.8201633949498206 0.8201963991010259 0.8202294008086326 0.8202624000725767 0.820295396892802 0.8203283912692481 0.8203613832018526 0.8203943726905589 0.8204273597353027 0.8204603443360226 0.820493326492667 0.8205263062051666 0.8205592834734732 0.8205922582975167 0.8206252306772428 0.8206582006125898 0.8206911681035027 0.820724133149918 0.8207570957517787 0.8207900559090267 0.8208230136216028 0.8208559688894508 0.8208889217125082 0.8209218720907152 0.8209548200240213 0.8209877655123587 0.8210207085556749 0.8210536491539151 0.8210865873070137 0.8211195230149184 0.8211524562775683 0.821185387094908 0.8212183154668808 0.8212512413934239 0.8212841648744869 0.8213170859100103 0.8213500044999376 0.8213829206442107 0.821415834342772 0.8214487455955641 0.8214816544025341 0.8215145607636245 0.8215474646787753 0.821580366147936 0.8216132651710448 0.8216461617480486 0.8216790558788898 0.8217119475635155 0.8217448368018656 0.8217777235938875 0.8218106079395273 0.8218434898387257 0.8218763692914293 0.8219092462975817 0.8219421208571274 0.8219749929700138 0.8220078626361835 0.8220407298555861 0.8220735946281565 0.8221064569538514 0.8221393168326101 0.8221721742643819 0.8222050292491074 0.82223788178674 0.8222707318772189 0.8223035795204905 0.8223364247165015 0.8223692674652048 0.8224021077665364 0.8224349456204476 0.822467781026885 0.8225006139857967 0.8225334444971255 0.8225662725608229 0.8225990981768287 0.8226319213450941 0.8226647420655695 0.8226975603381996 0.8227303761629305 0.8227631895397087 0.8227960004684838 0.8228288089492031 0.822861614981818 0.8228944185662674 0.8229272197025053 0.8229600183904804 0.8229928146301373 0.8230256084214254 0.8230583997642955 0.8230911886586951 0.8231239751045711 0.8231567591018711 0.823189540650547 0.8232223197505486 0.823255096401821 0.823287870604313 0.8233206423579762 0.8233534116627614 0.8233861785186163 0.823418942925489 0.8234517048833307 0.8234844643920871 0.8235172214517124 0.8235499760621576 0.8235827282233696 0.8236154779353011 0.8236482251978956 0.8236809700111132 0.8237137123748965 0.8237464522892004 0.8237791897539728 0.8238119247691635 0.823844657334726 0.8238773874506142 0.8239101151167747 0.8239428403331539 0.8239755630997134 0.8240082834163966 0.8240410012831603 0.8240737166999528 0.824106429666724 0.8241391401834299 0.8241718482500215 0.8242045538664478 0.8242372570326624 0.8242699577486152 0.8243026560142646 0.824335351829558 0.8243680451944488 0.8244007361088885 0.8244334245728315 0.8244661105862301 0.8244987941490345 0.8245314752611996 0.8245641539226822 0.8245968301334334 0.8246295038933993 0.8246621752025414 0.824694844060812 0.8247275104681606 0.824760174424545 0.8247928359299137 0.824825494984228 0.8248581515874351 0.824890805739495 0.8249234574403563 0.8249561066899718 0.8249887534883069 0.825021397835306 0.8250540397309258 0.8250866791751215 0.8251193161678432 0.8251519507090559 0.8251845827987065 0.8252172124367534 0.8252498396231511 0.8252824643578509 0.8253150866408143 0.8253477064719938 0.825380323851344 0.8254129387788236 0.8254455512543826 0.8254781612779842 0.8255107688495786 0.8255433739691225 0.8255759766365762 0.8256085768518915 0.825641174615027 0.8256737699259376 0.8257063627845835 0.8257389531909141 0.825771541144892 0.825804126646474 0.825836709695615 0.8258692902922675 0.825901868436401 0.8259344441279577 0.8259670173669049 0.825999588153199 0.826032156486795 0.8260647223676545 0.8260972857957283 0.8261298467709781 0.8261624052933647 0.8261949613628423 0.8262275149793679 0.8262600661429014 0.8262926148534016 0.8263251611108293 0.8263577049151349 0.8263902462662887 0.8264227851642414 0.826455321608953 0.8264878556003801 0.826520387138487 0.826552916223227 0.8265854428545663 0.8266179670324572 0.8266504887568646 0.8266830080277447 0.82671552484506 0.8267480392087654 0.8267805511188231 0.8268130605751938 0.8268455675778359 0.8268780721267124 0.8269105742217839 0.8269430738630021 0.826975571050339 0.8270080657837438 0.8270405580631874 0.827073047888625 0.8271055352600163 0.8271380201773277 0.8271705026405118 0.8272029826495353 0.8272354602043612 0.8272679353049466 0.8273004079512523 0.8273328781432427 0.8273653458808807 0.8273978111641218 0.8274302739929298 0.8274627343672742 0.8274951922871037 0.8275276477523934 0.8275601007630944 0.827592551319174 0.8276249994205993 0.827657445067324 0.8276898882593133 0.8277223289965312 0.8277547672789438 0.8277872031065097 0.827819636479187 0.8278520673969472 0.827884495859752 0.8279169218675559 0.8279493454203335 0.8279817665180436 0.8280141851606497 0.8280466013481158 0.8280790150804034 0.8281114263574789 0.8281438351793029 0.8281762415458436 0.828208645457063 0.8282410469129242 0.8282734459133949 0.8283058424584342 0.8283382365480108 0.8283706281820873 0.8284030173606307 0.828435404083602 0.8284677883509675 0.8285001701626908 0.8285325495187417 0.8285649264190793 0.8285973008636722 0.8286296728524898 0.8286620423854871 0.8286944094626387 0.8287267740839055 0.8287591362492561 0.8287914959586518 0.8288238532120633 0.8288562080094544 0.8288885603507927 0.8289209102360395 0.828953257665165 0.8289856026381379 0.8290179451549202 0.8290502852154815 0.8290826228197845 0.8291149579678019 0.8291472906594959 0.8291796208948321 0.8292119486737846 0.8292442739963115 0.8292765968623872 0.829308917271975 0.8293412352250422 0.8293735507215612 0.8294058637614916 0.8294381743448118 0.8294704824714776 0.8295027881414649 0.8295350913547381 0.8295673921112685 0.8295996904110223 0.8296319862539681 0.8296642796400693 0.8296965705693042 0.8297288590416356 0.8297611450570301 0.8297934286154571 0.8298257097168942 0.8298579883612969 0.8298902645486421 0.8299225382788982 0.8299548095520328 0.8299870783680214 0.8300193447268231 0.8300516086284158 0.8300838700727589 0.8301161290598309 0.8301483855896072 0.830180639662041 0.8302128912771161 0.8302451404347957 0.8302773871350506 0.8303096313778564 0.8303418731631771 0.8303741124909845 0.8304063493612528 0.8304385837739459 0.830470815729039 0.8305030452265019 0.8305352722663089 0.8305674968484293 0.8305997189728316 0.8306319386394843 0.8306641558483665 0.8306963705994459 0.8307285828926907 0.8307607927280751 0.8307930001055748 0.8308252050251586 0.8308574074867945 0.8308896074904597 0.8309218050361196 0.8309540001237594 0.8309861927533353 0.8310183829248303 0.8310505706382123 0.8310827558934546 0.8311149386905299 0.8311471190294144 0.8311792969100731 0.8312114723324862 0.8312436452966228 0.8312758158024605 0.8313079838499648 0.8313401494391148 0.8313723125698835 0.8314044732422379 0.831436631456159 0.8314687872116182 0.8315009405085896 0.8315330913470436 0.8315652397269617 0.8315973856483092 0.8316295291110667 0.8316616701152024 0.8316938086606969 0.831725944747518 0.8317580783756457 0.8317902095450527 0.8318223382557111 0.8318544645076005 0.8318865883006901 0.8319187096349596 0.8319508285103838 0.8319829449269311 0.8320150588845847 0.8320471703833161 0.8320792794231036 0.8321113860039202 0.8321434901257403 0.8321755917885392 0.8322076909922949 0.8322397877369854 0.832271882022583 0.8323039738490658 0.8323360632164027 0.8323681501245797 0.8324002345735673 0.8324323165633478 0.8324643960938911 0.8324964731651769 0.8325285477771813 0.8325606199298821 0.8325926896232538 0.8326247568572742 0.8326568216319177 0.83268888394717 0.8327209438030034 0.8327530011993876 0.832785056136313 0.8328171086137477 0.8328491586316766 0.8328812061900663 0.8329132512889053 0.832945293928169 0.8329773341078317 0.8330093718278744 0.8330414070882748 0.8330734398890114 0.83310547023006 0.8331374981114021 0.8331695235330168 0.8332015464948761 0.8332335669969659 0.8332655850392627 0.833297600621743 0.83332961374439 0.8333616244071802 0.8333936326100924 0.8334256383531087 0.8334576416362012 0.833489642459357 0.8335216408225539 0.8335536367257674 0.8335856301689808 0.8336176211521729 0.8336496096753252 0.8336815957384167 0.8337135793414236 0.8337455604843313 0.833777539167118 0.8338095153897631 0.8338414891522488 0.8338734604545546 0.8339054292966599 0.8339373956785445 0.8339693596001929 0.8340013210615853 0.8340332800627033 0.8340652366035193 0.8340971906840262 0.834129142304199 0.8341610914640212 0.8341930381634715 0.8342249824025303 0.8342569241811864 0.8342888634994132 0.8343208003571982 0.8343527347545248 0.8343846666913644 0.8344165961677064 0.8344485231835355 0.8344804477388306 0.8345123698335701 0.8345442894677411 0.8345762066413285 0.834608121354308 0.8346400336066659 0.8346719433983889 0.8347038507294486 0.8347357555998385 0.8347676580095371 0.834799557958529 0.8348314554467966 0.834863350474321 0.8348952430410912 0.8349271331470851 0.834959020792287 0.8349909059766849 0.8350227887002561 0.8350546689629865 0.8350865467648654 0.8351184221058721 0.8351502949859888 0.8351821654052016 0.8352140333634974 0.8352458988608538 0.8352777618972611 0.8353096224727019 0.8353414805871624 0.8353733362406244 0.8354051894330745 0.8354370401644955 0.8354688884348769 0.8355007342441978 0.8355325775924483 0.8355644184796114 0.835596256905673 0.8356280928706148 0.8356599263744275 0.8356917574170937 0.8357235859986007 0.835755412118931 0.8357872357780747 0.8358190569760184 0.8358508757127414 0.8358826919882365 0.8359145058024868 0.8359463171554771 0.8359781260471977 0.8360099324776304 0.8360417364467667 0.8360735379545889 0.8361053370010878 0.8361371335862451 0.8361689277100544 0.8362007193724939 0.8362325085735574 0.8362642953132315 0.8362960795914998 0.8363278614083551 0.8363596407637788 0.8363914176577594 0.8364231920902854 0.8364549640613501 0.8364867335709318 0.8365185006190279 0.8365502652056191 0.836582027330691 0.8366137869942434 0.8366455441962517 0.8366772989367115 0.8367090512156097 0.8367408010329334 0.8367725483886734 0.8368042932828161 0.8368360357153497 0.8368677756862657 0.8368995131955563 0.836931248243201 0.8369629808291936 0.8369947109535245 0.8370264386161801 0.8370581638171499 0.8370898865564271 0.8371216068340008 0.8371533246498561 0.8371850400039829 0.837216752896377 0.8372484633270192 0.837280171295911 0.8373118768030334 0.8373435798483795 0.8373752804319365 0.8374069785536966 0.8374386742136544 0.8374703674117929 0.8375020581481101 0.8375337464225894 0.8375654322352293 0.8375971155860114 0.8376287964749314 0.837660474901982 0.8376921508671515 0.8377238243704321 0.8377554954118152 0.8377871639912897 0.8378188301088498 0.8378504937644893 0.837882154958191 0.8379138136899553 0.837945469959769 0.8379771237676263 0.838008775113521 0.8380404239974379 0.8380720704193734 0.8381037143793233 0.8381353558772748 0.8381669949132213 0.8381986314871548 0.8382302655990697 0.8382618972489584 0.8382935264368121 0.8383251531626243 0.8383567774263816 0.8383883992280894 0.8384200185677328 0.8384516354453047 0.8384832498608017 0.838514861814216 0.8385464713055368 0.8385780783347629 0.8386096829018814 0.8386412850068983 0.8386728846497935 0.8387044818305671 0.8387360765492096 0.8387676688057244 0.8387992586000925 0.838830845932315 0.838862430802386 0.8388940132103038 0.8389255931560524 0.8389571706396302 0.838988745661037 0.8390203182202634 0.8390518883173046 0.8390834559521525 0.8391150211248084 0.8391465838352601 0.8391781440835073 0.8392097018695446 0.8392412571933636 0.8392728100549665 0.8393043604543409 0.8393359083914851 0.839367453866398 0.839398996879072 0.839430537429505 0.839462075517686 0.8394936111436218 0.8395251443072991 0.8395566750087189 0.8395882032478774 0.8396197290247684 0.8396512523393826 0.8396827731917285 0.8397142915817986 0.839745807509586 0.8397773209750881 0.8398088319783044 0.8398403405192241 0.8398718465978547 0.839903350214187 0.8399348513682188 0.8399663500599477 0.8399978462893722 0.840029340056486 0.8400608313612918 0.8400923202037822 0.840123806583954 0.8401552905018115 0.8401867719573468 0.8402182509505591 0.8402497274814427 0.8402812015500065 0.8403126731562354 0.840344142300133 0.8403756089817023 0.8404070732009308 0.8404385349578292 0.8404699942523888 0.8405014510846038 0.8405329054544848 0.8405643573620183 0.8405958068072144 0.8406272537900608 0.8406586983105633 0.8406901403687255 0.8407215799645356 0.8407530170979975 0.8407844517691088 0.8408158839778734 0.8408473137242878 0.8408787410083507 0.8409101658300646 0.8409415881894269 0.8409730080864373 0.841004425521096 0.8410358404934044 0.8410672530033616 0.8410986630509658 0.8411300706362221 0.8411614757591241 0.8411928784196752 0.8412242786178772 0.8412556763537298 0.8412870716272343 0.8413184644383864 0.8413498547871927 0.8413812426736533 0.8414126280977694 0.8414440110595378 0.8414753915589626 0.8415067695960468 0.8415381451707888 0.841569518283191 0.841600888933252 0.8416322571209798 0.8416636228463692 0.8416949861094256 0.8417263469101506 0.841757705248543 0.841789061124609 0.8418204145383472 0.8418517654897617 0.8418831139788532 0.8419144600056265 0.8419458035700786 0.841977144672218 0.8420084833120436 0.8420398194895593 0.8420711532047667 0.8421024844576681 0.8421338132482707 0.8421651395765708 0.842196463442576 0.8422277848462865 0.842259103787707 0.8422904202668413 0.8423217342836895 0.8423530458382604 0.842384354930553 0.842415661560572 0.8424469657283207 0.8424782674338047 0.8425095666770261 0.8425408634579878 0.8425721577766958 0.8426034496331556 0.8426347390273619 0.8426660259593302 0.8426973104290592 0.8427285924365586 0.8427598719818241 0.842791149064865 0.8428224236856849 0.8428536958442903 0.8428849655406847 0.8429162327748727 0.8429474975468616 0.8429787598566516 0.8430100197042498 0.8430412770896625 0.8430725320128962 0.8431037844739513 0.8431350344728412 0.8431662820095611 0.8431975270841248 0.8432287696965337 0.843260009846792 0.8432912475349128 0.8433224827608914 0.8433537155247435 0.8433849458264726 0.8434161736660792 0.8434473990435771 0.8434786219589674 0.8435098424122565 0.8435410604034574 0.843572275932567 0.8436034889995963 0.8436346996045516 0.8436659077474418 0.8436971134282709 0.8437283166470488 0.8437595174037809 0.8437907156984727 0.8438219115311314 0.8438531049017661 0.8438842958103843 0.84391548425699 0.843946670241593 0.8439778537642055 0.844009034824829 0.8440402134234652 0.8440713895601344 0.8441025632348411 0.8441337344475888 0.8441649031983889 0.8441960694872481 0.8442272333141729 0.8442583946791766 0.8442895535822665 0.8443207100234456 0.8443518640027261 0.8443830155201146 0.844414164575626 0.8444453111692622 0.8444764553010333 0.8445075969709452 0.8445387361790184 0.8445698729252502 0.8446010072096524 0.8446321390322356 0.8446632683930126 0.8446943952919868 0.8447255197291721 0.8447566417045729 0.8447877612181987 0.844818878270063 0.8448499928601794 0.8448811049885443 0.8449122146551811 0.8449433218600966 0.8449744266032966 0.8450055288847949 0.8450366287045998 0.8450677260627177 0.8450988209591688 0.8451299133939587 0.845161003367092 0.8451920908785877 0.8452231759284516 0.8452542585166964 0.8452853386433334 0.8453164163083708 0.8453474915118235 0.8453785642536988 0.8454096345340096 0.8454407023527706 0.8454717677099859 0.8455028306056707 0.8455338910398349 0.8455649490124886 0.845596004523649 0.8456270575733287 0.8456581081615324 0.845689156288274 0.8457202019535652 0.8457512451574216 0.8457822858998543 0.8458133241808683 0.8458443600004855 0.8458753933587138 0.8459064242555607 0.845937452691047 0.8459684786651855 0.8459995021779809 0.8460305232294543 0.84606154181961 0.8460925579484679 0.8461235716160354 0.8461545828223285 0.8461855915673602 0.8462165978511469 0.846247601673694 0.8462786030350213 0.8463096019351393 0.8463405983740602 0.8463715923518018 0.8464025838683722 0.8464335729237911 0.8464645595180673 0.8464955436512138 0.8465265253232483 0.8465575045341902 0.8465884812840405 0.8466194555728204 0.8466504274005442 0.8466813967672246 0.8467123636728762 0.8467433281175163 0.8467742901011555 0.8468052496238119 0.8468362066854929 0.846867161286224 0.8468981134260107 0.8469290631048745 0.8469600103228236 0.846990955079882 0.8470218973760566 0.8470528372113673 0.8470837745858244 0.847114709499448 0.8471456419522541 0.847176571944255 0.8472074994754686 0.8472384245459068 0.8472693471555899 0.8473002673045269 0.8473311849927452 0.8473621002202489 0.8473930129870624 0.8474239232931975 0.8474548311386667 0.8474857365234971 0.8475166394476963 0.847547539911282 0.8475784379142723 0.8476093334566832 0.847640226538531 0.8476711171598326 0.8477020053206059 0.8477328910208664 0.8477637742606303 0.8477946550399165 0.8478255333587417 0.8478564092171221 0.8478872826150718 0.8479181535526186 0.8479490220297659 0.847979888046539 0.8480107516029545 0.8480416126990318 0.8480724713347876 0.8481033275102388 0.8481341812253975 0.8481650324802947 0.848195881274936 0.848226727609344 0.8482575714835403 0.8482884128975394 0.8483192518513603 0.8483500883450157 0.8483809223785337 0.8484117539519296 0.8484425830652149 0.8484734097184188 0.8485042339115534 0.8485350556446429 0.8485658749177005 0.8485966917307501 0.8486275060838011 0.8486583179768847 0.8486891274100121 0.8487199343832066 0.8487507388964863 0.8487815409498665 0.848812340543373 0.8488431376770214 0.8488739323508365 0.8489047245648311 0.8489355143190278 0.8489663016134448 0.8489970864481089 0.8490278688230295 0.8490586487382328 0.849089426193737 0.8491202011895682 0.8491509737257392 0.8491817438022708 0.8492125114191893 0.8492432765765097 0.8492740392742539 0.8493047995124423 0.8493355572910994 0.8493663126102349 0.8493970654698833 0.8494278158700619 0.849458563810785 0.8494893092920783 0.8495200523139614 0.8495507928764598 0.8495815309795913 0.8496122666233816 0.8496429998078414 0.8496737305330007 0.8497044587988829 0.849735184605501 0.8497659079528874 0.8497966288410557 0.84982734727003 0.8498580632398318 0.8498887767504848 0.8499194878020118 0.8499501963944338 0.8499809025277709 0.8500116062020466 0.8500423074172854 0.8500730061735067 0.8501037024707336 0.850134396308994 0.8501650876882998 0.850195776608685 0.850226463070163 0.8502571470727642 0.8502878286165112 0.8503185077014195 0.8503491843275188 0.8503798584948281 0.8504105302033742 0.8504411994531826 0.8504718662442678 0.8505025305766616 0.8505331924503852 0.8505638518654637 0.8505945088219129 0.8506251633197701 0.850655815359044 0.8506864649397692 0.8507171120619654 0.8507477567256578 0.850778398930867 0.8508090386776264 0.8508396759659507 0.8508703107958691 0.8509009431674062 0.8509315730805822 0.8509622005354243 0.8509928255319594 0.8510234480702066 0.8510540681501977 0.8510846857719498 0.8511153009354984 0.8511459136408541 0.8511765238880526 0.8512071316771164 0.8512377370080695 0.8512683398809393 0.8512989402957511 0.8513295382525272 0.851360133751295 0.8513907267920824 0.851421317374909 0.8514519054998058 0.8514824911667962 0.8515130743759074 0.8515436551271607 0.8515742334205916 0.8516048092562174 0.8516353826340679 0.8516659535541653 0.8516965220165447 0.8517270880212222 0.8517576515682299 0.8517882126575955 0.8518187712893392 0.8518493274634955 0.8518798811800854 0.8519104324391387 0.8519409812406766 0.8519715275847326 0.8520020714713303 0.8520326129004989 0.8520631518722639 0.8520936883866541 0.8521242224436945 0.8521547540434127 0.8521852831858381 0.8522158098709962 0.8522463340989164 0.8522768558696223 0.8523073751831451 0.8523378920395135 0.8523684064387511 0.8523989183808871 0.8524294278659539 0.852459934893975 0.8524904394649786 0.8525209415789929 0.8525514412360482 0.8525819384361717 0.8526124331793907 0.8526429254657377 0.8526734152952351 0.8527039026679146 0.8527343875838054 0.8527648700429344 0.8527953500453336 0.852825827591027 0.8528563026800449 0.8528867753124265 0.8529172454881806 0.8529477132073531 0.8529781784699657 0.8530086412760516 0.8530391016256367 0.8530695595187554 0.8531000149554275 0.8531304679356961 0.8531609184595759 0.8531913665271103 0.8532218121383206 0.8532522552932378 0.8532826959918907 0.8533131342343168 0.8533435700205367 0.8533740033505879 0.8534044342244951 0.8534348626422905 0.8534652886040013 0.8534957121096647 0.8535261331593076 0.8535565517529604 0.8535869678906507 0.8536173815724157 0.8536477927982822 0.85367820156828 0.8537086078824407 0.8537390117407986 0.8537694131433784 0.8537998120902166 0.8538302085813434 0.8538606026167863 0.8538909941965811 0.8539213833207535 0.8539517699893429 0.8539821542023749 0.8540125359598831 0.8540429152619002 0.8540732921084511 0.8541036664995789 0.8541340384353049 0.8541644079156661 0.854194774940694 0.8542251395104199 0.8542555016248756 0.8542858612840978 0.8543162184881121 0.8543465732369517 0.8543769255306572 0.8544072753692502 0.8544376227527644 0.8544679676812419 0.8544983101547017 0.8545286501731897 0.8545589877367301 0.8545893228453596 0.8546196554991128 0.854649985698015 0.8546803134421044 0.8547106387314147 0.8547409615659805 0.8547712819458286 0.8548015998709961 0.8548319153415191 0.8548622283574283 0.854892538918756 0.8549228470255352 0.8549531526778071 0.8549834558755958 0.8550137566189397 0.8550440549078733 0.8550743507424272 0.8551046441226409 0.8551349350485402 0.855165223520169 0.8551955095375556 0.8552257931007299 0.8552560742097348 0.855286352864602 0.8553166290653651 0.8553469028120613 0.8553771741047176 0.8554074429433769 0.8554377093280701 0.8554679732588308 0.8554982347356994 0.855528493758702 0.8555587503278836 0.8555890044432748 0.8556192561049079 0.8556495053128208 0.8556797520670472 0.8557099963676262 0.8557402382145902 0.8557704776079753 0.8558007145478126 0.8558309490341462 0.855861181067006 0.8558914106464302 0.8559216377724523 0.8559518624451086 0.8559820846644366 0.8560123044304715 0.8560425217432508 0.8560727366028091 0.8561029490091812 0.8561331589624028 0.8561633664625152 0.8561935715095512 0.8562237741035481 0.8562539742445461 0.8562841719325727 0.8563143671676701 0.8563445599498727 0.856374750279222 0.8564049381557532 0.8564351235795011 0.8564653065505066 0.8564954870687997 0.8565256651344202 0.8565558407474065 0.8565860139078005 0.8566161846156299 0.8566463528709443 0.8566765186737695 0.8567066820241489 0.8567368429221158 0.8567670013677131 0.8567971573609743 0.8568273109019404 0.8568574619906484 0.8568876106271381 0.856917756811443 0.8569479005436009 0.8569780418236563 0.8570081806516392 0.8570383170275928 0.8570684509515576 0.8570985824235628 0.8571287114436572 0.8571588380118751 0.8571889621282516 0.8572190837928333 0.8572492030056473 0.8572793197667443 0.8573094340761578 0.8573395459339261 0.857369655340088 0.8573997622946841 0.8574298667977516 0.8574599688493372 0.8574900684494655 0.8575201655981872 0.8575502602955378 0.8575803525415584 0.8576104423362902 0.8576405296797649 0.8576706145720321 0.857700697013122 0.8577307770030789 0.8577608545419473 0.8577909296297579 0.8578210022665542 0.8578510724523785 0.8578811401872701 0.8579112054712712 0.8579412683044156 0.8579713286867443 0.8580013866183043 0.8580314420991311 0.8580614951292653 0.8580915457087468 0.858121593837621 0.8581516395159241 0.8581816827436974 0.8582117235209794 0.8582417618478151 0.8582717977242482 0.858301831150309 0.8583318621260461 0.8583618906514989 0.8583919167267093 0.858421940351719 0.8584519615265689 0.8584819802512991 0.8585119965259527 0.8585420103505661 0.8585720217251867 0.8586020306498545 0.8586320371246083 0.8586620411494976 0.8586920427245563 0.8587220418498269 0.8587520385253593 0.8587820327511817 0.8588120245273472 0.8588420138538937 0.858872000730867 0.8589019851583037 0.8589319671362483 0.8589619466647469 0.8589919237438366 0.8590218983735631 0.8590518705539667 0.8590818402850915 0.8591118075669795 0.8591417723996739 0.8591717347832202 0.8592016947176555 0.8592316522030252 0.8592616072393717 0.8592915598267428 0.859321509965175 0.8593514576547148 0.8593814028954057 0.8594113456872912 0.8594412860304108 0.8594712239248126 0.8595011593705391 0.8595310923676309 0.8595610229161332 0.8595909510160968 0.8596208766675493 0.8596507998705476 0.8596807206251336 0.8597106389313496 0.8597405547892414 0.8597704681988494 0.8598003791602167 0.8598302876733945 0.8598601937384207 0.8598900973553463 0.8599199985242083 0.8599498972450499 0.8599797935179212 0.8600096873428693 0.8600395787199329 0.860069467649158 0.8600993541305899 0.8601292381642747 0.8601591197502532 0.8601889988885758 0.8602188755792812 0.860248749822419 0.8602786216180371 0.8603084909661718 0.8603383578668782 0.860368222320196 0.8603980843261676 0.8604279438848472 0.8604578009962727 0.8604876556604908 0.8605175078775513 0.860547357647494 0.860577204970367 0.860607049846221 0.8606368922750955 0.8606667322570403 0.8606965697920992 0.8607264048803163 0.8607562375217408 0.8607860677164183 0.8608158954643952 0.8608457207657194 0.8608755436204318 0.8609053640285849 0.8609351819902202 0.8609649975053875 0.860994810574133 0.8610246211965065 0.8610544293725464 0.8610842351023029 0.8611140383858265 0.8611438392231607 0.8611736376143551 0.8612034335594525 0.8612332270585072 0.8612630181115566 0.8612928067186565 0.8613225928798507 0.8613523765951845 0.8613821578647078 0.8614119366884632 0.8614417130665091 0.8614714869988875 0.8615012584856392 0.8615310275268226 0.8615607941224768 0.8615905582726566 0.8616203199774046 0.8616500792367723 0.8616798360508029 0.8617095904195502 0.8617393423430568 0.861769091821381 0.861798838854557 0.8618285834426449 0.8618583255856871 0.8618880652837322 0.8619178025368266 0.8619475373450287 0.8619772697083761 0.8620069996269231 0.8620367271007172 0.8620664521298051 0.8620961747142366 0.8621258948540644 0.8621556125493344 0.8621853278000935 0.8622150406063964 0.8622447509682836 0.862274458885816 0.8623041643590339 0.8623338673879895 0.86236356797273 0.862393266113308 0.8624229618097745 0.8624526550621718 0.8624823458705568 0.8625120342349755 0.8625417201554804 0.8625714036321179 0.8626010846649375 0.8626307632539949 0.8626604393993342 0.8626901131010074 0.8627197843590688 0.8627494531735573 0.8627791195445365 0.8628087834720495 0.8628384449561459 0.8628681039968782 0.8628977605942969 0.862927414748448 0.8629570664593915 0.8629867157271736 0.8630163625518401 0.8630460069334489 0.8630756488720455 0.8631052883676866 0.8631349254204133 0.863164560030288 0.8631941921973514 0.8632238219216652 0.863253449203276 0.8632830740422319 0.8633126964385873 0.8633423163923903 0.8633719339036998 0.8634015489725564 0.8634311615990216 0.863460771783142 0.8634903795249684 0.8635199848245563 0.863549587681953 0.8635791880972137 0.8636087860703898 0.8636383816015327 0.8636679746906937 0.86369756533793 0.8637271535432849 0.8637567393068168 0.8637863226285738 0.8638159035086135 0.8638454819469843 0.8638750579437375 0.8639046314989309 0.8639342026126122 0.8639637712848345 0.8639933375156532 0.864022901305121 0.8640524626532857 0.8640820215602045 0.8641115780259301 0.8641411320505137 0.8641706836340084 0.8642002327764675 0.864229779477947 0.8642593237384955 0.8642888655581704 0.8643184049370258 0.864347941875107 0.8643774763724723 0.8644070084291784 0.8644365380452765 0.8644660652208191 0.8644955899558582 0.8645251122504509 0.8645546321046487 0.8645841495185076 0.8646136644920808 0.8646431770254188 0.8646726871185813 0.8647021947716187 0.864731699984588 0.8647612027575375 0.8647907030905273 0.8648202009836095 0.8648496964368391 0.8648791894502708 0.8649086800239552 0.8649381681579509 0.8649676538523119 0.8649971371070897 0.8650266179223467 0.8650560962981284 0.8650855722344948 0.8651150457314973 0.8651445167891962 0.8651739854076426 0.8652034515868909 0.865232915326998 0.8652623766280172 0.8652918354900072 0.8653212919130218 0.865350745897113 0.8653801974423425 0.865409646548758 0.8654390932164204 0.8654685374453845 0.865497979235704 0.8655274185874355 0.865556855500639 0.8655862899753606 0.8656157220116636 0.8656451516096022 0.8656745787692359 0.8657040034906114 0.865733425773791 0.8657628456188324 0.8657922630257906 0.8658216779947157 0.8658510905256724 0.865880500618712 0.8659099082738939 0.8659393134912725 0.8659687162709027 0.8659981166128463 0.8660275145171559 0.8660569099838888 0.8660863030131014 0.866115693604852 0.8661450817591978 0.866174467476192 0.8662038507558982 0.8662332315983683 0.8662626100036523 0.8662919859718232 0.8663213595029275 0.8663507305970262 0.8663800992541795 0.866409465474435 0.8664388292578546 0.8664681906045009 0.8664975495144258 0.8665269059876919 0.8665562600243502 0.8665856116244646 0.8666149607880897 0.8666443075152808 0.8666736518061002 0.8667029936606037 0.8667323330788488 0.8667616700608947 0.8667910046068035 0.8668203367166274 0.8668496663904226 0.8668789936282542 0.8669083184301756 0.8669376407962477 0.86696696072653 0.8669962782210743 0.8670255932799475 0.8670549059032016 0.8670842160909 0.8671135238431023 0.8671428291598602 0.867172132041236 0.8672014324872896 0.867230730498084 0.8672600260736709 0.8672893192141111 0.8673186099194683 0.8673478981897944 0.8673771840251547 0.8674064674256046 0.8674357483912045 0.8674650269220183 0.8674943030180975 0.8675235766795024 0.8675528479063002 0.8675821166985456 0.8676113830562935 0.8676406469796125 0.8676699084685573 0.8676991675231864 0.8677284241435648 0.8677576783297494 0.8677869300817962 0.8678161793997696 0.867845426283733 0.8678746707337415 0.8679039127498567 0.8679331523321374 0.8679623894806419 0.8679916241954391 0.8680208564765794 0.8680500863241325 0.8680793137381553 0.8681085387187031 0.8681377612658443 0.868166981379632 0.8681961990601308 0.8682254143074055 0.8682546271215106 0.8682838375025086 0.8683130454504631 0.8683422509654322 0.8683714540474798 0.8684006546966647 0.8684298529130456 0.8684590486966886 0.8684882420476532 0.8685174329660013 0.8685466214517898 0.868575807505088 0.8686049911259519 0.8686341723144466 0.8686633510706261 0.8686925273945589 0.8687217012863071 0.8687508727459308 0.8687800417734883 0.8688092083690488 0.8688383725326685 0.8688675342644103 0.8688966935643367 0.8689258504325095 0.8689550048689938 0.8689841568738448 0.8690133064471333 0.8690424535889139 0.8690715982992558 0.8691007405782156 0.8691298804258625 0.8691590178422512 0.8691881528274468 0.8692172853815165 0.8692464155045163 0.8692755431965129 0.8693046684575658 0.8693337912877417 0.8693629116871042 0.8693920296557098 0.8694211451936296 0.869450258300922 0.8694793689776499 0.8695084772238775 0.8695375830396714 0.8695666864250857 0.8695957873801927 0.8696248859050462 0.8696539819997224 0.8696830756642748 0.8697121668987724 0.8697412557032767 0.8697703420778493 0.8697994260225548 0.8698285075374608 0.8698575866226272 0.8698866632781168 0.8699157375039972 0.869944809300333 0.8699738786671827 0.8700029456046134 0.870032010112691 0.870061072191477 0.8700901318410379 0.8701191890614359 0.8701482438527313 0.8701772962149972 0.8702063461482945 0.8702353936526857 0.8702644387282361 0.8702934813750098 0.8703225215930761 0.8703515593824962 0.8703805947433323 0.8704096276756532 0.8704386581795212 0.8704676862550027 0.8704967119021594 0.8705257351210636 0.8705547559117719 0.8705837742743552 0.8706127902088734 0.8706418037153956 0.8706708147939881 0.8706998234447179 0.8707288296676414 0.8707578334628316 0.8707868348303527 0.8708158337702665 0.8708448302826428 0.8708738243675471 0.8709028160250436 0.8709318052551955 0.8709607920580758 0.8709897764337402 0.8710187583822624 0.8710477379037098 0.8710767149981411 0.8711056896656275 0.8711346619062319 0.871163631720024 0.871192599107065 0.8712215640674266 0.8712505266011727 0.8712794867083682 0.8713084443890848 0.8713373996433791 0.8713663524713251 0.8713953028729913 0.871424250848438 0.871453196397735 0.871482139520948 0.8715110802181454 0.8715400184893922 0.8715689543347553 0.8715978877543038 0.8716268187481027 0.8716557473162181 0.8716846734587231 0.8717135971756729 0.8717425184671508 0.8717714373332075 0.8718003537739203 0.8718292677893535 0.8718581793795765 0.8718870885446546 0.8719159952846547 0.8719448995996482 0.8719738014896976 0.8720027009548765 0.8720315979952453 0.8720604926108781 0.872089384801837 0.8721182745681959 0.8721471619100154 0.8721760468273709 0.8722049293203291 0.8722338093889528 0.8722626870333137 0.872291562253477 0.8723204350495197 0.8723493054214992 0.8723781733694895 0.8724070388935592 0.8724359019937746 0.8724647626702033 0.872493620922913 0.8725224767519795 0.8725513301574643 0.8725801811394374 0.8726090296979687 0.8726378758331266 0.8726667195449811 0.8726955608335967 0.8727243996990475 0.8727532361413985 0.8727820701607207 0.8728109017570844 0.872839730930558 0.8728685576812061 0.8728973820091039 0.8729262039143182 0.8729550233969188 0.8729838404569723 0.8730126550945507 0.873041467309724 0.8730702771025607 0.8730990844731317 0.8731278894215058 0.8731566919477491 0.8731854920519335 0.8732142897341308 0.8732430849944137 0.873271877832841 0.8733006682494966 0.8733294562444409 0.873358241817741 0.8733870249694773 0.8734158056997128 0.8734445840085212 0.8734733598959705 0.8735021333621318 0.8735309044070751 0.8735596730308706 0.8735884392335891 0.8736172030153011 0.8736459643760766 0.873674723315988 0.8737034798351031 0.873732233933489 0.8737609856112236 0.8737897348683752 0.8738184817050176 0.873847226121216 0.8738759681170403 0.8739047076925694 0.873933444847868 0.873962179583009 0.8739909118980638 0.874019641793105 0.8740483692681966 0.8740770943234193 0.8741058169588343 0.8741345371745268 0.8741632549705542 0.8741919703469991 0.8742206833039239 0.8742493938414 0.8742781019595083 0.8743068076583114 0.8743355109378876 0.8743642117983046 0.8743929102396351 0.8744216062619521 0.8744502998653241 0.874478991049825 0.8745076798155278 0.8745363661625032 0.8745650500908233 0.8745937316005603 0.8746224106917873 0.8746510873645745 0.8746797616189979 0.8747084334551263 0.8747371028730289 0.8747657698727855 0.8747944344544671 0.8748230966181427 0.874851756363886 0.8748804136917703 0.8749090686018688 0.8749377210942508 0.8749663711689954 0.8749950188261688 0.8750236640658489 0.8750523068881029 0.875080947293007 0.8751095852806361 0.8751382208510607 0.8751668540043538 0.8751954847405923 0.8752241130598435 0.8752527389621856 0.8752813624476861 0.8753099835164226 0.8753386021684699 0.8753672184038994 0.8753958322227824 0.8754244436251968 0.8754530526112128 0.8754816591809047 0.8755102633343437 0.8755388650716074 0.8755674643927696 0.8755960612978997 0.8756246557870795 0.875653247860376 0.8756818375178619 0.8757104247596179 0.875739009585714 0.8757675919962247 0.8757961719912228 0.8758247495707836 0.8758533247349829 0.8758818974838949 0.8759104678175904 0.8759390357361445 0.8759676012396362 0.8759961643281344 0.876024725001717 0.8760532832604571 0.8760818391044292 0.8761103925337086 0.8761389435483706 0.8761674921484897 0.876196038334139 0.8762245821053962 0.876253123462329 0.8762816624050251 0.8763101989335491 0.8763387330479748 0.8763672647483869 0.8763957940348543 0.8764243209074523 0.8764528453662543 0.8764813674113445 0.8765098870427839 0.8765384042606617 0.8765669190650429 0.8765954314560085 0.8766239414336325 0.8766524489979914 0.8766809541491596 0.876709456887214 0.8767379572122285 0.8767664551242831 0.8767949506234454 0.8768234437098015 0.8768519343834147 0.8768804226443714 0.8769089084927453 0.876937391928607 0.8769658729520382 0.8769943515631207 0.8770228277619143 0.87705130154851 0.8770797729229745 0.8771082418853888 0.8771367084358281 0.8771651725743732 0.8771936343010929 0.8772220936160684 0.8772505505193737 0.8772790050110877 0.8773074570912827 0.8773359067600466 0.8773643540174418 0.8773927988635482 0.8774212412984503 0.8774496813222226 0.8774781189349348 0.8775065541366709 0.877534986927504 0.8775634173075115 0.8775918452767753 0.877620270835368 0.877648693983369 0.8776771147208517 0.8777055330478944 0.8777339489645786 0.877762362470976 0.877790773567168 0.8778191822532342 0.8778475885292469 0.8778759923952839 0.8779043938514244 0.8779327928977452 0.8779611895343273 0.8779895837612433 0.8780179755785726 0.8780463649863968 0.8780747519847898 0.8781031365738285 0.878131518753595 0.8781598985241628 0.8781882758856132 0.8782166508380262 0.8782450233814707 0.8782733935160356 0.8783017612417914 0.8783301265588199 0.8783584894672032 0.87838684996701 0.8784152080583263 0.8784435637412262 0.8784719170157937 0.8785002678821019 0.878528616340233 0.8785569623902632 0.8785853060322686 0.8786136472663373 0.8786419860925361 0.8786703225109518 0.8786986565216621 0.8787269881247448 0.8787553173202796 0.8787836441083434 0.8788119684890123 0.8788402904623753 0.8788686100285068 0.8788969271874796 0.8789252419393798 0.8789535542842852 0.878981864222276 0.879010171753432 0.8790384768778305 0.8790667795955487 0.8790950799066692 0.879123377811273 0.8791516733094369 0.8791799664012407 0.8792082570867634 0.8792365453660858 0.8792648312392906 0.8792931147064542 0.879321395767654 0.8793496744229743 0.8793779506724952 0.8794062245162972 0.879434495954452 0.8794627649870481 0.8794910316141635 0.8795192958358786 0.8795475576522702 0.879575817063424 0.8796040740694155 0.8796323286703291 0.879660580866241 0.8796888306572366 0.8797170780433934 0.8797453230247898 0.8797735656015067 0.8798018057736301 0.8798300435412312 0.8798582789044 0.8798865118632164 0.8799147424177514 0.8799429705680997 0.87997119631433 0.8799994196565302 0.88002764059478 0.8800558591291607 0.8800840752597487 0.8801122889866293 0.8801405003098861 0.8801687092295913 0.8801969157458334 0.8802251198586934 0.8802533215682533 0.8802815208745891 0.8803097177777903 0.8803379122779267 0.8803661043750886 0.880394294069355 0.8804224813608095 0.8804506662495291 0.8804788487355997 0.8805070288191006 0.880535206500114 0.8805633817787251 0.8805915546550094 0.8806197251290531 0.8806478932009365 0.8806760588707416 0.8807042221385497 0.8807323830044465 0.8807605414685067 0.8807886975308203 0.8808168511914678 0.880845002450529 0.8808731513080841 0.8809012977642174 0.8809294418190161 0.8809575834725538 0.88098572272492 0.8810138595761949 0.8810419940264587 0.8810701260757958 0.8810982557242915 0.8811263829720244 0.8811545078190792 0.881182630265535 0.881210750311477 0.8812388679569936 0.8812669832021591 0.8812950960470594 0.8813232064917806 0.8813513145363983 0.8813794201810019 0.8814075234256735 0.8814356242704913 0.8814637227155475 0.8814918187609169 0.8815199124066821 0.8815480036529373 0.8815760924997558 0.8816041789472213 0.8816322629954236 0.8816603446444391 0.8816884238943519 0.8817165007452532 0.8817445751972162 0.8817726472503344 0.8818007169046838 0.8818287841603518 0.8818568490174179 0.8818849114759721 0.8819129715360912 0.8819410291978707 0.8819690844613812 0.8819971373267141 0.88202518779395 0.8820532358631752 0.8820812815344692 0.8821093248079244 0.88213736568362 0.8821654041616382 0.8821934402420684 0.8822214739249905 0.882249505210488 0.8822775340986495 0.8823055605895582 0.8823335846833003 0.8823616063799509 0.8823896256796033 0.8824176425823431 0.8824456570882493 0.88247366919741 0.882501678909912 0.8825296862258338 0.8825576911452653 0.8825856936682865 0.8826136937949844 0.8826416915254462 0.882669686859755 0.8826976797979973 0.882725670340256 0.88275365848662 0.8827816442371685 0.8828096275919863 0.8828376085511636 0.8828655871147892 0.8828935632829369 0.8829215370557002 0.8829495084331633 0.8829774774154051 0.8830054440025243 0.8830334081945954 0.8830613699917085 0.8830893293939437 0.8831172864013905 0.8831452410141387 0.8831731932322695 0.8832011430558653 0.883229090485018 0.8832570355198124 0.8832849781603329 0.8833129184066646 0.8833408562588936 0.8833687917171087 0.8833967247813899 0.8834246554518297 0.8834525837285088 0.883480509611519 0.8835084331009404 0.8835363541968664 0.8835642728993789 0.8835921892085612 0.8836201031245059 0.8836480146472909 0.8836759237770155 0.8837038305137543 0.8837317348575982 0.883759636808636 0.8837875363669505 0.8838154335326314 0.8838433283057627 0.883871220686431 0.8838991106747245 0.8839269982707307 0.8839548834745372 0.883982766286225 0.8840106467058901 0.8840385247336076 0.8840664003694778 0.8840942736135766 0.8841221444660006 0.884150012926828 0.8841778789961503 0.8842057426740535 0.8842336039606278 0.8842614628559562 0.884289319360134 0.8843171734732374 0.8843450251953571 0.8843728745265875 0.884400721467006 0.8844285660167055 0.8844564081757782 0.8844842479443051 0.8845120853223702 0.8845399203100712 0.8845677529074887 0.8845955831147116 0.8846234109318305 0.8846512363589365 0.884679059396106 0.8847068800434301 0.8847346983010049 0.8847625141689157 0.8847903276472473 0.8848181387360881 0.8848459474355233 0.8848737537456455 0.8849015576665451 0.884929359198303 0.8849571583410192 0.8849849550947664 0.8850127494596416 0.885040541435737 0.885068331023136 0.8850961182219237 0.8851239030321942 0.8851516854540338 0.8851794654875347 0.8852072431327809 0.8852350183898592 0.8852627912588691 0.8852905617398834 0.8853183298330054 0.8853460955383157 0.8853738588559037 0.8854016197858605 0.8854293783282772 0.8854571344832394 0.8854848882508339 0.8855126396311552 0.8855403886242905 0.8855681352303293 0.8855958794493537 0.8856236212814645 0.8856513607267429 0.885679097785282 0.8857068324571682 0.8857345647424935 0.8857622946413488 0.8857900221538175 0.8858177472799924 0.8858454700199649 0.8858731903738213 0.885900908341654 0.8859286239235509 0.8859563371195995 0.8859840479298962 0.8860117563545196 0.8860394623935761 0.8860671660471406 0.8860948673153117 0.8861225661981713 0.8861502626958173 0.8861779568083352 0.8862056485358156 0.8862333378783513 0.8862610248360283 0.88628870940894 0.8863163915971746 0.8863440714008259 0.8863717488199763 0.8863994238547273 0.8864270965051548 0.8864547667713634 0.8864824346534372 0.8865101001514633 0.8865377632655389 0.8865654239957514 0.8865930823421897 0.8866207383049476 0.8866483918841142 0.8866760430797789 0.8867036918920321 0.8867313383209683 0.8867589823666773 0.8867866240292486 0.8868142633087748 0.8868419002053416 0.8868695347190443 0.8868971668499743 0.886924796598217 0.8869524239638744 0.8869800489470305 0.8870076715477755 0.8870352917662045 0.8870629096024014 0.8870905250564669 0.8871181381284832 0.887145748818551 0.8871733571267506 0.887200963053185 0.8872285665979405 0.887256167761107 0.8872837665427804 0.8873113629430445 0.8873389569620014 0.8873665485997329 0.8873941378563348 0.8874217247318967 0.8874493092265188 0.8874768913402811 0.8875044710732811 0.887532048425608 0.8875596233973635 0.8875871959886279 0.8876147661994962 0.8876423340300641 0.8876698994804217 0.8876974625506573 0.8877250232408684 0.8877525815511429 0.8877801374815759 0.8878076910322601 0.8878352422032842 0.8878627909947452 0.8878903374067306 0.8879178814393343 0.8879454230926536 0.8879729623667734 0.8880004992617916 0.8880280337777977 0.8880555659148857 0.8880830956731478 0.8881106230526759 0.8881381480535675 0.8881656706759087 0.8881931909197933 0.8882207087853182 0.8882482242725733 0.8882757373816499 0.8883032481126414 0.8883307564656424 0.888358262440746 0.8883857660380472 0.8884132672576408 0.8884407660996092 0.8884682625640505 0.8884957566510625 0.888523248360737 0.8885507376931618 0.8885782246484386 0.8886057092266522 0.8886331914279015 0.8886606712522762 0.8886881486998728 0.8887156237707843 0.8887430964651017 0.8887705667829209 0.8887980347243343 0.8888255002894385 0.8888529634783271 0.8888804242910866 0.8889078827278123 0.888935338788607 0.888962792473557 0.8889902437827548 0.8890176927163012 0.8890451392742853 0.8890725834568014 0.8891000252639429 0.8891274646958052 0.8891549017524791 0.8891823364340645 0.8892097687406524 0.8892371986723346 0.8892646262292117 0.8892920514113711 0.8893194742189097 0.8893468946519214 0.8893743127105043 0.8894017283947457 0.8894291417047464 0.8894565526405966 0.8894839612023908 0.8895113673902251 0.8895387712041982 0.889566172644396 0.8895935717109229 0.8896209684038634 0.8896483627233167 0.8896757546693799 0.8897031442421448 0.8897305314417108 0.8897579162681635 0.8897852987216051 0.8898126788021274 0.8898400565098303 0.8898674318448045 0.8898948048071404 0.8899221753969457 0.8899495436142981 0.8899769094593077 0.8900042729320692 0.8900316340326682 0.8900589927612057 0.8900863491177748 0.8901137031024717 0.890141054715397 0.8901684039566353 0.8901957508262899 0.8902230953244548 0.8902504374512257 0.8902777772066939 0.8903051145909611 0.8903324496041174 0.8903597822462692 0.8903871125174958 0.8904144404179029 0.8904417659475858 0.8904690891066387 0.8904964098951573 0.890523728313235 0.890551044360971 0.8905783580384625 0.8906056693458044 0.8906329782830882 0.8906602848504179 0.89068758904788 0.8907148908755773 0.8907421903336048 0.89076948742206 0.8907967821410323 0.8908240744906273 0.8908513644709355 0.8908786520820555 0.8909059373240755 0.8909332201971063 0.8909605007012371 0.8909877788365599 0.8910150546031721 0.8910423280011801 0.8910695990306741 0.8910968676917472 0.8911241339844984 0.891151397909024 0.891178659465423 0.89120591865379 0.8912331754742266 0.8912604299268239 0.8912876820116762 0.8913149317288838 0.891342179078547 0.8913694240607617 0.8913966666756201 0.891423906923223 0.8914511448036664 0.8914783803170483 0.8915056134634625 0.891532844243011 0.8915600726557817 0.8915872987018849 0.8916145223814087 0.8916417436944526 0.8916689626411154 0.8916961792214928 0.8917233934356859 0.891750605283786 0.8917778147658928 0.8918050218821043 0.8918322266325207 0.8918594290172319 0.8918866290363487 0.8919138266899513 0.8919410219781518 0.8919682149010362 0.891995405458716 0.8920225936512756 0.8920497794788185 0.8920769629414456 0.8921041440392554 0.8921313227723351 0.8921584991407916 0.8921856731447209 0.8922128447842228 0.8922400140593885 0.8922671809703293 0.892294345517127 0.8923215076998867 0.8923486675187133 0.8923758249736911 0.8924029800649349 0.8924301327925284 0.8924572831565762 0.8924844311571789 0.8925115767944323 0.8925387200684316 0.8925658609792806 0.8925929995270709 0.8926201357119106 0.8926472695338943 0.8926744009931125 0.892701530089671 0.8927286568236714 0.8927557811952098 0.8927829032043744 0.8928100228512867 0.8928371401360216 0.8928642550586952 0.8928913676193986 0.8929184778182242 0.8929455856552859 0.8929726911306708 0.892999794244485 0.8930268949968216 0.8930539933877837 0.8930810894174717 0.8931081830859782 0.8931352743934067 0.8931623633398547 0.8931894499254247 0.8932165341502161 0.8932436160143238 0.8932706955178442 0.8932977726608846 0.8933248474435416 0.8933519198659143 0.8933789899281024 0.8934060576302025 0.89343312297232 0.8934601859545448 0.8934872465769845 0.8935143048397403 0.8935413607429075 0.893568414286583 0.89359546547087 0.8936225142958705 0.8936495607616801 0.8936766048684006 0.8937036466161312 0.8937306860049712 0.8937577230350224 0.8937847577063822 0.893811790019154 0.8938388199734313 0.8938658475693253 0.893892872806922 0.8939198956863335 0.8939469162076499 0.8939739343709836 0.8940009501764217 0.8940279636240722 0.8940549747140305 0.8940819834464024 0.894108989821286 0.8941359938387794 0.8941629954989871 0.8941899948020073 0.8942169917479361 0.894243986336883 0.894270978568938 0.8942979684442085 0.8943249559627966 0.8943519411247991 0.8943789239303188 0.8944059043794486 0.8944328824722974 0.8944598582089698 0.894486831589556 0.8945138026141655 0.8945407712828912 0.8945677375958423 0.894594701553109 0.8946216631548043 0.8946486224010215 0.894675579291865 0.8947025338274286 0.8947294860078254 0.8947564358331432 0.8947833833034922 0.8948103284189783 0.8948372711796888 0.8948642115857344 0.8948911496372078 0.8949180853342233 0.8949450186768733 0.8949719496652582 0.8949988782994809 0.8950258045796482 0.8950527285058569 0.8950796500782059 0.8951065692968005 0.8951334861617393 0.8951604006731293 0.8951873128310641 0.8952142226356514 0.8952411300869936 0.8952680351851892 0.8952949379303372 0.8953218383225436 0.8953487363619113 0.8953756320485426 0.8954025253825304 0.8954294163639873 0.8954563049930062 0.8954831912696948 0.8955100751941583 0.8955369567664948 0.8955638359868019 0.895590712855187 0.89561758737175 0.8956444595365907 0.8956713293498209 0.8956981968115292 0.8957250619218282 0.8957519246808157 0.8957787850885977 0.8958056431452712 0.8958324988509425 0.8958593522057128 0.8958862032096795 0.8959130518629546 0.8959398981656335 0.8959667421178241 0.895993583719624 0.8960204229711319 0.8960472598724616 0.8960740944237084 0.8961009266249818 0.8961277564763723 0.896154583977991 0.896181409129938 0.896208231932317 0.8962350523852347 0.8962618704887917 0.8962886862430817 0.8963154996482221 0.8963423107043063 0.8963691194114405 0.8963959257697294 0.896422729779268 0.8964495314401688 0.8964763307525296 0.8965031277164572 0.89652992233205 0.8965567145994138 0.896583504518649 0.8966102920898684 0.8966370773131676 0.8966638601886427 0.8966906407164128 0.8967174188965732 0.8967441947292227 0.896770968214472 0.8967977393524225 0.8968245081431778 0.8968512745868389 0.8968780386835093 0.8969048004333011 0.8969315598363026 0.8969583168926327 0.8969850716023888 0.8970118239656697 0.8970385739825883 0.8970653216532378 0.8970920669777376 0.8971188099561753 0.8971455505886596 0.8971722888752964 0.8971990248161898 0.8972257584114438 0.8972524896611649 0.8972792185654526 0.8973059451244052 0.8973326693381403 0.8973593912067523 0.8973861107303511 0.8974128279090405 0.8974395427429132 0.8974662552320918 0.8974929653766655 0.8975196731767465 0.8975463786324374 0.8975730817438403 0.8975997825110591 0.8976264809342036 0.8976531770133718 0.8976798707486755 0.8977065621402105 0.8977332511880927 0.8977599378924135 0.8977866222532858 0.8978133042708096 0.8978399839450901 0.897866661276238 0.8978933362643504 0.8979200089095398 0.8979466792119024 0.8979733471715472 0.8980000127885803 0.8980266760631057 0.8980533369952257 0.8980799955850487 0.8981066518326752 0.8981333057382126 0.898159957301768 0.898186606523445 0.8982132534033438 0.8982398979415802 0.8982665401382484 0.8982931799934575 0.8983198175073186 0.8983464526799279 0.8983730855113892 0.8983997160018191 0.8984263441513163 0.8984529699599808 0.8984795934279304 0.8985062145552611 0.8985328333420757 0.8985594497884877 0.8985860638946026 0.8986126756605166 0.898639285086348 0.8986658921721893 0.8986924969181522 0.8987190993243486 0.8987456993908698 0.8987722971178322 0.898798892505341 0.8988254855534961 0.898852076262409 0.8988786646321876 0.8989052506629283 0.898931834354743 0.8989584157077362 0.8989849947220148 0.8990115713976827 0.8990381457348471 0.8990647177336133 0.8990912873940873 0.8991178547163767 0.8991444197005904 0.8991709823468275 0.8991975426551988 0.8992241006258046 0.8992506562587586 0.8992772095541652 0.8993037605121261 0.8993303091327529 0.8993568554161473 0.8993833993624163 0.899409940971674 0.8994364802440158 0.8994630171795557 0.899489551778395 0.8995160840406446 0.8995426139664091 0.8995691415557896 0.8995956668089007 0.8996221897258478 0.8996487103067348 0.8996752285516667 0.8997017444607589 0.8997282580341093 0.8997547692718237 0.8997812781740135 0.8998077847407902 0.8998342889722486 0.8998607908685021 0.8998872904296535 0.8999137876558216 0.8999402825471017 0.899966775103604 0.8999932653254334 0.9000197532126977 0.9000462387655117 0.900072721983971 0.9000992028681893 0.9001256814182688 0.9001521576343237 0.9001786315164555 0.900205103064772 0.9002315722793839 0.9002580391603943 0.9002845037079126 0.9003109659220452 0.9003374258029002 0.9003638833505874 0.9003903385652072 0.9004167914468728 0.9004432419956909 0.900469690211767 0.9004961360952093 0.9005225796461278 0.9005490208646276 0.9005754597508169 0.9006018963048004 0.9006283305266896 0.9006547624165946 0.9006811919746209 0.9007076192008676 0.9007340440954517 0.900760466658483 0.9007868868900597 0.9008133047902982 0.9008397203593066 0.9008661335971853 0.9008925445040459 0.9009189530799999 0.9009453593251489 0.9009717632396053 0.9009981648234764 0.9010245640768706 0.9010509609998942 0.9010773555926579 0.9011037478552701 0.9011301377878318 0.9011565253904577 0.9011829106632567 0.9012092936063338 0.9012356742197984 0.9012620525037625 0.9012884284583238 0.9013148020836066 0.9013411733797054 0.9013675423467364 0.9013939089848 0.9014202732940149 0.9014466352744808 0.9014729949263165 0.9014993522496166 0.9015257072444998 0.9015520599110753 0.9015784102494449 0.9016047582597222 0.9016311039420144 0.9016574472964269 0.901683788323073 0.9017101270220658 0.9017364633935008 0.9017627974375018 0.9017891291541686 0.9018154585436087 0.9018417856059362 0.9018681103412554 0.9018944327496827 0.9019207528313178 0.9019470705862767 0.9019733860146659 0.9019996991165904 0.9020260098921689 0.9020523183415006 0.9020786244646954 0.9021049282618725 0.9021312297331361 0.9021575288785886 0.9021838256983472 0.9022101201925166 0.9022364123612105 0.9022627022045326 0.9022889897225947 0.902315274915511 0.902341557783382 0.9023678383263218 0.9023941165444431 0.9024203924378535 0.9024466660066561 0.9024729372509714 0.902499206170895 0.9025254727665519 0.9025517370380403 0.9025779989854723 0.902604258608964 0.9026305159086183 0.9026567708845437 0.9026830235368566 0.902709273865663 0.9027355218710733 0.9027617675531925 0.90278801091214 0.9028142519480187 0.9028404906609377 0.9028667270510116 0.9028929611183498 0.9029191928630576 0.9029454222852547 0.9029716493850366 0.9029978741625251 0.9030240966178262 0.9030503167510495 0.903076534562308 0.9031027500517115 0.9031289632193631 0.9031551740653814 0.9031813825898745 0.9032075887929494 0.9032337926747194 0.9032599942353001 0.9032861934747898 0.903312390393306 0.9033385849909572 0.9033647772678579 0.9033909672241138 0.9034171548598364 0.9034433401751378 0.9034695231701251 0.9034957038449143 0.9035218821996116 0.9035480582343325 0.9035742319491766 0.903600403344269 0.9036265724197106 0.903652739175616 0.9036789036120925 0.9037050657292554 0.9037312255272127 0.9037573830060754 0.9037835381659567 0.9038096910069648 0.9038358415292094 0.9038619897328057 0.903888135617859 0.9039142791844867 0.9039404204327957 0.9039665593628994 0.9039926959749043 0.9040188302689258 0.9040449622450706 0.9040710919034565 0.9040972192441892 0.9041233442673842 0.904149466973152 0.9041755873615944 0.9042017054328353 0.9042278211869803 0.9042539346241454 0.9042800457444315 0.9043061545479576 0.9043322610348346 0.9043583652051761 0.9043844670590844 0.9044105665966773 0.9044366638180672 0.904462758723372 0.9044888513126861 0.9045149415861335 0.9045410295438248 0.9045671151858663 0.9045931985123732 0.904619279523458 0.9046453582192318 0.9046714345998046 0.9046975086652929 0.9047235804157963 0.9047496498514391 0.9047757169723354 0.904801781778585 0.904827844270303 0.9048539044476047 0.9048799623106041 0.904906017859409 0.9049320710941318 0.9049581220148868 0.9049841706217792 0.905010216914931 0.9050362608944451 0.9050623025604405 0.905088341913026 0.9051143789523131 0.9051404136784134 0.9051664460914428 0.9051924761915116 0.9052185039787324 0.9052445294532152 0.9052705526150742 0.9052965734644256 0.9053225920013734 0.9053486082260311 0.9053746221385168 0.9054006337389435 0.9054266430274183 0.9054526500040521 0.905478654668965 0.9055046570222658 0.9055306570640591 0.9055566547944709 0.9055826502136068 0.9056086433215813 0.9056346341185026 0.9056606226044934 0.9056866087796527 0.9057125926441028 0.9057385741979525 0.9057645534413203 0.905790530374307 0.9058165049970388 0.905842477309617 0.9058684473121661 0.9058944150047918 0.9059203803876037 0.9059463434607211 0.9059723042242553 0.9059982626783158 0.9060242188230234 0.9060501726584838 0.9060761241848132 0.9061020734021215 0.9061280203105238 0.9061539649101367 0.9061799072010661 0.9062058471834331 0.9062317848573478 0.9062577202229152 0.9062836532802607 0.9063095840294955 0.9063355124707273 0.9063614386040713 0.906387362429643 0.9064132839475527 0.9064392031579149 0.9064651200608451 0.9064910346564559 0.9065169469448562 0.9065428569261669 0.9065687646004945 0.906594669967959 0.9066205730286669 0.9066464737827358 0.9066723722302852 0.9066982683714186 0.906724162206249 0.9067500537348976 0.9067759429574753 0.9068018298740974 0.9068277144848724 0.9068535967899216 0.90687947678935 0.9069053544832766 0.9069312298718162 0.906957102955078 0.9069829737331832 0.9070088422062346 0.9070347083743586 0.9070605722376608 0.9070864337962596 0.9071122930502606 0.9071381499997899 0.9071640046449527 0.9071898569858681 0.9072157070226472 0.9072415547554069 0.9072674001842569 0.9072932433093124 0.9073190841306942 0.9073449226485093 0.9073707588628703 0.9073965927738941 0.9074224243816982 0.9074482536863944 0.9074740806881016 0.9074999053869259 0.907525727782986 0.9075515478763929 0.9075773656672648 0.9076031811557161 0.9076289943418636 0.9076548052258109 0.9076806138076867 0.9077064200875908 0.9077322240656527 0.9077580257419757 0.9077838251166823 0.9078096221898777 0.9078354169616862 0.9078612094322187 0.9078869996015897 0.9079127874699107 0.9079385730372991 0.9079643563038702 0.9079901372697414 0.9080159159350258 0.9080416922998347 0.9080674663642858 0.9080932381284912 0.9081190075925674 0.9081447747566358 0.9081705396208002 0.9081963021851793 0.9082220624498936 0.9082478204150508 0.9082735760807727 0.9082993294471662 0.9083250805143526 0.9083508292824469 0.9083765757515603 0.9084023199218103 0.9084280617933085 0.9084538013661803 0.9084795386405282 0.9085052736164763 0.9085310062941345 0.9085567366736205 0.908582464755052 0.9086081905385399 0.9086339140241999 0.9086596352121505 0.9086853541025015 0.9087110706953758 0.9087367849908863 0.9087624969891452 0.9087882066902704 0.9088139140943747 0.9088396192015786 0.9088653220119935 0.9088910225257345 0.9089167207429254 0.9089424166636677 0.9089681102880827 0.9089938016162937 0.9090194906484139 0.9090451773845516 0.9090708618248238 0.909096543969349 0.9091222238182466 0.9091479013716268 0.9091735766296094 0.9091992495923031 0.9092249202598335 0.9092505886323132 0.9092762547098521 0.9093019184925732 0.9093275799805851 0.9093532391740153 0.9093788960729696 0.9094045506775652 0.9094302029879204 0.9094558530041561 0.9094815007263799 0.9095071461547133 0.9095327892892664 0.9095584301301549 0.9095840686775076 0.9096097049314293 0.9096353388920415 0.9096609705594565 0.909686599933788 0.9097122270151643 0.90973785180369 0.9097634742994845 0.9097890945026641 0.9098147124133464 0.9098403280316503 0.9098659413576855 0.9098915523915703 0.9099171611334278 0.9099427675833627 0.9099683717415048 0.9099939736079621 0.9100195731828504 0.9100451704662893 0.9100707654583953 0.9100963581592851 0.9101219485690752 0.9101475366878815 0.9101731225158192 0.910198706053009 0.9102242872995618 0.9102498662556027 0.9102754429212356 0.9103010172965917 0.910326589381778 0.9103521591769124 0.9103777266821198 0.9104032918975076 0.9104288548231954 0.9104544154592988 0.9104799738059426 0.9105055298632327 0.9105310836312943 0.9105566351102394 0.910582184300188 0.9106077312012528 0.9106332758135514 0.9106588181372082 0.9106843581723347 0.9107098959190447 0.9107354313774629 0.9107609645477017 0.910786495429877 0.9108120240241078 0.910837550330514 0.9108630743492128 0.9108885960803179 0.9109141155239424 0.9109396326802177 0.9109651475492466 0.9109906601311515 0.9110161704260507 0.9110416784340625 0.9110671841553004 0.9110926875898879 0.9111181887379345 0.9111436875995684 0.9111691841748959 0.9111946784640388 0.9112201704671188 0.9112456601842478 0.9112711476155473 0.9112966327611303 0.9113221156211129 0.9113475961956214 0.9113730744847679 0.9113985504886735 0.9114240242074478 0.9114494956412174 0.9114749647900937 0.911500431654201 0.9115258962336537 0.9115513585285657 0.9115768185390583 0.9116022762652525 0.9116277317072641 0.9116531848652056 0.9116786357391997 0.9117040843293629 0.9117295306358142 0.9117549746586748 0.9117804163980554 0.9118058558540754 0.9118312930268577 0.9118567279165166 0.9118821605231744 0.9119075908469425 0.9119330188879442 0.9119584446462996 0.9119838681221144 0.9120092893155205 0.912034708226628 0.9120601248555615 0.9120855392024345 0.9121109512673662 0.9121363610504762 0.9121617685518806 0.9121871737716938 0.912212576710046 0.9122379773670466 0.9122633757428136 0.9122887718374675 0.9123141656511313 0.912339557183917 0.9123649464359438 0.9123903334073309 0.9124157180981962 0.9124411005086637 0.9124664806388432 0.9124918584888597 0.9125172340588259 0.9125426073488647 0.9125679783590963 0.9125933470896372 0.9126187135406003 0.9126440777121128 0.9126694396042903 0.9126947992172556 0.9127201565511156 0.912745511605999 0.9127708643820287 0.9127962148793101 0.9128215630979721 0.9128469090381239 0.9128722526998969 0.9128975940833994 0.9129229331887563 0.9129482700160829 0.9129736045655041 0.9129989368371301 0.9130242668310871 0.9130495945474899 0.9130749199864585 0.913100243148115 0.9131255640325717 0.9131508826399548 0.9131761989703788 0.9132015130239644 0.9132268248008262 0.9132521343010935 0.9132774415248777 0.9133027464722983 0.913328049143479 0.9133533495385318 0.9133786476575838 0.913403943500749 0.9134292370681445 0.9134545283598994 0.9134798173761236 0.9135051041169382 0.9135303885824664 0.9135556707728225 0.9135809506881318 0.9136062283285051 0.913631503694073 0.9136567767849468 0.9136820476012475 0.9137073161430964 0.91373258241061 0.9137578464039069 0.9137831081231158 0.9138083675683435 0.9138336247397216 0.9138588796373575 0.9138841322613835 0.9139093826119074 0.9139346306890586 0.9139598764929509 0.9139851200237015 0.9140103612814379 0.9140356002662782 0.9140608369783383 0.9140860714177346 0.9141113035845969 0.9141365334790454 0.914161761101185 0.9141869864511476 0.9142122095290521 0.9142374303350183 0.9142626488691614 0.9142878651316071 0.9143130791224696 0.9143382908418727 0.9143635002899364 0.9143887074667798 0.9144139123725243 0.9144391150072855 0.9144643153711929 0.9144895134643485 0.9145147092868942 0.9145399028389343 0.9145650941205969 0.9145902831320014 0.9146154698732629 0.9146406543445083 0.9146658365458524 0.9146910164774169 0.9147161941393274 0.9147413695316959 0.9147665426546456 0.9147917135082939 0.9148168820927696 0.9148420484081876 0.9148672124546673 0.9148923742323278 0.9149175337412989 0.9149426909816902 0.914967845953625 0.9149929986572265 0.9150181490926119 0.9150432972599054 0.9150684431592231 0.9150935867906853 0.9151187281544206 0.9151438672505399 0.9151690040791665 0.9151941386404259 0.9152192709344336 0.9152444009613125 0.9152695287211794 0.915294654214158 0.9153197774403723 0.9153448983999377 0.9153700170929757 0.9153951335196084 0.9154202476799598 0.9154453595741432 0.9154704692022837 0.9154955765645014 0.9155206816609154 0.9155457844916515 0.9155708850568283 0.9155959833565657 0.9156210793909818 0.9156461731602006 0.9156712646643477 0.9156963539035359 0.9157214408778873 0.9157465255875274 0.9157716080325746 0.9157966882131523 0.9158217661293779 0.9158468417813725 0.915871915169258 0.9158969862931599 0.915922055153191 0.9159471217494795 0.9159721860821439 0.9159972481513068 0.9160223079570848 0.9160473654996091 0.9160724207789852 0.9160974737953467 0.916122524548816 0.916147573039505 0.916172619267543 0.9161976632330444 0.9162227049361338 0.9162477443769363 0.9162727815555693 0.9162978164721536 0.9163228491268107 0.9163478795196682 0.9163729076508362 0.916397933520444 0.9164229571286144 0.9164479784754616 0.916472997561117 0.9164980143856918 0.9165230289493134 0.9165480412521045 0.9165730512941819 0.9165980590756679 0.9166230645966891 0.9166480678573592 0.9166730688578117 0.9166980675981571 0.9167230640785218 0.9167480582990235 0.9167730502597911 0.9167980399609437 0.9168230274025966 0.9168480125848781 0.9168729955079131 0.9168979761718123 0.9169229545767115 0.9169479307227193 0.9169729046099637 0.9169978762385671 0.9170228456086531 0.917047812720339 0.9170727775737451 0.9170977401690019 0.9171227005062248 0.9171476585855378 0.9171726144070618 0.9171975679709214 0.9172225192772321 0.9172474683261238 0.9172724151177125 0.9172973596521297 0.9173223019294825 0.9173472419499065 0.917372179713519 0.9173971152204401 0.917422048470792 0.9174469794646989 0.9174719082022831 0.9174968346836694 0.9175217589089746 0.9175466808783241 0.9175716005918408 0.9175965180496444 0.9176214332518575 0.917646346198604 0.9176712568900012 0.9176961653261817 0.9177210715072595 0.9177459754333619 0.9177708771046054 0.9177957765211153 0.9178206736830179 0.9178455685904288 0.9178704612434725 0.9178953516422783 0.917920239786961 0.9179451256776496 0.9179700093144554 0.9179948906975126 0.9180197698269363 0.9180446467028525 0.9180695213253849 0.9180943936946528 0.9181192638107827 0.9181441316738939 0.9181689972841087 0.9181938606415534 0.918218721746346 0.9182435805986151 0.9182684371984773 0.9182932915460587 0.9183181436414858 0.9183429934848708 0.9183678410763507 0.9183926864160346 0.9184175295040493 0.9184423703405236 0.9184672089255741 0.9184920452593295 0.9185168793419058 0.9185417111734306 0.9185665407540284 0.9185913680838111 0.9186161931629138 0.9186410159914571 0.9186658365695626 0.918690654897351 0.9187154709749485 0.9187402848024762 0.9187650963800618 0.9187899057078193 0.9188147127858812 0.91883951761436 0.9188643201933915 0.9188891205230909 0.9189139186035848 0.9189387144349932 0.9189635080174394 0.9189882993510492 0.9190130884359462 0.9190378752722466 0.9190626598600844 0.9190874421995767 0.9191122222908472 0.919137000134022 0.9191617757292176 0.9191865490765634 0.9192113201761858 0.9192360890281976 0.9192608556327309 0.9192856199899033 0.9193103820998458 0.9193351419626739 0.9193598995785148 0.9193846549474953 0.9194094080697317 0.9194341589453521 0.919458907574477 0.9194836539572362 0.9195083980937464 0.9195331399841311 0.9195578796285204 0.9195826170270367 0.9196073521797938 0.9196320850869228 0.9196568157485541 0.9196815441648005 0.9197062703357859 0.9197309942616407 0.9197557159424843 0.9197804353784438 0.9198051525696389 0.9198298675161958 0.9198545802182381 0.9198792906758879 0.9199039988892701 0.9199287048585088 0.9199534085837295 0.9199781100650486 0.9200028093026007 0.9200275062965035 0.9200522010468795 0.9200768935538615 0.9201015838175586 0.9201262718381078 0.9201509576156308 0.9201756411502435 0.9202003224420761 0.9202250014912534 0.9202496782978964 0.9202743528621362 0.9202990251840859 0.9203236952638776 0.9203483631016345 0.9203730286974752 0.92039769205153 0.9204223531639202 0.9204470120347727 0.9204716686642045 0.9204963230523502 0.9205209751993264 0.920545625105254 0.920570272770264 0.9205949181944852 0.9206195613780328 0.9206442023210357 0.9206688410236135 0.9206934774858953 0.9207181117080057 0.9207427436900633 0.9207673734322019 0.9207920009345318 0.9208166261971904 0.9208412492202993 0.9208658700039796 0.920890488548354 0.9209151048535529 0.9209397189197006 0.9209643307469169 0.9209889403353282 0.9210135476850572 0.9210381527962337 0.9210627556689717 0.9210873563034068 0.9211119546996653 0.9211365508578611 0.9211611447781265 0.9211857364605802 0.921210325905351 0.9212349131125648 0.9212594980823388 0.9212840808148062 0.9213086613100903 0.921333239568308 0.9213578155895967 0.9213823893740698 0.9214069609218571 0.9214315302330802 0.9214560973078711 0.9214806621463487 0.9215052247486382 0.9215297851148685 0.9215543432451572 0.921578899139633 0.9216034527984207 0.9216280042216445 0.9216525534094353 0.921677100361908 0.9217016450791937 0.9217261875614171 0.921750727808698 0.9217752658211675 0.9217998015989486 0.9218243351421689 0.9218488664509459 0.921873395525413 0.9218979223656905 0.9219224469719016 0.921946969344176 0.9219714894826383 0.9219960073874125 0.9220205230586203 0.9220450364963904 0.9220695477008536 0.9220940566721232 0.9221185634103319 0.9221430679156073 0.9221675701880641 0.922192070227835 0.9222165680350476 0.9222410636098173 0.9222655569522822 0.9222900480625538 0.9223145369407668 0.9223390235870501 0.9223635080015204 0.9223879901843022 0.9224124701355296 0.9224369478553212 0.9224614233438029 0.922485896601096 0.9225103676273405 0.9225348364226493 0.9225593029871451 0.922583767320964 0.9226082294242293 0.9226326892970604 0.9226571469395854 0.9226816023519309 0.9227060555342252 0.9227305064865887 0.9227549552091472 0.9227794017020317 0.9228038459653596 0.9228282879992618 0.9228527278038632 0.9228771653792895 0.9229016007256643 0.9229260338431187 0.922950464731773 0.9229748933917543 0.9229993198231881 0.9230237440262028 0.9230481660009169 0.923072585747466 0.9230970032659653 0.9231214185565468 0.9231458316193399 0.9231702424544663 0.9231946510620423 0.923219057442211 0.9232434615950926 0.9232678635208043 0.9232922632194835 0.9233166606912444 0.9233410559362216 0.9233654489545369 0.9233898397463234 0.9234142283116982 0.9234386146507865 0.9234629987637213 0.923487380650625 0.9235117603116263 0.9235361377468438 0.9235605129564151 0.9235848859404565 0.9236092566990943 0.9236336252324593 0.9236579915406797 0.9236823556238749 0.9237067174821751 0.9237310771157008 0.9237554345245862 0.9237797897089497 0.9238041426689247 0.9238284934046317 0.9238528419161995 0.9238771882037506 0.9239015322674173 0.9239258741073273 0.9239502137236002 0.923974551116364 0.9239988862857402 0.9240232192318656 0.9240475499548568 0.9240718784548492 0.9240962047319643 0.9241205287863217 0.9241448506180603 0.9241691702273045 0.9241934876141704 0.9242178027787897 0.9242421157212883 0.9242664264418039 0.9242907349404428 0.9243150412173491 0.9243393452726392 0.9243636471064414 0.9243879467188814 0.9244122441100873 0.9244365392801897 0.9244608322293075 0.9244851229575728 0.9245094114651091 0.9245336977520404 0.9245579818184977 0.9245822636646077 0.9246065432905 0.924630820696285 0.9246550958821138 0.9246793688480939 0.9247036395943609 0.9247279081210391 0.9247521744282552 0.9247764385161386 0.9248007003848069 0.9248249600343939 0.9248492174650296 0.924873472676834 0.9248977256699362 0.9249219764444623 0.9249462250005447 0.9249704713382978 0.924994715457861 0.9250189573593532 0.9250431970429087 0.9250674345086476 0.9250916697566993 0.9251159027871911 0.9251401336002436 0.9251643621959973 0.9251885885745619 0.9252128127360788 0.9252370346806702 0.9252612544084589 0.9252854719195747 0.9253096872141495 0.9253339002923042 0.9253581111541673 0.9253823197998647 0.9254065262295215 0.9254307304432767 0.9254549324412435 0.9254791322235485 0.9255033297903299 0.9255275251417119 0.9255517182778135 0.9255759091987654 0.9256000979046979 0.9256242843957401 0.9256484686720166 0.9256726507336484 0.9256968305807696 0.9257210082135066 0.9257451836319825 0.9257693568363332 0.925793527826678 0.9258176966031424 0.9258418631658625 0.925866027514954 0.9258901896505576 0.9259143495727913 0.9259385072817898 0.9259626627776694 0.9259868160605662 0.9260109671306032 0.926035115987907 0.9260592626326098 0.9260834070648354 0.9261075492847164 0.9261316892923765 0.9261558270879369 0.9261799626715363 0.9262040960432911 0.9262282272033349 0.9262523561518008 0.926276482888805 0.9263006074144766 0.9263247297289505 0.9263488498323529 0.926372967724804 0.926397083406439 0.926421196877381 0.9264453081377575 0.9264694171876995 0.9264935240273302 0.9265176286567804 0.9265417310761783 0.9265658312856473 0.9265899292853184 0.9266140250753163 0.9266381186557755 0.9266622100268171 0.9266862991885727 0.926710386141163 0.9267344708847243 0.9267585534193783 0.9267826337452583 0.9268067118624912 0.9268307877711941 0.9268548614715111 0.9268789329635534 0.9269030022474634 0.9269270693233611 0.9269511341913752 0.9269751968516353 0.9269992573042667 0.927023315549401 0.9270473715871663 0.9270714254176815 0.9270954770410837 0.927119526457497 0.9271435736670548 0.9271676186698736 0.9271916614660951 0.927215702055838 0.9272397404392292 0.9272637766164009 0.9272878105874862 0.9273118423526063 0.9273358719118834 0.9273598992654568 0.9273839244134492 0.9274079473559869 0.9274319680932008 0.9274559866252174 0.9274800029521719 0.9275040170741842 0.9275280289913841 0.9275520387039 0.9275760462118583 0.9276000515153862 0.9276240546146219 0.9276480555096809 0.9276720542007002 0.9276960506878016 0.9277200449711194 0.9277440370507795 0.9277680269269062 0.9277920145996275 0.9278160000690803 0.9278399833353843 0.9278639643986719 0.9278879432590688 0.9279119199167072 0.9279358943717106 0.927959866624211 0.9279838366743358 0.9280078045222133 0.9280317701679703 0.9280557336117343 0.9280796948536367 0.9281036538938059 0.928127610732371 0.9281515653694592 0.928175517805196 0.9281994680397097 0.928223416073132 0.9282473619055911 0.9282713055372174 0.9282952469681365 0.9283191861984756 0.928343123228361 0.9283670580579331 0.9283909906873031 0.9284149211166144 0.9284388493459885 0.9284627753755568 0.9284866992054412 0.928510620835779 0.9285345402666947 0.9285584574983177 0.9285823725307765 0.9286062853641999 0.928630195998714 0.9286541044344476 0.9286780106715322 0.9287019147100994 0.9287258165502696 0.9287497161921803 0.9287736136359477 0.9287975088817126 0.9288214019296055 0.9288452927797397 0.9288691814322596 0.9288930678872844 0.928916952144947 0.9289408342053764 0.9289647140687003 0.9289885917350467 0.9290124672045446 0.9290363404773234 0.9290602115535134 0.929084080433241 0.929107947116635 0.9291318116038281 0.9291556738949442 0.929179533990111 0.9292033918894687 0.9292272475931318 0.929251101101235 0.9292749524139126 0.9292988015312877 0.9293226484534891 0.929346493180645 0.9293703357128866 0.9293941760503479 0.9294180141931458 0.9294418501414186 0.9294656838952926 0.9294895154548963 0.929513344820357 0.9295371719918097 0.9295609969693794 0.9295848197531937 0.9296086403433839 0.929632458740081 0.929656274943409 0.9296800889535022 0.9297039007704837 0.9297277103944919 0.9297515178256459 0.9297753230640831 0.9297991261099268 0.9298229269633076 0.9298467256243557 0.9298705220931973 0.9298943163699653 0.9299181084547858 0.9299418983477954 0.9299656860491166 0.9299894715588768 0.9300132548772091 0.9300370360042416 0.9300608149401057 0.9300845916849301 0.9301083662388425 0.930132138601967 0.9301559087744471 0.9301796767563983 0.9302034425479568 0.9302272061492491 0.9302509675604029 0.9302747267815556 0.9302984838128312 0.9303222386543539 0.9303459913062648 0.9303697417686874 0.9303934900417432 0.9304172361255749 0.9304409800203035 0.9304647217260622 0.9304884612429805 0.9305121985711888 0.9305359337108103 0.9305596666619826 0.9305833974248312 0.9306071259994817 0.9306308523860696 0.9306545765847214 0.9306782985955682 0.9307020184187433 0.9307257360543664 0.9307494515025765 0.9307731647634965 0.9307968758372609 0.9308205847239961 0.9308442914238313 0.930867995936904 0.9308916982633335 0.9309153984032497 0.9309390963567905 0.9309627921240811 0.9309864857052523 0.93101017710043 0.9310338663097495 0.9310575533333354 0.9310812381713145 0.9311049208238269 0.9311286012909983 0.9311522795729552 0.931175955669832 0.9311996295817535 0.931223301308852 0.9312469708512567 0.9312706382090974 0.9312943033825056 0.9313179663716102 0.931341627176538 0.9313652857974255 0.9313889422343942 0.9314125964875766 0.9314362485571117 0.931459898443115 0.9314835461457294 0.9315071916650726 0.9315308350012805 0.9315544761544883 0.9315781151248166 0.931601751912404 0.9316253865173703 0.9316490189398512 0.9316726491799783 0.9316962772378778 0.931719903113686 0.9317435268075265 0.9317671483195289 0.9317907676498325 0.9318143847985529 0.9318379997658275 0.931861612551792 0.931885223156564 0.9319088315802833 0.9319324378230787 0.9319560418850799 0.9319796437664143 0.9320032434672134 0.9320268409876107 0.932050436327724 0.9320740294877006 0.9320976204676581 0.9321212092677325 0.9321447958880549 0.9321683803287504 0.9321919625899522 0.9322155426717864 0.9322391205743938 0.9322626962978902 0.9322862698424195 0.9323098412081046 0.9323334103950791 0.9323569774034681 0.9323805422334039 0.9324041048850198 0.9324276653584431 0.9324512236537987 0.9324747797712301 0.9324983337108572 0.9325218854728159 0.932545435057236 0.9325689824642449 0.932592527693973 0.932616070746549 0.9326396116221083 0.9326631503207814 0.9326866868426928 0.9327102211879774 0.9327337533567635 0.9327572833491848 0.9327808111653659 0.9328043368054464 0.9328278602695457 0.9328513815578039 0.9328749006703414 0.932898417607299 0.9329219323688034 0.9329454449549799 0.9329689553659612 0.9329924636018896 0.9330159696628786 0.9330394735490686 0.9330629752605861 0.9330864747975665 0.9331099721601328 0.9331334673484162 0.9331569603625567 0.9331804512026758 0.9332039398689116 0.933227426361386 0.9332509106802345 0.9332743928255862 0.9332978727975731 0.9333213505963276 0.9333448262219786 0.9333682996746528 0.9333917709544846 0.9334152400616071 0.9334387069961416 0.9334621717582272 0.9334856343479956 0.9335090947655735 0.9335325530110912 0.9335560090846875 0.9335794629864793 0.933602914716607 0.9336263642751965 0.9336498116623793 0.933673256878292 0.9336966999230625 0.9337201407968119 0.9337435794996876 0.9337670160318088 0.9337904503933057 0.9338138825843163 0.9338373126049695 0.933860740455394 0.933884166135718 0.9339075896460798 0.9339310109866008 0.9339544301574234 0.9339778471586677 0.9340012619904672 0.9340246746529641 0.9340480851462729 0.9340714934705279 0.9340948996258691 0.9341183036124163 0.9341417054303134 0.934165105079682 0.934188502560654 0.9342118978733591 0.9342352910179299 0.9342586819944998 0.9342820708031974 0.9343054574441556 0.9343288419175044 0.9343522242233686 0.9343756043618883 0.9343989823331955 0.9344223581374163 0.9344457317746784 0.9344691032451176 0.9344924725488648 0.9345158396860476 0.934539204656804 0.9345625674612581 0.9345859280995448 0.9346092865717945 0.9346326428781417 0.934655997018706 0.934679348993632 0.9347026988030442 0.9347260464470746 0.9347493919258554 0.9347727352395145 0.9347960763881868 0.9348194153720066 0.9348427521910945 0.934866086845588 0.9348894193356223 0.9349127496613212 0.9349360778228191 0.934959403820248 0.9349827276537406 0.9350060493234222 0.935029368829428 0.9350526861718942 0.9350760013509387 0.9350993143667052 0.9351226252193223 0.9351459339089174 0.9351692404356282 0.935192544799575 0.9352158470009031 0.9352391470397323 0.9352624449161999 0.9352857406304347 0.9353090341825689 0.9353323255727348 0.935355614801062 0.9353789018676884 0.9354021867727371 0.9354254695163369 0.9354487500986277 0.9354720285197362 0.9354953047797974 0.9355185788789455 0.935541850817297 0.9355651205950026 0.9355883882121814 0.9356116536689654 0.9356349169654885 0.9356581781018831 0.935681437078284 0.935704693894811 0.9357279485516139 0.9357512010488076 0.9357744513865276 0.9357976995649073 0.9358209455840778 0.9358441894441731 0.9358674311453274 0.9358906706876615 0.9359139080713188 0.9359371432964165 0.9359603763630981 0.935983607271496 0.9360068360217326 0.9360300626139457 0.9360532870482687 0.9360765093248264 0.936099729443755 0.9361229474051858 0.9361461632092491 0.9361693768560819 0.9361925883458087 0.9362157976785597 0.9362390048544758 0.936262209873683 0.9362854127363134 0.9363086134424952 0.9363318119923694 0.9363550083860592 0.9363782026236964 0.9364013947054199 0.9364245846313539 0.9364477724016351 0.9364709580163915 0.9364941414757608 0.9365173227798689 0.9365405019288433 0.9365636789228289 0.9365868537619504 0.9366100264463368 0.9366331969761215 0.9366563653514377 0.936679531572421 0.9367026956391993 0.9367258575519011 0.9367490173106594 0.9367721749156122 0.936795330366881 0.9368184836646118 0.9368416348089235 0.9368647837999569 0.9368879306378393 0.9369110753226977 0.9369342178546729 0.9369573582338977 0.9369804964604966 0.9370036325346018 0.9370267664563479 0.9370498982258741 0.9370730278433006 0.9370961553087658 0.9371192806223965 0.9371424037843326 0.9371655247946973 0.9371886436536243 0.9372117603612566 0.9372348749177104 0.9372579873231306 0.9372810975776404 0.9373042056813752 0.9373273116344649 0.9373504154370433 0.9373735170892461 0.9373966165911967 0.9374197139430374 0.9374428091448894 0.9374659021968994 0.9374889930991799 0.937512081851881 0.9375351684551256 0.9375582529090429 0.9375813352137738 0.9376044153694467 0.9376274933761883 0.9376505692341435 0.9376736429434318 0.9376967145041892 0.9377197839165528 0.9377428511806458 0.937765916296611 0.9377889792645713 0.9378120400846592 0.9378350987570105 0.937858155281766 0.9378812096590354 0.9379042618889772 0.937927311971702 0.9379503599073513 0.9379734056960651 0.9379964493379522 0.9380194908331732 0.9380425301818358 0.938065567384093 0.9380886024400641 0.9381116353498848 0.9381346661136896 0.9381576947316037 0.9381807212037665 0.9382037455303087 0.9382267677113614 0.9382497877470575 0.9382728056375265 0.9382958213829062 0.9383188349833236 0.9383418464389175 0.938364855749811 0.938387862916146 0.9384108679380483 0.9384338708156534 0.9384568715490937 0.9384798701384973 0.9385028665839987 0.9385258608857372 0.9385488530438371 0.9385718430584331 0.9385948309296572 0.9386178166576442 0.938640800242523 0.9386637816844274 0.9386867609834881 0.9387097381398422 0.9387327131536192 0.9387556860249502 0.938778656753964 0.9388016253408065 0.9388245917856022 0.938847556088477 0.9388705182495745 0.9388934782690215 0.9389164361469517 0.9389393918834941 0.938962345478789 0.9389852969329611 0.9390082462461451 0.939031193418479 0.9390541384500843 0.9390770813411018 0.9391000220916648 0.9391229607019036 0.9391458971719491 0.9391688315019375 0.939191763691996 0.9392146937422616 0.9392376216528677 0.9392605474239426 0.939283471055619 0.9393063925480329 0.9393293119013169 0.9393522291156058 0.9393751441910254 0.9393980571277096 0.9394209679257952 0.9394438765854118 0.9394667831066936 0.9394896874897745 0.9395125897347811 0.9395354898418542 0.9395583878111191 0.9395812836427169 0.9396041773367692 0.9396270688934221 0.939649958312796 0.9396728455950321 0.9396957307402554 0.9397186137486062 0.9397414946202114 0.9397643733552046 0.9397872499537248 0.9398101244159021 0.9398329967418628 0.9398558669317474 0.9398787349856792 0.9399016009038033 0.9399244646862468 0.9399473263331337 0.9399701858446106 0.9399930432208037 0.9400158984618523 0.9400387515678783 0.9400616025390174 0.9400844513754134 0.9401072980771843 0.9401301426444726 0.940152985077408 0.9401758253761228 0.9401986635407484 0.9402214995714198 0.9402443334682711 0.9402671652314325 0.9402899948610406 0.9403128223572228 0.9403356477201161 0.9403584709498529 0.940381292046564 0.9404041110103831 0.9404269278414494 0.940449742539883 0.9404725551058275 0.9404953655394124 0.9405181738407731 0.9405409800100317 0.9405637840473378 0.9405865859528115 0.9406093857265883 0.9406321833688116 0.9406549788795973 0.9406777722590891 0.9407005635074202 0.9407233526247172 0.940746139611123 0.9407689244667579 0.9407917071917682 0.9408144877862772 0.9408372662504214 0.9408600425843323 0.9408828167881462 0.9409055888619968 0.9409283588060042 0.9409511266203199 0.9409738923050712 0.9409966558603842 0.9410194172863955 0.9410421765832424 0.9410649337510479 0.9410876887899615 0.9411104417001022 0.9411331924816047 0.9411559411346087 0.9411786876592396 0.9412014320556421 0.9412241743239336 0.941246914464257 0.9412696524767461 0.9412923883615332 0.9413151221187483 0.9413378537485249 0.9413605832509977 0.9413833106262959 0.9414060358745613 0.9414287589959227 0.9414514799905085 0.941474198858459 0.9414969155999025 0.9415196302149771 0.9415423427038094 0.9415650530665391 0.9415877613032948 0.9416104674142103 0.9416331713994175 0.9416558732590576 0.9416785729932564 0.9417012706021466 0.9417239660858665 0.9417466594445449 0.9417693506783151 0.941792039787319 0.9418147267716737 0.9418374116315287 0.9418600943670077 0.9418827749782472 0.9419054534653752 0.9419281298285389 0.941950804067853 0.9419734761834648 0.9419961461755002 0.9420188140440975 0.9420414797893875 0.9420641434115031 0.9420868049105737 0.9421094642867431 0.9421321215401379 0.9421547766708942 0.9421774296791339 0.9422000805650079 0.9422227293286389 0.9422453759701628 0.9422680204897147 0.9422906628874235 0.9423133031634263 0.9423359413178565 0.9423585773508472 0.9423812112625243 0.9424038430530328 0.9424264727225022 0.9424491002710695 0.9424717256988557 0.9424943490060054 0.9425169701926466 0.942539589258917 0.9425622062049466 0.9425848210308725 0.9426074337368238 0.942630044322931 0.9426526527893351 0.942675259136172 0.9426978633635643 0.9427204654716554 0.94274306546057 0.9427656633304518 0.9427882590814287 0.9428108527136283 0.9428334442271902 0.9428560336222489 0.9428786208989401 0.9429012060573914 0.94292378909774 0.9429463700201177 0.942968948824654 0.9429915255114918 0.9430141000807588 0.943036672532588 0.9430592428671138 0.9430818110844716 0.9431043771847962 0.9431269411682148 0.9431495030348707 0.943172062784883 0.943194620418399 0.9432171759355459 0.9432397293364612 0.9432622806212723 0.9432848297901182 0.9433073768431279 0.9433299217804418 0.9433524646021838 0.9433750053084988 0.9433975438995101 0.9434200803753603 0.9434426147361763 0.9434651469820932 0.9434876771132481 0.9435102051297686 0.9435327310317956 0.9435552548194583 0.9435777764928888 0.943600296052223 0.9436228134975952 0.9436453288291404 0.9436678420469877 0.943690353151275 0.9437128621421307 0.9437353690196997 0.9437578737841026 0.9437803764354764 0.9438028769739597 0.9438253753996841 0.9438478717127818 0.943870365913386 0.9438928580016352 0.9439153479776612 0.9439378358415915 0.9439603215935675 0.9439828052337207 0.9440052867621858 0.9440277661790863 0.9440502434845719 0.9440727186787703 0.9440951917618112 0.9441176627338319 0.9441401315949611 0.9441625983453443 0.9441850629851021 0.9442075255143765 0.9442299859332983 0.9442524442420013 0.9442749004406215 0.9442973545292896 0.9443198065081402 0.9443422563773116 0.9443647041369292 0.9443871497871312 0.9444095933280579 0.9444320347598341 0.9444544740825915 0.944476911296475 0.9444993464016076 0.9445217793981322 0.9445442102861756 0.944566639065876 0.9445890657373626 0.9446114903007725 0.9446339127562424 0.9446563331039037 0.9446787513438859 0.9447011674763333 0.9447235815013648 0.9447459934191313 0.9447684032297481 0.9447908109333656 0.9448132165301106 0.9448356200201156 0.9448580214035096 0.9448804206804438 0.9449028178510417 0.9449252129154324 0.9449476058737534 0.9449699967261469 0.944992385472734 0.945014772113657 0.9450371566490459 0.9450595390790384 0.9450819194037594 0.9451042976233588 0.9451266737379562 0.9451490477476903 0.9451714196526935 0.9451937894531033 0.9452161571490558 0.9452385227406808 0.9452608862281087 0.9452832476114783 0.9453056068909245 0.9453279640665786 0.9453503191385784 0.9453726721070503 0.9453950229721368 0.9454173717339698 0.9454397183926784 0.9454620629484007 0.9454844054012679 0.9455067457514195 0.9455290839989845 0.9455514201441 0.945573754186892 0.9455960861275103 0.945618415966075 0.9456407437027297 0.9456630693376045 0.9456853928708231 0.9457077143025356 0.9457300336328669 0.9457523508619581 0.9457746659899378 0.9457969790169392 0.9458192899430997 0.9458415987685505 0.9458639054934286 0.9458862101178684 0.9459085126420019 0.9459308130659647 0.9459531113898856 0.9459754076139089 0.9459977017381636 0.9460199937627738 0.9460422836878879 0.9460645715136398 0.9460868572401553 0.9461091408675693 0.9461314223960227 0.9461537018256445 0.9461759791565714 0.9461982543889282 0.9462205275228697 0.9462427985585107 0.9462650674959918 0.9462873343354496 0.9463095990770154 0.9463318617208238 0.9463541222670118 0.9463763807157066 0.9463986370670456 0.9464208913211736 0.9464431434782083 0.9464653935382921 0.9464876415015548 0.9465098873681412 0.9465321311381703 0.9465543728117931 0.9465766123891299 0.9465988498703226 0.9466210852554973 0.9466433185447949 0.9466655497383503 0.946687778836296 0.9467100058387732 0.9467322307459003 0.9467544535578198 0.9467766742746733 0.9467988928965809 0.9468211094236867 0.946843323856124 0.9468655361940224 0.9468877464375225 0.9469099545867532 0.9469321606418559 0.9469543646029535 0.9469765664701892 0.9469987662436943 0.9470209639236025 0.9470431595100495 0.9470653530031747 0.9470875444030971 0.9471097337099665 0.9471319209239104 0.9471541060450677 0.9471762890735655 0.9471984700095406 0.9472206488531327 0.9472428256044709 0.9472650002636835 0.947287172830922 0.9473093433063071 0.9473315116899772 0.9473536779820626 0.9473758421827039 0.94739800429203 0.9474201643101823 0.9474423222372863 0.9474644780734887 0.9474866318189048 0.9475087834736877 0.9475309330379633 0.9475530805118624 0.9475752258955303 0.9475973691890913 0.9476195103926839 0.9476416495064413 0.9476637865305013 0.94768592146499 0.9477080543100564 0.9477301850658144 0.9477523137324166 0.947774440309995 0.9477965647986735 0.9478186871985927 0.9478408075098848 0.9478629257326925 0.9478850418671412 0.9479071559133672 0.9479292678715048 0.9479513777416899 0.94797348552406 0.9479955912187437 0.9480176948258778 0.9480397963455975 0.9480618957780365 0.9480839931233291 0.9481060883816093 0.9481281815530109 0.9481502726376712 0.9481723616357234 0.9481944485472997 0.9482165333725381 0.9482386161115681 0.9482606967645335 0.9482827753315621 0.948304851812787 0.9483269262083405 0.9483489985183677 0.9483710687429934 0.9483931368823566 0.9484152029365915 0.948437266905829 0.9484593287902066 0.9484813885898635 0.9485034463049216 0.9485255019355257 0.9485475554818081 0.948569606943904 0.9485916563219416 0.9486137036160658 0.9486357488264026 0.948657791953093 0.9486798329962656 0.9487018719560594 0.9487239088326045 0.9487459436260401 0.9487679763364976 0.948790006964114 0.9488120355090208 0.9488340619713584 0.9488560863512494 0.9488781086488427 0.9489001288642629 0.9489221469976461 0.9489441630491311 0.9489661770188527 0.94898818890694 0.9490101987135307 0.949032206438758 0.9490542120827581 0.9490762156456678 0.9490982171276152 0.9491202165287369 0.9491422138491732 0.9491642090890542 0.949186202248514 0.9492081933276828 0.9492301823267064 0.9492521692457112 0.9492741540848393 0.9492961368442128 0.9493181175239753 0.9493400961242604 0.9493620726452048 0.9493840470869388 0.949406019449597 0.9494279897333169 0.9494499579382301 0.949471924064472 0.9494938881121788 0.9495158500814853 0.9495378099725227 0.9495597677854308 0.9495817235203414 0.9496036771773884 0.94962562875671 0.9496475782584382 0.9496695256827064 0.9496914710296462 0.9497134142994006 0.9497353554921006 0.9497572946078772 0.949779231646869 0.9498011666092123 0.9498230994950418 0.949845030304483 0.9498669590376878 0.9498888856947714 0.9499108102758811 0.9499327327811422 0.949954653210699 0.9499765715646831 0.9499984878432282 0.9500204020464724 0.9500423141745387 0.9500642242275812 0.9500861322057172 0.9501080381090881 0.9501299419378295 0.9501518436920766 0.9501737433719595 0.950195640977614 0.9502175365091821 0.9502394299667865 0.9502613213505735 0.9502832106606742 0.9503050978972192 0.950326983060346 0.9503488661501893 0.9503707471668836 0.9503926261105626 0.9504145029813658 0.9504363777794211 0.9504582505048684 0.9504801211578395 0.9505019897384688 0.9505238562468983 0.950545720683253 0.9505675830476652 0.9505894433402846 0.950611301561237 0.9506331577106577 0.9506550117886783 0.950676863795433 0.9506987137310661 0.9507205615957011 0.9507424073894841 0.9507642511125391 0.950786092765012 0.95080793234702 0.950829769858716 0.9508516053002263 0.9508734386716868 0.950895269973236 0.9509170992049967 0.950938926367118 0.9509607514597342 0.9509825744829676 0.9510043954369602 0.9510262143218458 0.9510480311377663 0.9510698458848419 0.951091658563219 0.9511134691730323 0.9511352777144122 0.9511570841874919 0.9511788885924126 0.9512006909293065 0.9512224911983085 0.951244289399547 0.9512660855331616 0.9512878795992943 0.9513096715980689 0.951331461529624 0.9513532493940986 0.9513750351916179 0.9513968189223281 0.9514186005863601 0.9514403801838451 0.9514621577149216 0.9514839331797185 0.9515057065783781 0.951527477911033 0.9515492471778164 0.9515710143788649 0.9515927795143133 0.9516145425842928 0.9516363035889439 0.9516580625283966 0.9516798194027891 0.9517015742122554 0.951723326956927 0.9517450776369438 0.9517668262524408 0.9517885728035467 0.951810317290404 0.9518320597131438 0.9518538000718966 0.9518755383668049 0.9518972745979992 0.9519190087656124 0.9519407408697851 0.9519624709106509 0.9519841988883435 0.9520059248029984 0.9520276486547468 0.9520493704437272 0.9520710901700744 0.9520928078339215 0.9521145234354056 0.9521362369746589 0.9521579484518221 0.9521796578670221 0.9522013652204007 0.952223070512082 0.9522447737422151 0.9522664749109278 0.9522881740183577 0.9523098710646292 0.9523315660498908 0.9523532589742718 0.9523749498379086 0.952396638640929 0.9524183253834813 0.9524400100656902 0.9524616926876934 0.9524833732496232 0.9525050517516223 0.9525267281938194 0.9525484025763515 0.952570074899346 0.9525917451629455 0.9526134133672886 0.9526350795125005 0.9526567435987225 0.9526784056260924 0.9527000655947342 0.9527217235047925 0.9527433793563966 0.9527650331496818 0.9527866848847946 0.9528083345618552 0.9528299821810036 0.952851627742374 0.952873271246101 0.9528949126923223 0.9529165520811738 0.9529381894127822 0.9529598246872948 0.9529814579048344 0.9530030890655432 0.9530247181695568 0.9530463452170066 0.9530679702080316 0.9530895931427585 0.9531112140213305 0.9531328328438788 0.9531544496105393 0.9531760643214515 0.9531976769767392 0.9532192875765473 0.9532408961210024 0.9532625026102495 0.9532841070444211 0.9533057094236455 0.9533273097480688 0.9533489080178081 0.9533705042330132 0.9533920983938158 0.9534136905003487 0.9534352805527502 0.953456868551152 0.9534784544956953 0.9535000383865093 0.9535216202237264 0.9535432000074884 0.9535647777379226 0.9535863534151741 0.953607927039366 0.9536294986106424 0.9536510681291352 0.9536726355949825 0.9536942010083131 0.9537157643692682 0.953737325677978 0.9537588849345777 0.9537804421392013 0.9538019972919942 0.9538235503930816 0.9538451014425977 0.953866650440683 0.9538881973874678 0.9539097422830922 0.9539312851276815 0.9539528259213843 0.953974364664328 0.9539959013566461 0.9540174359984761 0.954038968589954 0.9540604991312129 0.9540820276223871 0.9541035540636118 0.9541250784550315 0.9541466007967627 0.9541681210889539 0.9541896393317406 0.9542111555252533 0.954232669669622 0.9542541817649894 0.9542756918114925 0.9542971998092595 0.9543187057584281 0.9543402096591376 0.9543617115115182 0.9543832113157005 0.9544047090718286 0.9544262047800349 0.95444769844045 0.9544691900532123 0.95449067961846 0.9545121671363237 0.9545336526069343 0.9545551360304354 0.9545766174069636 0.9545980967366443 0.954619574019618 0.9546410492560189 0.9546625224459804 0.9546839935896396 0.9547054626871363 0.9547269297385943 0.9547483947441602 0.9547698577039603 0.954791318618136 0.9548127774868145 0.9548342343101386 0.9548556890882405 0.9548771418212565 0.9548985925093192 0.9549200411525627 0.9549414877511264 0.954962932305143 0.9549843748147473 0.9550058152800749 0.9550272537012603 0.9550486900784421 0.9550701244117468 0.9550915567013185 0.9551129869472907 0.9551344151497907 0.955155841308962 0.9551772654249355 0.9551986874978478 0.9552201075278339 0.9552415255150293 0.9552629414595701 0.9552843553615895 0.9553057672212177 0.955327177038604 0.9553485848138725 0.955369990547152 0.9553913942385888 0.9554127958883201 0.955434195496474 0.9554555930631832 0.9554769885885885 0.9554983820728304 0.9555197735160277 0.9555411629183279 0.9555625502798608 0.9555839356007694 0.9556053188811751 0.9556267001212264 0.955648079321054 0.955669456480787 0.9556908316005674 0.9557122046805246 0.955733575720803 0.9557549447215299 0.9557763116828422 0.9557976766048761 0.9558190394877619 0.9558404003316405 0.9558617591366454 0.9558831159029122 0.9559044706305744 0.9559258233197683 0.9559471739706227 0.9559685225832844 0.9559898691578808 0.9560112136945478 0.9560325561934249 0.9560538966546421 0.9560752350783299 0.9560965714646352 0.9561179058136924 0.9561392381256208 0.9561605684005736 0.9561818966386777 0.9562032228400641 0.9562245470048771 0.9562458691332452 0.9562671892253052 0.9562885072811964 0.9563098233010501 0.9563311372849974 0.9563524492331823 0.9563737591457295 0.9563950670227854 0.9564163728644774 0.9564376766709397 0.9564589784423163 0.9564802781787312 0.9565015758803272 0.9565228715472314 0.9565441651795923 0.9565654567775335 0.9565867463411939 0.9566080338707099 0.9566293193662094 0.9566506028278359 0.9566718842557225 0.9566931636500053 0.9567144410108113 0.9567357163382884 0.9567569896325623 0.9567782608937734 0.9567995301220495 0.956820797317536 0.9568420624803593 0.9568633256106525 0.9568845867085669 0.9569058457742186 0.9569271028077533 0.9569483578093041 0.9569696107790047 0.9569908617169915 0.9570121106233997 0.9570333574983634 0.9570546023420177 0.9570758451544998 0.9570970859359418 0.9571183246864758 0.9571395614062501 0.957160796095383 0.9571820287540203 0.9572032593822948 0.9572244879803409 0.9572457145482947 0.9572669390862907 0.9572881615944551 0.9573093820729452 0.9573306005218793 0.957351816941391 0.9573730313316233 0.9573942436927108 0.9574154540247803 0.9574366623279782 0.9574578686024267 0.9574790728482747 0.9575002750656503 0.9575214752546906 0.9575426734155275 0.9575638695482931 0.9575850636531336 0.957606255730171 0.957627445779555 0.9576486338014085 0.9576698197958731 0.9576910037630766 0.9577121857031663 0.9577333656162668 0.9577545435025177 0.9577757193620546 0.9577968931950083 0.9578180650015156 0.957839234781714 0.95786040253574 0.9578815682637256 0.9579027319658064 0.9579238936421146 0.9579450532927907 0.9579662109179627 0.9579873665177776 0.9580085200923572 0.9580296716418408 0.9580508211663714 0.9580719686660752 0.958093114141088 0.9581142575915573 0.9581353990175991 0.9581565384193547 0.9581776757969673 0.9581988111505635 0.9582199444802795 0.9582410757862583 0.9582622050686247 0.9582833323275182 0.9583044575630777 0.9583255807754285 0.9583467019647143 0.9583678211310702 0.9583889382746256 0.9584100533955191 0.9584311664938854 0.9584522775698572 0.9584733866235755 0.9584944936551703 0.9585155986647762 0.9585367016525321 0.9585578026185753 0.9585789015630306 0.9585999984860467 0.9586210933877437 0.9586421862682641 0.9586632771277457 0.9586843659663249 0.9587054527841312 0.9587265375812997 0.9587476203579677 0.9587687011142723 0.9587897798503411 0.9588108565663189 0.9588319312623381 0.9588530039385241 0.9588740745950255 0.9588951432319703 0.9589162098494974 0.958937274447738 0.9589583370268293 0.9589793975869019 0.959000456128096 0.959021512650547 0.9590425671543938 0.9590636196397611 0.9590846701067886 0.9591057185556113 0.9591267649863675 0.9591478093991852 0.959168851794205 0.959189892171564 0.9592109305313903 0.9592319668738278 0.9592530011990028 0.9592740335070582 0.9592950637981172 0.9593160920723278 0.95933711832982 0.9593581425707314 0.9593791647951939 0.9594001850033451 0.9594212031953122 0.9594422193712406 0.9594632335312592 0.9594842456755093 0.9595052558041137 0.9595262639172226 0.9595472700149632 0.9595682740974667 0.9595892761648761 0.959610276217326 0.9596312742549451 0.9596522702778729 0.9596732642862418 0.9596942562801947 0.9597152462598546 0.959736234225367 0.9597572201768587 0.9597782041144733 0.9597991860383339 0.9598201659485892 0.9598411438453669 0.9598621197288062 0.9598830935990348 0.9599040654561917 0.959925035300417 0.959946003131839 0.9599669689505914 0.9599879327568202 0.9600088945506515 0.9600298543322154 0.9600508121016569 0.9600717678591077 0.960092721604709 0.960113673338584 0.9601346230608732 0.960155570771714 0.9601765164712361 0.9601974601595804 0.9602184018368818 0.9602393415032664 0.9602602791588821 0.9602812148038564 0.9603021484383207 0.9603230800624221 0.9603440096762856 0.9603649372800516 0.9603858628738502 0.960406786457817 0.9604277080320935 0.9604486275968098 0.9604695451521017 0.9604904606980986 0.9605113742349491 0.9605322857627752 0.9605531952817148 0.9605741027919108 0.9605950082934906 0.9606159117865896 0.9606368132713483 0.9606577127478952 0.9606786102163676 0.9606995056769012 0.9607203991296323 0.9607412905746964 0.9607621800122179 0.9607830674423461 0.9608039528652119 0.9608248362809471 0.9608457176896881 0.960866597091568 0.9608874744867311 0.9609083498753015 0.9609292232574185 0.960950094633215 0.9609709640028343 0.9609918313663952 0.9610126967240504 0.9610335600759217 0.9610544214221515 0.9610752807628788 0.9610961380982235 0.9611169934283348 0.9611378467533416 0.9611586980733815 0.9611795473885851 0.9612003946990941 0.9612212400050373 0.9612420833065529 0.9612629246037745 0.9612837638968403 0.961304601185877 0.961325436471034 0.9613462697524344 0.9613671010302105 0.9613879303045099 0.9614087575754588 0.9614295828431991 0.961450406107855 0.961471227369572 0.9614920466284764 0.9615128638847124 0.9615336791384084 0.9615544923897033 0.9615753036387253 0.9615961128856212 0.9616169201305136 0.961637725373542 0.9616585286148456 0.9616793298545581 0.9617001290928084 0.961720926329731 0.9617417215654758 0.9617625148001607 0.9617833060339267 0.9618040952669142 0.9618248824992488 0.9618456677310767 0.9618664509625248 0.9618872321937255 0.9619080114248169 0.961928788655936 0.9619495638872197 0.9619703371187986 0.9619911083508133 0.9620118775833895 0.9620326448166672 0.9620534100507854 0.962074173285874 0.9620949345220655 0.9621156937595017 0.9621364509983148 0.9621572062386368 0.9621779594806084 0.9621987107243593 0.9622194599700251 0.9622402072177465 0.9622609524676506 0.9622816957198754 0.9623024369745592 0.962323176231831 0.9623439134918303 0.9623646487546933 0.9623853820205539 0.962406113289537 0.9624268425617946 0.9624475698374473 0.9624682951166375 0.9624890183994961 0.9625097396861673 0.9625304589767743 0.9625511762714614 0.9625718915703556 0.9625926048735911 0.9626133161813142 0.9626340254936481 0.962654732810732 0.9626754381327083 0.9626961414596962 0.9627168427918444 0.9627375421292785 0.9627582394721392 0.9627789348205589 0.9627996281746765 0.9628203195346225 0.9628410089005319 0.9628616962725434 0.9628823816507861 0.9629030650353987 0.9629237464265183 0.9629444258242743 0.9629651032288071 0.9629857786402505 0.9630064520587367 0.9630271234843981 0.9630477929173744 0.9630684603578052 0.963089125805813 0.9631097892615423 0.9631304507251253 0.9631511101966932 0.9631717676763871 0.9631924231643441 0.9632130766606841 0.9632337281655594 0.963254377679096 0.9632750252014297 0.9632956707326952 0.9633163142730288 0.9633369558225651 0.96335759538144 0.9633782329497851 0.963398868527737 0.9634195021154348 0.9634401337130047 0.9634607633205905 0.9634813909383197 0.9635020165663326 0.9635226402047588 0.9635432618537396 0.963563881513404 0.9635844991838876 0.9636051148653328 0.9636257285578629 0.9636463402616218 0.9636669499767416 0.9636875577033557 0.963708163441602 0.9637287671916119 0.963749368953521 0.9637699687274639 0.9637905665135773 0.9638111623119943 0.9638317561228529 0.9638523479462817 0.9638729377824238 0.9638935256314107 0.9639141114933696 0.9639346953684451 0.9639552772567703 0.9639758571584776 0.9639964350737047 0.9640170110025883 0.9640375849452496 0.9640581569018383 0.9640787268724875 0.9640992948573262 0.9641198608564872 0.9641404248701204 0.964160986898337 0.9641815469412969 0.964202104999119 0.9642226610719398 0.964243215159899 0.9642637672631273 0.9642843173817672 0.964304865515941 0.96432541166579 0.9643459558314531 0.964366498013056 0.9643870382107387 0.9644075764246389 0.9644281126548895 0.9644486469016202 0.9644691791649722 0.9644897094450804 0.9645102377420656 0.9645307640560858 0.9645512883872556 0.9645718107357266 0.9645923311016198 0.9646128494850774 0.9646333658862274 0.964653880305214 0.9646743927421642 0.9646949031972183 0.9647154116705075 0.9647359181621691 0.9647564226723349 0.9647769252011416 0.964797425748724 0.9648179243152166 0.964838420900753 0.9648589155054694 0.9648794081294998 0.9648998987729769 0.9649203874360428 0.9649408741188257 0.9649613588214578 0.964981841544081 0.9650023222868263 0.9650228010498281 0.9650432778332221 0.9650637526371495 0.9650842254617364 0.9651046963071153 0.9651251651734272 0.9651456320608041 0.9651660969693829 0.9651865598992964 0.9652070208506756 0.965227479823666 0.9652479368183935 0.965268391834998 0.9652888448736123 0.9653092959343637 0.965329745017399 0.9653501921228491 0.9653706372508399 0.9653910804015176 0.9654115215750136 0.9654319607714612 0.965452397990991 0.9654728332337468 0.9654932664998555 0.965513697789459 0.9655341271026883 0.9655545544396733 0.965574979800556 0.9655954031854626 0.9656158245945385 0.965636244027914 0.9656566614857209 0.9656770769681 0.9656974904751752 0.9657179020070918 0.9657383115639824 0.9657587191459769 0.9657791247532126 0.9657995283858263 0.9658199300439523 0.965840329727718 0.9658607274372697 0.9658811231727378 0.9659015169342513 0.9659219087219508 0.9659422985359702 0.965962686376439 0.9659830722435001 0.9660034561372819 0.96602383805792 0.9660442180055484 0.966064595980308 0.9660849719823277 0.966105346011743 0.9661257180686849 0.9661460881532977 0.9661664562657066 0.9661868224060548 0.9662071865744715 0.9662275487710861 0.9662479089960443 0.9662682672494758 0.9662886235315065 0.9663089778422855 0.9663293301819413 0.9663496805506107 0.9663700289484232 0.966390375375519 0.9664107198320246 0.9664310623180801 0.9664514028338256 0.966471741379382 0.9664920779548976 0.9665124125605025 0.9665327451963297 0.9665530758625127 0.9665734045591876 0.9665937312864865 0.9666140560445469 0.9666343788335086 0.9666546996534948 0.9666750185046449 0.9666953353870986 0.9667156503009853 0.9667359632464376 0.9667562742235938 0.9667765832325843 0.9667968902735522 0.9668171953466267 0.9668374984519394 0.9668577995896315 0.9668780987598247 0.9668983959626736 0.9669186911982963 0.966938984466831 0.9669592757684176 0.9669795651031843 0.9669998524712728 0.9670201378728114 0.9670404213079344 0.9670607027767828 0.9670809822794781 0.9671012598161708 0.967121535386986 0.9671418089920623 0.9671620806315291 0.9671823503055257 0.9672026180141842 0.9672228837576369 0.967243147536021 0.967263409349477 0.9672836691981317 0.9673039270821189 0.9673241830015789 0.9673444369566391 0.9673646889474385 0.9673849389741136 0.9674051870367912 0.9674254331356149 0.9674456772707154 0.9674659194422262 0.9674861596502775 0.9675063978950145 0.9675266341765629 0.9675468684950579 0.9675671008506428 0.9675873312434371 0.9676075596735871 0.9676277861412226 0.9676480106464826 0.9676682331894955 0.9676884537703969 0.9677086723893245 0.9677288890464102 0.967749103741788 0.9677693164755976 0.9677895272479637 0.967809736059033 0.9678299429089252 0.9678501477977881 0.9678703507257449 0.9678905516929421 0.9679107506995046 0.9679309477455702 0.9679511428312715 0.9679713359567472 0.96799152712213 0.9680117163275481 0.9680319035731462 0.9680520888590562 0.9680722721854012 0.9680924535523321 0.9681126329599716 0.9681328104084546 0.9681529858979252 0.9681731594285097 0.9681933310003392 0.9682135006135582 0.9682336682682968 0.9682538339646869 0.9682739977028589 0.9682941594829575 0.9683143193051136 0.9683344771694586 0.9683546330761279 0.968374787025259 0.9683949390169782 0.9684150890514329 0.9684352371287475 0.9684553832490523 0.9684755274124925 0.9684956696192015 0.9685158098693039 0.9685359481629403 0.9685560845002499 0.9685762188813594 0.9685963513064078 0.9686164817755225 0.9686366102888424 0.9686567368465033 0.9686768614486416 0.9686969840953892 0.9687171047868783 0.968737223523243 0.9687573403046148 0.9687774551311414 0.9687975680029395 0.9688176789201555 0.968837787882918 0.9688578948913658 0.968877999945629 0.9688981030458441 0.9689182041921445 0.9689383033846612 0.9689584006235363 0.9689784959088996 0.9689985892408854 0.9690186806196239 0.9690387700452576 0.9690588575179147 0.9690789430377342 0.9690990266048454 0.9691191082193853 0.9691391878814852 0.9691592655912833 0.969179341348912 0.969199415154506 0.9692194870082007 0.9692395569101262 0.9692596248604217 0.9692796908592163 0.9692997549066489 0.9693198170028503 0.9693398771479553 0.9693599353421023 0.9693799915854202 0.9694000458780454 0.9694200982201129 0.9694401486117605 0.9694601970531089 0.9694802435443062 0.9695002880854784 0.9695203306767664 0.9695403713182942 0.9695604100102102 0.9695804467526352 0.9696004815457153 0.9696205143895742 0.9696405452843562 0.9696605742301834 0.9696806012271981 0.9697006262755341 0.9697206493753199 0.9697406705266929 0.9697606897297937 0.9697807069847517 0.9698007222916953 0.9698207356507658 0.9698407470620882 0.9698607565258124 0.9698807640420628 0.9699007696109696 0.9699207732326718 0.9699407749073083 0.9699607746350076 0.9699807724158991 0.970000768250127 0.9700207621378221 0.9700407540791103 0.9700607440741367 0.9700807321230309 0.9701007182259265 0.9701207023829617 0.9701406845942606 0.9701606648599705 0.9701806431802193 0.9702006195551336 0.9702205939848576 0.9702405664695246 0.9702605370092674 0.9702805056042161 0.9703004722545077 0.9703204369602774 0.9703403997216573 0.9703603605387796 0.9703803194117828 0.970400276340807 0.9704202313259698 0.9704401843674149 0.9704601354652727 0.9704800846196824 0.9705000318307822 0.970519977098689 0.9705399204235492 0.9705598618055007 0.9705798012446669 0.9705997387411829 0.9706196742951927 0.970639607906822 0.9706595395762081 0.9706794693034806 0.9706993970887792 0.9707193229322304 0.970739246833979 0.9707591687941499 0.9707790888128796 0.9707990068903007 0.9708189230265518 0.9708388372217636 0.9708587494760736 0.9708786597896082 0.9708985681625055 0.9709184745949031 0.9709383790869366 0.9709582816387246 0.9709781822504167 0.9709980809221412 0.9710179776540326 0.9710378724462245 0.971057765298851 0.9710776562120471 0.9710975451859472 0.9711174322206797 0.9711373173163849 0.9711572004731952 0.9711770816912393 0.971196960970659 0.971216838311584 0.9712367137141471 0.9712565871784893 0.9712764587047391 0.9712963282930231 0.9713161959434926 0.9713360616562596 0.9713559254314781 0.9713757872692723 0.9713956471697749 0.9714155051331232 0.9714353611594544 0.9714552152488973 0.9714750674015837 0.9714949176176522 0.9715147658972298 0.9715346122404567 0.971554456647471 0.9715742991183978 0.9715941396533749 0.9716139782525397 0.9716338149160144 0.9716536496439445 0.971673482436457 0.9716933132936902 0.9717131422157756 0.9717329692028465 0.9717527942550366 0.9717726173724819 0.9717924385553172 0.9718122578036674 0.9718320751176783 0.9718518904974776 0.9718717039432012 0.9718915154549781 0.9719113250329467 0.9719311326772384 0.971950938387991 0.9719707421653321 0.9719905440094014 0.9720103439203338 0.9720301418982564 0.9720499379433014 0.9720697320556122 0.9720895242353162 0.9721093144825421 0.9721291027974373 0.9721488891801289 0.9721686736307462 0.9721884561494303 0.972208236736309 0.9722280153915095 0.9722477921151893 0.9722675669074614 0.9722873397684597 0.9723071106983314 0.9723268796971949 0.9723466467651987 0.9723664119024622 0.9723861751091294 0.9724059363853326 0.9724256957312019 0.9724454531468691 0.9724652086324732 0.9724849621881446 0.9725047138140237 0.9725244635102315 0.9725442112769136 0.9725639571142006 0.972583701022222 0.9726034430011139 0.9726231830510113 0.9726429211720413 0.9726626573643467 0.9726823916280596 0.9727021239633109 0.9727218543702307 0.9727415828489585 0.9727613093996266 0.9727810340223688 0.9728007567173151 0.9728204774846061 0.9728401963243642 0.9728599132367406 0.9728796282218528 0.9728993412798395 0.9729190524108353 0.9729387616149732 0.9729584688923891 0.9729781742432093 0.9729978776675721 0.9730175791656195 0.9730372787374686 0.9730569763832653 0.9730766721031379 0.9730963658972249 0.9731160577656555 0.9731357477085583 0.9731554357260785 0.9731751218183411 0.9731948059854809 0.9732144882276326 0.9732341685449319 0.9732538469375123 0.9732735234055028 0.9732931979490382 0.973312870568253 0.9733325412632836 0.9733522100342615 0.9733718768813144 0.973391541804588 0.9734112048042032 0.9734308658803004 0.9734505250330148 0.9734701822624745 0.9734898375688155 0.9735094909521735 0.9735291424126755 0.9735487919504606 0.9735684395656599 0.9735880852584093 0.9736077290288399 0.9736273708770897 0.9736470108032822 0.9736666488075629 0.973686284890054 0.9737059190508977 0.9737255512902261 0.9737451816081664 0.9737648100048568 0.9737844364804289 0.9738040610350189 0.9738236836687595 0.973843304381782 0.9738629231742257 0.9738825400462137 0.9739021549978841 0.9739217680293737 0.9739413791408182 0.9739609883323408 0.973980595604079 0.9740002009561706 0.9740198043887469 0.9740394059019359 0.9740590054958802 0.9740786031707074 0.9740981989265451 0.9741177927635403 0.97413738468182 0.9741569746815135 0.9741765627627608 0.9741961489256885 0.9742157331704382 0.9742353154971337 0.9742548959059141 0.9742744743969132 0.9742940509702605 0.9743136256260938 0.9743331983645458 0.974352769185747 0.9743723380898273 0.9743919050769332 0.9744114701471802 0.9744310333007189 0.974450594537668 0.9744701538581746 0.9744897112623567 0.9745092667503625 0.9745288203223121 0.9745483719783483 0.9745679217186038 0.9745874695432106 0.9746070154522917 0.9746265594459922 0.9746461015244456 0.9746656416877826 0.9746851799361322 0.9747047162696296 0.9747242506884175 0.9747437831926098 0.9747633137823599 0.9747828424577891 0.9748023692190335 0.974821894066229 0.9748414169995001 0.9748609380189917 0.97488045712483 0.974899974317152 0.9749194895960855 0.974939002961769 0.9749585144143276 0.9749780239539061 0.9749975315806341 0.9750170372946378 0.9750365410960549 0.9750560429850188 0.9750755429616689 0.9750950410261277 0.9751145371785337 0.9751340314190176 0.9751535237477116 0.9751730141647512 0.9751925026702779 0.9752119892644056 0.9752314739472863 0.9752509567190439 0.9752704375798134 0.9752899165297224 0.9753093935689101 0.9753288686975132 0.9753483419156554 0.975367813223474 0.975387282621107 0.9754067501086794 0.975426215686326 0.9754456793541852 0.9754651411123878 0.9754846009610603 0.9755040589003425 0.9755235149303669 0.9755429690512674 0.9755624212631762 0.9755818715662179 0.9756013199605373 0.9756207664462666 0.9756402110235354 0.9756596536924722 0.9756790944532185 0.9756985333058994 0.9757179702506529 0.9757374052876122 0.9757568384169073 0.9757762696386758 0.9757956989530461 0.9758151263601547 0.9758345518601346 0.9758539754531128 0.9758733971392262 0.9758928169186145 0.975912234791398 0.9759316507577185 0.9759510648177059 0.9759704769714934 0.9759898872192121 0.9760092955609982 0.9760287019969884 0.9760481065273032 0.9760675091520883 0.9760869098714686 0.9761063086855832 0.9761257055945576 0.9761451005985307 0.976164493697633 0.9761838848920015 0.976203274181761 0.9762226615670513 0.9762420470479998 0.9762614306247417 0.976280812297416 0.976300192066148 0.9763195699310707 0.976338945892322 0.9763583199500319 0.976377692104327 0.9763970623553528 0.9764164307032335 0.976435797148103 0.9764551616900978 0.9764745243293482 0.9764938850659879 0.9765132439001447 0.9765326008319561 0.9765519558615565 0.9765713089890804 0.9765906602146528 0.9766100095384114 0.9766293569604865 0.9766487024810113 0.9766680461001238 0.976687387817951 0.976706727634628 0.9767260655502858 0.9767454015650618 0.9767647356790841 0.9767840678924831 0.9768033982053983 0.9768227266179608 0.9768420531302966 0.9768613777425481 0.9768807004548463 0.9769000212673178 0.9769193401800993 0.9769386571933265 0.9769579723071247 0.9769772855216328 0.9769965968369758 0.9770159062532993 0.9770352137707312 0.9770545193893936 0.9770738231094316 0.9770931249309733 0.9771124248541485 0.9771317228790983 0.9771510190059463 0.9771703132348328 0.9771896055658826 0.9772088959992347 0.9772281845350177 0.9772474711733723 0.977266755914417 0.9772860387582991 0.9773053197051422 0.9773245987550752 0.977343875908244 0.977363151164774 0.9773824245248008 0.9774016959884475 0.9774209655558526 0.977440233227157 0.9774594990024772 0.9774787628819581 0.9774980248657297 0.9775172849539246 0.9775365431466723 0.977555799444108 0.9775750538463628 0.977594306353567 0.9776135569658613 0.9776328056833736 0.9776520525062327 0.9776712974345743 0.9776905404685308 0.9777097816082392 0.9777290208538263 0.9777482582054247 0.9777674936631684 0.9777867272271932 0.9778059588976253 0.9778251886745992 0.9778444165582507 0.9778636425487148 0.977882866646111 0.977902088850582 0.9779213091622654 0.9779405275812838 0.977959744107767 0.9779789587418566 0.977998171483681 0.9780173823333749 0.9780365912910667 0.9780557983568929 0.9780750035309829 0.9780942068134733 0.9781134082044889 0.9781326077041699 0.9781518053126499 0.9781710010300546 0.9781901948565161 0.9782093867921742 0.9782285768371557 0.978247764991591 0.9782669512556181 0.9782861356293715 0.9783053181129737 0.9783244987065631 0.9783436774102736 0.9783628542242333 0.978382029148577 0.9784012021834407 0.9784203733289507 0.9784395425852404 0.9784587099524411 0.978477875430694 0.9784970390201178 0.9785162007208568 0.9785353605330376 0.978554518456791 0.9785736744922553 0.9785928286395582 0.9786119808988281 0.9786311312702083 0.9786502797538241 0.9786694263498092 0.9786885710582927 0.9787077138794098 0.9787268548132948 0.9787459938600767 0.9787651310198917 0.9787842662928605 0.9788033996791381 0.9788225311788306 0.9788416607920876 0.9788607885190368 0.9788799143598104 0.9788990383145373 0.978918160383353 0.9789372805663916 0.9789563988637813 0.9789755152756552 0.9789946298021472 0.9790137424433887 0.9790328531995176 0.9790519620706533 0.9790710690569364 0.9790901741584987 0.979109277375469 0.9791283787079856 0.9791474781561722 0.9791665757201671 0.9791856714001068 0.9792047651961109 0.9792238571083258 0.9792429471368735 0.979262035281883 0.9792811215435013 0.9793002059218452 0.9793192884170583 0.9793383690292643 0.9793574477585991 0.979376524605198 0.9793955995691843 0.9794146726507003 0.9794337438498739 0.9794528131668305 0.9794718806017086 0.979490946154645 0.9795100098257614 0.9795290716151961 0.9795481315230881 0.9795671895495537 0.9795862456947382 0.9796052999587623 0.9796243523417676 0.979643402843883 0.979662451465237 0.9796814982059705 0.9797005430662045 0.9797195860460781 0.9797386271457191 0.979757666365263 0.9797767037048417 0.9797957391645928 0.9798147727446349 0.9798338044451076 0.9798528342661421 0.9798718622078728 0.979890888270428 0.9799099124539421 0.9799289347585449 0.9799479551843666 0.9799669737315473 0.9799859904002097 0.9800050051904932 0.9800240181025242 0.9800430291364368 0.9800620382923655 0.9800810455704365 0.980100050970786 0.9801190544935459 0.9801380561388482 0.9801570559068153 0.9801760537975954 0.980195049811313 0.9802140439480922 0.9802330362080804 0.9802520265913977 0.9802710150981795 0.9802900017285596 0.9803089864826668 0.9803279693606317 0.980346950362589 0.9803659294886717 0.9803849067390116 0.9804038821137331 0.9804228556129797 0.9804418272368758 0.9804607969855543 0.9804797648591466 0.9804987308577877 0.980517694981603 0.9805366572307326 0.9805556176053016 0.9805745761054494 0.9805935327313013 0.9806124874829885 0.9806314403606458 0.9806503913644011 0.9806693404943911 0.9806882877507506 0.9807072331335971 0.9807261766430788 0.9807451182793163 0.980764058042451 0.9807829959326009 0.9808019319499093 0.9808208660945059 0.9808397983665185 0.9808587287660802 0.9808776572933271 0.9808965839483899 0.9809155087313939 0.9809344316424755 0.980953352681768 0.980972271849395 0.9809911891454983 0.9810101045702049 0.9810290181236438 0.9810479298059542 0.9810668396172604 0.9810857475576977 0.9811046536273991 0.9811235578264919 0.98114246015511 0.9811613606133849 0.9811802592014487 0.9811991559194335 0.9812180507674717 0.9812369437456887 0.9812558348542204 0.9812747240932043 0.981293611462762 0.9813124969630282 0.9813313805941419 0.9813502623562207 0.9813691422494093 0.9813880202738343 0.9814068964296232 0.9814257707169163 0.9814446431358359 0.9814635136865166 0.9814823823690961 0.9815012491836979 0.9815201141304553 0.9815389772095029 0.9815578384209707 0.9815766977649882 0.9815955552416908 0.9816144108512093 0.9816332645936701 0.9816521164692094 0.9816709664779579 0.9816898146200475 0.9817086608956036 0.9817275053047696 0.981746347847668 0.9817651885244325 0.9817840273351981 0.9818028642800893 0.9818216993592412 0.9818405325727886 0.9818593639208546 0.9818781934035792 0.9818970210210891 0.9819158467735141 0.981934670660991 0.9819534926836486 0.9819723128416191 0.9819911311350249 0.9820099475640127 0.9820287621287098 0.9820475748292343 0.9820663856657377 0.9820851946383393 0.9821040017471718 0.9821228069923644 0.9821416103740535 0.9821604118923664 0.9821792115474395 0.9821980093393969 0.9822168052683795 0.9822355993345078 0.9822543915379214 0.9822731818787462 0.9822919703571147 0.9823107569731633 0.9823295417270166 0.9823483246188105 0.9823671056486774 0.982385884816741 0.9824046621231401 0.9824234375679985 0.9824422111514557 0.9824609828736373 0.9824797527346776 0.9824985207347123 0.9825172868738583 0.982536051152263 0.9825548135700457 0.9825735741273429 0.9825923328242867 0.9826110896610025 0.9826298446376305 0.982648597754294 0.9826673490111333 0.9826860984082735 0.9827048459458383 0.9827235916239678 0.9827423354427918 0.9827610774024456 0.9827798175030522 0.9827985557447554 0.9828172921276686 0.9828360266519338 0.9828547593176831 0.9828734901250424 0.9828922190741485 0.9829109461651331 0.982929671398115 0.98294839477324 0.9829671162906257 0.9829858359504202 0.9830045537527381 0.9830232696977219 0.9830419837854962 0.9830606960161987 0.9830794063899455 0.9830981149068887 0.9831168215671442 0.9831355263708459 0.983154229318127 0.9831729304091206 0.9831916296439567 0.9832103270227626 0.9832290225456706 0.9832477162128148 0.9832664080243259 0.9832850979803274 0.9833037860809615 0.9833224723263523 0.9833411567166306 0.983359839251928 0.983378519932379 0.9833971987581132 0.9834158757292584 0.9834345508459448 0.9834532241083132 0.9834718955164794 0.9834905650705896 0.983509232770762 0.9835278986171361 0.9835465626098383 0.9835652247490061 0.9835838850347589 0.9836025434672404 0.9836212000465725 0.98363985477289 0.9836585076463173 0.9836771586669943 0.9836958078350504 0.9837144551506096 0.9837331006138141 0.9837517442247843 0.9837703859836524 0.9837890258905513 0.9838076639456155 0.9838263001489742 0.9838449345007529 0.9838635670010898 0.9838821976501115 0.983900826447947 0.983919453394734 0.9839380784905944 0.983956701735667 0.9839753231300712 0.9839939426739546 0.9840125603674381 0.9840311762106477 0.9840497902037253 0.9840684023467932 0.9840870126399897 0.9841056210834367 0.9841242276772708 0.9841428324216193 0.9841614353166168 0.9841800363623898 0.9841986355590759 0.9842172329068 0.9842358284056942 0.9842544220558833 0.9842730138575138 0.9842916038106975 0.9843101919155794 0.9843287781722845 0.9843473625809422 0.9843659451416829 0.9843845258546469 0.9844031047199464 0.9844216817377323 0.9844402569081177 0.9844588302312507 0.984477401707242 0.9844959713362433 0.9845145391183681 0.9845331050537505 0.9845516691425318 0.9845702313848279 0.9845887917807796 0.9846073503305164 0.9846259070341679 0.9846444618918604 0.9846630149037257 0.9846815660699004 0.9847001153905095 0.9847186628656861 0.9847372084955637 0.9847557522802646 0.9847742942199222 0.9847928343146686 0.9848113725646357 0.9848299089699553 0.984848443530753 0.9848669762471609 0.9848855071193139 0.9849040361473322 0.9849225633313599 0.9849410886715182 0.9849596121679347 0.9849781338207495 0.9849966536300911 0.985015171596084 0.9850336877188606 0.9850522019985586 0.9850707144353017 0.985089225029216 0.9851077337804408 0.9851262406891044 0.9851447457553317 0.9851632489792617 0.9851817503610161 0.9852002499007337 0.9852187475985401 0.9852372434545633 0.9852557374689432 0.9852742296417962 0.9852927199732684 0.9853112084634781 0.9853296951125561 0.985348179920642 0.9853666628878588 0.9853851440143393 0.9854036233002077 0.9854221007456041 0.9854405763506549 0.9854590501154883 0.9854775220402374 0.9854959921250317 0.9855144603699986 0.9855329267752746 0.9855513913409852 0.9855698540672615 0.985588314954233 0.9856067740020342 0.9856252312107883 0.9856436865806317 0.9856621401116921 0.9856805918041027 0.9856990416579867 0.9857174896734782 0.9857359358507183 0.9857543801898192 0.985772822690917 0.9857912633541495 0.9858097021796397 0.9858281391675154 0.9858465743179117 0.9858650076309632 0.9858834391067912 0.9859018687455259 0.9859202965473093 0.9859387225122598 0.985957146640505 0.9859755689321892 0.9859939893874323 0.9860124080063633 0.9860308247891174 0.9860492397358263 0.9860676528466135 0.986086064121612 0.986104473560953 0.9861228811647653 0.9861412869331851 0.9861596908663293 0.9861780929643391 0.9861964932273435 0.9862148916554652 0.9862332882488427 0.9862516830076047 0.9862700759318743 0.9862884670217893 0.9863068562774804 0.9863252436990662 0.9863436292866923 0.9863620130404742 0.9863803949605532 0.9863987750470553 0.9864171533001076 0.9864355297198462 0.9864539043063991 0.9864722770598917 0.9864906479804509 0.9865090170682222 0.9865273843233249 0.9865457497458845 0.986564113336039 0.9865824750939192 0.986600835019654 0.9866191931133683 0.986637549375194 0.9866559038052645 0.9866742564037059 0.9866926071706452 0.9867109561062244 0.9867293032105602 0.9867476484837883 0.9867659919260385 0.9867843335374393 0.9868026733181265 0.9868210112682221 0.9868393473878636 0.9868576816771686 0.9868760141362776 0.9868943447653202 0.9869126735644227 0.9869310005337144 0.9869493256733244 0.9869676489833872 0.9869859704640325 0.9870042901153839 0.987022607937573 0.987040923930737 0.9870592380949956 0.9870775504304876 0.9870958609373386 0.9871141696156744 0.987132476465626 0.9871507814873297 0.9871690846809147 0.9871873860465032 0.9872056855842233 0.9872239832942236 0.9872422791766122 0.9872605732315298 0.9872788654591029 0.9872971558594605 0.9873154444327363 0.9873337311790589 0.9873520160985527 0.9873702991913533 0.9873885804575862 0.9874068598973826 0.9874251375108785 0.9874434132981926 0.9874616872594584 0.9874799593948143 0.9874982297043757 0.9875164981882858 0.987534764846663 0.9875530296796418 0.9875712926873494 0.9875895538699209 0.9876078132274813 0.9876260707601601 0.9876443264680916 0.9876625803513968 0.9876808324102146 0.9876990826446699 0.9877173310548897 0.9877355776410124 0.9877538224031546 0.9877720653414599 0.9877903064560465 0.9878085457470536 0.9878267832146024 0.987845018858823 0.9878632526798503 0.9878814846778088 0.9878997148528343 0.9879179432050478 0.9879361697345896 0.9879543944415727 0.9879726173261418 0.987990838388421 0.9880090576285445 0.9880272750466277 0.9880454906428238 0.988063704417234 0.9880819163700065 0.988100126501271 0.9881183348111464 0.9881365412997662 0.9881547459672646 0.9881729488137672 0.9881911498394009 0.9882093490443036 0.9882275464285977 0.9882457419924122 0.988263935735876 0.9882821276591249 0.9883003177622849 0.9883185060454829 0.988336692508849 0.9883548771525101 0.9883730599766039 0.9883912409812567 0.988409420166594 0.988427597532743 0.9884457730798399 0.9884639468080096 0.9884821187173882 0.9885002888080932 0.9885184570802625 0.9885366235340296 0.9885547881695089 0.9885729509868424 0.9885911119861535 0.9886092711675742 0.9886274285312284 0.9886455840772532 0.9886637378057768 0.9886818897169196 0.9887000398108232 0.9887181880876081 0.9887363345474043 0.9887544791903433 0.9887726220165554 0.9887907630261701 0.9888089022193087 0.9888270395961138 0.9888451751567029 0.9888633089012058 0.9888814408297621 0.9888995709424928 0.9889176992395208 0.9889358257209904 0.9889539503870226 0.9889720732377458 0.9889901942732902 0.9890083134937859 0.9890264308993639 0.9890445464901414 0.9890626602662624 0.9890807722278507 0.9890988823750304 0.9891169907079416 0.9891350972267039 0.9891532019314511 0.9891713048223099 0.9891894058994075 0.9892075051628777 0.989225602612847 0.9892436982494401 0.989261792072792 0.9892798840830328 0.9892979742802865 0.9893160626646855 0.989334149236365 0.9893522339954361 0.9893703169420398 0.9893883980763079 0.9894064773983635 0.9894245549083394 0.9894426306063577 0.9894607044925565 0.9894787765670618 0.9894968468299994 0.9895149152814975 0.9895329819216858 0.9895510467506987 0.9895691097686612 0.9895871709756974 0.989605230371946 0.9896232879575284 0.9896413437325791 0.9896593976972206 0.989677449851583 0.9896955001958012 0.9897135487299975 0.9897315954543042 0.9897496403688484 0.9897676834737679 0.989785724769171 0.989803764255206 0.989821801931994 0.9898398377996647 0.9898578718583424 0.9898759041081664 0.9898939345492543 0.9899119631817419 0.9899299900057523 0.9899480150214206 0.9899660382288766 0.9899840596282443 0.9900020792196493 0.990020097003226 0.9900381129790978 0.9900561271474015 0.9900741395082642 0.9900921500618061 0.9901101588081656 0.9901281657474654 0.9901461708798378 0.9901641742054066 0.9901821757243099 0.9902001754366672 0.9902181733426121 0.9902361694422683 0.990254163735764 0.9902721562232428 0.9902901469048131 0.9903081357806189 0.9903261228507763 0.9903441081154225 0.9903620915746849 0.9903800732286889 0.9903980530775689 0.9904160311214429 0.9904340073604536 0.9904519817947146 0.9904699544243705 0.9904879252495373 0.9905058942703469 0.9905238614869312 0.9905418268994122 0.9905597905079269 0.9905777523125918 0.9905957123135551 0.9906136705109208 0.990631626904841 0.9906495814954248 0.990667534282814 0.9906854852671296 0.9907034344484988 0.9907213818270633 0.9907393274029397 0.9907572711762516 0.9907752131471441 0.9907931533157328 0.9908110916821464 0.9908290282465213 0.9908469630089773 0.9908648959696502 0.9908828271286616 0.9909007564861461 0.990918684042227 0.9909366097970354 0.9909545337507013 0.9909724559033526 0.9909903762551129 0.991008294806113 0.9910262115564832 0.9910441265063525 0.9910620396558452 0.9910799510050954 0.9910978605542256 0.9911157683033684 0.9911336742526455 0.9911515784021914 0.9911694807521396 0.9911873813026053 0.991205280053725 0.9912231770056241 0.9912410721584333 0.9912589655122777 0.9912768570672899 0.9912947468235997 0.9913126347813241 0.9913305209406014 0.9913484053015635 0.9913662878643243 0.9913841686290166 0.9914020475957797 0.991419924764732 0.9914378001360054 0.9914556737097249 0.9914735454860235 0.9914914154650207 0.9915092836468522 0.9915271500316427 0.9915450146195299 0.9915628774106273 0.9915807384050748 0.9915985976029884 0.9916164550045043 0.9916343106097534 0.9916521644188558 0.9916700164319474 0.9916878666491533 0.991705715070597 0.9917235616964162 0.9917414065267325 0.9917592495616723 0.9917770908013694 0.9917949302459477 0.9918127678955333 0.9918306037502589 0.9918484378102526 0.991866270075638 0.99188410054655 0.9919019292231117 0.991919756105452 0.9919375811936972 0.9919554044879779 0.991973225988424 0.9919910456951571 0.9920088636083095 0.9920266797280137 0.9920444940543867 0.992062306587564 0.9920801173276717 0.9920979262748357 0.9921157334291903 0.9921335387908596 0.9921513423599682 0.9921691441366502 0.9921869441210269 0.9922047423132341 0.992222538713394 0.9922403333216352 0.9922581261380847 0.9922759171628739 0.992293706396125 0.9923114938379725 0.9923292794885423 0.9923470633479576 0.992364845416358 0.9923826256938548 0.9924004041805929 0.9924181808766825 0.9924359557822675 0.9924537288974666 0.9924715002224076 0.9924892697572245 0.9925070375020368 0.9925248034569794 0.9925425676221751 0.9925603299977561 0.9925780905838439 0.9925958493805767 0.9926136063880688 0.9926313616064608 0.9926491150358729 0.9926668666764338 0.9926846165282712 0.9927023645915185 0.9927201108662926 0.9927378553527324 0.9927555980509544 0.9927733389610915 0.9927910780832767 0.9928088154176362 0.9928265509642853 0.9928442847233647 0.9928620166949997 0.9928797468793187 0.9928974752764446 0.9929152018865082 0.9929329267096354 0.9929506497459597 0.9929683709955981 0.9929860904586865 0.99300380813535 0.9930215240257132 0.9930392381299111 0.9930569504480655 0.9930746609803047 0.9930923697267573 0.9931100766875511 0.9931277818628113 0.9931454852526718 0.9931631868572501 0.993180886676684 0.9931985847110933 0.9932162809606104 0.993233975425357 0.9932516681054677 0.9932693590010682 0.993287048112282 0.9933047354392399 0.9933224209820666 0.9933401047408943 0.9933577867158494 0.9933754669070534 0.9933931453146401 0.993410821938741 0.9934284967794684 0.9934461698369617 0.9934638411113459 0.9934815106027473 0.9934991783112919 0.9935168442371181 0.9935345083803346 0.9935521707410822 0.9935698313194843 0.9935874901156658 0.9936051471297649 0.9936228023618896 0.993640455812189 0.993658107480774 0.9936757573677804 0.9936934054733304 0.9937110517975531 0.9937286963405807 0.9937463391025319 0.9937639800835396 0.9937816192837323 0.9937992567032383 0.9938168923421766 0.9938345262006798 0.9938521582788757 0.9938697885768921 0.9938874170948537 0.9939050438328891 0.9939226687911247 0.9939402919696907 0.993957913368708 0.9939755329883102 0.9939931508286259 0.9940107668897755 0.9940283811718831 0.9940459936750878 0.9940636043995112 0.9940812133452797 0.9940988205125221 0.9941164259013622 0.9941340295119301 0.9941516313443508 0.994169231398756 0.9941868296752707 0.9942044261740168 0.9942220208951269 0.9942396138387286 0.9942572050049467 0.9942747943939056 0.9942923820057403 0.9943099678405705 0.9943275518985266 0.994345134179738 0.9943627146843259 0.9943802934124195 0.994397870364147 0.9944154455396388 0.9944330189390151 0.9944505905624053 0.9944681604099395 0.9944857284817439 0.9945032947779364 0.9945208592986587 0.9945384220440254 0.9945559830141744 0.9945735422092228 0.9945910996293035 0.9946086552745401 0.9946262091450644 0.9946437612409995 0.9946613115624701 0.9946788601096053 0.9946964068825355 0.9947139518813863 0.9947314951062787 0.994749036557345 0.9947665762347095 0.9947841141385056 0.9948016502688515 0.9948191846258838 0.9948367172097186 0.9948542480204874 0.9948717770583151 0.9948893043233347 0.9949068298156676 0.9949243535354411 0.994941875482787 0.9949593956578229 0.9949769140606852 0.9949944306914908 0.9950119455503774 0.9950294586374615 0.9950469699528761 0.99506447949675 0.9950819872692018 0.9950994932703694 0.9951169975003691 0.9951344999593303 0.99515200064738 0.9951694995646507 0.9951869967112581 0.9952044920873446 0.9952219856930193 0.9952394775284255 0.9952569675936735 0.9952744558889017 0.9952919424142299 0.9953094271697893 0.9953269101557072 0.995344391372109 0.9953618708191192 0.9953793484968654 0.9953968244054763 0.9954142985450756 0.9954317709157916 0.9954492415177516 0.9954667103510826 0.9954841774159022 0.9955016427123493 0.99551910624055 0.9955365680006252 0.9955540279926969 0.9955714862169014 0.9955889426733617 0.9956063973622069 0.9956238502835586 0.9956413014375407 0.9956587508242911 0.9956761984439271 0.9956936442965774 0.9957110883823672 0.9957285307014292 0.9957459712538861 0.9957634100398596 0.9957808470594833 0.9957982823128781 0.995815715800175 0.9958331475214974 0.9958505774769719 0.995868005666728 0.995885432090891 0.9959028567495816 0.9959202796429354 0.9959377007710746 0.9959551201341197 0.9959725377322102 0.9959899535654588 0.9960073676340002 0.9960247799379656 0.9960421904774646 0.9960595992526371 0.9960770062636048 0.996094411510495 0.996111814993434 0.9961292167125535 0.9961466166679682 0.9961640148598112 0.996181411288209 0.9961988059532874 0.9962161988551685 0.9962335899939905 0.996250979369868 0.99626836698293 0.9962857528333051 0.9963031369211188 0.9963205192464928 0.9963378998095607 0.9963552786104446 0.9963726556492707 0.996390030926166 0.9964074044412559 0.9964247761946712 0.9964421461865312 0.9964595144169646 0.9964768808861006 0.9964942455940613 0.9965116085409762 0.9965289697269659 0.9965463291521632 0.9965636868166936 0.9965810427206776 0.9965983968642431 0.996615749247522 0.9966330998706345 0.9966504487337069 0.9966677958368697 0.9966851411802444 0.9967024847639612 0.996719826588141 0.9967371666529126 0.996754504958403 0.9967718415047386 0.9967891762920407 0.9968065093204479 0.9968238405900647 0.9968411701010385 0.996858497853484 0.9968758238475284 0.9968931480833008 0.9969104705609246 0.9969277912805277 0.9969451102422358 0.9969624274461679 0.996979742892464 0.996997056581236 0.9970143685126212 0.9970316786867366 0.9970489871037127 0.997066293763675 0.9970835986667506 0.9971009018130581 0.9971182032027368 0.9971355028358995 0.9971528007126789 0.9971700968332038 0.9971873911975913 0.9972046838059694 0.9972219746584714 0.9972392637552137 0.9972565510963283 0.9972738366819405 0.9972911205121777 0.9973084025871572 0.9973256829070096 0.9973429614718674 0.9973602382818494 0.9973775133370779 0.9973947866376875 0.9974120581837989 0.9974293279755382 0.9974465960130348 0.9974638622964076 0.9974811268257886 0.997498389601299 0.9975156506230709 0.99753290989122 0.997550167405882 0.9975674231671747 0.9975846771752321 0.9976019294301741 0.997619179932125 0.9976364286812163 0.9976536756775642 0.9976709209213093 0.9976881644125686 0.9977054061514601 0.9977226461381232 0.997739884372671 0.997757120855244 0.9977743555859562 0.9977915885649362 0.9978088197923072 0.9978260492681983 0.9978432769927359 0.9978605029660423 0.9978777271882426 0.9978949496594711 0.9979121703798435 0.9979293893494912 0.9979466065685281 0.9979638220370934 0.9979810357553127 0.9979982477233014 0.9980154579411906 0.998032666409109 0.9980498731271774 0.9980670780955216 0.9980842813142674 0.9981014827835426 0.9981186825034747 0.99813588047418 0.9981530766957865 0.9981702711684295 0.9981874638922275 0.9982046548673051 0.9982218440937844 0.9982390315717984 0.9982562173014644 0.9982734012829211 0.9982905835162823 0.99830776400167 0.9983249427392216 0.9983421197290538 0.9983592949713014 0.9983764684660759 0.998393640213515 0.9984108102137386 0.9984279784668733 0.9984451449730383 0.998462309732367 0.9984794727449877 0.9984966340110106 0.9985137935305826 0.9985309513038061 0.99854810733082 0.9985652616117486 0.9985824141467166 0.9985995649358448 0.9986167139792581 0.9986338612770953 0.9986510068294674 0.9986681506365009 0.9986852926983227 0.9987024330150649 0.99871957158684 0.9987367084137864 0.9987538434960173 0.9987709768336703 0.9987881084268593 0.9988052382757133 0.9988223663803653 0.9988394927409268 0.9988566173575348 0.998873740230303 0.9988908613593692 0.9989079807448498 0.998925098386868 0.9989422142855555 0.9989593284410412 0.9989764408534365 0.9989935515228767 0.9990106604494846 0.9990277676333803 0.999044873074701 0.9990619767735613 0.9990790787300863 0.9990961789444062 0.9991132774166438 0.9991303741469251 0.9991474691353714 0.999164562382113 0.9991816538872689 0.9991987436509737 0.9992158316733413 0.9992329179544999 0.9992500024945787 0.9992670852937011 0.9992841663519891 0.9993012456695685 0.9993183232465677 0.9993353990831049 0.999352473179316 0.9993695455353131 0.9993866161512304 0.9994036850271895 0.9994207521633127 0.999437817559734 0.9994548812165618 0.9994719431339403 0.9994890033119819 0.9995060617508154 0.9995231184505617 0.9995401734113551 0.9995572266333086 0.9995742781165533 0.9995913278612125 0.9996083758674157 0.9996254221352834 0.9996424666649428 0.999659509456511 0.9996765505101226 0.9996935898258914 0.9997106274039571 0.9997276632444316 0.9997446973474475 0.9997617297131269 0.999778760341592 0.999795789232973 0.9998128163873852 0.9998298418049623 0.9998468654858277 0.9998638874301038 0.9998809076379154 0.9998979261093877 0.999914942844645 0.9999319578438142 0.9999489711070202 0.9999659826343779 0.9999829924260255 1.0000000004820806)
