#| curve2 -- this file is used in the development of CHARIOT: Curves, Hackability And Restriction-less Instrument Oriented Tracker
 | Copyright (C) 2026 wqy24
 | This file is under the same license as CHARIOT
 |
 | CHARIOT is free software: you can redistribute it and/or modify
 | it under the terms of the GNU General Public License as published by
 | the Free Software Foundation, either version 3 of the License, or
 | (at your option) any later version.
 |
 | CHARIOT is distributed in the hope that it will be useful,
 | but WITHOUT ANY WARRANTY; without even the implied warranty of
 | MERCHANTABILITY or FITNESS FOR A PARTICULAR PURPOSE. See the
 | GNU General Public License for more details.
 |
 | You should have received a copy of the GNU General Public License
 | along with CHARIOT. If not, see <https://www.gnu.org/licenses/>.
 |#

(1 0.9999637187385974 0.9999274357989029 0.9998911522337689 0.9998548680432087 0.9998185832271742 0.9997822977856174 0.9997460117184904 0.999709725025745 0.9996734377073331 0.9996371497632068 0.9996008611933179 0.9995645719976186 0.9995282821760606 0.9994919917285958 0.9994557006551763 0.999419408955754 0.9993831166302807 0.9993468236787083 0.9993105301009888 0.9992742358970741 0.999237941066916 0.9992016456104664 0.9991653495276772 0.9991290528185003 0.9990927554828876 0.9990564575207909 0.999020158932162 0.9989838597169529 0.9989475598751153 0.9989112594066011 0.9988749583113622 0.9988386565893503 0.9988023542405173 0.998766051264815 0.9987297476621951 0.9986934434326097 0.9986571385760104 0.9986208330923488 0.9985845269815771 0.9985482202436468 0.9985119128785097 0.9984756048861178 0.9984392962664225 0.9984029870193758 0.9983666771449294 0.9983303666430351 0.9982940555136446 0.9982577437567096 0.9982214313721819 0.9981851183600131 0.998148804720155 0.9981124904525595 0.9980761755571779 0.9980398600339623 0.9980035438828642 0.9979672271038352 0.9979309096968272 0.9978945916617917 0.9978582729986806 0.9978219537074453 0.9977856337880378 0.9977493132404093 0.9977129920645118 0.9976766702602968 0.997640347827716 0.9976040247667212 0.9975677010772637 0.9975313767592953 0.9974950518127675 0.9974587262376321 0.9974224000338405 0.9973860732013445 0.9973497457400956 0.9973134176500453 0.9972770889311454 0.9972407595833473 0.9972044296066026 0.9971680990008629 0.9971317677660798 0.9970954359022047 0.9970591034091894 0.9970227702869852 0.9969864365355438 0.9969501021548166 0.9969137671447552 0.996877431505311 0.9968410952364358 0.9968047583380809 0.9967684208101978 0.996732082652738 0.9966957438656532 0.9966594044488946 0.9966230644024138 0.9965867237261622 0.9965503824200914 0.9965140404841528 0.9964776979182979 0.9964413547224781 0.9964050108966448 0.9963686664407496 0.9963323213547437 0.9962959756385787 0.9962596292922061 0.9962232823155771 0.9961869347086433 0.9961505864713559 0.9961142376036665 0.9960778881055263 0.996041537976887 0.9960051872176997 0.9959688358279158 0.9959324838074868 0.995896131156364 0.9958597778744988 0.9958234239618424 0.9957870694183464 0.9957507142439619 0.9957143584386404 0.9956780020023333 0.9956416449349916 0.9956052872365669 0.9955689289070104 0.9955325699462736 0.9954962103543076 0.9954598501310636 0.9954234892764932 0.9953871277905474 0.9953507656731777 0.9953144029243353 0.9952780395439713 0.9952416755320372 0.9952053108884843 0.9951689456132635 0.9951325797063264 0.9950962131676241 0.9950598459971078 0.9950234781947288 0.9949871097604384 0.9949507406941875 0.9949143709959276 0.9948780006656098 0.9948416297031853 0.9948052581086054 0.9947688858818212 0.9947325130227839 0.9946961395314446 0.9946597654077546 0.9946233906516649 0.9945870152631269 0.9945506392420915 0.9945142625885101 0.9944778853023335 0.9944415073835131 0.994405128832 0.9943687496477454 0.9943323698307003 0.9942959893808156 0.9942596082980428 0.9942232265823329 0.9941868442336369 0.9941504612519059 0.9941140776370909 0.9940776933891432 0.9940413085080138 0.9940049229936536 0.9939685368460139 0.9939321500650456 0.9938957626506998 0.9938593746029276 0.9938229859216798 0.9937865966069078 0.9937502066585624 0.9937138160765946 0.9936774248609554 0.9936410330115961 0.9936046405284673 0.9935682474115203 0.993531853660706 0.9934954592759752 0.9934590642572791 0.9934226686045686 0.9933862723177947 0.9933498753969084 0.9933134778418606 0.9932770796526024 0.9932406808290845 0.9932042813712578 0.9931678812790735 0.9931314805524823 0.9930950791914355 0.9930586771958835 0.9930222745657775 0.9929858713010684 0.9929494674017071 0.9929130628676445 0.9928766576988314 0.9928402518952186 0.9928038454567573 0.9927674383833981 0.9927310306750919 0.9926946223317897 0.9926582133534422 0.9926218037400003 0.9925853934914148 0.9925489826076367 0.9925125710886166 0.9924761589343055 0.9924397461446541 0.9924033327196133 0.9923669186591338 0.9923305039631666 0.9922940886316624 0.9922576726645719 0.9922212560618459 0.9921848388234352 0.9921484209492907 0.9921120024393629 0.9920755832936029 0.9920391635119612 0.9920027430943886 0.9919663220408359 0.9919299003512538 0.991893478025593 0.9918570550638044 0.9918206314658384 0.9917842072316461 0.9917477823611779 0.9917113568543845 0.9916749307112168 0.9916385039316254 0.9916020765155611 0.9915656484629743 0.9915292197738159 0.9914927904480365 0.9914563604855867 0.9914199298864174 0.9913834986504789 0.991347066777722 0.9913106342680974 0.9912742011215557 0.9912377673380476 0.9912013329175235 0.9911648978599342 0.9911284621652303 0.9910920258333623 0.9910555888642809 0.9910191512579366 0.9909827130142801 0.990946274133262 0.9909098346148326 0.9908733944589427 0.9908369536655429 0.9908005122345838 0.9907640701660156 0.9907276274597892 0.990691184115855 0.9906547401341635 0.9906182955146654 0.990581850257311 0.990545404362051 0.9905089578288357 0.9904725106576159 0.9904360628483418 0.9903996144009641 0.9903631653154332 0.9903267155916996 0.9902902652297138 0.9902538142294262 0.9902173625907873 0.9901809103137476 0.9901444573982574 0.9901080038442673 0.9900715496517278 0.9900350948205892 0.9899986393508019 0.9899621832423164 0.9899257264950831 0.9898892691090525 0.9898528110841749 0.9898163524204007 0.9897798931176802 0.989743433175964 0.9897069725952024 0.9896705113753457 0.9896340495163444 0.9895975870181487 0.989561123880709 0.9895246601039759 0.9894881956878995 0.9894517306324301 0.9894152649375182 0.989378798603114 0.9893423316291678 0.9893058640156301 0.9892693957624512 0.9892329268695812 0.9891964573369705 0.9891599871645694 0.9891235163523283 0.9890870449001973 0.9890505728081268 0.9890141000760669 0.9889776267039682 0.9889411526917806 0.9889046780394545 0.9888682027469402 0.9888317268141879 0.9887952502411478 0.9887587730277702 0.9887222951740051 0.988685816679803 0.9886493375451141 0.9886128577698885 0.9885763773540763 0.9885398962976278 0.9885034146004934 0.9884669322626229 0.9884304492839667 0.9883939656644749 0.9883574814040977 0.9883209965027853 0.9882845109604877 0.9882480247771553 0.9882115379527381 0.9881750504871861 0.9881385623804496 0.9881020736324787 0.9880655842432234 0.9880290942126341 0.9879926035406605 0.9879561122272531 0.9879196202723618 0.9878831276759366 0.9878466344379278 0.9878101405582852 0.9877736460369592 0.9877371508738996 0.9877006550690565 0.9876641586223801 0.9876276615338203 0.9875911638033272 0.9875546654308509 0.9875181664163413 0.9874816667597485 0.9874451664610225 0.9874086655201133 0.987372163936971 0.9873356617115454 0.9872991588437867 0.9872626553336448 0.9872261511810696 0.9871896463860113 0.9871531409484195 0.9871166348682446 0.9870801281454363 0.9870436207799447 0.9870071127717195 0.9869706041207108 0.9869340948268687 0.9868975848901428 0.9868610743104832 0.9868245630878398 0.9867880512221626 0.9867515387134014 0.986715025561506 0.9866785117664265 0.9866419973281128 0.9866054822465145 0.9865689665215817 0.9865324501532643 0.986495933141512 0.9864594154862748 0.9864228971875025 0.986386378245145 0.9863498586591519 0.9863133384294734 0.9862768175560591 0.9862402960388589 0.9862037738778225 0.9861672510728999 0.9861307276240409 0.986094203531195 0.9860576787943123 0.9860211534133425 0.9859846273882353 0.9859481007189406 0.9859115734054081 0.9858750454475876 0.9858385168454288 0.9858019875988815 0.9857654577078955 0.9857289271724203 0.985692395992406 0.9856558641678019 0.9856193316985582 0.9855827985846243 0.9855462648259499 0.9855097304224848 0.9854731953741788 0.9854366596809814 0.9854001233428423 0.9853635863597113 0.985327048731538 0.9852905104582721 0.9852539715398633 0.9852174319762611 0.9851808917674153 0.9851443509132756 0.9851078094137914 0.9850712672689125 0.9850347244785885 0.984998181042769 0.9849616369614038 0.9849250922344422 0.984888546861834 0.9848520008435286 0.9848154541794759 0.9847789068696253 0.9847423589139265 0.9847058103123287 0.984669261064782 0.9846327111712356 0.9845961606316391 0.9845596094459422 0.9845230576140944 0.9844865051360451 0.9844499520117439 0.9844133982411405 0.9843768438241841 0.9843402887608245 0.984303733051011 0.9842671766946932 0.9842306196918207 0.9841940620423427 0.984157503746209 0.9841209448033689 0.984084385213772 0.9840478249773675 0.9840112640941051 0.9839747025639343 0.9839381403868044 0.9839015775626648 0.9838650140914651 0.9838284499731546 0.9837918852076828 0.9837553197949991 0.9837187537350529 0.9836821870277936 0.9836456196731707 0.9836090516711334 0.9835724830216312 0.9835359137246136 0.9834993437800298 0.9834627731878292 0.9834262019479612 0.9833896300603752 0.9833530575250203 0.9833164843418463 0.9832799105108022 0.9832433360318374 0.9832067609049012 0.9831701851299431 0.9831336087069122 0.983097031635758 0.9830604539164297 0.9830238755488766 0.982987296533048 0.9829507168688931 0.9829141365563614 0.982877555595402 0.9828409739859642 0.9828043917279973 0.9827678088214505 0.9827312252662731 0.9826946410624143 0.9826580562098235 0.9826214707084496 0.9825848845582422 0.9825482977591503 0.9825117103111232 0.98247512221411 0.9824385334680601 0.9824019440729225 0.9823653540286464 0.9823287633351812 0.9822921719924758 0.9822555800004795 0.9822189873591416 0.982182394068411 0.982145800128237 0.9821092055385688 0.9820726102993554 0.9820360144105462 0.98199941787209 0.9819628206839361 0.9819262228460336 0.9818896243583316 0.9818530252207792 0.9818164254333256 0.9817798249959198 0.9817432239085108 0.9817066221710478 0.9816700197834799 0.9816334167457561 0.9815968130578254 0.9815602087196371 0.9815236037311401 0.9814869980922833 0.9814503918030161 0.9814137848632872 0.9813771772730459 0.981340569032241 0.9813039601408216 0.9812673505987366 0.9812307404059352 0.9811941295623663 0.9811575180679789 0.981120905922722 0.9810842931265447 0.9810476796793957 0.9810110655812242 0.980974450831979 0.9809378354316092 0.9809012193800636 0.9808646026772913 0.9808279853232411 0.9807913673178621 0.9807547486611031 0.980718129352913 0.9806815093932408 0.9806448887820355 0.9806082675192457 0.9805716456048205 0.9805350230387088 0.9804983998208594 0.9804617759512213 0.9804251514297433 0.9803885262563742 0.9803519004310629 0.9803152739537583 0.9802786468244092 0.9802420190429646 0.9802053906093731 0.9801687615235836 0.980132131785545 0.9800955013952061 0.9800588703525157 0.9800222386574226 0.9799856063098754 0.9799489733098233 0.9799123396572148 0.9798757053519987 0.979839070394124 0.9798024347835391 0.9797657985201931 0.9797291616040347 0.9796925240350124 0.9796558858130752 0.9796192469381717 0.9795826074102507 0.9795459672292609 0.9795093263951511 0.97947268490787 0.9794360427673662 0.9793993999735884 0.9793627565264854 0.9793261124260059 0.9792894676720986 0.979252822264712 0.9792161762037949 0.979179529489296 0.9791428821211638 0.9791062340993473 0.9790695854237947 0.979032936094455 0.9789962861112766 0.9789596354742083 0.9789229841831987 0.9788863322381962 0.9788496796391497 0.9788130263860078 0.9787763724787188 0.9787397179172316 0.9787030627014945 0.9786664068314564 0.9786297503070658 0.978593093128271 0.9785564352950209 0.9785197768072639 0.9784831176649484 0.9784464578680233 0.978409797416437 0.9783731363101379 0.9783364745490746 0.9782998121331956 0.9782631490624495 0.9782264853367848 0.9781898209561499 0.9781531559204933 0.9781164902297637 0.9780798238839093 0.9780431568828788 0.9780064892266206 0.9779698209150831 0.9779331519482148 0.9778964823259642 0.9778598120482797 0.9778231411151097 0.9777864695264027 0.9777497972821072 0.9777131243821714 0.977676450826544 0.9776397766151732 0.9776031017480075 0.9775664262249952 0.9775297500460849 0.9774930732112248 0.9774563957203634 0.9774197175734489 0.9773830387704299 0.9773463593112545 0.9773096791958713 0.9772729984242284 0.9772363169962746 0.9771996349119576 0.9771629521712263 0.9771262687740286 0.9770895847203132 0.9770529000100281 0.9770162146431218 0.9769795286195425 0.9769428419392385 0.9769061546021581 0.9768694666082497 0.9768327779574615 0.9767960886497417 0.9767593986850386 0.9767227080633004 0.9766860167844755 0.9766493248485121 0.9766126322553584 0.9765759390049626 0.9765392450972731 0.9765025505322379 0.9764658553098053 0.9764291594299236 0.9763924628925409 0.9763557656976054 0.9763190678450653 0.9762823693348688 0.9762456701669642 0.9762089703412994 0.9761722698578228 0.9761355687164825 0.9760988669172267 0.9760621644600034 0.9760254613447608 0.9759887575714471 0.9759520531400104 0.9759153480503989 0.9758786423025606 0.9758419358964436 0.975805228831996 0.9757685211091661 0.9757318127279018 0.9756951036881513 0.9756583939898625 0.9756216836329836 0.9755849726174628 0.975548260943248 0.9755115486102872 0.9754748356185285 0.9754381219679201 0.9754014076584099 0.975364692689946 0.9753279770624762 0.9752912607759489 0.9752545438303117 0.975217826225513 0.9751811079615005 0.9751443890382224 0.9751076694556265 0.975070949213661 0.9750342283122737 0.9749975067514127 0.9749607845310259 0.9749240616510613 0.9748873381114667 0.9748506139121902 0.9748138890531797 0.9747771635343832 0.9747404373557484 0.9747037105172235 0.9746669830187562 0.9746302548602946 0.9745935260417865 0.9745567965631798 0.9745200664244225 0.9744833356254623 0.9744466041662471 0.9744098720467249 0.9743731392668434 0.9743364058265508 0.9742996717257945 0.9742629369645226 0.974226201542683 0.9741894654602233 0.9741527287170916 0.9741159913132356 0.974079253248603 0.9740425145231418 0.9740057751367998 0.9739690350895245 0.973932294381264 0.9738955530119662 0.9738588109815784 0.9738220682900489 0.9737853249373251 0.9737485809233549 0.9737118362480861 0.9736750909114663 0.9736383449134434 0.9736015982539651 0.9735648509329791 0.973528102950433 0.9734913543062748 0.9734546050004519 0.9734178550329122 0.9733811044036035 0.9733443531124732 0.9733076011594692 0.9732708485445393 0.9732340952676308 0.9731973413286916 0.9731605867276694 0.9731238314645118 0.9730870755391663 0.9730503189515808 0.9730135617017027 0.9729768037894799 0.9729400452148599 0.9729032859777902 0.9728665260782186 0.9728297655160925 0.9727930042913597 0.9727562424039676 0.9727194798538641 0.9726827166409965 0.9726459527653124 0.9726091882267596 0.9725724230252853 0.9725356571608373 0.9724988906333633 0.9724621234428105 0.9724253555891266 0.9723885870722591 0.9723518178921555 0.9723150480487635 0.9722782775420304 0.9722415063719039 0.9722047345383312 0.9721679620412601 0.972131188880638 0.9720944150564124 0.9720576405685307 0.9720208654169404 0.971984089601589 0.9719473131224239 0.9719105359793926 0.9718737581724425 0.9718369797015212 0.9718002005665758 0.9717634207675541 0.9717266403044033 0.9716898591770708 0.9716530773855042 0.9716162949296507 0.9715795118094579 0.971542728024873 0.9715059435758434 0.9714691584623165 0.9714323726842398 0.9713955862415605 0.9713587991342261 0.9713220113621839 0.9712852229253811 0.9712484338237652 0.9712116440572836 0.9711748536258834 0.9711380625295121 0.9711012707681169 0.9710644783416453 0.9710276852500445 0.9709908914932616 0.9709540970712441 0.9709173019839394 0.9708805062312945 0.9708437098132568 0.9708069127297737 0.9707701149807922 0.9707333165662597 0.9706965174861234 0.9706597177403307 0.9706229173288285 0.9705861162515643 0.9705493145084854 0.9705125120995387 0.9704757090246716 0.9704389052838314 0.970402100876965 0.9703652958040199 0.9703284900649431 0.9702916836596819 0.9702548765881833 0.9702180688503946 0.970181260446263 0.9701444513757355 0.9701076416387594 0.9700708312352817 0.9700340201652496 0.9699972084286104 0.9699603960253109 0.9699235829552983 0.96988676921852 0.9698499548149228 0.9698131397444538 0.9697763240070603 0.9697395076026892 0.9697026905312877 0.9696658727928027 0.9696290543871815 0.9695922353143709 0.9695554155743182 0.9695185951669704 0.9694817740922743 0.9694449523501772 0.9694081299406261 0.9693713068635679 0.9693344831189497 0.9692976587067185 0.9692608336268212 0.969224007879205 0.9691871814638168 0.9691503543806036 0.9691135266295122 0.9690766982104898 0.9690398691234834 0.9690030393684397 0.9689662089453058 0.9689293778540287 0.9688925460945552 0.9688557136668324 0.9688188805708072 0.9687820468064264 0.9687452123736371 0.9687083772723859 0.96867154150262 0.9686347050642863 0.9685978679573315 0.9685610301817025 0.9685241917373464 0.9684873526242098 0.9684505128422397 0.9684136723913831 0.9683768312715866 0.9683399894827971 0.9683031470249616 0.9682663038980267 0.9682294601019394 0.9681926156366465 0.9681557705020948 0.9681189246982311 0.9680820782250021 0.9680452310823549 0.968008383270236 0.9679715347885922 0.9679346856373704 0.9678978358165173 0.9678609853259798 0.9678241341657045 0.967787282335638 0.9677504298357275 0.9677135766659194 0.9676767228261606 0.9676398683163976 0.9676030131365774 0.9675661572866465 0.9675293007665517 0.9674924435762398 0.9674555857156573 0.967418727184751 0.9673818679834675 0.9673450081117536 0.967308147569556 0.9672712863568211 0.9672344244734958 0.9671975619195268 0.9671606986948605 0.9671238347994437 0.9670869702332231 0.9670501049961452 0.9670132390881566 0.9669763725092041 0.966939505259234 0.9669026373381931 0.9668657687460281 0.9668288994826855 0.9667920295481117 0.9667551589422534 0.9667182876650573 0.9666814157164698 0.9666445430964375 0.9666076698049071 0.9665707958418248 0.9665339212071375 0.9664970459007916 0.9664601699227335 0.9664232932729099 0.9663864159512672 0.9663495379577519 0.9663126592923106 0.9662757799548898 0.9662388999454359 0.9662020192638953 0.9661651379102146 0.9661282558843404 0.966091373186219 0.9660544898157968 0.9660176057730203 0.9659807210578361 0.9659438356701904 0.9659069496100298 0.9658700628773006 0.9658331754719492 0.9657962873939223 0.965759398643166 0.9657225092196268 0.965685619123251 0.9656487283539852 0.9656118369117757 0.9655749447965687 0.9655380520083108 0.9655011585469482 0.9654642644124274 0.9654273696046946 0.9653904741236963 0.9653535779693786 0.965316681141688 0.9652797836405709 0.9652428854659735 0.9652059866178421 0.965169087096123 0.9651321869007625 0.965095286031707 0.9650583844889027 0.9650214822722959 0.9649845793818328 0.9649476758174598 0.9649107715791231 0.9648738666667689 0.9648369610803434 0.964800054819793 0.964763147885064 0.9647262402761023 0.9646893319928544 0.9646524230352664 0.9646155134032846 0.9645786030968551 0.9645416921159241 0.964504780460438 0.9644678681303426 0.9644309551255844 0.9643940414461094 0.9643571270918639 0.964320212062794 0.9642832963588458 0.9642463799799654 0.9642094629260992 0.9641725451971931 0.9641356267931932 0.9640987077140458 0.9640617879596969 0.9640248675300925 0.963987946425179 0.9639510246449022 0.9639141021892085 0.9638771790580436 0.9638402552513539 0.9638033307690852 0.9637664056111838 0.9637294797775957 0.9636925532682669 0.9636556260831434 0.9636186982221713 0.9635817696852965 0.9635448404724654 0.9635079105836236 0.9634709800187173 0.9634340487776925 0.9633971168604952 0.9633601842670714 0.963323250997367 0.9632863170513282 0.9632493824289006 0.9632124471300305 0.9631755111546637 0.9631385745027463 0.9631016371742241 0.9630646991690431 0.9630277604871492 0.9629908211284884 0.9629538810930066 0.9629169403806497 0.9628799989913636 0.9628430569250941 0.9628061141817873 0.962769170761389 0.9627322266638451 0.9626952818891015 0.962658336437104 0.9626213903077985 0.9625844435011308 0.9625474960170469 0.9625105478554925 0.9624735990164135 0.9624366494997558 0.9623996993054651 0.9623627484334873 0.9623257968837683 0.9622888446562536 0.9622518917508894 0.9622149381676213 0.962177983906395 0.9621410289671564 0.9621040733498512 0.9620671170544253 0.9620301600808243 0.9619932024289941 0.9619562440988804 0.9619192850904288 0.9618823254035853 0.9618453650382954 0.9618084039945051 0.9617714422721598 0.9617344798712054 0.9616975167915877 0.961660553033252 0.9616235885961445 0.9615866234802105 0.9615496576853958 0.9615126912116462 0.9614757240589072 0.9614387562271246 0.9614017877162438 0.9613648185262108 0.9613278486569711 0.9612908781084701 0.9612539068806538 0.9612169349734676 0.9611799623868572 0.9611429891207681 0.961106015175146 0.9610690405499366 0.9610320652450853 0.9609950892605377 0.9609581125962395 0.9609211352521362 0.9608841572281733 0.9608471785242965 0.9608101991404512 0.9607732190765831 0.9607362383326375 0.9606992569085603 0.9606622748042967 0.9606252920197924 0.9605883085549928 0.9605513244098435 0.9605143395842899 0.9604773540782776 0.960440367891752 0.9604033810246587 0.9603663934769431 0.9603294052485506 0.9602924163394267 0.9602554267495169 0.9602184364787667 0.9601814455271214 0.9601444538945265 0.9601074615809275 0.9600704685862698 0.9600334749104986 0.9599964805535596 0.9599594855153981 0.9599224897959595 0.9598854933951891 0.9598484963130325 0.9598114985494348 0.9597745001043416 0.9597375009776982 0.9597005011694498 0.959663500679542 0.95962649950792 0.9595894976545293 0.959552495119315 0.9595154919022225 0.9594784880031971 0.9594414834221843 0.9594044781591292 0.9593674722139773 0.9593304655866737 0.9592934582771637 0.9592564502853926 0.9592194416113059 0.9591824322548486 0.959145422215966 0.9591084114946035 0.9590714000907061 0.9590343880042193 0.9589973752350882 0.958960361783258 0.958923347648674 0.9588863328312816 0.9588493173310255 0.9588123011478514 0.9587752842817043 0.9587382667325294 0.9587012485002718 0.9586642295848768 0.9586272099862896 0.9585901897044552 0.958553168739319 0.9585161470908259 0.9584791247589212 0.9584421017435499 0.9584050780446574 0.9583680536621885 0.9583310285960885 0.9582940028463025 0.9582569764127756 0.958219949295453 0.9581829214942795 0.9581458930092005 0.958108863840161 0.9580718339871059 0.9580348034499805 0.9579977722287297 0.9579607403232987 0.9579237077336324 0.9578866744596759 0.9578496405013743 0.9578126058586726 0.9577755705315156 0.9577385345198487 0.9577014978236167 0.9576644604427645 0.9576274223772373 0.95759038362698 0.9575533441919377 0.9575163040720551 0.9574792632672775 0.9574422217775497 0.9574051796028166 0.9573681367430231 0.9573310931981144 0.9572940489680353 0.9572570040527307 0.9572199584521456 0.9571829121662249 0.9571458651949133 0.9571088175381561 0.9570717691958979 0.9570347201680837 0.9569976704546583 0.9569606200555668 0.9569235689707538 0.9568865172001644 0.9568494647437433 0.9568124116014354 0.9567753577731856 0.9567383032589387 0.9567012480586394 0.9566641921722329 0.9566271355996635 0.9565900783408765 0.9565530203958164 0.9565159617644281 0.9564789024466565 0.9564418424424462 0.9564047817517422 0.9563677203744889 0.9563306583106315 0.9562935955601146 0.9562565321228829 0.9562194679988811 0.9561824031880541 0.9561453376903466 0.9561082715057032 0.9560712046340688 0.956034137075388 0.9559970688296056 0.9559599998966662 0.9559229302765145 0.9558858599690954 0.9558487889743533 0.955811717292233 0.9557746449226793 0.9557375718656367 0.9557004981210498 0.9556634236888635 0.9556263485690222 0.9555892727614705 0.9555521962661534 0.9555151190830152 0.9554780412120006 0.9554409626530543 0.9554038834061208 0.9553668034711448 0.9553297228480707 0.9552926415368432 0.955255559537407 0.9552184768497065 0.9551813934736865 0.9551443094092912 0.9551072246564654 0.9550701392151536 0.9550330530853004 0.9549959662668502 0.9549588787597476 0.9549217905639372 0.9548847016793635 0.9548476121059708 0.9548105218437037 0.9547734308925069 0.9547363392523247 0.9546992469231016 0.954662153904782 0.9546250601973105 0.9545879658006317 0.9545508707146897 0.9545137749394291 0.9544766784747946 0.9544395813207301 0.9544024834771806 0.9543653849440902 0.9543282857214033 0.9542911858090645 0.9542540852070179 0.9542169839152083 0.9541798819335798 0.9541427792620768 0.9541056759006439 0.9540685718492252 0.9540314671077652 0.9539943616762082 0.9539572555544986 0.9539201487425808 0.953883041240399 0.9538459330478977 0.953808824165021 0.9537717145917135 0.9537346043279192 0.9536974933735827 0.9536603817286481 0.9536232693930597 0.9535861563667619 0.953549042649699 0.9535119282418151 0.9534748131430545 0.9534376973533616 0.9534005808726806 0.9533634637009557 0.9533263458381311 0.9532892272841511 0.95325210803896 0.9532149881025019 0.953177867474721 0.9531407461555617 0.953103624144968 0.9530665014428841 0.9530293780492542 0.9529922539640225 0.9529551291871333 0.9529180037185307 0.9528808775581588 0.9528437507059617 0.9528066231618837 0.9527694949258688 0.9527323659978613 0.9526952363778052 0.9526581060656446 0.9526209750613237 0.9525838433647866 0.9525467109759773 0.95250957789484 0.9524724441213188 0.9524353096553578 0.9523981744969009 0.9523610386458924 0.9523239021022761 0.9522867648659964 0.952249626936997 0.9522124883152222 0.9521753490006158 0.9521382089931222 0.952101068292685 0.9520639268992485 0.9520267848127565 0.9519896420331532 0.9519524985603824 0.9519153543943883 0.9518782095351148 0.9518410639825059 0.9518039177365054 0.9517667707970575 0.951729623164106 0.951692474837595 0.9516553258174683 0.9516181761036698 0.9515810256961436 0.9515438745948335 0.9515067227996834 0.9514695703106374 0.9514324171276392 0.9513952632506327 0.9513581086795619 0.9513209534143707 0.9512837974550029 0.9512466408014024 0.9512094834535131 0.9511723254112787 0.9511351666746433 0.9510980072435504 0.9510608471179443 0.9510236862977683 0.9509865247829667 0.9509493625734832 0.9509121996692613 0.9508750360702453 0.9508378717763786 0.9508007067876051 0.9507635411038686 0.9507263747251129 0.9506892076512818 0.950652039882319 0.9506148714181684 0.9505777022587736 0.9505405324040783 0.9505033618540264 0.9504661906085615 0.9504290186676274 0.9503918460311679 0.9503546726991265 0.9503174986714471 0.9502803239480733 0.9502431485289488 0.9502059724140173 0.9501687956032224 0.9501316180965079 0.9500944398938175 0.9500572609950947 0.9500200814002833 0.9499829011093268 0.9499457201221689 0.9499085384387533 0.9498713560590235 0.9498341729829233 0.9497969892103961 0.9497598047413858 0.9497226195758356 0.9496854337136894 0.9496482471548907 0.949611059899383 0.94957387194711 0.9495366832980152 0.9494994939520423 0.9494623039091344 0.9494251131692356 0.9493879217322893 0.9493507295982387 0.9493135367670278 0.9492763432385998 0.9492391490128983 0.9492019540898667 0.9491647584694488 0.9491275621515878 0.9490903651362274 0.9490531674233108 0.9490159690127817 0.9489787699045835 0.9489415700986598 0.9489043695949538 0.9488671683934091 0.9488299664939692 0.9487927638965774 0.9487555606011772 0.9487183566077119 0.948681151916125 0.9486439465263601 0.9486067404383602 0.948569533652069 0.9485323261674298 0.948495117984386 0.9484579091028809 0.948420699522858 0.9483834892442605 0.9483462782670319 0.9483090665911154 0.9482718542164544 0.9482346411429924 0.9481974273706725 0.9481602128994381 0.9481229977292325 0.948085781859999 0.9480485652916809 0.9480113480242216 0.9479741300575643 0.9479369113916523 0.9478996920264288 0.9478624719618371 0.9478252511978206 0.9477880297343223 0.9477508075712857 0.9477135847086539 0.9476763611463701 0.9476391368843777 0.9476019119226198 0.9475646862610395 0.9475274598995802 0.9474902328381851 0.9474530050767972 0.9474157766153599 0.9473785474538163 0.9473413175921095 0.9473040870301828 0.9472668557679792 0.9472296238054421 0.9471923911425143 0.9471551577791393 0.94711792371526 0.9470806889508195 0.9470434534857612 0.947006217320028 0.9469689804535629 0.9469317428863092 0.94689450461821 0.9468572656492082 0.9468200259792472 0.9467827856082697 0.946745544536219 0.9467083027630381 0.94667106028867 0.9466338171130578 0.9465965732361445 0.9465593286578733 0.946522083378187 0.9464848373970287 0.9464475907143416 0.9464103433300683 0.9463730952441523 0.9463358464565361 0.946298596967163 0.946261346775976 0.9462240958829178 0.9461868442879316 0.9461495919909604 0.9461123389919469 0.9460750852908343 0.9460378308875653 0.9460005757820831 0.9459633199743305 0.9459260634642503 0.9458888062517857 0.9458515483368793 0.9458142897194742 0.9457770303995132 0.9457397703769392 0.9457025096516951 0.9456652482237238 0.945627986092968 0.9455907232593709 0.945553459722875 0.9455161954834234 0.9454789305409587 0.9454416648954239 0.9454043985467617 0.9453671314949151 0.9453298637398269 0.9452925952814397 0.9452553261196964 0.9452180562545399 0.9451807856859128 0.9451435144137581 0.9451062424380183 0.9450689697586364 0.9450316963755551 0.9449944222887171 0.9449571474980651 0.944919872003542 0.9448825958050904 0.9448453189026531 0.9448080412961727 0.944770762985592 0.9447334839708538 0.9446962042519006 0.9446589238286752 0.9446216427011203 0.9445843608691785 0.9445470783327926 0.9445097950919051 0.9444725111464588 0.9444352264963963 0.9443979411416602 0.9443606550821931 0.9443233683179378 0.9442860808488369 0.9442487926748329 0.9442115037958684 0.944174214211886 0.9441369239228284 0.9440996329286382 0.9440623412292579 0.9440250488246301 0.9439877557146974 0.9439504618994023 0.9439131673786875 0.9438758721524954 0.9438385762207685 0.9438012795834495 0.9437639822404809 0.9437266841918052 0.9436893854373647 0.9436520859771023 0.9436147858109603 0.943577484938881 0.9435401833608072 0.9435028810766813 0.9434655780864458 0.9434282743900431 0.9433909699874157 0.9433536648785059 0.9433163590632564 0.9432790525416095 0.9432417453135077 0.9432044373788934 0.9431671287377089 0.9431298193898968 0.9430925093353995 0.9430551985741592 0.9430178871061184 0.9429805749312197 0.9429432620494052 0.9429059484606174 0.9428686341647986 0.9428313191618912 0.9427940034518376 0.9427566870345802 0.9427193699100611 0.9426820520782228 0.9426447335390076 0.9426074142923578 0.9425700943382158 0.9425327736765239 0.9424954523072242 0.9424581302302593 0.9424208074455712 0.9423834839531023 0.9423461597527949 0.9423088348445913 0.9422715092284336 0.9422341829042643 0.9421968558720254 0.9421595281316593 0.9421221996831081 0.9420848705263142 0.9420475406612195 0.9420102100877666 0.9419728788058976 0.9419355468155546 0.9418982141166797 0.9418608807092153 0.9418235465931035 0.9417862117682864 0.9417488762347063 0.9417115399923052 0.9416742030410253 0.9416368653808088 0.9415995270115979 0.9415621879333346 0.941524848145961 0.9414875076494194 0.9414501664436518 0.9414128245286002 0.9413754819042068 0.9413381385704137 0.941300794527163 0.9412634497743967 0.9412261043120569 0.9411887581400857 0.9411514112584252 0.9411140636670173 0.9410767153658042 0.9410393663547277 0.9410020166337302 0.9409646662027534 0.9409273150617394 0.9408899632106302 0.940852610649368 0.9408152573778945 0.9407779033961519 0.940740548704082 0.9407031933016269 0.9406658371887286 0.940628480365329 0.94059112283137 0.9405537645867936 0.9405164056315418 0.9404790459655564 0.9404416855887795 0.9404043245011529 0.9403669627026184 0.9403296001931182 0.940292236972594 0.9402548730409878 0.9402175083982413 0.9401801430442965 0.9401427769790954 0.9401054102025796 0.9400680427146912 0.9400306745153719 0.9399933056045637 0.9399559359822082 0.9399185656482474 0.9398811946026231 0.9398438228452771 0.9398064503761513 0.9397690771951873 0.9397317033023271 0.9396943286975123 0.9396569533806849 0.9396195773517866 0.9395822006107591 0.9395448231575442 0.9395074449920836 0.9394700661143193 0.9394326865241927 0.9393953062216457 0.93935792520662 0.9393205434790574 0.9392831610388995 0.9392457778860881 0.9392083940205649 0.9391710094422715 0.9391336241511496 0.9390962381471412 0.9390588514301874 0.9390214640002303 0.9389840758572116 0.9389466870010725 0.9389092974317551 0.9388719071492009 0.9388345161533515 0.9387971244441484 0.9387597320215335 0.9387223388854482 0.9386849450358343 0.9386475504726332 0.9386101551957865 0.938572759205236 0.9385353625009231 0.9384979650827893 0.9384605669507764 0.9384231681048257 0.938385768544879 0.9383483682708778 0.9383109672827633 0.9382735655804775 0.9382361631639617 0.9381987600331574 0.9381613561880062 0.9381239516284495 0.9380865463544289 0.9380491403658858 0.9380117336627618 0.9379743262449982 0.9379369181125367 0.9378995092653185 0.9378620997032853 0.9378246894263783 0.9377872784345391 0.9377498667277092 0.93771245430583 0.9376750411688427 0.937637627316689 0.9376002127493102 0.9375627974666476 0.9375253814686427 0.937487964755237 0.9374505473263717 0.937413129181988 0.9373757103220277 0.937338290746432 0.9373008704551421 0.9372634494480995 0.9372260277252455 0.9371886052865214 0.9371511821318685 0.9371137582612282 0.9370763336745418 0.9370389083717506 0.9370014823527959 0.936964055617619 0.936926628166161 0.9368891999983635 0.9368517711141675 0.9368143415135144 0.9367769111963454 0.9367394801626019 0.9367020484122249 0.9366646159451558 0.9366271827613358 0.9365897488607061 0.936552314243208 0.9365148789087825 0.936477442857371 0.9364400060889146 0.9364025686033546 0.9363651304006321 0.9363276914806882 0.9362902518434641 0.936252811488901 0.9362153704169403 0.9361779286275227 0.9361404861205895 0.936103042896082 0.9360655989539413 0.9360281542941082 0.9359907089165241 0.9359532628211301 0.9359158160078672 0.9358783684766766 0.9358409202274993 0.9358034712602764 0.9357660215749489 0.935728571171458 0.9356911200497446 0.93565366820975 0.935616215651415 0.9355787623746807 0.9355413083794882 0.9355038536657785 0.9354663982334925 0.9354289420825713 0.935391485212956 0.9353540276245875 0.9353165693174067 0.9352791102913547 0.9352416505463725 0.935204190082401 0.9351667288993811 0.9351292669972538 0.9350918043759602 0.935054341035441 0.9350168769756374 0.9349794121964902 0.9349419466979402 0.9349044804799284 0.9348670135423957 0.934829545885283 0.9347920775085312 0.9347546084120812 0.9347171385958739 0.9346796680598503 0.9346421968039509 0.9346047248281167 0.9345672521322888 0.9345297787164077 0.9344923045804145 0.93445482972425 0.9344173541478549 0.9343798778511699 0.9343424008341362 0.9343049230966942 0.934267444638785 0.9342299654603492 0.9341924855613276 0.9341550049416611 0.9341175236012904 0.9340800415401562 0.9340425587581993 0.9340050752553605 0.9339675910315803 0.9339301060867998 0.9338926204209596 0.9338551340340002 0.9338176469258626 0.9337801590964873 0.9337426705458151 0.9337051812737867 0.9336676912803427 0.9336302005654239 0.9335927091289709 0.9335552169709244 0.9335177240912249 0.9334802304898133 0.9334427361666301 0.933405241121616 0.9333677453547116 0.9333302488658575 0.9332927516549941 0.9332552537220625 0.933217755067003 0.9331802556897562 0.9331427555902627 0.9331052547684631 0.9330677532242979 0.933030250957708 0.9329927479686335 0.9329552442570151 0.9329177398227936 0.9328802346659092 0.9328427287863026 0.9328052221839143 0.9327677148586848 0.9327302068105547 0.9326926980394644 0.9326551885453545 0.9326176783281652 0.9325801673878374 0.9325426557243114 0.9325051433375275 0.9324676302274264 0.9324301163939486 0.9323926018370342 0.932355086556624 0.9323175705526583 0.9322800538250775 0.932242536373822 0.9322050181988324 0.9321674993000488 0.9321299796774118 0.9320924593308619 0.9320549382603392 0.9320174164657844 0.9319798939471375 0.9319423707043393 0.9319048467373298 0.9318673220460495 0.9318297966304387 0.9317922704904378 0.9317547436259871 0.9317172160370268 0.9316796877234975 0.9316421586853393 0.9316046289224925 0.9315670984348975 0.9315295672224946 0.9314920352852238 0.9314545026230259 0.9314169692358406 0.9313794351236085 0.9313419002862698 0.9313043647237648 0.9312668284360336 0.9312292914230165 0.9311917536846537 0.9311542152208855 0.931116676031652 0.9310791361168935 0.9310415954765501 0.9310040541105622 0.9309665120188697 0.930928969201413 0.9308914256581322 0.9308538813889674 0.9308163363938589 0.9307787906727466 0.9307412442255709 0.9307036970522718 0.9306661491527896 0.9306286005270642 0.9305910511750358 0.9305535010966446 0.9305159502918305 0.9304783987605337 0.9304408465026944 0.9304032935182526 0.9303657398071483 0.9303281853693216 0.9302906302047126 0.9302530743132613 0.9302155176949078 0.9301779603495921 0.9301404022772543 0.9301028434778343 0.9300652839512722 0.9300277236975081 0.9299901627164818 0.9299526010081334 0.9299150385724029 0.9298774754092304 0.9298399115185556 0.9298023469003186 0.9297647815544594 0.9297272154809181 0.9296896486796343 0.9296520811505482 0.9296145128935996 0.9295769439087285 0.9295393741958748 0.9295018037549785 0.9294642325859793 0.9294266606888173 0.9293890880634322 0.9293515147097642 0.9293139406277529 0.9292763658173381 0.9292387902784599 0.929201214011058 0.9291636370150724 0.9291260592904429 0.9290884808371093 0.9290509016550114 0.929013321744089 0.9289757411042819 0.9289381597355301 0.9289005776377732 0.928862994810951 0.9288254112550035 0.9287878269698703 0.9287502419554912 0.9287126562118059 0.9286750697387542 0.928637482536276 0.9285998946043108 0.9285623059427985 0.9285247165516789 0.9284871264308915 0.9284495355803761 0.9284119440000725 0.9283743516899204 0.9283367586498594 0.9282991648798293 0.9282615703797696 0.9282239751496202 0.9281863791893206 0.9281487824988105 0.9281111850780296 0.9280735869269174 0.9280359880454139 0.9279983884334583 0.9279607880909905 0.92792318701795 0.9278855852142763 0.9278479826799093 0.9278103794147885 0.9277727754188534 0.9277351706920436 0.9276975652342987 0.9276599590455583 0.9276223521257618 0.9275847444748491 0.9275471360927594 0.9275095269794325 0.9274719171348076 0.9274343065588245 0.9273966952514228 0.9273590832125418 0.9273214704421211 0.9272838569401001 0.9272462427064184 0.9272086277410155 0.9271710120438308 0.9271333956148038 0.927095778453874 0.9270581605609808 0.9270205419360638 0.9269829225790621 0.9269453024899155 0.9269076816685633 0.9268700601149449 0.9268324378289996 0.9267948148106671 0.9267571910598865 0.9267195665765974 0.926681941360739 0.9266443154122509 0.9266066887310724 0.9265690613171428 0.9265314331704014 0.9264938042907878 0.926456174678241 0.9264185443327007 0.9263809132541059 0.9263432814423962 0.9263056488975108 0.9262680156193889 0.92623038160797 0.9261927468631932 0.926155111384998 0.9261174751733235 0.926079838228109 0.926042200549294 0.9260045621368174 0.9259669229906187 0.925929283110637 0.9258916424968118 0.9258540011490819 0.9258163590673869 0.9257787162516659 0.925741072701858 0.9257034284179027 0.9256657833997387 0.9256281376473057 0.9255904911605426 0.9255528439393886 0.9255151959837831 0.9254775472936649 0.9254398978689734 0.9254022477096476 0.9253645968156268 0.92532694518685 0.9252892928232564 0.9252516397247852 0.9252139858913753 0.9251763313229658 0.9251386760194961 0.925101019980905 0.9250633632071318 0.9250257056981154 0.9249880474537948 0.9249503884741094 0.9249127287589979 0.9248750683083996 0.9248374071222534 0.9247997452004983 0.9247620825430735 0.9247244191499179 0.9246867550209705 0.9246490901561704 0.9246114245554565 0.9245737582187679 0.9245360911460434 0.9244984233372222 0.9244607547922431 0.9244230855110451 0.9243854154935672 0.9243477447397485 0.9243100732495276 0.9242724010228437 0.9242347280596356 0.9241970543598422 0.9241593799234026 0.9241217047502556 0.9240840288403399 0.9240463521935948 0.9240086748099589 0.923970996689371 0.9239333178317702 0.9238956382370953 0.9238579579052851 0.9238202768362787 0.9237825950300145 0.9237449124864315 0.9237072292054688 0.9236695451870649 0.9236318604311587 0.9235941749376891 0.9235564887065949 0.9235188017378149 0.9234811140312876 0.9234434255869521 0.9234057364047471 0.9233680464846113 0.9233303558264836 0.9232926644303026 0.9232549722960071 0.9232172794235357 0.9231795858128273 0.9231418914638208 0.9231041963764545 0.9230665005506673 0.923028803986398 0.9229911066835852 0.9229534086421676 0.9229157098620837 0.9228780103432725 0.9228403100856726 0.9228026090892224 0.9227649073538607 0.9227272048795263 0.9226895016661577 0.9226517977136935 0.9226140930220724 0.922576387591233 0.9225386814211138 0.9225009745116535 0.9224632668627907 0.9224255584744641 0.9223878493466119 0.9223501394791731 0.9223124288720861 0.9222747175252893 0.9222370054387216 0.9221992926123213 0.9221615790460269 0.9221238647397771 0.9220861496935103 0.9220484339071651 0.92201071738068 0.9219730001139934 0.921935282107044 0.92189756335977 0.9218598438721102 0.9218221236440028 0.9217844026753864 0.9217466809661995 0.9217089585163805 0.9216712353258678 0.9216335113945998 0.9215957867225152 0.9215580613095521 0.9215203351556491 0.9214826082607446 0.9214448806247769 0.9214071522476845 0.9213694231294057 0.9213316932698791 0.9212939626690427 0.9212562313268352 0.9212184992431949 0.92118076641806 0.921143032851369 0.9211052985430601 0.9210675634930717 0.9210298277013422 0.9209920911678099 0.920954353892413 0.9209166158750899 0.9208788771157789 0.9208411376144181 0.9208033973709461 0.920765656385301 0.920727914657421 0.9206901721872445 0.9206524289747096 0.9206146850197547 0.920576940322318 0.9205391948823376 0.920501448699752 0.9204637017744992 0.9204259541065175 0.920388205695745 0.92035045654212 0.9203127066455806 0.9202749560060651 0.9202372046235117 0.9201994524978584 0.9201616996290434 0.920123946017005 0.9200861916616812 0.92004843656301 0.92001068072093 0.9199729241353789 0.919935166806295 0.9198974087336164 0.9198596499172811 0.9198218903572273 0.9197841300533931 0.9197463690057165 0.9197086072141356 0.9196708446785886 0.9196330813990133 0.9195953173753479 0.9195575526075306 0.9195197870954992 0.9194820208391918 0.9194442538385466 0.9194064860935013 0.9193687176039942 0.9193309483699631 0.919293178391346 0.9192554076680811 0.9192176362001062 0.9191798639873593 0.9191420910297784 0.9191043173273015 0.9190665428798666 0.9190287676874114 0.918990991749874 0.9189532150671923 0.9189154376393043 0.9188776594661479 0.918839880547661 0.9188021008837814 0.9187643204744471 0.918726539319596 0.918688757419166 0.9186509747730949 0.9186131913813205 0.9185754072437808 0.9185376223604137 0.9184998367311569 0.9184620503559483 0.9184242632347257 0.918386475367427 0.91834868675399 0.9183108973943523 0.9182731072884521 0.9182353164362269 0.9181975248376145 0.9181597324925529 0.9181219394009796 0.9180841455628326 0.9180463509780494 0.9180085556465681 0.9179707595683262 0.9179329627432614 0.9178951651713116 0.9178573668524145 0.9178195677865078 0.917781767973529 0.9177439674134161 0.9177061661061067 0.9176683640515384 0.9176305612496489 0.9175927577003761 0.9175549534036573 0.9175171483594305 0.9174793425676332 0.917441536028203 0.9174037287410776 0.9173659207061946 0.9173281119234916 0.9172903023929064 0.9172524921143763 0.9172146810878392 0.9171768693132326 0.917139056790494 0.917101243519561 0.9170634295003712 0.9170256147328624 0.9169877992169717 0.916949982952637 0.9169121659397956 0.9168743481783854 0.9168365296683436 0.9167987104096078 0.9167608904021156 0.9167230696458044 0.9166852481406118 0.9166474258864753 0.9166096028833323 0.9165717791311203 0.9165339546297768 0.9164961293792393 0.9164583033794452 0.916420476630332 0.9163826491318371 0.9163448208838979 0.9163069918864519 0.9162691621394367 0.9162313316427894 0.9161935003964474 0.9161556684003483 0.9161178356544295 0.9160800021586284 0.9160421679128822 0.9160043329171283 0.9159664971713042 0.9159286606753473 0.9158908234291947 0.9158529854327839 0.9158151466860524 0.9157773071889371 0.9157394669413758 0.9157016259433054 0.9156637841946635 0.9156259416953874 0.9155880984454141 0.9155502544446812 0.9155124096931259 0.9154745641906854 0.915436717937297 0.9153988709328978 0.9153610231774254 0.9153231746708168 0.9152853254130093 0.9152474754039401 0.9152096246435465 0.9151717731317656 0.9151339208685346 0.9150960678537908 0.9150582140874713 0.9150203595695134 0.9149825042998543 0.9149446482784309 0.9149067915051807 0.9148689339800407 0.914831075702948 0.9147932166738398 0.9147553568926532 0.9147174963593254 0.9146796350737936 0.9146417730359946 0.9146039102458658 0.9145660467033442 0.9145281824083669 0.9144903173608709 0.9144524515607935 0.9144145850080715 0.9143767177026421 0.9143388496444423 0.9143009808334094 0.91426311126948 0.9142252409525915 0.9141873698826808 0.9141494980596848 0.9141116254835407 0.9140737521541855 0.9140358780715561 0.9139980032355894 0.9139601276462226 0.9139222513033926 0.9138843742070363 0.9138464963570907 0.9138086177534928 0.9137707383961795 0.9137328582850878 0.9136949774201545 0.9136570958013166 0.913619213428511 0.9135813303016749 0.9135434464207447 0.9135055617856576 0.9134676763963505 0.9134297902527602 0.9133919033548235 0.9133540157024773 0.9133161272956587 0.9132782381343043 0.913240348218351 0.9132024575477357 0.913164566122395 0.9131266739422662 0.9130887810072856 0.9130508873173904 0.9130129928725171 0.9129750976726028 0.9129372017175841 0.9128993050073977 0.9128614075419805 0.9128235093212693 0.9127856103452008 0.9127477106137117 0.9127098101267388 0.9126719088842189 0.9126340068860886 0.9125961041322849 0.9125582006227441 0.9125202963574032 0.9124823913361988 0.9124444855590677 0.9124065790259464 0.9123686717367716 0.9123307636914803 0.9122928548900087 0.9122549453322937 0.912217035018272 0.9121791239478801 0.9121412121210548 0.9121032995377326 0.9120653861978502 0.9120274721013442 0.911989557248151 0.9119516416382075 0.9119137252714502 0.9118758081478155 0.9118378902672404 0.911799971629661 0.9117620522350142 0.9117241320832363 0.9116862111742641 0.9116482895080339 0.9116103670844824 0.9115724439035461 0.9115345199651614 0.9114965952692651 0.9114586698157934 0.911420743604683 0.9113828166358702 0.9113448889092917 0.9113069604248837 0.911269031182583 0.9112311011823259 0.9111931704240487 0.9111552389076881 0.9111173066331805 0.9110793736004622 0.9110414398094697 0.9110035052601395 0.9109655699524078 0.9109276338862113 0.9108896970614861 0.9108517594781689 0.9108138211361958 0.9107758820355032 0.9107379421760275 0.9107000015577054 0.9106620601804727 0.910624118044266 0.9105861751490218 0.9105482314946762 0.9105102870811657 0.9104723419084264 0.9104343959763948 0.910396449285007 0.9103585018341995 0.9103205536239085 0.9102826046540703 0.9102446549246213 0.9102067044354974 0.9101687531866353 0.9101308011779708 0.9100928484094406 0.9100548948809807 0.9100169405925272 0.9099789855440167 0.909941029735385 0.9099030731665686 0.9098651158375036 0.9098271577481262 0.9097891988983725 0.9097512392881788 0.9097132789174812 0.9096753177862159 0.9096373558943192 0.9095993932417269 0.9095614298283754 0.9095234656542007 0.9094855007191391 0.9094475350231266 0.9094095685660993 0.9093716013479934 0.909333633368745 0.90929566462829 0.9092576951265646 0.909219724863505 0.9091817538390472 0.9091437820531271 0.909105809505681 0.9090678361966447 0.9090298621259544 0.9089918872935461 0.9089539116993559 0.9089159353433197 0.9088779582253735 0.9088399803454534 0.9088020017034953 0.9087640222994353 0.9087260421332094 0.9086880612047534 0.9086500795140035 0.9086120970608953 0.9085741138453651 0.9085361298673488 0.9084981451267822 0.9084601596236013 0.908422173357742 0.9083841863291403 0.9083461985377319 0.908308209983453 0.9082702206662393 0.9082322305860266 0.9081942397427512 0.9081562481363484 0.9081182557667544 0.9080802626339051 0.9080422687377362 0.9080042740781836 0.9079662786551832 0.9079282824686706 0.907890285518582 0.9078522878048528 0.9078142893274191 0.9077762900862166 0.9077382900811811 0.9077002893122483 0.9076622877793542 0.9076242854824343 0.9075862824214246 0.9075482785962607 0.9075102740068783 0.9074722686532134 0.9074342625352015 0.9073962556527784 0.9073582480058798 0.9073202395944415 0.9072822304183991 0.9072442204776883 0.9072062097722449 0.9071681983020043 0.9071301860669025 0.9070921730668752 0.9070541593018577 0.9070161447717859 0.9069781294765955 0.9069401134162219 0.9069020965906011 0.9068640789996683 0.9068260606433594 0.9067880415216099 0.9067500216343554 0.9067120009815316 0.9066739795630739 0.9066359573789181 0.9065979344289996 0.9065599107132541 0.9065218862316171 0.906483860984024 0.9064458349704106 0.9064078081907123 0.9063697806448647 0.9063317523328033 0.9062937232544634 0.9062556934097808 0.9062176627986909 0.9061796314211292 0.9061415992770312 0.9061035663663323 0.906065532688968 0.9060274982448737 0.9059894630339851 0.9059514270562374 0.9059133903115661 0.9058753527999068 0.9058373145211946 0.9057992754753653 0.905761235662354 0.9057231950820962 0.9056851537345274 0.9056471116195829 0.905609068737198 0.9055710250873082 0.905532980669849 0.9054949354847555 0.905456889531963 0.9054188428114072 0.9053807953230231 0.9053427470667462 0.9053046980425118 0.9052666482502553 0.9052285976899117 0.9051905463614167 0.9051524942647053 0.905114441399713 0.9050763877663749 0.9050383333646264 0.9050002781944027 0.904962222255639 0.9049241655482708 0.904886108072233 0.9048480498274611 0.9048099908138902 0.9047719310314556 0.9047338704800925 0.9046958091597359 0.9046577470703213 0.9046196842117837 0.9045816205840584 0.9045435561870806 0.9045054910207853 0.9044674250851078 0.9044293583799832 0.9043912909053466 0.9043532226611333 0.9043151536472783 0.9042770838637167 0.9042390133103838 0.9042009419872146 0.9041628698941441 0.9041247970311075 0.9040867233980399 0.9040486489948764 0.904010573821552 0.9039724978780018 0.9039344211641609 0.9038963436799643 0.9038582654253471 0.9038201864002442 0.9037821066045908 0.9037440260383218 0.9037059447013723 0.9036678625936774 0.9036297797151718 0.9035916960657907 0.9035536116454691 0.903515526454142 0.9034774404917442 0.9034393537582108 0.9034012662534767 0.903363177977477 0.9033250889301464 0.9032869991114201 0.9032489085212327 0.9032108171595193 0.9031727250262149 0.9031346321212543 0.9030965384445725 0.9030584439961042 0.9030203487757845 0.9029822527835482 0.90294415601933 0.9029060584830649 0.9028679601746878 0.9028298610941335 0.9027917612413369 0.9027536606162327 0.9027155592187558 0.9026774570488411 0.9026393541064232 0.902601250391437 0.9025631459038174 0.902525040643499 0.9024869346104168 0.9024488278045055 0.9024107202256997 0.9023726118739344 0.9023345027491442 0.9022963928512638 0.9022582821802281 0.9022201707359716 0.9021820585184294 0.9021439455275357 0.9021058317632257 0.9020677172254338 0.9020296019140948 0.9019914858291433 0.9019533689705141 0.9019152513381419 0.9018771329319611 0.9018390137519066 0.901800893797913 0.9017627730699148 0.9017246515678469 0.9016865292916436 0.9016484062412398 0.9016102824165699 0.9015721578175687 0.9015340324441706 0.9014959062963104 0.9014577793739226 0.9014196516769416 0.9013815232053022 0.9013433939589388 0.9013052639377861 0.9012671331417785 0.9012290015708506 0.9011908692249371 0.9011527361039722 0.9011146022078905 0.9010764675366267 0.9010383320901152 0.9010001958682904 0.9009620588710868 0.9009239210984391 0.9008857825502815 0.9008476432265485 0.9008095031271748 0.9007713622520945 0.9007332206012423 0.9006950781745525 0.9006569349719596 0.900618790993398 0.9005806462388021 0.9005425007081063 0.900504354401245 0.9004662073181526 0.9004280594587635 0.900389910823012 0.9003517614108325 0.9003136112221595 0.9002754602569272 0.9002373085150699 0.900199155996522 0.9001610027012179 0.9001228486290919 0.9000846937800782 0.9000465381541112 0.9000083817511252 0.8999702245710546 0.8999320666138334 0.8998939078793962 0.899855748367677 0.8998175880786102 0.8997794270121301 0.8997412651681709 0.8997031025466667 0.8996649391475521 0.8996267749707609 0.8995886100162276 0.8995504442838863 0.8995122777736713 0.8994741104855166 0.8994359424193565 0.8993977735751253 0.8993596039527572 0.899321433552186 0.8992832623733462 0.8992450904161718 0.8992069176805971 0.8991687441665561 0.899130569873983 0.8990923948028119 0.8990542189529769 0.8990160423244121 0.8989778649170517 0.8989396867308296 0.89890150776568 0.898863328021537 0.8988251474983348 0.8987869661960071 0.8987487841144883 0.8987106012537123 0.8986724176136132 0.8986342331941249 0.8985960479951816 0.8985578620167172 0.8985196752586658 0.8984814877209614 0.8984432994035378 0.8984051103063294 0.8983669204292698 0.898328729772293 0.8982905383353332 0.8982523461183243 0.8982141531212002 0.8981759593438947 0.898137764786342 0.8980995694484758 0.8980613733302302 0.8980231764315391 0.8979849787523362 0.8979467802925557 0.8979085810521312 0.8978703810309969 0.8978321802290865 0.8977939786463338 0.8977557762826728 0.8977175731380374 0.8976793692123612 0.8976411645055783 0.8976029590176224 0.8975647527484274 0.897526545697927 0.8974883378660552 0.8974501292527456 0.8974119198579322 0.8973737096815486 0.8973354987235288 0.8972972869838064 0.8972590744623151 0.8972208611589889 0.8971826470737614 0.8971444322065664 0.8971062165573375 0.8970680001260086 0.8970297829125135 0.8969915649167857 0.8969533461387589 0.8969151265783669 0.8968769062355435 0.8968386851102222 0.8968004632023369 0.896762240511821 0.8967240170386083 0.8966857927826324 0.896647567743827 0.8966093419221258 0.8965711153174624 0.8965328879297704 0.8964946597589833 0.8964564308050349 0.8964182010678587 0.8963799705473885 0.8963417392435575 0.8963035071562996 0.8962652742855483 0.8962270406312371 0.8961888061932997 0.8961505709716695 0.8961123349662801 0.8960740981770651 0.8960358606039579 0.8959976222468921 0.8959593831058013 0.8959211431806188 0.8958829024712783 0.8958446609777132 0.895806418699857 0.8957681756376432 0.8957299317910052 0.8956916871598767 0.8956534417441908 0.8956151955438811 0.8955769485588811 0.8955387007891243 0.895500452234544 0.8954622028950736 0.8954239527706465 0.8953857018611963 0.8953474501666561 0.8953091976869595 0.8952709444220398 0.8952326903718305 0.8951944355362648 0.8951561799152762 0.8951179235087979 0.8950796663167634 0.8950414083391058 0.8950031495757588 0.8949648900266554 0.8949266296917291 0.894888368570913 0.8948501066641408 0.8948118439713453 0.8947735804924601 0.8947353162274184 0.8946970511761535 0.8946587853385986 0.894620518714687 0.8945822513043519 0.8945439831075266 0.8945057141241443 0.8944674443541382 0.8944291737974416 0.8943909024539876 0.8943526303237095 0.8943143574065405 0.8942760837024137 0.8942378092112624 0.8941995339330197 0.8941612578676187 0.8941229810149927 0.8940847033750747 0.8940464249477981 0.8940081457330957 0.8939698657309009 0.8939315849411467 0.8938933033637662 0.8938550209986925 0.8938167378458588 0.8937784539051981 0.8937401691766435 0.893701883660128 0.893663597355585 0.8936253102629472 0.8935870223821477 0.8935487337131197 0.8935104442557962 0.8934721540101102 0.8934338629759946 0.8933955711533826 0.8933572785422071 0.8933189851424013 0.893280690953898 0.8932423959766301 0.8932041002105309 0.8931658036555331 0.8931275063115698 0.8930892081785738 0.8930509092564782 0.893012609545216 0.89297430904472 0.8929360077549231 0.8928977056757584 0.8928594028071587 0.8928210991490568 0.8927827947013858 0.8927444894640784 0.8927061834370676 0.8926678766202863 0.8926295690136674 0.8925912606171436 0.892552951430648 0.8925146414541131 0.8924763306874719 0.8924380191306573 0.8923997067836021 0.8923613936462391 0.8923230797185011 0.8922847650003211 0.8922464494916315 0.8922081331923652 0.8921698161024553 0.8921314982218342 0.8920931795504349 0.8920548600881899 0.8920165398350323 0.8919782187908946 0.8919398969557094 0.8919015743294099 0.8918632509119283 0.8918249267031977 0.8917866017031505 0.8917482759117197 0.8917099493288377 0.8916716219544374 0.8916332937884515 0.8915949648308124 0.891556635081453 0.8915183045403058 0.8914799732073035 0.8914416410823789 0.8914033081654644 0.8913649744564927 0.8913266399553964 0.8912883046621082 0.8912499685765606 0.8912116316986862 0.8911732940284176 0.8911349555656874 0.8910966163104282 0.8910582762625725 0.8910199354220528 0.8909815937888018 0.890943251362752 0.8909049081438358 0.890866564131986 0.8908282193271347 0.8907898737292148 0.8907515273381587 0.8907131801538987 0.8906748321763674 0.8906364834054975 0.8905981338412212 0.8905597834834711 0.8905214323321796 0.8904830803872792 0.8904447276487022 0.8904063741163812 0.8903680197902486 0.8903296646702368 0.8902913087562782 0.8902529520483051 0.8902145945462502 0.8901762362500456 0.8901378771596238 0.8900995172749172 0.8900611565958582 0.8900227951223789 0.889984432854412 0.8899460697918896 0.8899077059347442 0.8898693412829081 0.8898309758363134 0.8897926095948928 0.8897542425585784 0.8897158747273024 0.8896775061009974 0.8896391366795953 0.8896007664630287 0.8895623954512297 0.8895240236441306 0.8894856510416637 0.8894472776437612 0.8894089034503553 0.8893705284613783 0.8893321526767625 0.88929377609644 0.8892553987203431 0.8892170205484039 0.8891786415805546 0.8891402618167276 0.8891018812568547 0.8890634999008684 0.8890251177487009 0.888986734800284 0.8889483510555503 0.8889099665144315 0.8888715811768602 0.8888331950427681 0.8887948081120876 0.8887564203847507 0.8887180318606894 0.8886796425398361 0.8886412524221227 0.8886028615074812 0.8885644697958439 0.8885260772871427 0.8884876839813097 0.8884492898782771 0.8884108949779768 0.8883724992803407 0.8883341027853011 0.8882957054927898 0.8882573074027391 0.8882189085150808 0.8881805088297469 0.8881421083466694 0.8881037070657803 0.8880653049870117 0.8880269021102956 0.8879884984355637 0.887950093962748 0.8879116886917807 0.8878732826225936 0.8878348757551185 0.8877964680892877 0.8877580596250327 0.8877196503622856 0.8876812403009783 0.8876428294410428 0.8876044177824107 0.8875660053250142 0.8875275920687851 0.887489178013655 0.8874507631595561 0.8874123475064202 0.8873739310541788 0.8873355138027643 0.8872970957521081 0.8872586769021422 0.8872202572527984 0.8871818368040084 0.8871434155557041 0.8871049935078172 0.8870665706602797 0.8870281470130232 0.8869897225659795 0.8869512973190804 0.8869128712722576 0.8868744444254428 0.8868360167785679 0.8867975883315646 0.8867591590843645 0.8867207290368995 0.886682298189101 0.8866438665409011 0.8866054340922312 0.8865670008430231 0.8865285667932085 0.886490131942719 0.8864516962914863 0.8864132598394421 0.886374822586518 0.8863363845326457 0.8862979456777568 0.8862595060217828 0.8862210655646556 0.8861826243063066 0.8861441822466675 0.8861057393856698 0.8860672957232452 0.8860288512593252 0.8859904059938414 0.8859519599267254 0.8859135130579087 0.885875065387323 0.8858366169148997 0.8857981676405703 0.8857597175642664 0.8857212666859196 0.8856828150054614 0.8856443625228232 0.8856059092379365 0.8855674551507329 0.8855290002611438 0.8854905445691007 0.8854520880745351 0.8854136307773786 0.8853751726775623 0.885336713775018 0.8852982540696769 0.8852597935614706 0.8852213322503303 0.8851828701361877 0.885144407218974 0.8851059434986207 0.8850674789750592 0.8850290136482208 0.8849905475180372 0.8849520805844393 0.8849136128473587 0.8848751443067268 0.8848366749624748 0.8847982048145342 0.8847597338628364 0.8847212621073124 0.8846827895478938 0.8846443161845119 0.8846058420170979 0.8845673670455831 0.8845288912698989 0.8844904146899764 0.8844519373057471 0.8844134591171422 0.8843749801240928 0.8843365003265303 0.884298019724386 0.884259538317591 0.8842210561060766 0.884182573089774 0.8841440892686145 0.8841056046425292 0.8840671192114493 0.884028632975306 0.8839901459340306 0.8839516580875542 0.8839131694358079 0.8838746799787229 0.8838361897162305 0.8837976986482616 0.8837592067747475 0.8837207140956195 0.8836822206108084 0.8836437263202453 0.8836052312238616 0.8835667353215884 0.8835282386133565 0.8834897410990972 0.8834512427787414 0.8834127436522204 0.8833742437194652 0.8833357429804068 0.8832972414349763 0.8832587390831048 0.8832202359247231 0.8831817319597625 0.8831432271881539 0.8831047216098282 0.8830662152247166 0.88302770803275 0.8829892000338595 0.882950691227976 0.8829121816150304 0.8828736711949536 0.8828351599676769 0.8827966479331311 0.882758135091247 0.8827196214419557 0.882681106985188 0.8826425917208749 0.8826040756489473 0.8825655587693362 0.8825270410819723 0.8824885225867867 0.8824500032837101 0.8824114831726736 0.882372962253608 0.8823344405264439 0.8822959179911125 0.8822573946475445 0.8822188704956707 0.882180345535422 0.8821418197667292 0.8821032931895232 0.8820647658037347 0.8820262376092944 0.8819877086061334 0.8819491787941823 0.881910648173372 0.8818721167436331 0.8818335845048964 0.8817950514570927 0.8817565176001528 0.8817179829340074 0.8816794474585872 0.881640911173823 0.8816023740796455 0.8815638361759853 0.8815252974627733 0.88148675793994 0.8814482176074163 0.8814096764651327 0.88137113451302 0.8813325917510088 0.8812940481790297 0.8812555037970135 0.8812169586048907 0.8811784126025921 0.8811398657900482 0.8811013181671896 0.881062769733947 0.8810242204902511 0.8809856704360323 0.8809471195712213 0.8809085678957487 0.8808700154095449 0.8808314621125407 0.8807929080046666 0.8807543530858531 0.8807157973560309 0.8806772408151302 0.8806386834630819 0.8806001252998163 0.8805615663252642 0.8805230065393557 0.8804844459420215 0.8804458845331922 0.8804073223127981 0.8803687592807699 0.8803301954370377 0.8802916307815324 0.8802530653141842 0.8802144990349237 0.8801759319436812 0.8801373640403871 0.880098795324972 0.8800602257973663 0.8800216554575002 0.8799830843053045 0.8799445123407091 0.8799059395636448 0.8798673659740418 0.8798287915718305 0.8797902163569412 0.8797516403293043 0.8797130634888504 0.8796744858355094 0.8796359073692119 0.8795973280898883 0.8795587479974687 0.8795201670918836 0.8794815853730632 0.8794430028409379 0.8794044194954379 0.8793658353364935 0.879327250364035 0.8792886645779927 0.8792500779782968 0.8792114905648775 0.8791729023376652 0.87913431329659 0.8790957234415823 0.8790571327725721 0.8790185412894899 0.8789799489922656 0.8789413558808296 0.878902761955112 0.8788641672150431 0.878825571660553 0.8787869752915718 0.8787483781080299 0.8787097801098572 0.878671181296984 0.8786325816693403 0.8785939812268564 0.8785553799694623 0.8785167778970883 0.8784781750096643 0.8784395713071205 0.8784009667893871 0.8783623614563939 0.8783237553080713 0.878285148344349 0.8782465405651575 0.8782079319704267 0.8781693225600866 0.8781307123340671 0.8780921012922985 0.8780534894347107 0.8780148767612338 0.8779762632717977 0.8779376489663324 0.8778990338447681 0.8778604179070346 0.877821801153062 0.8777831835827801 0.877744565196119 0.8777059459930087 0.877667325973379 0.8776287051371601 0.8775900834842817 0.8775514610146739 0.8775128377282664 0.8774742136249893 0.8774355887047725 0.8773969629675458 0.8773583364132393 0.8773197090417826 0.8772810808531057 0.8772424518471387 0.8772038220238112 0.8771651913830529 0.8771265599247942 0.8770879276489644 0.8770492945554935 0.8770106606443114 0.876972025915348 0.8769333903685329 0.876894754003796 0.8768561168210671 0.876817478820276 0.8767788400013525 0.8767402003642263 0.8767015599088273 0.8766629186350849 0.8766242765429293 0.8765856336322901 0.876546989903097 0.8765083453552797 0.8764696999887678 0.8764310538034913 0.8763924067993797 0.8763537589763628 0.8763151103343703 0.8762764608733317 0.8762378105931768 0.8761991594938354 0.876160507575237 0.8761218548373113 0.876083201279988 0.8760445469031966 0.8760058917068667 0.8759672356909282 0.8759285788553105 0.8758899211999432 0.875851262724756 0.8758126034296785 0.8757739433146401 0.8757352823795707 0.8756966206243995 0.8756579580490563 0.8756192946534705 0.875580630437572 0.8755419654012899 0.875503299544554 0.8754646328672937 0.8754259653694386 0.8753872970509182 0.8753486279116619 0.8753099579515993 0.8752712871706598 0.8752326155687731 0.8751939431458684 0.8751552699018753 0.8751165958367232 0.8750779209503416 0.87503924524266 0.8750005687136077 0.8749618913631142 0.8749232131911089 0.8748845341975212 0.8748458543822806 0.8748071737453165 0.8747684922865581 0.8747298100059349 0.8746911269033764 0.8746524429788116 0.8746137582321702 0.8745750726633815 0.8745363862723748 0.8744976990590795 0.8744590110234248 0.87442032216534 0.8743816324847546 0.8743429419815979 0.874304250655799 0.8742655585072873 0.8742268655359922 0.8741881717418427 0.8741494771247683 0.8741107816846982 0.8740720854215617 0.8740333883352879 0.8739946904258062 0.8739559916930457 0.8739172921369358 0.8738785917574056 0.8738398905543843 0.8738011885278011 0.8737624856775852 0.8737237820036658 0.8736850775059721 0.8736463721844334 0.8736076660389787 0.873568959069537 0.8735302512760377 0.8734915426584099 0.8734528332165827 0.8734141229504853 0.8733754118600465 0.8733366999451959 0.8732979872058623 0.8732592736419749 0.8732205592534626 0.8731818440402548 0.8731431280022803 0.8731044111394685 0.873065693451748 0.8730269749390481 0.8729882556012979 0.8729495354384265 0.8729108144503626 0.8728720926370355 0.872833369998374 0.8727946465343074 0.8727559222447645 0.8727171971296742 0.8726784711889657 0.872639744422568 0.8726010168304098 0.8725622884124202 0.8725235591685283 0.872484829098663 0.872446098202753 0.8724073664807274 0.8723686339325152 0.8723299005580452 0.8722911663572462 0.8722524313300474 0.8722136954763775 0.8721749587961654 0.87213622128934 0.8720974829558301 0.8720587437955648 0.8720200038084727 0.8719812629944828 0.8719425213535238 0.8719037788855246 0.8718650355904141 0.8718262914681211 0.8717875465185743 0.8717488007417025 0.8717100541374347 0.8716713067056996 0.8716325584464257 0.8715938093595422 0.8715550594449777 0.8715163087026608 0.8714775571325206 0.8714388047344854 0.8714000515084843 0.8713612974544459 0.8713225425722989 0.871283786861972 0.871245030323394 0.8712062729564934 0.8711675147611992 0.8711287557374399 0.871089995885144 0.8710512352042405 0.8710124736946578 0.8709737113563248 0.8709349481891699 0.870896184193122 0.8708574193681096 0.8708186537140612 0.8707798872309055 0.8707411199185711 0.8707023517769867 0.8706635828060808 0.8706248130057821 0.870586042376019 0.8705472709167201 0.8705084986278141 0.8704697255092295 0.8704309515608948 0.8703921767827385 0.8703534011746893 0.8703146247366755 0.8702758474686259 0.8702370693704689 0.8701982904421327 0.8701595106835461 0.8701207300946376 0.8700819486753357 0.8700431664255688 0.8700043833452653 0.8699655994343537 0.8699268146927625 0.8698880291204201 0.8698492427172548 0.8698104554831954 0.86977166741817 0.8697328785221071 0.8696940887949351 0.8696552982365824 0.8696165068469774 0.8695777146260486 0.8695389215737241 0.8695001276899326 0.8694613329746022 0.8694225374276613 0.8693837410490383 0.8693449438386616 0.8693061457964593 0.86926734692236 0.8692285472162917 0.869189746678183 0.8691509453079622 0.8691121431055575 0.8690733400708971 0.8690345362039094 0.8689957315045225 0.8689569259726649 0.8689181196082647 0.8688793124112503 0.8688405043815497 0.8688016955190913 0.8687628858238032 0.8687240752956138 0.8686852639344512 0.8686464517402437 0.8686076387129193 0.8685688248524064 0.868530010158633 0.8684911946315274 0.8684523782710176 0.868413561077032 0.8683747430494986 0.8683359241883455 0.8682971044935011 0.8682582839648931 0.86821946260245 0.8681806404060997 0.8681418173757703 0.8681029935113901 0.868064168812887 0.8680253432801892 0.8679865169132246 0.8679476897119214 0.8679088616762077 0.8678700328060115 0.8678312031012608 0.8677923725618837 0.8677535411878081 0.8677147089789623 0.8676758759352741 0.8676370420566715 0.8675982073430826 0.8675593717944352 0.8675205354106577 0.8674816981916775 0.8674428601374231 0.8674040212478221 0.8673651815228027 0.8673263409622927 0.8672874995662201 0.8672486573345127 0.8672098142670986 0.8671709703639058 0.867132125624862 0.867093280049895 0.8670544336389331 0.8670155863919038 0.8669767383087351 0.866937889389355 0.8668990396336912 0.8668601890416717 0.8668213376132242 0.8667824853482766 0.8667436322467569 0.8667047783085926 0.8666659235337119 0.8666270679220422 0.8665882114735116 0.8665493541880479 0.8665104960655787 0.8664716371060319 0.8664327773093353 0.8663939166754167 0.8663550552042036 0.8663161928956241 0.8662773297496057 0.8662384657660762 0.8661996009449635 0.8661607352861951 0.8661218687896988 0.8660830014554022 0.8660441332832332 0.8660052642731193 0.8659663944249884 0.865927523738768 0.8658886522143858 0.8658497798517695 0.8658109066508467 0.8657720326115452 0.8657331577337924 0.8656942820175162 0.865655405462644 0.8656165280691035 0.8655776498368223 0.865538770765728 0.8654998908557483 0.8654610101068106 0.8654221285188427 0.865383246091772 0.8653443628255261 0.8653054787200326 0.865266593775219 0.8652277079910128 0.8651888213673417 0.8651499339041331 0.8651110456013146 0.8650721564588135 0.8650332664765576 0.8649943756544742 0.8649554839924909 0.8649165914905352 0.8648776981485344 0.8648388039664162 0.8647999089441079 0.8647610130815369 0.8647221163786308 0.8646832188353171 0.8646443204515228 0.8646054212271759 0.8645665211622034 0.864527620256533 0.8644887185100918 0.8644498159228075 0.8644109124946071 0.8643720082254184 0.8643331031151685 0.864294197163785 0.8642552903711949 0.8642163827373258 0.864177474262105 0.8641385649454598 0.8640996547873175 0.8640607437876056 0.8640218319462512 0.8639829192631817 0.8639440057383243 0.8639050913716064 0.8638661761629552 0.863827260112298 0.8637883432195622 0.8637494254846749 0.8637105069075633 0.8636715874881549 0.8636326672263765 0.8635937461221559 0.8635548241754198 0.8635159013860956 0.8634769777541107 0.863438053279392 0.8633991279618669 0.8633602018014624 0.8633212747981059 0.8632823469517243 0.863243418262245 0.8632044887295952 0.8631655583537018 0.8631266271344921 0.863087695071893 0.8630487621658319 0.8630098284162359 0.8629708938230318 0.8629319583861472 0.8628930221055088 0.8628540849810438 0.8628151470126793 0.8627762082003423 0.86273726854396 0.8626983280434593 0.8626593866987674 0.8626204445098112 0.8625815014765179 0.8625425575988144 0.8625036128766277 0.8624646673098848 0.8624257208985129 0.8623867736424387 0.8623478255415894 0.862308876595892 0.8622699268052734 0.8622309761696605 0.8621920246889803 0.8621530723631597 0.8621141191921259 0.8620751651758056 0.8620362103141258 0.8619972546070134 0.8619582980543953 0.8619193406561985 0.8618803824123497 0.861841423322776 0.8618024633874042 0.8617635026061612 0.8617245409789738 0.8616855785057689 0.8616466151864735 0.8616076510210141 0.8615686860093179 0.8615297201513116 0.8614907534469218 0.8614517858960757 0.8614128174987 0.8613738482547214 0.8613348781640667 0.8612959072266627 0.8612569354424362 0.861217962811314 0.8611789893332228 0.8611400150080895 0.8611010398358406 0.861062063816403 0.8610230869497035 0.8609841092356687 0.8609451306742255 0.8609061512653002 0.86086717100882 0.8608281899047114 0.860789207952901 0.8607502251533156 0.8607112415058817 0.8606722570105263 0.8606332716671757 0.8605942854757569 0.8605552984361962 0.8605163105484204 0.8604773218123561 0.8604383322279301 0.8603993417950688 0.8603603505136989 0.8603213583837468 0.8602823654051395 0.8602433715778032 0.8602043769016647 0.8601653813766504 0.8601263850026871 0.8600873877797012 0.8600483897076192 0.8600093907863677 0.8599703910158734 0.8599313903960626 0.8598923889268618 0.8598533866081977 0.8598143834399966 0.8597753794221852 0.8597363745546899 0.8596973688374371 0.8596583622703533 0.8596193548533652 0.8595803465863989 0.8595413374693811 0.8595023275022381 0.8594633166848965 0.8594243050172825 0.8593852924993228 0.8593462791309436 0.8593072649120714 0.8592682498426325 0.8592292339225535 0.8591902171517606 0.8591511995301802 0.8591121810577387 0.8590731617343625 0.8590341415599778 0.8589951205345112 0.8589560986578888 0.8589170759300371 0.8588780523508824 0.8588390279203509 0.8588000026383691 0.858760976504863 0.8587219495197593 0.8586829216829839 0.8586438929944633 0.8586048634541238 0.8585658330618916 0.8585268018176928 0.8584877697214539 0.8584487367731011 0.8584097029725605 0.8583706683197585 0.8583316328146211 0.8582925964570747 0.8582535592470455 0.8582145211844596 0.8581754822692432 0.8581364425013226 0.8580974018806238 0.8580583604070732 0.8580193180805967 0.8579802749011207 0.8579412308685712 0.8579021859828744 0.8578631402439563 0.8578240936517432 0.857785046206161 0.857745997907136 0.8577069487545944 0.857667898748462 0.8576288478886651 0.8575897961751298 0.8575507436077819 0.8575116901865478 0.8574726359113534 0.8574335807821246 0.8573945247987877 0.8573554679612687 0.8573164102694935 0.8572773517233883 0.8572382923228787 0.8571992320678913 0.8571601709583516 0.8571211089941859 0.8570820461753201 0.8570429825016801 0.8570039179731919 0.8569648525897815 0.8569257863513748 0.8568867192578978 0.8568476513092764 0.8568085825054366 0.8567695128463042 0.8567304423318052 0.8566913709618655 0.856652298736411 0.8566132256553677 0.8565741517186612 0.8565350769262177 0.8564960012779628 0.8564569247738226 0.8564178474137227 0.8563787691975893 0.8563396901253479 0.8563006101969246 0.856261529412245 0.856222447771235 0.8561833652738204 0.8561442819199272 0.8561051977094809 0.8560661126424076 0.8560270267186327 0.8559879399380823 0.8559488523006821 0.8559097638063577 0.8558706744550351 0.8558315842466397 0.8557924931810976 0.8557534012583344 0.8557143084782758 0.8556752148408475 0.8556361203459752 0.8555970249935847 0.8555579287836015 0.8555188317159516 0.8554797337905603 0.8554406350073536 0.855401535366257 0.8553624348671961 0.8553233335100967 0.8552842312948844 0.8552451282214848 0.8552060242898235 0.8551669194998262 0.8551278138514185 0.8550887073445258 0.855049599979074 0.8550104917549886 0.8549713826721951 0.854932272730619 0.8548931619301862 0.854854050270822 0.8548149377524519 0.8547758243750017 0.8547367101383966 0.8546975950425624 0.8546584790874245 0.8546193622729086 0.8545802445989399 0.8545411260654442 0.8545020066723468 0.8544628864195732 0.854423765307049 0.8543846433346995 0.8543455205024504 0.854306396810227 0.8542672722579547 0.8542281468455591 0.8541890205729655 0.8541498934400994 0.8541107654468861 0.8540716365932512 0.85403250687912 0.853993376304418 0.8539542448690703 0.8539151125730027 0.8538759794161401 0.8538368453984084 0.8537977105197325 0.853758574780038 0.8537194381792503 0.8536803007172946 0.8536411623940962 0.8536020232095805 0.8535628831636727 0.8535237422562983 0.8534846004873826 0.8534454578568507 0.853406314364628 0.8533671700106398 0.8533280247948114 0.8532888787170678 0.8532497317773348 0.8532105839755371 0.8531714353116001 0.8531322857854493 0.8530931353970096 0.8530539841462064 0.8530148320329649 0.8529756790572102 0.8529365252188675 0.8528973705178622 0.8528582149541193 0.852819058527564 0.8527799012381215 0.8527407430857169 0.8527015840702755 0.8526624241917222 0.8526232634499824 0.8525841018449811 0.8525449393766436 0.8525057760448946 0.8524666118496597 0.8524274467908637 0.8523882808684318 0.852349114082289 0.8523099464323605 0.8522707779185712 0.8522316085408465 0.8521924382991111 0.8521532671932901 0.8521140952233088 0.852074922389092 0.8520357486905648 0.8519965741276523 0.8519573987002793 0.8519182224083711 0.8518790452518525 0.8518398672306485 0.8518006883446841 0.8517615085938844 0.8517223279781743 0.8516831464974787 0.8516439641517225 0.8516047809408308 0.8515655968647284 0.8515264119233406 0.8514872261165917 0.8514480394444072 0.8514088519067116 0.85136966350343 0.8513304742344874 0.8512912840998085 0.8512520930993182 0.8512129012329415 0.8511737085006031 0.851134514902228 0.8510953204377409 0.851056125107067 0.8510169289101307 0.850977731846857 0.8509385339171708 0.8508993351209968 0.8508601354582599 0.8508209349288849 0.8507817335327965 0.8507425312699196 0.8507033281401789 0.8506641241434992 0.8506249192798052 0.8505857135490218 0.8505465069510737 0.8505072994858855 0.8504680911533822 0.8504288819534883 0.8503896718861286 0.8503504609512278 0.8503112491487106 0.8502720364785017 0.8502328229405258 0.8501936085347077 0.8501543932609719 0.8501151771192431 0.8500759601094461 0.8500367422315054 0.8499975234853456 0.8499583038708916 0.8499190833880679 0.8498798620367989 0.8498406398170095 0.8498014167286243 0.8497621927715677 0.8497229679457646 0.8496837422511393 0.8496445156876166 0.8496052882551208 0.8495660599535768 0.849526830782909 0.8494876007430419 0.8494483698339 0.8494091380554081 0.8493699054074905 0.8493306718900717 0.8492914375030765 0.849252202246429 0.849212966120054 0.849173729123876 0.8491344912578194 0.8490952525218085 0.849056012915768 0.8490167724396224 0.848977531093296 0.8489382888767133 0.8488990457897988 0.8488598018324769 0.848820557004672 0.8487813113063085 0.8487420647373108 0.8487028172976034 0.8486635689871108 0.8486243198057571 0.8485850697534669 0.8485458188301647 0.8485065670357743 0.8484673143702207 0.8484280608334279 0.8483888064253204 0.8483495511458224 0.8483102949948584 0.8482710379723527 0.8482317800782295 0.8481925213124131 0.848153261674828 0.8481140011653983 0.8480747397840483 0.8480354775307024 0.8479962144052849 0.84795695040772 0.8479176855379318 0.8478784197958449 0.8478391531813831 0.8477998856944711 0.8477606173350327 0.8477213481029926 0.8476820779982746 0.8476428070208031 0.8476035351705022 0.8475642624472962 0.8475249888511093 0.8474857143818655 0.8474464390394892 0.8474071628239045 0.8473678857350355 0.8473286077728064 0.8472893289371412 0.8472500492279642 0.8472107686451995 0.8471714871887712 0.8471322048586034 0.8470929216546202 0.8470536375767458 0.8470143526249042 0.8469750667990195 0.8469357800990158 0.8468964925248171 0.8468572040763476 0.8468179147535312 0.846778624556292 0.8467393334845541 0.8467000415382415 0.8466607487172781 0.8466214550215883 0.8465821604510957 0.8465428650057245 0.8465035686853986 0.8464642714900421 0.8464249734195788 0.846385674473933 0.8463463746530284 0.8463070739567891 0.8462677723851388 0.8462284699380018 0.8461891666153019 0.846149862416963 0.846110557342909 0.8460712513930638 0.8460319445673514 0.8459926368656958 0.8459533282880206 0.84591401883425 0.8458747085043077 0.8458353972981175 0.8457960852156035 0.8457567722566894 0.8457174584212991 0.8456781437093565 0.8456388281207853 0.8455995116555094 0.8455601943134526 0.845520876094539 0.8454815569986919 0.8454422370258354 0.8454029161758932 0.8453635944487894 0.8453242718444474 0.8452849483627909 0.845245624003744 0.8452062987672304 0.8451669726531738 0.8451276456614978 0.8450883177921262 0.8450489890449829 0.8450096594199915 0.8449703289170758 0.8449309975361593 0.8448916652771659 0.8448523321400191 0.8448129981246428 0.8447736632309607 0.8447343274588962 0.8446949908083732 0.8446556532793152 0.8446163148716461 0.8445769755852892 0.8445376354201684 0.8444982943762073 0.8444589524533294 0.8444196096514583 0.8443802659705179 0.8443409214104314 0.8443015759711225 0.8442622296525151 0.8442228824545324 0.8441835343770981 0.8441441854201358 0.844104835583569 0.8440654848673214 0.8440261332713163 0.8439867807954774 0.8439474274397282 0.8439080732039921 0.8438687180881927 0.8438293620922537 0.8437900052160984 0.8437506474596502 0.8437112888228328 0.8436719293055694 0.8436325689077839 0.8435932076293993 0.8435538454703393 0.8435144824305274 0.8434751185098869 0.8434357537083412 0.8433963880258138 0.8433570214622284 0.8433176540175079 0.8432782856915759 0.843238916484356 0.8431995463957713 0.8431601754257455 0.8431208035742017 0.8430814308410634 0.8430420572262538 0.8430026827296965 0.8429633073513148 0.8429239310910317 0.842884553948771 0.8428451759244557 0.8428057970180094 0.8427664172293552 0.8427270365584165 0.8426876550051164 0.8426482725693786 0.842608889251126 0.8425695050502819 0.8425301199667699 0.8424907340005128 0.8424513471514342 0.8424119594194572 0.8423725708045052 0.8423331813065013 0.8422937909253686 0.8422543996610306 0.8422150075134102 0.8421756144824308 0.8421362205680156 0.8420968257700878 0.8420574300885705 0.8420180335233869 0.8419786360744602 0.8419392377417134 0.84189983852507 0.8418604384244529 0.8418210374397852 0.8417816355709902 0.8417422328179909 0.8417028291807104 0.8416634246590718 0.8416240192529985 0.8415846129624132 0.8415452057872392 0.8415057977273995 0.8414663887828172 0.8414269789534154 0.8413875682391172 0.8413481566398455 0.8413087441555236 0.8412693307860742 0.8412299165314205 0.8411905013914857 0.8411510853661925 0.841111668455464 0.8410722506592235 0.8410328319773936 0.8409934124098976 0.8409539919566582 0.8409145706175984 0.8408751483926415 0.8408357252817101 0.8407963012847274 0.8407568764016161 0.8407174506322994 0.8406780239767 0.8406385964347409 0.8405991680063452 0.8405597386914355 0.840520308489935 0.8404808774017664 0.8404414454268526 0.8404020125651166 0.8403625788164811 0.8403231441808692 0.8402837086582036 0.8402442722484071 0.8402048349514026 0.8401653967671132 0.8401259576954614 0.84008651773637 0.8400470768897621 0.8400076351555603 0.8399681925336874 0.8399287490240663 0.8398893046266198 0.8398498593412707 0.8398104131679415 0.8397709661065552 0.8397315181570346 0.8396920693193024 0.8396526195932813 0.8396131689788942 0.8395737174760636 0.8395342650847122 0.8394948118047629 0.8394553576361385 0.8394159025787615 0.8393764466325546 0.8393369897974405 0.8392975320733421 0.8392580734601819 0.8392186139578826 0.8391791535663666 0.839139692285557 0.8391002301153763 0.8390607670557468 0.8390213031065916 0.8389818382678331 0.8389423725393941 0.8389029059211969 0.8388634384131644 0.8388239700152189 0.8387845007272832 0.83874503054928 0.8387055594811316 0.8386660875227607 0.8386266146740898 0.8385871409350416 0.8385476663055385 0.8385081907855031 0.838468714374858 0.8384292370735256 0.8383897588814285 0.8383502797984892 0.8383107998246302 0.8382713189597739 0.838231837203843 0.8381923545567598 0.8381528710184469 0.8381133865888266 0.8380739012678217 0.8380344150553543 0.8379949279513469 0.8379554399557221 0.8379159510684022 0.8378764612893098 0.8378369706183673 0.8377974790554968 0.8377579866006211 0.8377184932536623 0.837678999014543 0.8376395038831854 0.837600007859512 0.8375605109434453 0.8375210131349075 0.8374815144338209 0.8374420148401079 0.837402514353691 0.8373630129744922 0.8373235107024342 0.8372840075374391 0.8372445034794294 0.8372049985283271 0.8371654926840547 0.8371259859465345 0.8370864783156888 0.8370469697914399 0.83700746037371 0.8369679500624212 0.8369284388574961 0.8368889267588567 0.8368494137664254 0.8368098998801243 0.8367703850998758 0.8367308694256019 0.8366913528572251 0.8366518353946674 0.836612317037851 0.8365727977866981 0.8365332776411311 0.836493756601072 0.8364542346664428 0.836414711837166 0.8363751881131636 0.8363356634943577 0.8362961379806706 0.8362566115720244 0.836217084268341 0.8361775560695428 0.836138026975552 0.8360984969862904 0.8360589661016802 0.8360194343216436 0.8359799016461026 0.8359403680749793 0.8359008336081959 0.8358612982456742 0.8358217619873366 0.8357822248331048 0.8357426867829012 0.8357031478366476 0.8356636079942661 0.8356240672556787 0.8355845256208074 0.8355449830895744 0.8355054396619015 0.8354658953377108 0.8354263501169241 0.8353868039994636 0.8353472569852514 0.835307709074209 0.8352681602662588 0.8352286105613227 0.8351890599593225 0.8351495084601802 0.8351099560638178 0.835070402770157 0.83503084857912 0.8349912934906285 0.8349517375046047 0.8349121806209702 0.834872622839647 0.834833064160557 0.8347935045836221 0.8347539441087641 0.834714382735905 0.8346748204649667 0.8346352572958706 0.8345956932285391 0.8345561282628937 0.8345165623988564 0.834476995636349 0.8344374279752933 0.8343978594156111 0.834358289957224 0.8343187196000542 0.8342791483440232 0.8342395761890529 0.834200003135065 0.8341604291819813 0.8341208543297237 0.8340812785782137 0.8340417019273731 0.834002124377124 0.8339625459273876 0.833922966578086 0.8338833863291407 0.8338438051804736 0.8338042231320063 0.8337646401836605 0.8337250563353579 0.8336854715870202 0.833645885938569 0.8336062993899261 0.8335667119410132 0.8335271235917519 0.8334875343420636 0.8334479441918703 0.8334083531410934 0.8333687611896547 0.8333291683374757 0.8332895745844782 0.8332499799305836 0.8332103843757135 0.8331707879197896 0.8331311905627334 0.8330915923044667 0.8330519931449109 0.8330123930839874 0.8329727921216181 0.8329331902577244 0.8328935874922279 0.8328539838250499 0.8328143792561122 0.8327747737853364 0.8327351674126436 0.8326955601379558 0.8326559519611941 0.8326163428822803 0.8325767329011358 0.8325371220176818 0.8324975102318404 0.8324578975435324 0.8324182839526797 0.8323786694592036 0.8323390540630257 0.8322994377640671 0.8322598205622496 0.8322202024574944 0.832180583449723 0.8321409635388569 0.8321013427248174 0.832061721007526 0.8320220983869039 0.8319824748628726 0.8319428504353537 0.8319032251042682 0.8318635988695376 0.8318239717310834 0.8317843436888268 0.8317447147426893 0.831705084892592 0.8316654541384565 0.8316258224802039 0.8315861899177557 0.831546556451033 0.8315069220799574 0.8314672868044499 0.831427650624432 0.8313880135398248 0.8313483755505499 0.8313087366565282 0.8312690968576811 0.83122945615393 0.831189814545196 0.8311501720314003 0.8311105286124644 0.8310708842883091 0.831031239058856 0.8309915929240261 0.8309519458837409 0.8309122979379213 0.8308726490864885 0.8308329993293638 0.8307933486664684 0.8307536970977234 0.8307140446230501 0.8306743912423695 0.8306347369556029 0.8305950817626713 0.8305554256634959 0.8305157686579978 0.8304761107460983 0.8304364519277183 0.8303967922027791 0.8303571315712016 0.8303174700329071 0.8302778075878166 0.8302381442358512 0.830198479976932 0.83015881481098 0.8301191487379163 0.8300794817576619 0.830039813870138 0.8300001450752656 0.8299604753729657 0.8299208047631594 0.8298811332457676 0.8298414608207114 0.8298017874879118 0.8297621132472899 0.8297224380987664 0.8296827620422627 0.8296430850776993 0.8296034072049977 0.8295637284240784 0.8295240487348629 0.8294843681372716 0.8294446866312257 0.8294050042166463 0.829365320893454 0.82932563666157 0.8292859515209151 0.8292462654714103 0.8292065785129764 0.8291668906455344 0.8291272018690051 0.8290875121833094 0.8290478215883683 0.8290081300841027 0.8289684376704332 0.8289287443472808 0.8288890501145666 0.8288493549722111 0.8288096589201353 0.82876996195826 0.828730264086506 0.8286905653047942 0.8286508656130454 0.8286111650111803 0.8285714634991198 0.8285317610767848 0.8284920577440958 0.8284523535009739 0.8284126483473396 0.8283729422831139 0.8283332353082173 0.8282935274225709 0.8282538186260952 0.828214108918711 0.8281743983003389 0.8281346867708999 0.8280949743303144 0.8280552609785033 0.8280155467153875 0.8279758315408874 0.8279361154549236 0.8278963984574171 0.8278566805482885 0.8278169617274584 0.8277772419948475 0.8277375213503764 0.8276977997939658 0.8276580773255364 0.8276183539450088 0.8275786296523036 0.8275389044473415 0.8274991783300429 0.8274594513003287 0.8274197233581194 0.8273799945033355 0.8273402647358977 0.8273005340557267 0.8272608024627427 0.8272210699568666 0.827181336538019 0.8271416022061202 0.8271018669610909 0.8270621308028516 0.827022393731323 0.8269826557464255 0.8269429168480795 0.8269031770362056 0.8268634363107246 0.8268236946715566 0.8267839521186222 0.8267442086518421 0.8267044642711365 0.8266647189764261 0.8266249727676314 0.8265852256446725 0.8265454776074703 0.826505728655945 0.826465978790017 0.8264262280096071 0.8263864763146352 0.8263467237050222 0.8263069701806882 0.8262672157415538 0.8262274603875394 0.8261877041185652 0.8261479469345518 0.8261081888354195 0.8260684298210886 0.8260286698914796 0.8259889090465129 0.8259491472861088 0.8259093846101875 0.8258696210186696 0.8258298565114752 0.8257900910885249 0.8257503247497388 0.8257105574950373 0.8256707893243407 0.8256310202375693 0.8255912502346434 0.8255514793154832 0.8255117074800092 0.8254719347281416 0.8254321610598006 0.8253923864749064 0.8253526109733795 0.8253128345551399 0.825273057220108 0.825233278968204 0.8251934997993481 0.8251537197134605 0.8251139387104616 0.8250741567902714 0.8250343739528102 0.8249945901979981 0.8249548055257555 0.8249150199360024 0.8248752334286591 0.8248354460036456 0.8247956576608823 0.8247558684002891 0.8247160782217864 0.8246762871252942 0.8246364951107327 0.824596702178022 0.8245569083270822 0.8245171135578334 0.8244773178701958 0.8244375212640895 0.8243977237394347 0.8243579252961512 0.8243181259341592 0.824278325653379 0.8242385244537305 0.8241987223351336 0.8241589192975086 0.8241191153407755 0.8240793104648544 0.8240395046696651 0.8239996979551281 0.8239598903211629 0.8239200817676897 0.8238802722946287 0.8238404619018997 0.8238006505894229 0.823760838357118 0.8237210252049052 0.8236812111327045 0.8236413961404359 0.8236015802280191 0.8235617633953743 0.8235219456424214 0.8234821269690804 0.8234423073752711 0.8234024868609136 0.8233626654259277 0.8233228430702335 0.8232830197937506 0.8232431955963991 0.823203370478099 0.8231635444387702 0.8231237174783324 0.8230838895967054 0.8230440607938094 0.8230042310695641 0.8229644004238894 0.8229245688567051 0.822884736367931 0.8228449029574871 0.8228050686252932 0.8227652333712691 0.8227253971953346 0.8226855600974095 0.8226457220774137 0.822605883135267 0.822566043270889 0.8225262024841997 0.8224863607751189 0.8224465181435663 0.8224066745894616 0.8223668301127247 0.8223269847132753 0.8222871383910331 0.822247291145918 0.8222074429778496 0.8221675938867476 0.8221277438725318 0.8220878929351221 0.822048041074438 0.8220081882903991 0.8219683345829253 0.8219284799519362 0.8218886243973516 0.821848767919091 0.8218089105170743 0.8217690521912209 0.8217291929414507 0.8216893327676833 0.8216494716698383 0.8216096096478352 0.821569746701594 0.821529882831034 0.821490018036075 0.8214501523166365 0.8214102856726382 0.8213704181039997 0.8213305496106406 0.8212906801924804 0.8212508098494387 0.8212109385814351 0.8211710663883893 0.8211311932702207 0.821091319226849 0.8210514442581934 0.821011568364174 0.82097169154471 0.8209318137997209 0.8208919351291263 0.8208520555328458 0.8208121750107988 0.8207722935629048 0.8207324111890834 0.8206925278892541 0.8206526436633361 0.8206127585112494 0.8205728724329131 0.8205329854282466 0.8204930974971697 0.8204532086396016 0.8204133188554619 0.8203734281446697 0.8203335365071449 0.8202936439428067 0.8202537504515746 0.8202138560333678 0.820173960688106 0.8201340644157085 0.8200941672160946 0.8200542690891839 0.8200143700348955 0.819974470053149 0.8199345691438638 0.8198946673069589 0.8198547645423542 0.8198148608499687 0.8197749562297217 0.8197350506815329 0.8196951442053212 0.8196552368010062 0.8196153284685072 0.8195754192077433 0.8195355090186343 0.8194955979010989 0.8194556858550568 0.819415772880427 0.8193758589771291 0.819335944145082 0.8192960283842055 0.8192561116944184 0.8192161940756401 0.8191762755277898 0.8191363560507869 0.8190964356445505 0.8190565143089998 0.8190165920440543 0.8189766688496328 0.8189367447256548 0.8188968196720395 0.8188568936887061 0.8188169667755736 0.8187770389325614 0.8187371101595885 0.8186971804565742 0.8186572498234377 0.8186173182600981 0.8185773857664745 0.8185374523424862 0.8184975179880523 0.8184575827030917 0.8184176464875237 0.8183777093412676 0.8183377712642423 0.8182978322563671 0.8182578923175607 0.8182179514477428 0.818178009646832 0.8181380669147476 0.8180981232514086 0.8180581786567341 0.8180182331306431 0.8179782866730549 0.8179383392838884 0.8178983909630626 0.8178584417104965 0.8178184915261093 0.8177785404098199 0.8177385883615474 0.8176986353812108 0.8176586814687291 0.8176187266240214 0.8175787708470064 0.8175388141376034 0.8174988564957313 0.8174588979213091 0.8174189384142556 0.81737897797449 0.8173390166019312 0.817299054296498 0.8172590910581096 0.8172191268866847 0.8171791617821423 0.8171391957444014 0.817099228773381 0.8170592608689998 0.8170192920311768 0.816979322259831 0.8169393515548813 0.8168993799162465 0.8168594073438453 0.816819433837597 0.8167794593974202 0.8167394840232337 0.8166995077149566 0.8166595304725076 0.8166195522958056 0.8165795731847694 0.8165395931393179 0.8164996121593698 0.8164596302448441 0.8164196473956595 0.8163796636117349 0.816339678892989 0.8162996932393407 0.8162597066507087 0.8162197191270117 0.8161797306681688 0.8161397412740985 0.8160997509447196 0.8160597596799509 0.8160197674797113 0.8159797743439192 0.8159397802724938 0.8158997852653533 0.815859789322417 0.8158197924436033 0.8157797946288308 0.8157397958780184 0.8156997961910849 0.8156597955679488 0.8156197940085289 0.8155797915127438 0.8155397880805123 0.815499783711753 0.8154597784063846 0.8154197721643258 0.8153797649854951 0.8153397568698113 0.815299747817193 0.8152597378275588 0.8152197269008274 0.8151797150369174 0.8151397022357474 0.815099688497236 0.8150596738213018 0.8150196582078636 0.8149796416568397 0.8149396241681488 0.8148996057417095 0.8148595863774404 0.8148195660752601 0.814779544835087 0.8147395226568398 0.8146994995404371 0.8146594754857973 0.814619450492839 0.8145794245614808 0.8145393976916411 0.8144993698832385 0.8144593411361915 0.8144193114504186 0.8143792808258383 0.8143392492623691 0.8142992167599297 0.8142591833184382 0.8142191489378132 0.8141791136179733 0.8141390773588371 0.8140990401603226 0.8140590020223486 0.8140189629448334 0.8139789229276957 0.8139388819708537 0.8138988400742257 0.8138587972377306 0.8138187534612863 0.8137787087448114 0.8137386630882244 0.8136986164914437 0.8136585689543875 0.8136185204769744 0.8135784710591227 0.8135384207007508 0.813498369401777 0.8134583171621196 0.8134182639816971 0.813378209860428 0.8133381547982304 0.8132980987950225 0.8132580418507229 0.81321798396525 0.8131779251385218 0.813137865370457 0.8130978046609736 0.81305774300999 0.8130176804174245 0.8129776168831954 0.8129375524072209 0.8128974869894194 0.8128574206297092 0.8128173533280085 0.8127772850842355 0.8127372158983086 0.8126971457701458 0.8126570746996655 0.812617002686786 0.8125769297314256 0.8125368558335023 0.8124967809929344 0.8124567052096402 0.8124166284835377 0.8123765508145453 0.8123364722025812 0.8122963926475635 0.8122563121494103 0.8122162307080399 0.8121761483233705 0.8121360649953202 0.8120959807238072 0.8120558955087496 0.8120158093500656 0.8119757222476732 0.8119356342014907 0.8118955452114363 0.8118554552774279 0.8118153643993837 0.8117752725772218 0.8117351798108605 0.8116950861002176 0.8116549914452114 0.8116148958457599 0.8115747993017811 0.8115347018131932 0.8114946033799143 0.8114545040018624 0.8114144036789555 0.8113743024111117 0.8113342001982492 0.8112940970402858 0.8112539929371396 0.8112138878887288 0.8111737818949712 0.811133674955785 0.8110935670710879 0.8110534582407983 0.811013348464834 0.8109732377431129 0.8109331260755532 0.8108930134620728 0.8108528999025896 0.8108127853970216 0.8107726699452869 0.8107325535473031 0.8106924362029886 0.810652317912261 0.8106121986750385 0.8105720784912389 0.8105319573607801 0.8104918352835799 0.8104517122595567 0.8104115882886279 0.8103714633707116 0.8103313375057257 0.8102912106935881 0.8102510829342167 0.8102109542275293 0.8101708245734438 0.8101306939718782 0.8100905624227502 0.8100504299259778 0.8100102964814786 0.8099701620891707 0.8099300267489719 0.8098898904608 0.8098497532245728 0.8098096150402081 0.8097694759076237 0.8097293358267377 0.8096891947974674 0.8096490528197311 0.8096089098934461 0.8095687660185308 0.8095286211949024 0.8094884754224789 0.8094483287011782 0.8094081810309178 0.8093680324116158 0.8093278828431897 0.8092877323255572 0.8092475808586362 0.8092074284423445 0.8091672750765996 0.8091271207613193 0.8090869654964215 0.8090468092818236 0.8090066521174435 0.808966494003199 0.8089263349390076 0.808886174924787 0.808846013960455 0.8088058520459291 0.8087656891811272 0.808725525365967 0.8086853606003659 0.8086451948842416 0.8086050282175119 0.8085648606000944 0.8085246920319066 0.8084845225128663 0.808444352042891 0.8084041806218984 0.8083640082498061 0.8083238349265318 0.8082836606519929 0.8082434854261071 0.808203309248792 0.8081631321199652 0.8081229540395443 0.8080827750074469 0.8080425950235903 0.8080024140878924 0.8079622322002706 0.8079220493606425 0.8078818655689255 0.8078416808250375 0.8078014951288955 0.8077613084804176 0.807721120879521 0.8076809323261231 0.8076407428201416 0.8076005523614942 0.807560360950098 0.8075201685858707 0.8074799752687298 0.8074397809985927 0.807399585775377 0.8073593895990001 0.8073191924693794 0.8072789943864325 0.8072387953500766 0.8071985953602295 0.8071583944168085 0.807118192519731 0.8070779896689143 0.8070377858642761 0.8069975811057337 0.8069573753932044 0.8069171687266059 0.8068769611058553 0.8068367525308701 0.8067965430015678 0.8067563325178656 0.806716121079681 0.8066759086869314 0.8066356953395342 0.8065954810374065 0.806555265780466 0.8065150495686298 0.8064748324018155 0.8064346142799401 0.8063943952029213 0.8063541751706762 0.8063139541831222 0.8062737322401766 0.8062335093417567 0.8061932854877798 0.8061530606781634 0.8061128349128245 0.8060726081916805 0.8060323805146488 0.8059921518816465 0.805951922292591 0.8059116917473996 0.8058714602459893 0.8058312277882778 0.805790994374182 0.8057507600036192 0.8057105246765068 0.805670288392762 0.8056300511523018 0.8055898129550436 0.8055495738009048 0.8055093336898023 0.8054690926216534 0.8054288505963754 0.8053886076138854 0.8053483636741006 0.8053081187769382 0.8052678729223155 0.8052276261101494 0.8051873783403574 0.8051471296128565 0.8051068799275637 0.8050666292843964 0.8050263776832718 0.8049861251241067 0.8049458716068185 0.8049056171313244 0.8048653616975413 0.8048251053053864 0.8047848479547769 0.8047445896456298 0.8047043303778623 0.8046640701513912 0.8046238089661342 0.8045835468220077 0.8045432837189294 0.8045030196568159 0.8044627546355845 0.8044224886551522 0.8043822217154362 0.8043419538163532 0.8043016849578206 0.8042614151397554 0.8042211443620745 0.804180872624695 0.804140599927534 0.8041003262705083 0.8040600516535352 0.8040197760765315 0.8039794995394143 0.8039392220421007 0.8038989435845073 0.8038586641665515 0.8038183837881503 0.8037781024492203 0.8037378201496788 0.8036975368894427 0.8036572526684289 0.8036169674865543 0.8035766813437362 0.803536394239891 0.8034961061749359 0.8034558171487881 0.8034155271613641 0.8033752362125812 0.803334944302356 0.8032946514306055 0.8032543575972467 0.8032140628021966 0.8031737670453718 0.8031334703266894 0.8030931726460662 0.8030528740034192 0.8030125743986651 0.8029722738317209 0.8029319723025033 0.8028916698109294 0.802851366356916 0.8028110619403799 0.8027707565612379 0.8027304502194068 0.8026901429148036 0.802649834647345 0.8026095254169477 0.8025692152235289 0.8025289040670052 0.8024885919472933 0.80244827886431 0.8024079648179724 0.8023676498081969 0.8023273338349005 0.8022870168980001 0.8022466989974122 0.8022063801330537 0.8021660603048413 0.802125739512692 0.8020854177565222 0.8020450950362488 0.8020047713517886 0.8019644467030583 0.8019241210899748 0.8018837945124544 0.8018434669704142 0.8018031384637707 0.8017628089924409 0.8017224785563412 0.8016821471553883 0.8016418147894991 0.8016014814585903 0.8015611471625784 0.8015208119013801 0.8014804756749123 0.8014401384830914 0.8013998003258342 0.8013594612030573 0.8013191211146775 0.8012787800606112 0.8012384380407752 0.8011980950550861 0.8011577511034605 0.8011174061858153 0.8010770603020667 0.8010367134521316 0.8009963656359265 0.800956016853368 0.8009156671043728 0.8008753163888573 0.8008349647067383 0.8007946120579323 0.800754258442356 0.8007139038599258 0.8006735483105584 0.8006331917941701 0.8005928343106778 0.8005524758599979 0.800512116442047 0.8004717560567416 0.8004313947039982 0.8003910323837333 0.8003506690958637 0.8003103048403055 0.8002699396169757 0.8002295734257904 0.8001892062666663 0.80014883813952 0.8001084690442678 0.8000680989808262 0.8000277279491119 0.7999873559490411 0.7999469829805306 0.7999066090434965 0.7998662341378555 0.799825858263524 0.7997854814204186 0.7997451036084555 0.7997047248275515 0.7996643450776226 0.7996239643585855 0.7995835826703566 0.7995432000128523 0.7995028163859891 0.7994624317896832 0.7994220462238514 0.7993816596884097 0.7993412721832747 0.7993008837083628 0.7992604942635904 0.7992201038488738 0.7991797124641293 0.7991393201092736 0.7990989267842227 0.7990585324888932 0.7990181372232015 0.7989777409870638 0.7989373437803964 0.7988969456031159 0.7988565464551384 0.7988161463363803 0.798775745246758 0.7987353431861878 0.798694940154586 0.7986545361518689 0.7986141311779529 0.798573725232754 0.7985333183161889 0.7984929104281737 0.7984525015686248 0.7984120917374584 0.7983716809345908 0.7983312691599381 0.7982908564134169 0.7982504426949433 0.7982100280044334 0.7981696123418037 0.7981291957069704 0.7980887780998497 0.7980483595203578 0.798007939968411 0.7979675194439255 0.7979270979468176 0.7978866754770034 0.7978462520343992 0.7978058276189213 0.7977654022304856 0.7977249758690086 0.7976845485344064 0.7976441202265951 0.7976036909454911 0.7975632606910104 0.7975228294630692 0.7974823972615838 0.7974419640864701 0.7974015299376446 0.7973610948150232 0.797320658718522 0.7972802216480575 0.7972397836035454 0.7971993445849023 0.797158904592044 0.7971184636248867 0.7970780216833465 0.7970375787673396 0.7969971348767821 0.79695669001159 0.7969162441716795 0.7968757973569668 0.7968353495673678 0.7967949008027986 0.7967544510631754 0.7967140003484142 0.7966735486584312 0.7966330959931422 0.7965926423524636 0.7965521877363113 0.7965117321446011 0.7964712755772495 0.7964308180341724 0.7963903595152856 0.7963499000205054 0.7963094395497478 0.7962689781029286 0.7962285156799641 0.7961880522807703 0.796147587905263 0.7961071225533582 0.7960666562249722 0.7960261889200209 0.79598572063842 0.7959452513800858 0.7959047811449342 0.7958643099328812 0.7958238377438426 0.7957833645777346 0.795742890434473 0.7957024153139739 0.795661939216153 0.7956214621409267 0.7955809840882105 0.7955405050579205 0.7955000250499727 0.7954595440642829 0.7954190621007672 0.7953785791593414 0.7953380952399214 0.7952976103424232 0.7952571244667626 0.7952166376128554 0.7951761497806178 0.7951356609699656 0.7950951711808146 0.7950546804130807 0.7950141886666797 0.7949736959415277 0.7949332022375403 0.7948927075546336 0.7948522118927233 0.7948117152517253 0.7947712176315556 0.7947307190321297 0.7946902194533637 0.7946497188951734 0.7946092173574746 0.7945687148401832 0.7945282113432148 0.7944877068664856 0.7944472014099111 0.7944066949734072 0.7943661875568897 0.7943256791602743 0.794285169783477 0.7942446594264134 0.7942041480889994 0.7941636357711508 0.7941231224727833 0.7940826081938126 0.7940420929341547 0.7940015766937252 0.7939610594724398 0.7939205412702144 0.7938800220869646 0.7938395019226063 0.7937989807770551 0.7937584586502268 0.7937179355420371 0.7936774114524018 0.7936368863812365 0.793596360328457 0.793555833293979 0.7935153052777183 0.7934747762795904 0.7934342462995112 0.7933937153373962 0.7933531833931612 0.7933126504667218 0.7932721165579939 0.7932315816668929 0.7931910457933347 0.7931505089372346 0.7931099710985088 0.7930694322770725 0.7930288924728417 0.7929883516857317 0.7929478099156584 0.7929072671625372 0.7928667234262841 0.7928261787068144 0.7927856330040439 0.7927450863178882 0.7927045386482627 0.7926639899950834 0.7926234403582655 0.792582889737725 0.7925423381333772 0.7925017855451377 0.7924612319729223 0.7924206774166465 0.7923801218762256 0.7923395653515757 0.792299007842612 0.7922584493492502 0.7922178898714056 0.7921773294089942 0.7921367679619312 0.7920962055301325 0.7920556421135132 0.7920150777119892 0.7919745123254758 0.7919339459538888 0.7918933785971434 0.7918528102551553 0.7918122409278401 0.7917716706151131 0.79173109931689 0.7916905270330863 0.7916499537636172 0.7916093795083986 0.7915688042673459 0.7915282280403743 0.7914876508273996 0.7914470726283371 0.7914064934431024 0.7913659132716109 0.7913253321137781 0.7912847499695195 0.7912441668387503 0.7912035827213864 0.7911629976173428 0.7911224115265352 0.791081824448879 0.7910412363842896 0.7910006473326825 0.790960057293973 0.7909194662680766 0.7908788742549088 0.7908382812543848 0.7907976872664202 0.7907570922909304 0.7907164963278306 0.7906758993770364 0.7906353014384633 0.7905947025120263 0.790554102597641 0.7905135016952229 0.7904728998046873 0.7904322969259494 0.7903916930589248 0.7903510882035287 0.7903104823596765 0.7902698755272836 0.7902292677062653 0.7901886588965369 0.790148049098014 0.7901074383106115 0.7900668265342452 0.7900262137688301 0.7899856000142815 0.789944985270515 0.7899043695374458 0.7898637528149891 0.7898231351030602 0.7897825164015746 0.7897418967104475 0.7897012760295942 0.7896606543589298 0.7896200316983699 0.7895794080478296 0.7895387834072242 0.789498157776469 0.7894575311554792 0.7894169035441703 0.7893762749424571 0.7893356453502554 0.7892950147674801 0.7892543831940465 0.78921375062987 0.7891731170748656 0.7891324825289487 0.7890918469920345 0.7890512104640384 0.7890105729448752 0.7889699344344605 0.7889292949327094 0.788888654439537 0.7888480129548586 0.7888073704785895 0.7887667270106448 0.7887260825509396 0.7886854370993892 0.7886447906559089 0.7886041432204137 0.7885634947928188 0.7885228453730395 0.7884821949609908 0.788441543556588 0.7884008911597463 0.7883602377703807 0.7883195833884065 0.7882789280137386 0.7882382716462925 0.788197614285983 0.7881569559327256 0.7881162965864351 0.7880756362470269 0.7880349749144159 0.7879943125885173 0.7879536492692463 0.787912984956518 0.7878723196502473 0.7878316533503495 0.7877909860567398 0.7877503177693331 0.7877096484880446 0.7876689782127894 0.7876283069434824 0.7875876346800388 0.7875469614223739 0.7875062871704024 0.7874656119240396 0.7874249356832006 0.7873842584478004 0.7873435802177537 0.7873029009929762 0.7872622207733826 0.787221539558888 0.7871808573494072 0.7871401741448557 0.7870994899451482 0.7870588047501998 0.7870181185599257 0.7869774313742407 0.78693674319306 0.7868960540162984 0.786855363843871 0.7868146726756929 0.7867739805116791 0.7867332873517443 0.786692593195804 0.7866518980437728 0.7866112018955659 0.7865705047510981 0.7865298066102845 0.7864891074730401 0.7864484073392798 0.7864077062089186 0.7863670040818715 0.7863263009580534 0.7862855968373792 0.7862448917197641 0.7862041856051227 0.7861634784933703 0.7861227703844216 0.7860820612781916 0.7860413511745953 0.7860006400735475 0.7859599279749632 0.7859192148787573 0.7858785007848448 0.7858377856931406 0.7857970696035594 0.7857563525160165 0.7857156344304265 0.7856749153467044 0.785634195264765 0.7855934741845234 0.7855527521058943 0.7855120290287925 0.7854713049531332 0.785430579878831 0.7853898538058011 0.7853491267339578 0.7853083986632167 0.785267669593492 0.7852269395246989 0.7851862084567522 0.7851454763895669 0.7851047433230576 0.7850640092571392 0.7850232741917266 0.7849825381267346 0.784941801062078 0.7849010629976717 0.7848603239334305 0.7848195838692693 0.7847788428051028 0.7847381007408458 0.7846973576764134 0.7846566136117199 0.7846158685466804 0.7845751224812099 0.784534375415223 0.7844936273486341 0.7844528782813587 0.7844121282133112 0.7843713771444063 0.784330625074559 0.7842898720036839 0.7842491179316959 0.7842083628585098 0.7841676067840402 0.784126849708202 0.7840860916309098 0.7840453325520786 0.7840045724716229 0.7839638113894576 0.7839230493054974 0.783882286219657 0.7838415221318511 0.7838007570419947 0.7837599909500022 0.7837192238557884 0.7836784557592681 0.783637686660356 0.7835969165589669 0.7835561454550153 0.7835153733484161 0.783474600239084 0.7834338261269335 0.7833930510118794 0.7833522748938365 0.7833114977727194 0.7832707196484427 0.7832299405209213 0.7831891603900696 0.7831483792558025 0.7831075971180346 0.7830668139766807 0.7830260298316551 0.7829852446828729 0.7829444585302485 0.7829036713736965 0.7828628832131318 0.7828220940484688 0.7827813038796223 0.782740512706507 0.7826997205290374 0.782658927347128 0.7826181331606937 0.782577337969649 0.7825365417739085 0.782495744573387 0.782454946367999 0.7824141471576589 0.7823733469422817 0.7823325457217816 0.7822917434960737 0.782250940265072 0.7822101360286917 0.7821693307868469 0.7821285245394525 0.782087717286423 0.7820469090276729 0.782006099763117 0.7819652894926696 0.7819244782162453 0.7818836659337589 0.7818428526451249 0.7818020383502577 0.781761223049072 0.7817204067414822 0.7816795894274031 0.7816387711067491 0.7815979517794347 0.7815571314453746 0.7815163101044831 0.781475487756675 0.7814346644018647 0.7813938400399668 0.7813530146708957 0.781312188294566 0.7812713609108922 0.7812305325197889 0.7811897031211705 0.7811488727149516 0.7811080413010467 0.7810672088793702 0.7810263754498367 0.7809855410123606 0.7809447055668566 0.780903869113239 0.7808630316514222 0.7808221931813211 0.7807813537028497 0.7807405132159229 0.7806996717204547 0.7806588292163601 0.7806179857035531 0.7805771411819484 0.7805362956514605 0.7804954491120039 0.7804546015634928 0.7804137530058418 0.7803729034389655 0.7803320528627781 0.7802912012771941 0.7802503486821281 0.7802094950774944 0.7801686404632073 0.7801277848391815 0.7800869282053313 0.7800460705615713 0.7800052119078156 0.7799643522439788 0.7799234915699753 0.7798826298857195 0.7798417671911259 0.7798009034861086 0.7797600387705824 0.7797191730444617 0.7796783063076604 0.7796374385600935 0.7795965698016749 0.7795557000323193 0.7795148292519409 0.7794739574604543 0.7794330846577737 0.7793922108438135 0.7793513360184882 0.7793104601817119 0.7792695833333992 0.7792287054734643 0.779187826601822 0.7791469467183859 0.779106065823071 0.7790651839157914 0.7790243009964614 0.7789834170649954 0.7789425321213077 0.7789016461653129 0.7788607591969251 0.7788198712160586 0.7787789822226279 0.778738092216547 0.7786972011977306 0.7786563091660929 0.7786154161215482 0.7785745220640107 0.7785336269933949 0.778492730909615 0.7784518338125854 0.7784109357022204 0.7783700365784341 0.7783291364411411 0.7782882352902554 0.7782473331256915 0.7782064299473637 0.778165525755186 0.7781246205490732 0.7780837143289392 0.7780428070946982 0.7780018988462647 0.777960989583553 0.7779200793064772 0.7778791680149517 0.7778382557088908 0.7777973423882085 0.7777564280528193 0.7777155127026374 0.777674596337577 0.7776336789575524 0.777592760562478 0.7775518411522676 0.7775109207268359 0.777469999286097 0.777429076829965 0.7773881533583543 0.7773472288711791 0.7773063033683536 0.7772653768497919 0.7772244493154084 0.7771835207651174 0.7771425911988328 0.7771016606164691 0.7770607290179404 0.7770197964031609 0.7769788627720449 0.7769379281245063 0.7768969924604598 0.7768560557798192 0.7768151180824988 0.7767741793684129 0.7767332396374755 0.7766922988896011 0.7766513571247036 0.7766104143426971 0.776569470543496 0.7765285257270146 0.7764875798931667 0.7764466330418667 0.7764056851730288 0.7763647362865671 0.7763237863823957 0.7762828354604288 0.7762418835205807 0.7762009305627653 0.776159976586897 0.7761190215928898 0.7760780655806578 0.7760371085501154 0.7759961505011765 0.7759551914337555 0.775914231347766 0.7758732702431227 0.7758323081197396 0.7757913449775307 0.7757503808164101 0.7757094156362919 0.7756684494370906 0.7756274822187199 0.775586513981094 0.7755455447241273 0.7755045744477335 0.775463603151827 0.7754226308363217 0.775381657501132 0.7753406831461717 0.775299707771355 0.775258731376596 0.7752177539618089 0.7751767755269077 0.7751357960718064 0.7750948155964192 0.7750538341006602 0.7750128515844434 0.774971868047683 0.7749308834902929 0.7748898979121874 0.7748489113132804 0.774807923693486 0.7747669350527182 0.7747259453908912 0.7746849547079191 0.7746439630037159 0.7746029702781956 0.7745619765312722 0.77452098176286 0.7744799859728727 0.7744389891612248 0.7743979913278298 0.7743569924726023 0.7743159925954559 0.774274991696305 0.7742339897750632 0.774192986831645 0.7741519828659641 0.7741109778779346 0.7740699718674707 0.7740289648344862 0.7739879567788954 0.773946947700612 0.7739059375995502 0.7738649264756239 0.7738239143287473 0.7737829011588343 0.7737418869657989 0.773700871749555 0.7736598555100169 0.7736188382470984 0.7735778199607135 0.7735368006507762 0.7734957803172006 0.7734547589599006 0.7734137365787901 0.7733727131737833 0.773331688744794 0.7732906632917362 0.7732496368145241 0.7732086093130716 0.7731675807872924 0.7731265512371008 0.7730855206624107 0.7730444890631358 0.7730034564391906 0.7729624227904885 0.7729213881169439 0.7728803524184705 0.7728393156949824 0.7727982779463936 0.7727572391726178 0.7727161993735692 0.7726751585491617 0.7726341166993091 0.7725930738239255 0.772552029922925 0.7725109849962213 0.7724699390437283 0.77242889206536 0.7723878440610306 0.7723467950306536 0.7723057449741432 0.7722646938914133 0.7722236417823778 0.7721825886469507 0.7721415344850457 0.772100479296577 0.7720594230814584 0.7720183658396038 0.7719773075709271 0.7719362482753425 0.7718951879527634 0.771854126603104 0.7718130642262782 0.7717720008222 0.7717309363907829 0.7716898709319414 0.771648804445589 0.7716077369316398 0.7715666683900075 0.771525598820606 0.7714845282233495 0.7714434565981514 0.7714023839449261 0.7713613102635872 0.7713202355540486 0.7712791598162243 0.7712380830500281 0.7711970052553737 0.7711559264321753 0.7711148465803467 0.7710737656998016 0.771032683790454 0.7709916008522177 0.7709505168850067 0.7709094318887348 0.7708683458633159 0.7708272588086637 0.7707861707246921 0.7707450816113152 0.7707039914684466 0.7706629002960003 0.7706218080938901 0.7705807148620297 0.7705396206003333 0.7704985253087144 0.7704574289870871 0.7704163316353652 0.7703752332534624 0.7703341338412926 0.7702930333987696 0.7702519319258073 0.7702108294223196 0.7701697258882203 0.7701286213234233 0.7700875157278421 0.7700464091013908 0.7700053014439832 0.7699641927555332 0.7699230830359545 0.7698819722851609 0.7698408605030663 0.7697997476895846 0.7697586338446294 0.7697175189681146 0.7696764030599541 0.7696352861200616 0.7695941681483511 0.7695530491447361 0.7695119291091307 0.7694708080414485 0.7694296859416033 0.7693885628095091 0.7693474386450796 0.7693063134482285 0.7692651872188697 0.7692240599569171 0.7691829316622842 0.769141802334885 0.7691006719746334 0.7690595405814429 0.7690184081552275 0.7689772746959008 0.7689361402033769 0.7688950046775692 0.7688538681183916 0.7688127305257582 0.7687715918995823 0.7687304522397779 0.7686893115462587 0.7686481698189388 0.7686070270577317 0.768565883262551 0.7685247384333107 0.7684835925699245 0.7684424456723062 0.7684012977403696 0.7683601487740284 0.7683189987731964 0.7682778477377873 0.7682366956677149 0.7681955425628929 0.7681543884232351 0.7681132332486553 0.7680720770390673 0.7680309197943846 0.7679897615145213 0.7679486021993909 0.767907441848907 0.7678662804629838 0.7678251180415345 0.7677839545844736 0.767742790091714 0.76770162456317 0.7676604579987552 0.7676192903983831 0.7675781217619677 0.7675369520894227 0.7674957813806619 0.7674546096355988 0.7674134368541474 0.7673722630362212 0.767331088181734 0.7672899122905996 0.7672487353627316 0.7672075573980439 0.7671663783964501 0.7671251983578639 0.7670840172821991 0.7670428351693693 0.7670016520192884 0.76696046783187 0.7669192826070278 0.7668780963446755 0.7668369090447269 0.7667957207070957 0.7667545313316956 0.7667133409184402 0.7666721494672434 0.7666309569780188 0.7665897634506799 0.7665485688851408 0.766507373281315 0.7664661766391162 0.7664249789584581 0.7663837802392546 0.7663425804814189 0.7663013796848652 0.766260177849507 0.766218974975258 0.7661777710620319 0.7661365661097423 0.766095360118303 0.7660541530876278 0.7660129450176302 0.765971735908224 0.7659305257593229 0.7658893145708403 0.7658481023426902 0.7658068890747862 0.765765674767042 0.7657244594193713 0.7656832430316877 0.7656420256039048 0.7656008071359366 0.7655595876276965 0.7655183670790983 0.7654771454900555 0.7654359228604819 0.7653946991902913 0.7653534744793972 0.7653122487277134 0.7652710219351534 0.765229794101631 0.7651885652270598 0.7651473353113535 0.7651061043544258 0.7650648723561903 0.7650236393165607 0.7649824052354507 0.7649411701127738 0.7648999339484439 0.7648586967423745 0.7648174584944795 0.7647762192046721 0.7647349788728663 0.7646937374989758 0.7646524950829141 0.7646112516245948 0.7645700071239317 0.7645287615808385 0.7644875149952286 0.7644462673670159 0.764405018696114 0.7643637689824365 0.764322518225897 0.7642812664264094 0.7642400135838869 0.7641987596982436 0.7641575047693929 0.7641162487972485 0.764074991781724 0.7640337337227332 0.7639924746201896 0.7639512144740068 0.7639099532840986 0.7638686910503787 0.7638274277727604 0.7637861634511576 0.7637448980854838 0.7637036316756529 0.7636623642215784 0.7636210957231737 0.7635798261803528 0.7635385555930291 0.7634972839611163 0.7634560112845281 0.763414737563178 0.7633734627969797 0.7633321869858469 0.7632909101296932 0.7632496322284321 0.7632083532819774 0.7631670732902428 0.7631257922531416 0.7630845101705876 0.7630432270424946 0.7630019428687761 0.7629606576493457 0.7629193713841169 0.7628780840730036 0.7628367957159192 0.7627955063127774 0.7627542158634918 0.7627129243679762 0.762671631826144 0.7626303382379089 0.7625890436031847 0.7625477479218845 0.7625064511939226 0.7624651534192122 0.7624238545976669 0.7623825547292005 0.7623412538137264 0.7622999518511586 0.7622586488414105 0.7622173447843956 0.7621760396800275 0.7621347335282201 0.7620934263288868 0.7620521180819413 0.7620108087872972 0.761969498444868 0.7619281870545676 0.7618868746163092 0.7618455611300068 0.7618042465955738 0.7617629310129239 0.7617216143819706 0.7616802967026277 0.7616389779748087 0.7615976581984272 0.7615563373733969 0.7615150154996313 0.761473692577044 0.7614323686055486 0.7613910435850588 0.7613497175154884 0.7613083903967506 0.7612670622287592 0.7612257330114278 0.7611844027446701 0.7611430714283997 0.76110173906253 0.7610604056469747 0.7610190711816476 0.7609777356664622 0.7609363991013318 0.7608950614861705 0.7608537228208916 0.7608123831054088 0.7607710423396358 0.7607297005234859 0.760688357656873 0.7606470137397107 0.7606056687719124 0.7605643227533918 0.7605229756840627 0.7604816275638384 0.7604402783926326 0.760398928170359 0.7603575768969311 0.7603162245722626 0.7602748711962671 0.7602335167688582 0.7601921612899494 0.7601508047594543 0.7601094471772867 0.7600680885433599 0.7600267288575878 0.7599853681198839 0.7599440063301618 0.759902643488335 0.7598612795943174 0.7598199146480222 0.7597785486493633 0.7597371815982542 0.7596958134946085 0.7596544443383398 0.7596130741293619 0.7595717028675879 0.759530330552932 0.7594889571853074 0.7594475827646279 0.759406207290807 0.7593648307637584 0.7593234531833956 0.7592820745496323 0.759240694862382 0.7591993141215584 0.7591579323270751 0.7591165494788455 0.7590751655767836 0.7590337806208027 0.7589923946108165 0.7589510075467385 0.7589096194284826 0.758868230255962 0.7588268400290905 0.7587854487477819 0.7587440564119494 0.758702663021507 0.7586612685763681 0.7586198730764463 0.7585784765216552 0.7585370789119086 0.7584956802471198 0.7584542805272027 0.7584128797520706 0.7583714779216375 0.7583300750358166 0.7582886710945219 0.7582472660976666 0.7582058600451647 0.7581644529369294 0.7581230447728746 0.758081635552914 0.7580402252769609 0.7579988139449292 0.7579574015567323 0.7579159881122839 0.7578745736114976 0.757833158054287 0.7577917414405657 0.7577503237702474 0.7577089050432456 0.757667485259474 0.7576260644188462 0.7575846425212758 0.7575432195666763 0.7575017955549613 0.7574603704860448 0.75741894435984 0.7573775171762607 0.7573360889352205 0.7572946596366329 0.7572532292804117 0.7572117978664704 0.7571703653947228 0.7571289318650822 0.7570874972774624 0.7570460616317771 0.7570046249279397 0.7569631871658641 0.7569217483454637 0.7568803084666522 0.7568388675293432 0.7567974255334503 0.7567559824788873 0.7567145383655676 0.7566730931934049 0.7566316469623128 0.7565901996722051 0.7565487513229951 0.7565073019145968 0.7564658514469236 0.7564243999198891 0.7563829473334069 0.7563414936873909 0.7563000389817546 0.7562585832164115 0.7562171263912754 0.7561756685062597 0.7561342095612783 0.7560927495562448 0.7560512884910726 0.7560098263656756 0.7559683631799672 0.7559268989338613 0.7558854336272713 0.7558439672601109 0.755802499832294 0.7557610313437338 0.7557195617943442 0.7556780911840388 0.7556366195127313 0.7555951467803352 0.7555536729867643 0.7555121981319323 0.7554707222157524 0.7554292452381388 0.7553877671990048 0.7553462880982642 0.7553048079358304 0.7552633267116174 0.7552218444255387 0.7551803610775081 0.755138876667439 0.755097391195245 0.75505590466084 0.7550144170641376 0.7549729284050515 0.7549314386834951 0.7548899478993822 0.7548484560526266 0.7548069631431418 0.7547654691708416 0.7547239741356395 0.7546824780374491 0.7546409808761844 0.7545994826517588 0.754557983364086 0.7545164830130796 0.7544749815986534 0.754433479120721 0.7543919755791961 0.7543504709739925 0.7543089653050236 0.7542674585722032 0.754225950775445 0.7541844419146626 0.7541429319897697 0.7541014210006801 0.7540599089473073 0.7540183958295651 0.7539768816473671 0.753935366400627 0.7538938500892585 0.7538523327131753 0.753810814272291 0.7537692947665193 0.7537277741957742 0.753686252559969 0.7536447298590174 0.7536032060928333 0.7535616812613302 0.753520155364422 0.7534786284020221 0.7534371003740445 0.7533955712804028 0.7533540411210106 0.7533125098957816 0.7532709776046296 0.7532294442474682 0.7531879098242112 0.7531463743347724 0.7531048377790653 0.7530633001570037 0.7530217614685012 0.7529802217134716 0.7529386808918287 0.7528971390034861 0.7528555960483574 0.7528140520263565 0.7527725069373971 0.7527309607813928 0.7526894135582575 0.7526478652679047 0.7526063159102483 0.7525647654852019 0.7525232139926794 0.7524816614325943 0.7524401078048605 0.7523985531093915 0.7523569973461014 0.7523154405149035 0.7522738826157118 0.7522323236484402 0.752190763613002 0.7521492025093113 0.7521076403372815 0.7520660770968266 0.7520245127878603 0.7519829474102964 0.7519413809640485 0.7518998134490302 0.7518582448651558 0.7518166752123385 0.7517751044904923 0.7517335326995309 0.7516919598393681 0.7516503859099177 0.7516088109110932 0.7515672348428086 0.7515256577049775 0.751484079497514 0.7514425002203313 0.7514009198733437 0.7513593384564646 0.751317755969608 0.7512761724126876 0.7512345877856171 0.7511930020883104 0.7511514153206812 0.7511098274826433 0.7510682385741104 0.7510266485949963 0.750985057545215 0.7509434654246799 0.7509018722333052 0.7508602779710043 0.7508186826376912 0.7507770862332798 0.7507354887576836 0.7506938902108167 0.7506522905925926 0.7506106899029253 0.7505690881417285 0.7505274853089161 0.7504858814044019 0.7504442764280996 0.750402670379923 0.7503610632597861 0.7503194550676024 0.750277845803286 0.7502362354667507 0.7501946240579102 0.7501530115766781 0.7501113980229688 0.7500697833966956 0.7500281676977725 0.7499865509261133 0.749944933081632 0.7499033141642424 0.7498616941738581 0.749820073110393 0.7497784509737611 0.749736827763876 0.7496952034806518 0.7496535781240021 0.7496119516938409 0.7495703241900822 0.7495286956126396 0.7494870659614269 0.7494454352363582 0.749403803437347 0.7493621705643075 0.7493205366171535 0.7492789015957988 0.7492372655001572 0.7491956283301426 0.749153990085669 0.7491123507666501 0.7490707103729999 0.749029068904632 0.7489874263614607 0.7489457827433996 0.7489041380503627 0.7488624922822638 0.7488208454390167 0.7487791975205356 0.748737548526734 0.7486958984575262 0.7486542473128256 0.7486125950925465 0.7485709417966028 0.7485292874249081 0.7484876319773766 0.7484459754539219 0.7484043178544582 0.7483626591788994 0.7483209994271591 0.7482793385991516 0.7482376766947907 0.74819601371399 0.7481543496566638 0.748112684522726 0.7480710183120904 0.7480293510246709 0.7479876826603815 0.7479460132191362 0.7479043427008488 0.7478626711054334 0.7478209984328038 0.7477793246828739 0.7477376498555578 0.7476959739507694 0.7476542969684226 0.7476126189084313 0.7475709397707098 0.7475292595551717 0.7474875782617308 0.7474458958903016 0.7474042124407978 0.7473625279131333 0.7473208423072221 0.7472791556229782 0.7472374678603155 0.7471957790191481 0.7471540890993902 0.7471123981009552 0.7470707060237576 0.7470290128677111 0.7469873186327298 0.7469456233187277 0.7469039269256188 0.7468622294533172 0.7468205309017366 0.7467788312707913 0.7467371305603951 0.7466954287704622 0.7466537259009065 0.7466120219516421 0.746570316922583 0.7465286108136431 0.7464869036247365 0.7464451953557771 0.7464034860066793 0.7463617755773568 0.7463200640677237 0.7462783514776942 0.7462366378071821 0.7461949230561015 0.7461532072243666 0.7461114903118913 0.7460697723185896 0.7460280532443757 0.7459863330891638 0.7459446118528676 0.7459028895354014 0.7458611661366793 0.7458194416566152 0.7457777160951232 0.7457359894521174 0.7456942617275121 0.7456525329212209 0.7456108030331584 0.7455690720632384 0.745527340011375 0.7454856068774823 0.7454438726614745 0.7454021373632655 0.7453604009827698 0.7453186635199012 0.7452769249745738 0.7452351853467016 0.7451934446361991 0.7451517028429799 0.7451099599669588 0.7450682160080493 0.7450264709661658 0.7449847248412225 0.7449429776331333 0.7449012293418127 0.7448594799671743 0.7448177295091326 0.7447759779676018 0.7447342253424959 0.7446924716337291 0.7446507168412155 0.7446089609648694 0.7445672040046047 0.744525445960336 0.7444836868319771 0.7444419266194422 0.7444001653226455 0.7443584029415014 0.7443166394759237 0.744274874925827 0.7442331092911251 0.7441913425717325 0.7441495747675633 0.7441078058785313 0.7440660359045514 0.7440242648455374 0.7439824927014036 0.7439407194720642 0.7438989451574333 0.7438571697574252 0.7438153932719542 0.7437736157009346 0.7437318370442803 0.7436900573019056 0.7436482764737251 0.7436064945596528 0.7435647115596028 0.7435229274734896 0.7434811423012273 0.7434393560427301 0.7433975686979124 0.7433557802666884 0.7433139907489722 0.7432722001446784 0.743230408453721 0.7431886156760145 0.743146821811473 0.7431050268600107 0.7430632308215421 0.7430214336959814 0.7429796354832429 0.7429378361832408 0.7428960357958896 0.7428542343211033 0.7428124317587965 0.7427706281088835 0.7427288233712783 0.7426870175458955 0.7426452106326493 0.7426034026314542 0.7425615935422243 0.7425197833648741 0.7424779720993179 0.7424361597454698 0.7423943463032445 0.7423525317725561 0.7423107161533191 0.7422688994454478 0.7422270816488565 0.7421852627634598 0.7421434427891717 0.7421016217259068 0.7420597995735794 0.7420179763321039 0.7419761520013946 0.741934326581366 0.7418925000719325 0.7418506724730085 0.7418088437845082 0.7417670140063461 0.7417251831384368 0.7416833511806945 0.7416415181330337 0.7415996839953687 0.741557848767614 0.7415160124496841 0.7414741750414933 0.741432336542956 0.7413904969539868 0.7413486562745002 0.7413068145044102 0.7412649716436317 0.7412231276920791 0.7411812826496665 0.7411394365163089 0.7410975892919203 0.7410557409764154 0.7410138915697084 0.7409720410717142 0.7409301894823472 0.7408883368015216 0.740846483029152 0.740804628165153 0.740762772209439 0.7407209151619246 0.7406790570225242 0.7406371977911523 0.7405953374677237 0.7405534760521524 0.7405116135443534 0.7404697499442409 0.7404278852517296 0.740386019466734 0.7403441525891686 0.740302284618948 0.7402604155559868 0.7402185454001994 0.7401766741515005 0.7401348018098045 0.7400929283750262 0.7400510538470799 0.7400091782258802 0.7399673015113419 0.7399254237033795 0.7398835448019077 0.7398416648068407 0.7397997837180934 0.7397579015355804 0.7397160182592162 0.7396741338889153 0.7396322484245926 0.7395903618661626 0.7395484742135399 0.7395065854666392 0.7394646956253748 0.7394228046896618 0.7393809126594146 0.7393390195345478 0.7392971253149763 0.7392552300006145 0.7392133335913771 0.7391714360871788 0.7391295374879343 0.7390876377935585 0.7390457370039654 0.7390038351190704 0.7389619321387877 0.7389200280630324 0.7388781228917187 0.7388362166247617 0.738794309262076 0.7387524008035763 0.7387104912491773 0.7386685805987938 0.7386266688523402 0.7385847560097316 0.7385428420708828 0.7385009270357081 0.7384590109041227 0.738417093676041 0.7383751753513779 0.7383332559300482 0.7382913354119665 0.7382494137970477 0.7382074910852066 0.738165567276358 0.7381236423704163 0.7380817163672969 0.7380397892669142 0.737997861069183 0.7379559317740183 0.7379140013813347 0.737872069891047 0.7378301373030702 0.7377882036173191 0.7377462688337083 0.7377043329521529 0.7376623959725676 0.7376204578948672 0.7375785187189667 0.7375365784447808 0.7374946370722244 0.7374526946012125 0.7374107510316597 0.7373688063634809 0.7373268605965912 0.7372849137309054 0.7372429657663384 0.7372010167028049 0.7371590665402201 0.7371171152784985 0.7370751629175555 0.7370332094573055 0.7369912548976639 0.7369492992385454 0.7369073424798648 0.7368653846215372 0.7368234256634774 0.7367814656056004 0.7367395044478213 0.736697542190055 0.7366555788322163 0.7366136143742203 0.7365716488159819 0.7365296821574161 0.7364877143984379 0.7364457455389621 0.7364037755789041 0.7363618045181786 0.7363198323567005 0.736277859094385 0.7362358847311471 0.7361939092669019 0.7361519327015642 0.7361099550350492 0.7360679762672717 0.736025996398147 0.7359840154275901 0.735942033355516 0.7359000501818397 0.7358580659064763 0.735816080529341 0.7357740940503487 0.7357321064694144 0.7356901177864535 0.7356481280013809 0.7356061371141116 0.7355641451245609 0.7355221520326437 0.7354801578382751 0.7354381625413706 0.7353961661418449 0.7353541686396132 0.7353121700345909 0.7352701703266928 0.7352281695158343 0.7351861676019303 0.7351441645848963 0.7351021604646472 0.7350601552410981 0.7350181489141644 0.7349761414837612 0.7349341329498036 0.7348921233122068 0.7348501125708862 0.7348081007257568 0.7347660877767338 0.7347240737237324 0.734682058566668 0.7346400423054558 0.7345980249400108 0.7345560064702483 0.7345139868960839 0.7344719662174324 0.7344299444342093 0.7343879215463296 0.7343458975537089 0.7343038724562623 0.7342618462539052 0.7342198189465527 0.7341777905341202 0.7341357610165229 0.7340937303936762 0.7340516986654955 0.7340096658318958 0.7339676318927927 0.7339255968481014 0.7338835606977373 0.7338415234416158 0.7337994850796521 0.7337574456117615 0.7337154050378596 0.7336733633578616 0.7336313205716828 0.7335892766792387 0.7335472316804448 0.7335051855752162 0.7334631383634684 0.7334210900451168 0.7333790406200769 0.733336990088264 0.7332949384495936 0.7332528857039811 0.7332108318513417 0.7331687768915913 0.733126720824645 0.7330846636504185 0.7330426053688268 0.7330005459797859 0.732958485483211 0.7329164238790176 0.7328743611671211 0.732832297347437 0.732790232419881 0.7327481663843685 0.7327060992408149 0.7326640309891357 0.7326219616292466 0.732579891161063 0.7325378195845005 0.7324957468994744 0.7324536731059006 0.7324115982036945 0.7323695221927717 0.7323274450730477 0.732285366844438 0.7322432875068584 0.7322012070602242 0.7321591255044513 0.732117042839455 0.732074959065151 0.732032874181455 0.7319907881882826 0.7319487010855493 0.7319066128731709 0.7318645235510629 0.731822433119141 0.731780341577321 0.7317382489255182 0.7316961551636487 0.7316540602916277 0.7316119643093713 0.7315698672167947 0.7315277690138142 0.7314856697003451 0.7314435692763033 0.7314014677416042 0.7313593650961638 0.7313172613398977 0.7312751564727217 0.7312330504945516 0.731190943405303 0.7311488352048916 0.7311067258932334 0.731064615470244 0.7310225039358392 0.7309803912899347 0.7309382775324466 0.7308961626632902 0.7308540466823817 0.7308119295896368 0.7307698113849712 0.7307276920683008 0.7306855716395415 0.7306434500986091 0.7306013274454193 0.7305592036798881 0.7305170788019314 0.7304749528114649 0.7304328257084045 0.7303906974926662 0.7303485681641658 0.7303064377228192 0.7302643061685423 0.7302221735012511 0.7301800397208613 0.7301379048272889 0.7300957688204499 0.7300536317002603 0.730011493466636 0.7299693541194927 0.7299272136587466 0.7298850720843136 0.7298429293961098 0.7298007855940509 0.7297586406780532 0.7297164946480325 0.7296743475039048 0.7296321992455861 0.7295900498729926 0.72954789938604 0.7295057477846447 0.7294635950687225 0.7294214412381894 0.7293792862929617 0.7293371302329551 0.729294973058086 0.7292528147682704 0.7292106553634241 0.7291684948434638 0.7291263332083049 0.7290841704578639 0.7290420065920569 0.7289998416107999 0.728957675514009 0.7289155083016003 0.7288733399734904 0.7288311705295949 0.72878899996983 0.7287468282941123 0.7287046555023575 0.728662481594482 0.728620306570402 0.7285781304300337 0.7285359531732931 0.7284937748000968 0.7284515953103605 0.7284094147040009 0.7283672329809341 0.7283250501410761 0.7282828661843435 0.7282406811106521 0.7281984949199187 0.7281563076120593 0.7281141191869902 0.7280719296446276 0.728029738984888 0.7279875472076875 0.7279453543129426 0.7279031603005695 0.7278609651704844 0.7278187689226039 0.7277765715568442 0.7277343730731217 0.7276921734713528 0.7276499727514537 0.7276077709133411 0.7275655679569308 0.7275233638821398 0.7274811586888842 0.7274389523770804 0.727396744946645 0.7273545363974943 0.7273123267295445 0.7272701159427124 0.7272279040369144 0.7271856910120668 0.7271434768680861 0.7271012616048889 0.7270590452223915 0.7270168277205105 0.7269746090991622 0.7269323893582634 0.7268901684977306 0.7268479465174801 0.7268057234174286 0.7267634991974925 0.7267212738575884 0.7266790473976329 0.7266368198175426 0.7265945911172338 0.7265523612966235 0.7265101303556281 0.7264678982941639 0.7264256651121479 0.7263834308094965 0.7263411953861265 0.7262989588419545 0.7262567211768969 0.7262144823908706 0.7261722424837922 0.7261300014555783 0.7260877593061456 0.7260455160354107 0.7260032716432904 0.7259610261297014 0.7259187794945603 0.725876531737784 0.725834282859289 0.7257920328589922 0.7257497817368102 0.7257075294926598 0.7256652761264578 0.725623021638121 0.7255807660275659 0.7255385092947099 0.7254962514394692 0.7254539924617607 0.7254117323615012 0.7253694711386078 0.7253272087929972 0.725284945324586 0.7252426807332913 0.7252004150190299 0.7251581481817186 0.7251158802212743 0.7250736111376138 0.7250313409306541 0.7249890696003121 0.7249467971465047 0.7249045235691487 0.7248622488681612 0.724819973043459 0.724777696094959 0.7247354180225782 0.7246931388262337 0.7246508585058424 0.7246085770613211 0.7245662944925869 0.7245240107995569 0.7244817259821479 0.7244394400402772 0.7243971529738614 0.724354864782818 0.7243125754670636 0.7242702850265157 0.7242279934610909 0.7241857007707067 0.7241434069552797 0.7241011120147274 0.7240588159489666 0.7240165187579147 0.7239742204414886 0.7239319209996056 0.7238896204321825 0.7238473187391368 0.7238050159203855 0.7237627119758456 0.7237204069054346 0.7236781007090693 0.7236357933866673 0.7235934849381456 0.7235511753634212 0.7235088646624116 0.7234665528350339 0.7234242398812054 0.7233819258008434 0.7233396105938649 0.7232972942601872 0.7232549767997278 0.723212658212404 0.7231703384981328 0.7231280176568318 0.7230856956884181 0.7230433725928089 0.7230010483699221 0.7229587230196743 0.7229163965419833 0.7228740689367663 0.7228317402039409 0.7227894103434241 0.7227470793551335 0.7227047472389866 0.7226624139949005 0.722620079622793 0.7225777441225811 0.7225354074941825 0.7224930697375147 0.722450730852495 0.7224083908390408 0.7223660496970697 0.7223237074264992 0.7222813640272467 0.7222390194992299 0.7221966738423661 0.7221543270565729 0.7221119791417678 0.7220696300978682 0.722027279924792 0.7219849286224564 0.7219425761907793 0.721900222629678 0.7218578679390703 0.7218155121188736 0.7217731551690058 0.7217307970893841 0.7216884378799265 0.7216460775405504 0.7216037160711737 0.721561353471714 0.7215189897420887 0.7214766248822158 0.7214342588920127 0.7213918917713973 0.7213495235202874 0.7213071541386004 0.7212647836262543 0.7212224119831668 0.7211800392092556 0.7211376653044383 0.7210952902686332 0.7210529141017574 0.7210105368037292 0.7209681583744662 0.7209257788138862 0.7208833981219069 0.7208410162984467 0.7207986333434226 0.7207562492567531 0.7207138640383557 0.7206714776881487 0.7206290902060493 0.720586701591976 0.7205443118458466 0.7205019209675789 0.7204595289570908 0.7204171358143002 0.7203747415391252 0.7203323461314837 0.7202899495912936 0.720247551918473 0.7202051531129399 0.720162753174612 0.7201203521034076 0.7200779498992448 0.7200355465620413 0.7199931420917154 0.7199507364881851 0.7199083297513684 0.7198659218811835 0.7198235128775483 0.719781102740381 0.7197386914695996 0.7196962790651225 0.7196538655268676 0.719611450854753 0.719569035048697 0.7195266181086175 0.719484200034433 0.7194417808260616 0.7193993604834215 0.7193569390064306 0.7193145163950074 0.7192720926490701 0.7192296677685369 0.7191872417533262 0.7191448146033558 0.7191023863185445 0.7190599568988103 0.7190175263440715 0.7189750946542464 0.7189326618292533 0.7188902278690108 0.7188477927734368 0.7188053565424499 0.7187629191759684 0.7187204806739107 0.7186780410361953 0.7186356002627402 0.7185931583534642 0.7185507153082853 0.7185082711271225 0.7184658258098937 0.7184233793565177 0.7183809317669126 0.7183384830409971 0.7182960331786898 0.718253582179909 0.7182111300445733 0.7181686767726009 0.7181262223639108 0.7180837668184212 0.7180413101360508 0.7179988523167181 0.7179563933603417 0.7179139332668402 0.7178714720361319 0.7178290096681359 0.7177865461627705 0.7177440815199543 0.7177016157396062 0.7176591488216446 0.7176166807659883 0.7175742115725557 0.7175317412412658 0.7174892697720372 0.7174467971647887 0.7174043234194387 0.7173618485359062 0.71731937251411 0.7172768953539685 0.7172344170554009 0.7171919376183257 0.7171494570426616 0.7171069753283278 0.7170644924752427 0.7170220084833254 0.7169795233524945 0.716937037082669 0.7168945496737678 0.7168520611257095 0.7168095714384133 0.716767080611798 0.7167245886457825 0.7166820955402854 0.7166396012952261 0.7165971059105234 0.7165546093860962 0.7165121117218634 0.7164696129177439 0.716427112973657 0.7163846118895214 0.7163421096652565 0.7162996063007808 0.7162571017960138 0.7162145961508741 0.7161720893652812 0.716129581439154 0.7160870723724113 0.7160445621649727 0.7160020508167569 0.7159595383276833 0.7159170246976709 0.7158745099266388 0.7158319940145064 0.7157894769611923 0.7157469587666163 0.7157044394306974 0.7156619189533547 0.7156193973345075 0.7155768745740749 0.7155343506719765 0.7154918256281311 0.7154492994424582 0.7154067721148769 0.7153642436453068 0.7153217140336671 0.7152791832798768 0.7152366513838558 0.715194118345523 0.715151584164798 0.7151090488415998 0.7150665123758481 0.7150239747674623 0.7149814360163615 0.7149388961224655 0.7148963550856935 0.7148538129059652 0.7148112695831995 0.7147687251173165 0.7147261795082352 0.7146836327558754 0.7146410848601565 0.714598535820998 0.7145559856383195 0.7145134343120403 0.7144708818420802 0.7144283282283588 0.7143857734707955 0.7143432175693099 0.7143006605238217 0.7142581023342505 0.7142155430005159 0.7141729825225376 0.7141304209002353 0.7140878581335284 0.714045294222337 0.7140027291665804 0.7139601629661785 0.7139175956210511 0.7138750271311176 0.7138324574962981 0.7137898867165123 0.7137473147916799 0.7137047417217206 0.7136621675065543 0.7136195921461008 0.71357701564028 0.7135344379890116 0.7134918591922157 0.7134492792498117 0.71340669816172 0.7133641159278601 0.713321532548152 0.7132789480225158 0.7132363623508712 0.7131937755331382 0.713151187569237 0.7131085984590873 0.713066008202609 0.7130234167997223 0.7129808242503473 0.7129382305544036 0.7128956357118117 0.7128530397224915 0.7128104425863628 0.7127678443033462 0.7127252448733612 0.7126826442963284 0.7126400425721675 0.712597439700799 0.712554835682143 0.7125122305161193 0.7124696242026484 0.7124270167416502 0.7123844081330454 0.7123417983767537 0.7122991874726956 0.7122565754207912 0.7122139622209609 0.7121713478731249 0.7121287323772032 0.7120861157331166 0.7120434979407851 0.7120008790001291 0.7119582589110688 0.7119156376735247 0.7118730152874173 0.7118303917526665 0.7117877670691932 0.7117451412369173 0.7117025142557598 0.7116598861256407 0.7116172568464806 0.7115746264181999 0.711531994840719 0.7114893621139586 0.711446728237839 0.7114040932122809 0.7113614570372047 0.7113188197125311 0.7112761812381804 0.7112335416140733 0.7111909008401303 0.7111482589162721 0.7111056158424194 0.7110629716184926 0.7110203262444125 0.7109776797200997 0.7109350320454748 0.7108923832204587 0.7108497332449718 0.7108070821189351 0.7107644298422691 0.7107217764148946 0.7106791218367324 0.7106364661077034 0.710593809227728 0.7105511511967273 0.7105084920146222 0.7104658316813333 0.7104231701967814 0.7103805075608873 0.7103378437735723 0.7102951788347569 0.7102525127443621 0.7102098455023088 0.710167177108518 0.7101245075629106 0.7100818368654074 0.7100391650159296 0.7099964920143981 0.7099538178607339 0.7099111425548579 0.7098684660966912 0.709825788486155 0.7097831097231702 0.7097404298076577 0.7096977487395391 0.7096550665187349 0.7096123831451667 0.7095696986187553 0.7095270129394221 0.709484326107088 0.7094416381216744 0.7093989489831023 0.7093562586912932 0.7093135672461679 0.7092708746476479 0.7092281808956544 0.7091854859901088 0.7091427899309322 0.7091000927180457 0.7090573943513712 0.7090146948308296 0.7089719941563422 0.7089292923278305 0.7088865893452158 0.7088438852084195 0.708801179917363 0.7087584734719679 0.7087157658721552 0.7086730571178468 0.7086303472089639 0.708587636145428 0.7085449239271606 0.7085022105540832 0.7084594960261175 0.7084167803431847 0.7083740635052067 0.7083313455121047 0.7082886263638006 0.7082459060602159 0.7082031846012722 0.708160461986891 0.7081177382169941 0.7080750132915031 0.7080322872103397 0.7079895599734255 0.7079468315806824 0.7079041020320319 0.7078613713273959 0.7078186394666961 0.7077759064498541 0.7077331722767919 0.7076904369474312 0.7076477004616939 0.7076049628195017 0.7075622240207765 0.7075194840654402 0.7074767429534146 0.7074340006846217 0.7073912572589832 0.7073485126764212 0.7073057669368576 0.7072630200402144 0.7072202719864135 0.7071775227753769 0.7071347724070266 0.7070920208812845 0.7070492681980729 0.7070065143573135 0.7069637593589287 0.7069210032028405 0.7068782458889709 0.706835487417242 0.7067927277875758 0.7067499669998949 0.706707205054121 0.7066644419501766 0.7066216776879837 0.7065789122674644 0.7065361456885413 0.7064933779511362 0.7064506090551718 0.7064078390005698 0.7063650677872532 0.7063222954151437 0.7062795218841639 0.7062367471942361 0.7061939713452827 0.706151194337226 0.7061084161699882 0.7060656368434921 0.7060228563576598 0.705980074712414 0.705937291907677 0.705894507943371 0.705851722819419 0.7058089365357432 0.7057661490922661 0.7057233604889103 0.7056805707255984 0.7056377798022528 0.7055949877187964 0.7055521944751514 0.7055094000712406 0.7054666045069868 0.7054238077823123 0.7053810098971401 0.7053382108513926 0.7052954106449928 0.7052526092778633 0.7052098067499265 0.7051670030611055 0.705124198211323 0.7050813922005018 0.7050385850285645 0.7049957766954345 0.7049529672010338 0.7049101565452858 0.7048673447281133 0.7048245317494388 0.7047817176091858 0.7047389023072769 0.7046960858436351 0.7046532682181832 0.704610449430844 0.7045676294815413 0.7045248083701972 0.7044819860967351 0.7044391626610781 0.704396338063149 0.7043535123028712 0.7043106853801675 0.7042678572949612 0.7042250280471752 0.7041821976367328 0.7041393660635572 0.7040965333275715 0.7040536994286988 0.7040108643668623 0.7039680281419856 0.7039251907539914 0.7038823522028033 0.7038395124883445 0.7037966716105382 0.703753829569308 0.7037109863645767 0.7036681419962683 0.7036252964643055 0.7035824497686121 0.7035396019091114 0.7034967528857268 0.7034539026983817 0.7034110513469995 0.703368198831504 0.7033253451518183 0.703282490307866 0.7032396342995708 0.703196777126856 0.7031539187896452 0.703111059287862 0.7030681986214302 0.7030253367902731 0.7029824737943144 0.7029396096334778 0.702896744307687 0.7028538778168656 0.7028110101609374 0.7027681413398259 0.7027252713534551 0.7026824002017484 0.70263952788463 0.7025966544020232 0.7025537797538524 0.7025109039400408 0.7024680269605128 0.7024251488151918 0.702382269504002 0.702339389026867 0.7022965073837109 0.7022536245744576 0.7022107405990311 0.7021678554573553 0.7021249691493542 0.7020820816749518 0.7020391930340719 0.7019963032266391 0.7019534122525769 0.7019105201118097 0.7018676268042614 0.7018247323298561 0.701781836688518 0.7017389398801714 0.7016960419047402 0.7016531427621489 0.7016102424523214 0.7015673409751821 0.7015244383306551 0.7014815345186648 0.7014386295391353 0.701395723391991 0.7013528160771563 0.7013099075945555 0.7012669979441127 0.7012240871257526 0.7011811751393995 0.7011382619849775 0.7010953476624117 0.7010524321716258 0.7010095155125448 0.7009665976850927 0.7009236786891946 0.7008807585247745 0.700837837191757 0.700794914690067 0.7007519910196287 0.7007090661803669 0.7006661401722062 0.7006232129950711 0.7005802846488864 0.7005373551335767 0.7004944244490667 0.7004514925952811 0.7004085595721445 0.7003656253795819 0.700322690017518 0.7002797534858773 0.7002368157845851 0.7001938769135657 0.7001509368727442 0.7001079956620455 0.7000650532813943 0.7000221097307158 0.6999791650099346 0.6999362191189757 0.6998932720577643 0.6998503238262249 0.699807374424283 0.6997644238518634 0.699721472108891 0.699678519195291 0.6996355651109885 0.6995926098559085 0.6995496534299762 0.6995066958331166 0.699463737065255 0.6994207771263163 0.6993778160162261 0.6993348537349092 0.6992918902822911 0.6992489256582968 0.699205959862852 0.6991629928958814 0.6991200247573107 0.6990770554470651 0.69903408496507 0.6989911133112507 0.6989481404855327 0.6989051664878413 0.6988621913181019 0.6988192149762399 0.6987762374621809 0.6987332587758504 0.6986902789171736 0.6986472978860765 0.6986043156824842 0.6985613323063224 0.6985183477575169 0.6984753620359929 0.6984323751416766 0.6983893870744929 0.698346397834368 0.6983034074212275 0.698260415834997 0.6982174230756021 0.6981744291429688 0.6981314340370226 0.6980884377576897 0.6980454403048955 0.6980024416785657 0.6979594418786267 0.6979164409050039 0.6978734387576235 0.6978304354364111 0.6977874309412927 0.6977444252721944 0.697701418429042 0.6976584104117616 0.6976154012202791 0.6975723908545205 0.6975293793144121 0.6974863665998796 0.6974433527108492 0.6974003376472473 0.6973573214089998 0.6973143039960326 0.6972712854082723 0.6972282656456448 0.6971852447080764 0.6971422225954934 0.697099199307822 0.6970561748449884 0.6970131492069189 0.69697012239354 0.6969270944047778 0.6968840652405586 0.6968410349008092 0.6967980033854555 0.6967549706944242 0.6967119368276415 0.6966689017850343 0.6966258655665286 0.6965828281720512 0.6965397896015284 0.6964967498548869 0.6964537089320533 0.6964106668329539 0.6963676235575157 0.6963245791056651 0.6962815334773287 0.6962384866724333 0.6961954386909055 0.696152389532672 0.6961093391976596 0.6960662876857949 0.696023234997005 0.6959801811312163 0.6959371260883559 0.6958940698683506 0.695851012471127 0.6958079538966123 0.6957648941447333 0.6957218332154169 0.6956787711085899 0.6956357078241795 0.6955926433621126 0.6955495777223162 0.6955065109047173 0.6954634429092428 0.6954203737358202 0.6953773033843762 0.6953342318548381 0.695291159147133 0.695248085261188 0.6952050101969304 0.6951619339542873 0.695118856533186 0.6950757779335535 0.6950326981553174 0.6949896171984048 0.6949465350627431 0.6949034517482595 0.6948603672548817 0.6948172815825365 0.6947741947311518 0.6947311067006547 0.6946880174909729 0.6946449271020336 0.6946018355337646 0.6945587427860931 0.6945156488589469 0.6944725537522534 0.69442945746594 0.6943863599999345 0.6943432613541647 0.6943001615285579 0.6942570605230418 0.6942139583375444 0.6941708549719929 0.6941277504263156 0.6940846447004398 0.6940415377942935 0.6939984297078043 0.6939553204409004 0.6939122099935091 0.6938690983655587 0.6938259855569768 0.6937828715676916 0.6937397563976307 0.6936966400467224 0.6936535225148943 0.6936104038020747 0.6935672839081916 0.6935241628331728 0.6934810405769465 0.6934379171394408 0.6933947925205839 0.6933516667203037 0.6933085397385286 0.6932654115751866 0.6932222822302059 0.6931791517035149 0.6931360199950417 0.6930928871047146 0.693049753032462 0.6930066177782119 0.6929634813418929 0.6929203437234334 0.6928772049227616 0.692834064939806 0.6927909237744949 0.6927477814267571 0.6927046378965207 0.6926614931837144 0.6926183472882665 0.6925752002101058 0.6925320519491609 0.69248890250536 0.6924457518786322 0.6924026000689057 0.6923594470761094 0.692316292900172 0.6922731375410223 0.6922299809985886 0.6921868232728001 0.6921436643635853 0.6921005042708731 0.6920573429945923 0.6920141805346719 0.6919710168910406 0.6919278520636272 0.6918846860523609 0.6918415188571704 0.6917983504779845 0.6917551809147328 0.6917120101673437 0.6916688382357467 0.6916256651198704 0.6915824908196443 0.6915393153349971 0.6914961386658582 0.6914529608121569 0.691409781773822 0.6913666015507827 0.6913234201429685 0.6912802375503087 0.6912370537727321 0.6911938688101684 0.6911506826625469 0.6911074953297969 0.6910643068118476 0.6910211171086285 0.6909779262200688 0.6909347341460985 0.6908915408866465 0.6908483464416426 0.6908051508110162 0.6907619539946969 0.6907187559926141 0.6906755568046975 0.6906323564308767 0.6905891548710813 0.6905459521252411 0.6905027481932854 0.6904595430751442 0.6904163367707473 0.6903731292800244 0.690329920602905 0.6902867107393191 0.6902434996891966 0.6902002874524673 0.690157074029061 0.6901138594189078 0.6900706436219373 0.6900274266380796 0.6899842084672646 0.6899409891094226 0.6898977685644833 0.6898545468323769 0.6898113239130333 0.6897680998063829 0.6897248745123554 0.6896816480308812 0.6896384203618905 0.6895951915053133 0.6895519614610801 0.689508730229121 0.6894654978093662 0.6894222642017461 0.6893790294061909 0.689335793422631 0.6892925562509967 0.6892493178912187 0.689206078343227 0.6891628376069523 0.6891195956823248 0.6890763525692754 0.6890331082677343 0.6889898627776321 0.6889466160988995 0.6889033682314669 0.688860119175265 0.6888168689302245 0.6887736174962761 0.6887303648733504 0.6886871110613779 0.6886438560602899 0.6886005998700166 0.6885573424904892 0.6885140839216384 0.6884708241633948 0.6884275632156897 0.6883843010784536 0.6883410377516176 0.6882977732351127 0.6882545075288697 0.6882112406328199 0.6881679725468939 0.6881247032710232 0.6880814328051386 0.688038161149171 0.6879948883030522 0.6879516142667126 0.687908339040084 0.6878650626230971 0.6878217850156834 0.687778506217774 0.6877352262293004 0.6876919450501937 0.6876486626803855 0.6876053791198069 0.6875620943683892 0.6875188084260642 0.6874755212927629 0.687432232968417 0.687388943452958 0.6873456527463174 0.6873023608484268 0.6872590677592174 0.6872157734786213 0.6871724780065698 0.6871291813429947 0.6870858834878275 0.6870425844410002 0.6869992842024442 0.6869559827720912 0.6869126801498735 0.6868693763357223 0.6868260713295699 0.6867827651313477 0.686739457740988 0.6866961491584225 0.6866528393835831 0.6866095284164019 0.6865662162568107 0.6865229029047417 0.6864795883601269 0.6864362726228983 0.6863929556929882 0.6863496375703283 0.6863063182548511 0.6862629977464887 0.6862196760451733 0.6861763531508371 0.6861330290634123 0.6860897037828313 0.6860463773090264 0.6860030496419298 0.685959720781474 0.6859163907275914 0.685873059480214 0.685829727039275 0.6857863934047064 0.6857430585764407 0.6856997225544106 0.6856563853385484 0.6856130469287869 0.6855697073250585 0.6855263665272961 0.6854830245354322 0.6854396813493995 0.6853963369691307 0.6853529913945585 0.6853096446256158 0.6852662966622354 0.6852229475043499 0.6851795971518924 0.6851362456047958 0.6850928928629927 0.6850495389264163 0.6850061837949994 0.6849628274686752 0.6849194699473765 0.6848761112310365 0.6848327513195882 0.6847893902129647 0.6847460279110991 0.6847026644139247 0.6846592997213743 0.6846159338333815 0.6845725667498794 0.6845291984708014 0.6844858289960807 0.6844424583256503 0.684399086459444 0.6843557133973951 0.6843123391394369 0.6842689636855028 0.6842255870355263 0.684182209189441 0.6841388301471802 0.6840954499086777 0.6840520684738668 0.6840086858426813 0.6839653020150547 0.6839219169909208 0.6838785307702131 0.6838351433528655 0.6837917547388118 0.6837483649279855 0.6837049739203206 0.6836615817157508 0.68361818831421 0.6835747937156321 0.6835313979199511 0.6834880009271007 0.6834446027370152 0.6834012033496283 0.6833578027648741 0.6833144009826868 0.6832709980030003 0.6832275938257489 0.6831841884508666 0.6831407818782875 0.683097374107946 0.6830539651397762 0.6830105549737124 0.6829671436096887 0.6829237310476397 0.6828803172874996 0.6828369023292029 0.6827934861726838 0.6827500688178768 0.6827066502647164 0.682663230513137 0.6826198095630731 0.6825763874144596 0.6825329640672306 0.6824895395213209 0.6824461137766651 0.6824026868331978 0.682359258690854 0.682315829349568 0.6822723988092749 0.6822289670699092 0.6821855341314058 0.6821420999936996 0.6820986646567255 0.6820552281204182 0.6820117903847128 0.6819683514495442 0.6819249113148473 0.6818814699805573 0.681838027446609 0.6817945837129378 0.6817511387794783 0.6817076926461663 0.6816642453129362 0.6816207967797239 0.6815773470464642 0.6815338961130925 0.681490443979544 0.6814469906457539 0.6814035361116577 0.6813600803771909 0.6813166234422886 0.6812731653068865 0.6812297059709198 0.6811862454343242 0.681142783697035 0.6810993207589879 0.6810558566201186 0.6810123912803625 0.6809689247396553 0.6809254569979326 0.6808819880551302 0.6808385179111838 0.6807950465660291 0.680751574019602 0.6807081002718383 0.6806646253226737 0.6806211491720442 0.6805776718198857 0.6805341932661342 0.6804907135107254 0.6804472325535957 0.6804037503946809 0.680360267033917 0.6803167824712403 0.6802732967065868 0.6802298097398926 0.6801863215710939 0.6801428322001271 0.6800993416269282 0.6800558498514335 0.6800123568735796 0.6799688626933025 0.6799253673105387 0.6798818707252245 0.6798383729372965 0.6797948739466911 0.6797513737533447 0.679707872357194 0.6796643697581753 0.6796208659562254 0.6795773609512809 0.6795338547432781 0.6794903473321543 0.6794468387178456 0.6794033289002892 0.6793598178794216 0.6793163056551796 0.6792727922275003 0.6792292775963201 0.6791857617615764 0.6791422447232058 0.6790987264811453 0.6790552070353321 0.6790116863857029 0.678968164532195 0.6789246414747452 0.678881117213291 0.6788375917477694 0.6787940650781172 0.6787505372042723 0.6787070081261715 0.6786634778437519 0.6786199463569512 0.6785764136657066 0.6785328797699555 0.6784893446696352 0.6784458083646832 0.6784022708550369 0.6783587321406339 0.6783151922214116 0.6782716510973077 0.6782281087682596 0.678184565234205 0.6781410204950817 0.6780974745508271 0.6780539274013793 0.6780103790466757 0.6779668294866543 0.6779232787212528 0.677879726750409 0.6778361735740609 0.6777926191921464 0.6777490636046033 0.6777055068113698 0.6776619488123837 0.6776183896075831 0.6775748291969061 0.6775312675802908 0.6774877047576754 0.677444140728998 0.6774005754941967 0.67735700905321 0.6773134414059756 0.6772698725524325 0.6772263024925188 0.6771827312261727 0.6771391587533326 0.6770955850739371 0.6770520101879246 0.6770084340952336 0.6769648567958024 0.6769212782895699 0.6768776985764746 0.6768341176564551 0.6767905355294499 0.6767469521953979 0.6767033676542377 0.6766597819059081 0.6766161949503477 0.676572606787496 0.6765290174172911 0.676485426839672 0.6764418350545781 0.6763982420619479 0.6763546478617205 0.6763110524538349 0.6762674558382304 0.6762238580148459 0.6761802589836202 0.676136658744493 0.6760930572974032 0.6760494546422902 0.676005850779093 0.6759622457077511 0.6759186394282036 0.6758750319403901 0.6758314232442499 0.6757878133397226 0.6757442022267472 0.6757005899052635 0.6756569763752112 0.6756133616365293 0.675569745689158 0.6755261285330364 0.6754825101681047 0.6754388905943021 0.6753952698115686 0.6753516478198439 0.6753080246190678 0.6752644002091801 0.6752207745901206 0.6751771477618294 0.6751335197242463 0.675089890477311 0.6750462600209641 0.6750026283551451 0.6749589954797943 0.674915361394852 0.6748717261002577 0.6748280895959521 0.6747844518818753 0.6747408129579676 0.674697172824169 0.6746535314804202 0.6746098889266612 0.6745662451628324 0.6745226001888746 0.6744789540047276 0.6744353066103325 0.6743916580056294 0.674348008190559 0.674304357165062 0.6742607049290786 0.6742170514825501 0.6741733968254167 0.6741297409576192 0.6740860838790984 0.6740424255897952 0.6739987660896501 0.6739551053786045 0.6739114434565988 0.6738677803235741 0.6738241159794713 0.6737804504242316 0.6737367836577959 0.6736931156801053 0.6736494464911009 0.6736057760907238 0.6735621044789151 0.6735184316556163 0.6734747576207682 0.6734310823743127 0.6733874059161905 0.6733437282463433 0.6733000493647122 0.673256369271239 0.6732126879658651 0.6731690054485316 0.6731253217191805 0.6730816367777531 0.673037950624191 0.672994263258436 0.6729505746804296 0.6729068848901136 0.6728631938874299 0.6728195016723199 0.6727758082447257 0.672732113604589 0.6726884177518517 0.6726447206864559 0.6726010224083433 0.6725573229174561 0.6725136222137362 0.6724699202971258 0.6724262171675668 0.6723825128250016 0.6723388072693721 0.6722951005006207 0.6722513925186896 0.672207683323521 0.6721639729150573 0.6721202612932408 0.6720765484580138 0.6720328344093192 0.6719891191470988 0.6719454026712955 0.6719016849818519 0.6718579660787103 0.6718142459618135 0.671770524631104 0.6717268020865244 0.6716830783280178 0.6716393533555265 0.6715956271689937 0.671551899768362 0.6715081711535743 0.6714644413245734 0.6714207102813026 0.6713769780237044 0.671333244551722 0.6712895098652987 0.6712457739643772 0.6712020368489009 0.6711582985188127 0.671114558974056 0.671070818214574 0.6710270762403099 0.6709833330512072 0.6709395886472088 0.6708958430282586 0.6708520961942998 0.6708083481452757 0.6707645988811299 0.6707208484018061 0.6706770967072477 0.6706333437973984 0.6705895896722016 0.6705458343316013 0.670502077775541 0.6704583200039648 0.670414561016816 0.6703708008140387 0.6703270393955766 0.6702832767613738 0.6702395129113741 0.6701957478455216 0.6701519815637602 0.6701082140660342 0.6700644453522873 0.6700206754224639 0.669976904276508 0.6699331319143641 0.6698893583359762 0.6698455835412884 0.6698018075302457 0.6697580303027917 0.6697142518588711 0.6696704721984285 0.669626691321408 0.6695829092277545 0.6695391259174124 0.6694953413903261 0.6694515556464404 0.6694077686857001 0.6693639805080497 0.6693201911134338 0.6692764005017975 0.6692326086730855 0.6691888156272425 0.6691450213642137 0.6691012258839437 0.6690574291863778 0.6690136312714606 0.6689698321391376 0.6689260317893535 0.6688822302220537 0.6688384274371832 0.6687946234346873 0.6687508182145112 0.6687070117766001 0.6686632041208993 0.6686193952473545 0.6685755851559108 0.6685317738465135 0.6684879613191084 0.6684441475736409 0.6684003326100563 0.6683565164283005 0.6683126990283191 0.6682688804100577 0.6682250605734619 0.6681812395184779 0.6681374172450507 0.6680935937531269 0.6680497690426519 0.6680059431135718 0.6679621159658324 0.6679182875993799 0.66787445801416 0.6678306272101191 0.6677867951872032 0.6677429619453583 0.6676991274845305 0.6676552918046665 0.6676114549057122 0.6675676167876139 0.6675237774503179 0.6674799368937707 0.667436095117919 0.6673922521227086 0.6673484079080865 0.667304562473999 0.6672607158203928 0.6672168679472146 0.6671730188544107 0.6671291685419283 0.6670853170097137 0.667041464257714 0.6669976102858757 0.666953755094146 0.6669098986824716 0.6668660410507995 0.6668221821990766 0.6667783221272499 0.6667344608352667 0.6666905983230736 0.6666467345906184 0.6666028696378479 0.6665590034647093 0.6665151360711501 0.6664712674571172 0.6664273976225583 0.6663835265674205 0.6663396542916515 0.6662957807951988 0.6662519060780097 0.6662080301400317 0.6661641529812126 0.6661202746014998 0.6660763950008411 0.6660325141791843 0.665988632136477 0.6659447488726671 0.6659008643877024 0.6658569786815305 0.6658130917540999 0.665769203605358 0.665725314235253 0.6656814236437331 0.6656375318307463 0.6655936387962404 0.6655497445401639 0.665505849062465 0.6654619523630918 0.6654180544419926 0.6653741552991159 0.6653302549344099 0.665286353347823 0.6652424505393038 0.6651985465088007 0.6651546412562623 0.665110734781637 0.6650668270848734 0.6650229181659206 0.6649790080247266 0.664935096661241 0.6648911840754118 0.6648472702671882 0.664803355236519 0.6647594389833533 0.6647155215076397 0.6646716028093276 0.6646276828883656 0.664583761744703 0.664539839378289 0.6644959157890725 0.6644519909770032 0.6644080649420298 0.6643641376841019 0.6643202092031686 0.6642762794991796 0.664232348572084 0.6641884164218316 0.6641444830483715 0.6641005484516536 0.6640566126316272 0.6640126755882421 0.6639687373214479 0.6639247978311944 0.6638808571174313 0.6638369151801083 0.6637929720191755 0.6637490276345825 0.6637050820262795 0.6636611351942163 0.6636171871383427 0.6635732378586092 0.6635292873549656 0.6634853356273623 0.6634413826757493 0.6633974285000768 0.663353473100295 0.6633095164763545 0.6632655586282054 0.6632215995557981 0.6631776392590834 0.6631336777380112 0.6630897149925326 0.6630457510225979 0.6630017858281576 0.6629578194091627 0.6629138517655635 0.6628698828973112 0.6628259128043561 0.6627819414866494 0.6627379689441417 0.6626939951767843 0.6626500201845278 0.6626060439673234 0.6625620665251221 0.6625180878578749 0.6624741079655331 0.6624301268480479 0.6623861445053704 0.6623421609374519 0.6622981761442437 0.6622541901256974 0.662210202881764 0.6621662144123952 0.6621222247175425 0.6620782337971572 0.6620342416511913 0.661990248279596 0.6619462536823232 0.6619022578593245 0.6618582608105519 0.6618142625359569 0.6617702630354915 0.6617262623091074 0.6616822603567569 0.6616382571783914 0.6615942527739638 0.6615502471434254 0.6615062402867284 0.6614622322038254 0.6614182228946682 0.6613742123592093 0.6613302005974009 0.6612861876091952 0.6612421733945446 0.6611981579534016 0.661154141285719 0.6611101233914487 0.6610661042705437 0.6610220839229565 0.6609780623486395 0.6609340395475458 0.6608900155196279 0.6608459902648387 0.660801963783131 0.6607579360744575 0.6607139071387714 0.6606698769760255 0.6606258455861729 0.6605818129691665 0.6605377791249596 0.6604937440535052 0.6604497077547566 0.660405670228667 0.6603616314751898 0.6603175914942782 0.6602735502858854 0.6602295078499651 0.6601854641864708 0.6601414192953559 0.6600973731765738 0.6600533258300783 0.660009277255823 0.6599652274537617 0.6599211764238481 0.6598771241660358 0.6598330706802789 0.6597890159665312 0.6597449600247465 0.6597009028548789 0.6596568444568824 0.6596127848307111 0.6595687239763188 0.6595246618936603 0.6594805985826894 0.6594365340433601 0.6593924682756273 0.6593484012794447 0.6593043330547672 0.6592602636015491 0.6592161929197449 0.6591721210093089 0.6591280478701959 0.6590839735023606 0.6590398979057575 0.6589958210803412 0.6589517430260667 0.6589076637428888 0.6588635832307623 0.6588195014896421 0.6587754185194832 0.6587313343202404 0.6586872488918689 0.6586431622343241 0.6585990743475606 0.6585549852315339 0.6585108948861991 0.6584668033115115 0.6584227105074265 0.6583786164738996 0.658334521210886 0.6582904247183411 0.6582463269962207 0.6582022280444801 0.6581581278630751 0.6581140264519614 0.6580699238110945 0.6580258199404304 0.6579817148399247 0.6579376085095333 0.6578935009492123 0.6578493921589172 0.6578052821386045 0.6577611708882298 0.6577170584077495 0.6576729446971197 0.6576288297562964 0.6575847135852362 0.6575405961838949 0.6574964775522292 0.6574523576901953 0.6574082365977496 0.657364114274849 0.6573199907214493 0.6572758659375076 0.6572317399229805 0.6571876126778244 0.6571434842019962 0.6570993544954526 0.6570552235581505 0.6570110913900467 0.6569669579910982 0.6569228233612617 0.6568786875004945 0.6568345504087534 0.6567904120859958 0.6567462725321788 0.6567021317472593 0.6566579897311948 0.6566138464839427 0.6565697020054602 0.6565255562957046 0.6564814093546334 0.6564372611822044 0.6563931117783746 0.6563489611431021 0.6563048092763443 0.6562606561780588 0.6562165018482038 0.6561723462867366 0.6561281894936152 0.6560840314687975 0.6560398722122414 0.6559957117239049 0.6559515500037463 0.6559073870517234 0.6558632228677943 0.6558190574519174 0.6557748908040506 0.6557307229241526 0.6556865538121814 0.6556423834680958 0.655598211891854 0.6555540390834141 0.6555098650427353 0.6554656897697758 0.6554215132644943 0.6553773355268496 0.6553331565568002 0.6552889763543052 0.6552447949193232 0.655200612251813 0.6551564283517338 0.6551122432190446 0.6550680568537042 0.6550238692556718 0.6549796804249066 0.6549354903613677 0.6548912990650144 0.6548471065358059 0.6548029127737017 0.654758717778661 0.6547145215506434 0.6546703240896081 0.6546261253955151 0.6545819254683238 0.6545377243079937 0.6544935219144846 0.6544493182877563 0.6544051134277685 0.654360907334481 0.6543167000078539 0.654272491447847 0.6542282816544204 0.6541840706275341 0.6541398583671482 0.6540956448732227 0.6540514301457181 0.6540072141845943 0.6539629969898122 0.6539187785613314 0.6538745588991128 0.6538303380031169 0.6537861158733038 0.6537418925096345 0.6536976679120695 0.6536534420805693 0.6536092150150948 0.6535649867156067 0.6535207571820657 0.653476526414433 0.6534322944126691 0.6533880611767355 0.6533438267065927 0.6532995910022021 0.6532553540635249 0.6532111158905218 0.6531668764831547 0.6531226358413844 0.6530783939651725 0.6530341508544804 0.6529899065092694 0.652945660929501 0.6529014141151367 0.6528571660661383 0.6528129167824674 0.6527686662640858 0.652724414510955 0.652680161523037 0.6526359073002936 0.6525916518426867 0.6525473951501783 0.6525031372227306 0.6524588780603053 0.6524146176628649 0.6523703560303714 0.652326093162787 0.652281829060074 0.6522375637221951 0.652193297149112 0.6521490293407878 0.6521047602971846 0.6520604900182652 0.6520162185039919 0.6519719457543277 0.6519276717692352 0.651883396548677 0.6518391200926161 0.6517948424010154 0.6517505634738376 0.6517062833110461 0.6516620019126034 0.651617719278473 0.6515734354086178 0.6515291503030012 0.6514848639615862 0.6514405763843363 0.6513962875712149 0.6513519975221851 0.6513077062372108 0.6512634137162551 0.6512191199592817 0.6511748249662543 0.6511305287371367 0.6510862312718926 0.6510419325704854 0.6509976326328794 0.6509533314590381 0.6509090290489258 0.6508647254025064 0.6508204205197436 0.6507761144006022 0.650731807045046 0.650687498453039 0.6506431886245458 0.6505988775595306 0.6505545652579577 0.6505102517197918 0.6504659369449972 0.6504216209335386 0.6503773036853803 0.6503329852004871 0.650288665478824 0.6502443445203554 0.6502000223250463 0.6501556988928613 0.6501113742237659 0.6500670483177245 0.6500227211747025 0.6499783927946648 0.6499340631775767 0.6498897323234034 0.64984540023211 0.6498010669036619 0.6497567323380247 0.6497123965351634 0.6496680594950439 0.6496237212176315 0.6495793817028918 0.6495350409507904 0.6494906989612933 0.6494463557343659 0.6494020112699743 0.6493576655680842 0.6493133186286617 0.6492689704516725 0.6492246210370829 0.6491802703848589 0.6491359184949667 0.6490915653673723 0.6490472110020423 0.6490028553989429 0.6489584985580403 0.6489141404793011 0.6488697811626918 0.6488254206081789 0.6487810588157288 0.6487366957853087 0.6486923315168848 0.648647966010424 0.6486035992658932 0.6485592312832592 0.648514862062489 0.6484704916035497 0.6484261199064083 0.6483817469710318 0.6483373727973873 0.6482929973854422 0.6482486207351638 0.6482042428465192 0.6481598637194761 0.6481154833540017 0.6480711017500638 0.6480267189076296 0.647982334826667 0.6479379495071437 0.647893562949027 0.6478491751522852 0.6478047861168861 0.6477603958427973 0.6477160043299869 0.6476716115784231 0.6476272175880738 0.6475828223589072 0.6475384258908914 0.6474940281839948 0.6474496292381855 0.6474052290534322 0.647360827629703 0.6473164249669667 0.6472720210651914 0.6472276159243462 0.6471832095443993 0.6471388019253198 0.6470943930670763 0.6470499829696376 0.6470055716329726 0.6469611590570502 0.6469167452418396 0.6468723301873098 0.6468279138934296 0.6467834963601689 0.646739077587496 0.6466946575753809 0.6466502363237926 0.6466058138327009 0.6465613901020748 0.6465169651318843 0.6464725389220984 0.6464281114726873 0.6463836827836207 0.6463392528548678 0.646294821686399 0.6462503892781838 0.6462059556301925 0.6461615207423949 0.6461170846147609 0.6460726472472609 0.646028208639865 0.6459837687925434 0.6459393277052663 0.6458948853780043 0.6458504418107276 0.6458059970034068 0.6457615509560124 0.6457171036685149 0.6456726551408851 0.6456282053730934 0.6455837543651111 0.6455393021169087 0.6454948486284571 0.6454503938997271 0.6454059379306901 0.6453614807213169 0.6453170222715787 0.6452725625814468 0.6452281016508922 0.6451836394798862 0.6451391760684005 0.6450947114164063 0.6450502455238751 0.6450057783907784 0.6449613100170881 0.6449168404027754 0.6448723695478125 0.6448278974521707 0.6447834241158223 0.644738949538739 0.6446944737208927 0.6446499966622558 0.6446055183627999 0.6445610388224974 0.6445165580413206 0.6444720760192415 0.6444275927562326 0.6443831082522665 0.6443386225073153 0.6442941355213516 0.6442496472943482 0.6442051578262775 0.6441606671171123 0.6441161751668253 0.6440716819753894 0.6440271875427775 0.6439826918689624 0.6439381949539174 0.6438936967976152 0.643849197400029 0.6438046967611322 0.643760194880898 0.6437156917592995 0.6436711873963104 0.6436266817919036 0.6435821749460533 0.6435376668587325 0.6434931575299151 0.6434486469595748 0.6434041351476851 0.64335962209422 0.6433151077991534 0.6432705922624591 0.6432260754841113 0.6431815574640837 0.6431370382023507 0.6430925176988862 0.6430479959536649 0.6430034729666607 0.6429589487378482 0.6429144232672016 0.6428698965546956 0.6428253686003045 0.6427808394040033 0.6427363089657663 0.6426917772855686 0.6426472443633846 0.6426027101991895 0.642558174792958 0.642513638144665 0.6424691002542859 0.6424245611217956 0.6423800207471694 0.6423354791303822 0.64229093627141 0.6422463921702274 0.6422018468268103 0.6421573002411339 0.6421127524131739 0.642068203342906 0.642023653030306 0.6419791014753492 0.6419345486780118 0.6418899946382692 0.6418454393560982 0.6418008828314739 0.6417563250643727 0.641711766054771 0.6416672058026446 0.64162264430797 0.6415780815707233 0.641533517590881 0.6414889523684195 0.6414443859033154 0.6413998181955453 0.6413552492450857 0.6413106790519134 0.641266107616005 0.6412215349373376 0.6411769610158878 0.6411323858516329 0.6410878094445496 0.6410432317946151 0.6409986529018066 0.6409540727661012 0.6409094913874764 0.6408649087659093 0.6408203249013774 0.6407757397938583 0.6407311534433291 0.640686565849768 0.6406419770131523 0.6405973869334599 0.6405527956106684 0.6405082030447558 0.6404636092357 0.6404190141834791 0.6403744178880708 0.6403298203494537 0.6402852215676057 0.6402406215425049 0.6401960202741301 0.6401514177624593 0.640106814007471 0.6400622090091438 0.6400176027674563 0.639972995282387 0.6399283865539147 0.6398837765820182 0.6398391653666763 0.639794552907868 0.6397499392055719 0.6397053242597676 0.639660708070434 0.6396160906375499 0.639571471961095 0.6395268520410482 0.6394822308773894 0.6394376084700977 0.6393929848191524 0.6393483599245335 0.6393037337862204 0.6392591064041927 0.6392144777784304 0.6391698479089132 0.639125216795621 0.6390805844385338 0.6390359508376315 0.6389913159928944 0.6389466799043027 0.6389020425718362 0.6388574039954757 0.6388127641752012 0.6387681231109934 0.6387234808028326 0.6386788372506995 0.6386341924545749 0.6385895464144389 0.6385448991302728 0.6385002506020572 0.638455600829773 0.6384109498134013 0.6383662975529232 0.6383216440483195 0.6382769892995717 0.6382323333066606 0.6381876760695679 0.638143017588275 0.638098357862763 0.6380536968930137 0.6380090346790084 0.637964371220729 0.6379197065181572 0.6378750405712745 0.6378303733800629 0.6377857049445044 0.637741035264581 0.6376963643402747 0.6376516921715674 0.6376070187584415 0.6375623441008793 0.6375176681988629 0.6374729910523749 0.6374283126613978 0.6373836330259137 0.6373389521459057 0.6372942700213563 0.6372495866522482 0.637204902038564 0.6371602161802868 0.6371155290773997 0.6370708407298854 0.6370261511377269 0.6369814603009076 0.6369367682194107 0.6368920748932194 0.6368473803223171 0.6368026845066871 0.6367579874463127 0.6367132891411782 0.6366685895912664 0.6366238887965614 0.636579186757047 0.6365344834727069 0.6364897789435251 0.6364450731694853 0.6364003661505719 0.6363556578867688 0.6363109483780602 0.6362662376244306 0.6362215256258639 0.6361768123823447 0.6361320978938576 0.6360873821603867 0.6360426651819172 0.6359979469584334 0.63595322748992 0.6359085067763619 0.635863784817744 0.6358190616140513 0.6357743371652688 0.6357296114713814 0.6356848845323744 0.635640156348233 0.6355954269189426 0.6355506962444886 0.6355059643248562 0.6354612311600312 0.6354164967499988 0.635371761094745 0.6353270241942555 0.6352822860485159 0.6352375466575121 0.6351928060212302 0.6351480641396561 0.635103321012776 0.6350585766405757 0.635013831023042 0.6349690841601606 0.6349243360519182 0.6348795866983011 0.634834836099296 0.6347900842548893 0.6347453311650676 0.6347005768298175 0.6346558212491262 0.6346110644229804 0.6345663063513669 0.6345215470342729 0.6344767864716852 0.6344320246635912 0.6343872616099779 0.6343424973108329 0.6342977317661435 0.6342529649758968 0.6342081969400805 0.6341634276586823 0.6341186571316897 0.6340738853590907 0.6340291123408727 0.6339843380770238 0.6339395625675319 0.6338947858123849 0.6338500078115711 0.6338052285650786 0.6337604480728956 0.6337156663350103 0.6336708833514111 0.6336260991220866 0.6335813136470252 0.6335365269262154 0.6334917389596462 0.6334469497473061 0.6334021592891839 0.6333573675852685 0.6333125746355488 0.6332677804400142 0.6332229849986533 0.6331781883114556 0.6331333903784102 0.6330885911995064 0.6330437907747339 0.6329989891040817 0.6329541861875397 0.6329093820250974 0.6328645766167446 0.6328197699624709 0.6327749620622661 0.6327301529161204 0.6326853425240235 0.6326405308859657 0.6325957180019368 0.6325509038719274 0.6325060884959275 0.6324612718739275 0.632416454005918 0.6323716348918893 0.6323268145318321 0.6322819929257368 0.6322371700735947 0.632192345975396 0.632147520631132 0.6321026940407933 0.6320578662043712 0.6320130371218567 0.6319682067932411 0.6319233752185153 0.6318785423976708 0.6318337083306993 0.6317888730175919 0.6317440364583402 0.6316991986529359 0.6316543596013708 0.6316095193036365 0.6315646777597248 0.6315198349696277 0.6314749909333376 0.6314301456508458 0.6313852991221451 0.6313404513472274 0.6312956023260851 0.6312507520587105 0.6312059005450962 0.6311610477852346 0.6311161937791182 0.63107133852674 0.6310264820280925 0.6309816242831687 0.6309367652919613 0.6308919050544634 0.6308470435706681 0.6308021808405684 0.6307573168641576 0.630712451641429 0.6306675851723759 0.6306227174569918 0.6305778484952702 0.6305329782872047 0.630488106832789 0.6304432341320167 0.6303983601848817 0.6303534849913779 0.6303086085514993 0.6302637308652401 0.630218851932594 0.6301739717535557 0.6301290903281191 0.6300842076562788 0.6300393237380291 0.6299944385733646 0.6299495521622798 0.6299046645047693 0.6298597756008282 0.6298148854504508 0.6297699940536323 0.6297251014103677 0.6296802075206521 0.6296353123844805 0.629590416001848 0.6295455183727502 0.6295006194971822 0.6294557193751394 0.6294108180066176 0.629365915391612 0.6293210115301188 0.6292761064221333 0.6292312000676515 0.6291862924666694 0.6291413836191827 0.6290964735251877 0.6290515621846806 0.6290066495976574 0.6289617357641145 0.6289168206840483 0.6288719043574553 0.6288269867843319 0.6287820679646747 0.6287371478984806 0.6286922265857463 0.6286473040264684 0.6286023802206442 0.6285574551682702 0.6285125288693442 0.6284676013238628 0.6284226725318234 0.6283777424932233 0.62833281120806 0.6282878786763308 0.6282429448980333 0.6281980098731655 0.6281530736017247 0.6281081360837087 0.6280631973191158 0.6280182573079434 0.6279733160501897 0.627928373545853 0.6278834297949314 0.6278384847974232 0.6277935385533266 0.6277485910626402 0.6277036423253626 0.6276586923414921 0.6276137411110275 0.6275687886339677 0.6275238349103114 0.6274788799400576 0.627433923723205 0.6273889662597532 0.6273440075497008 0.6272990475930472 0.627254086389792 0.6272091239399342 0.6271641602434737 0.6271191953004097 0.6270742291107418 0.6270292616744702 0.6269842929915942 0.6269393230621139 0.6268943518860292 0.62684937946334 0.6268044057940467 0.6267594308781492 0.6267144547156484 0.6266694773065437 0.6266244986508365 0.6265795187485266 0.626534537599615 0.6264895552041023 0.6264445715619893 0.6263995866732768 0.6263546005379657 0.626309613156057 0.626264624527552 0.6262196346524518 0.6261746435307576 0.6261296511624705 0.6260846575475923 0.6260396626861245 0.6259946665780685 0.625949669223426 0.6259046706221988 0.6258596707743888 0.6258146696799977 0.6257696673390277 0.6257246637514808 0.6256796589173594 0.6256346528366654 0.6255896455094012 0.6255446369355693 0.6254996271151722 0.6254546160482125 0.6254096037346927 0.6253645901746157 0.6253195753679842 0.6252745593148014 0.6252295420150699 0.6251845234687929 0.6251395036759737 0.6250944826366155 0.6250494603507215 0.6250044368182952 0.62495941203934 0.6249143860138595 0.6248693587418577 0.6248243302233378 0.6247793004583039 0.6247342694467599 0.6246892371887096 0.6246442036841575 0.6245991689331074 0.6245541329355637 0.6245090956915306 0.6244640572010125 0.6244190174640142 0.6243739764805398 0.6243289342505943 0.6242838907741824 0.6242388460513089 0.6241938000819787 0.6241487528661968 0.6241037044039683 0.6240586546952984 0.6240136037401922 0.6239685515386553 0.6239234980906929 0.6238784433963106 0.623833387455514 0.6237883302683087 0.6237432718347005 0.6236982121546952 0.6236531512282989 0.6236080890555176 0.6235630256363572 0.6235179609708239 0.6234728950589243 0.6234278279006645 0.6233827594960508 0.62333768984509 0.6232926189477886 0.6232475468041534 0.623202473414191 0.6231573987779085 0.6231123228953126 0.6230672457664105 0.6230221673912093 0.6229770877697163 0.6229320069019386 0.6228869247878837 0.6228418414275592 0.6227967568209722 0.622751670968131 0.6227065838690429 0.6226614955237159 0.6226164059321577 0.6225713150943765 0.6225262230103803 0.6224811296801771 0.6224360351037754 0.6223909392811835 0.6223458422124097 0.6223007438974626 0.6222556443363507 0.6222105435290828 0.6221654414756677 0.622120338176114 0.6220752336304308 0.6220301278386274 0.6219850208007125 0.6219399125166956 0.6218948029865857 0.6218496922103924 0.6218045801881251 0.6217594669197934 0.621714352405407 0.6216692366449753 0.6216241196385087 0.6215790013860166 0.6215338818875091 0.6214887611429964 0.6214436391524887 0.621398515915996 0.621353391433529 0.6213082657050978 0.6212631387307131 0.6212180105103855 0.6211728810441258 0.6211277503319446 0.6210826183738527 0.6210374851698612 0.6209923507199813 0.620947215024224 0.6209020780826005 0.6208569398951221 0.6208118004618003 0.6207666597826466 0.6207215178576724 0.6206763746868895 0.6206312302703096 0.620586084607945 0.6205409376998068 0.6204957895459077 0.6204506401462595 0.6204054895008746 0.6203603376097653 0.6203151844729438 0.6202700300904227 0.6202248744622145 0.6201797175883318 0.6201345594687877 0.6200894001035945 0.6200442394927654 0.6199990776363136 0.6199539145342519 0.6199087501865936 0.619863584593352 0.6198184177545405 0.6197732496701727 0.6197280803402617 0.6196829097648215 0.6196377379438658 0.6195925648774085 0.6195473905654634 0.6195022150080444 0.6194570382051656 0.6194118601568416 0.6193666808630861 0.6193215003239139 0.6192763185393393 0.6192311355093768 0.6191859512340412 0.619140765713347 0.6190955789473094 0.6190503909359427 0.6190052016792625 0.6189600111772837 0.6189148194300214 0.618869626437491 0.6188244321997077 0.6187792367166871 0.6187340399884449 0.6186888420149963 0.6186436427963576 0.6185984423325442 0.6185532406235723 0.6185080376694576 0.6184628334702166 0.6184176280258651 0.6183724213364196 0.6183272134018964 0.6182820042223123 0.6182367937976834 0.6181915821280265 0.6181463692133584 0.618101155053696 0.6180559396490563 0.618010722999456 0.6179655051049127 0.6179202859654431 0.6178750655810649 0.6178298439517952 0.6177846210776516 0.617739396958652 0.6176941715948137 0.6176489449861543 0.6176037171326922 0.6175584880344449 0.6175132576914308 0.6174680261036679 0.6174227932711743 0.6173775591939685 0.6173323238720689 0.6172870873054941 0.6172418494942624 0.6171966104383929 0.6171513701379041 0.617106128592815 0.6170608858031446 0.6170156417689119 0.6169703964901363 0.6169251499668367 0.6168799021990327 0.6168346531867437 0.6167894029299894 0.6167441514287891 0.616698898683163 0.6166536446931306 0.6166083894587119 0.6165631329799269 0.6165178752567957 0.6164726162893388 0.6164273560775759 0.6163820946215282 0.6163368319212155 0.6162915679766585 0.6162463027878784 0.6162010363548954 0.6161557686777306 0.6161104997564051 0.6160652295909397 0.6160199581813557 0.6159746855276745 0.6159294116299172 0.6158841364881054 0.6158388601022605 0.6157935824724043 0.6157483035985586 0.6157030234807448 0.6156577421189854 0.615612459513302 0.6155671756637169 0.6155218905702524 0.6154766042329305 0.615431316651774 0.615386027826805 0.6153407377580464 0.6152954464455208 0.615250153889251 0.6152048600892598 0.6151595650455702 0.6151142687582054 0.6150689712271886 0.6150236724525429 0.6149783724342919 0.6149330711724587 0.6148877686670672 0.614842464918141 0.6147971599257036 0.6147518536897794 0.6147065462103918 0.6146612374875651 0.6146159275213234 0.6145706163116909 0.6145253038586922 0.6144799901623514 0.6144346752226931 0.6143893590397421 0.6143440416135231 0.6142987229440608 0.6142534030313803 0.6142080818755065 0.6141627594764646 0.6141174358342797 0.6140721109489771 0.6140267848205825 0.6139814574491211 0.6139361288346187 0.6138907989771007 0.6138454678765936 0.6138001355331224 0.613754801946714 0.6137094671173938 0.6136641310451885 0.6136187937301242 0.6135734551722271 0.613528115371524 0.6134827743280413 0.6134374320418059 0.6133920885128444 0.6133467437411838 0.6133013977268513 0.6132560504698736 0.6132107019702779 0.613165352228092 0.6131200012433429 0.6130746490160579 0.6130292955462651 0.6129839408339919 0.6129385848792661 0.6128932276821156 0.6128478692425684 0.6128025095606527 0.6127571486363965 0.6127117864698282 0.6126664230609762 0.6126210584098689 0.612575692516535 0.6125303253810033 0.6124849570033021 0.6124395873834607 0.6123942165215083 0.6123488444174735 0.6123034710713858 0.6122580964832743 0.6122127206531686 0.612167343581098 0.6121219652670924 0.6120765857111811 0.6120312049133941 0.6119858228737614 0.6119404395923127 0.6118950550690784 0.6118496693040886 0.6118042822973736 0.6117588940489638 0.6117135045588896 0.6116681138271818 0.611622721853871 0.611577328638988 0.611531934182564 0.6114865384846295 0.6114411415452159 0.6113957433643545 0.6113503439420764 0.6113049432784133 0.6112595413733966 0.6112141382270577 0.6111687338394286 0.611123328210541 0.6110779213404272 0.6110325132291186 0.6109871038766478 0.6109416932830467 0.6108962814483481 0.6108508683725841 0.6108054540557875 0.6107600384979905 0.6107146216992263 0.6106692036595277 0.6106237843789275 0.6105783638574589 0.6105329420951547 0.6104875190920488 0.6104420948481741 0.6103966693635643 0.6103512426382528 0.6103058146722736 0.6102603854656601 0.6102149550184464 0.6101695233306665 0.6101240904023544 0.6100786562335444 0.6100332208242707 0.6099877841745679 0.6099423462844704 0.6098969071540128 0.6098514667832297 0.6098060251721562 0.609760582320827 0.6097151382292771 0.609669692897542 0.6096242463256567 0.6095787985136565 0.6095333494615769 0.6094878991694533 0.6094424476373217 0.6093969948652177 0.6093515408531772 0.6093060856012362 0.6092606291094307 0.6092151713777967 0.6091697124063709 0.6091242521951894 0.609078790744289 0.6090333280537059 0.6089878641234773 0.6089423989536396 0.6088969325442297 0.608851464895285 0.6088059960068426 0.6087605258789394 0.6087150545116129 0.6086695819049006 0.6086241080588402 0.608578632973469 0.6085331566488251 0.6084876790849464 0.6084422002818705 0.6083967202396359 0.6083512389582805 0.6083057564378428 0.6082602726783612 0.608214787679874 0.6081693014424203 0.6081238139660383 0.6080783252507671 0.6080328352966456 0.6079873441037128 0.607941851672008 0.6078963580015702 0.6078508630924392 0.6078053669446539 0.6077598695582543 0.6077143709332802 0.6076688710697711 0.6076233699677669 0.6075778676273078 0.6075323640484339 0.6074868592311853 0.6074413531756024 0.6073958458817257 0.6073503373495958 0.6073048275792532 0.6072593165707386 0.6072138043240933 0.6071682908393579 0.6071227761165734 0.6070772601557815 0.6070317429570231 0.6069862245203398 0.606940704845773 0.6068951839333644 0.6068496617831558 0.6068041383951889 0.6067586137695058 0.6067130879061486 0.6066675608051595 0.6066220324665806 0.6065765028904544 0.6065309720768234 0.6064854400257303 0.6064399067372177 0.6063943722113285 0.6063488364481057 0.6063032994475922 0.6062577612098313 0.6062122217348662 0.6061666810227404 0.6061211390734972 0.6060755958871804 0.6060300514638335 0.6059845058035005 0.6059389589062253 0.6058934107720519 0.6058478614010243 0.6058023107931871 0.6057567589485845 0.605711205867261 0.6056656515492611 0.6056200959946297 0.6055745392034114 0.6055289811756512 0.6054834219113943 0.6054378614106857 0.6053922996735704 0.6053467367000943 0.6053011724903026 0.6052556070442406 0.6052100403619545 0.60516447244349 0.6051189032888928 0.6050733328982092 0.6050277612714852 0.604982188408767 0.6049366143101012 0.6048910389755341 0.6048454624051123 0.6047998845988822 0.6047543055568914 0.6047087252791863 0.6046631437658138 0.6046175610168214 0.6045719770322562 0.6045263918121657 0.6044808053565971 0.6044352176655984 0.6043896287392171 0.604344038577501 0.604298447180498 0.6042528545482563 0.6042072606808239 0.6041616655782491 0.6041160692405805 0.6040704716678665 0.6040248728601556 0.6039792728174966 0.6039336715399384 0.6038880690275298 0.60384246528032 0.6037968602983582 0.6037512540816936 0.6037056466303756 0.6036600379444539 0.6036144280239779 0.6035688168689974 0.6035232044795624 0.6034775908557228 0.6034319759975287 0.6033863599050302 0.6033407425782777 0.6032951240173217 0.6032495042222126 0.6032038831930011 0.603158260929738 0.6031126374324743 0.6030670127012608 0.6030213867361489 0.6029757595371894 0.602930131104434 0.6028845014379343 0.6028388705377414 0.6027932384039072 0.6027476050364836 0.6027019704355224 0.6026563346010758 0.6026106975331956 0.6025650592319345 0.6025194196973447 0.6024737789294786 0.6024281369283888 0.6023824936941284 0.6023368492267497 0.6022912035263059 0.6022455565928503 0.6021999084264358 0.6021542590271158 0.6021086083949436 0.6020629565299732 0.6020173034322573 0.601971649101851 0.601925993538807 0.6018803367431799 0.6018346787150237 0.6017890194543926 0.6017433589613409 0.6016976972359231 0.6016520342781939 0.601606370088208 0.6015607046660202 0.6015150380116853 0.6014693701252583 0.6014237010067947 0.6013780306563494 0.6013323590739781 0.6012866862597362 0.6012410122136793 0.6011953369358634 0.601149660426344 0.6011039826851773 0.6010583037124192 0.6010126235081263 0.6009669420723548 0.6009212594051611 0.6008755755066016 0.6008298903767333 0.6007842040156129 0.6007385164232972 0.6006928275998435 0.6006471375453089 0.6006014462597506 0.600555753743226 0.6005100599957925 0.6004643650175081 0.6004186688084303 0.6003729713686171 0.6003272726981265 0.6002815727970163 0.6002358716653452 0.6001901693031714 0.6001444657105531 0.6000987608875493 0.6000530548342186 0.6000073475506196 0.5999616390368114 0.5999159292928532 0.599870218318804 0.5998245061147233 0.5997787926806702 0.5997330780167046 0.599687362122886 0.5996416449992741 0.5995959266459291 0.5995502070629107 0.5995044862502794 0.599458764208095 0.5994130409364183 0.5993673164353097 0.5993215907048296 0.5992758637450392 0.5992301355559988 0.5991844061377698 0.5991386754904133 0.5990929436139903 0.5990472105085625 0.599001476174191 0.5989557406109375 0.598910003818864 0.5988642657980319 0.5988185265485033 0.5987727860703405 0.5987270443636055 0.5986813014283606 0.5986355572646683 0.5985898118725912 0.5985440652521921 0.5984983174035334 0.5984525683266784 0.5984068180216899 0.5983610664886314 0.598315313727566 0.5982695597385569 0.5982238045216679 0.5981780480769627 0.5981322904045051 0.5980865315043586 0.5980407713765878 0.5979950100212564 0.597949247438429 0.5979034836281698 0.5978577185905433 0.597811952325614 0.597766184833447 0.5977204161141073 0.5976746461676593 0.5976288749941687 0.5975831025937005 0.59753732896632 0.597491554112093 0.5974457780310847 0.5974000007233613 0.5973542221889883 0.5973084424280319 0.5972626614405583 0.5972168792266334 0.597171095786324 0.597125311119696 0.5970795252268168 0.5970337381077526 0.5969879497625701 0.596942160191337 0.5968963693941197 0.5968505773709858 0.5968047841220026 0.5967589896472374 0.5967131939467581 0.5966673970206321 0.5966215988689277 0.5965757994917125 0.5965299988890548 0.5964841970610227 0.5964383940076846 0.596392589729109 0.5963467842253646 0.59630097749652 0.5962551695426441 0.5962093603638058 0.5961635499600744 0.5961177383315189 0.5960719254782089 0.5960261114002137 0.595980296097603 0.5959344795704464 0.5958886618188141 0.5958428428427757 0.5957970226424014 0.5957512012177617 0.5957053785689266 0.5956595546959668 0.595613729598953 0.5955679032779557 0.5955220757330459 0.5954762469642947 0.595430416971773 0.5953845857555522 0.5953387533157036 0.5952929196522989 0.5952470847654097 0.5952012486551073 0.5951554113214641 0.5951095727645519 0.5950637329844428 0.5950178919812092 0.5949720497549236 0.5949262063056583 0.5948803616334859 0.5948345157384793 0.5947886686207113 0.5947428202802554 0.5946969707171841 0.5946511199315709 0.5946052679234894 0.5945594146930131 0.5945135602402155 0.5944677045651705 0.594421847667952 0.5943759895486342 0.5943301302072911 0.5942842696439972 0.5942384078588268 0.5941925448518544 0.5941466806231548 0.5941008151728029 0.5940549485008734 0.5940090806074417 0.5939632114925829 0.5939173411563724 0.5938714695988855 0.5938255968201979 0.5937797228203854 0.5937338475995237 0.593687971157689 0.5936420934949571 0.5935962146114047 0.5935503345071079 0.5935044531821432 0.5934585706365874 0.593412686870517 0.593366801884009 0.5933209156771405 0.5932750282499886 0.5932291396026308 0.5931832497351444 0.5931373586476067 0.5930914663400957 0.5930455728126891 0.5929996780654648 0.592953782098501 0.5929078849118758 0.5928619865056673 0.5928160868799545 0.5927701860348156 0.5927242839703295 0.5926783806865747 0.5926324761836308 0.5925865704615766 0.5925406635204912 0.5924947553604543 0.592448845981545 0.5924029353838435 0.5923570235674289 0.592311110532382 0.5922651962787819 0.5922192808067094 0.5921733641162447 0.5921274462074679 0.59208152708046 0.5920356067353014 0.5919896851720732 0.5919437623908561 0.5918978383917314 0.5918519131747804 0.591805986740084 0.5917600590877241 0.5917141302177823 0.5916682001303404 0.5916222688254802 0.5915763363032835 0.5915304025638329 0.5914844676072105 0.5914385314334987 0.59139259404278 0.5913466554351373 0.5913007156106531 0.5912547745694108 0.5912088323114931 0.5911628888369835 0.5911169441459653 0.5910709982385218 0.5910250511147368 0.5909791027746941 0.5909331532184776 0.5908872024461713 0.5908412504578591 0.5907952972536258 0.5907493428335555 0.5907033871977329 0.5906574303462425 0.5906114722791693 0.5905655129965984 0.5905195524986149 0.5904735907853037 0.5904276278567505 0.5903816637130406 0.5903356983542598 0.590289731780494 0.5902437639918289 0.5901977949883506 0.5901518247701453 0.5901058533372993 0.5900598806898991 0.5900139068280312 0.5899679317517827 0.58992195546124 0.5898759779564904 0.5898299992376208 0.5897840193047188 0.5897380381578714 0.5896920557971664 0.5896460722226916 0.5896000874345345 0.5895541014327835 0.5895081142175262 0.5894621257888512 0.5894161361468466 0.589370145291601 0.5893241532232033 0.5892781599417417 0.5892321654473057 0.5891861697399841 0.589140172819866 0.5890941746870408 0.589048175341598 0.5890021747836273 0.5889561730132182 0.5889101700304609 0.588864165835445 0.5888181604282609 0.5887721538089987 0.5887261459777491 0.5886801369346025 0.5886341266796498 0.5885881152129815 0.5885421025346889 0.5884960886448627 0.5884500735435945 0.5884040572309757 0.5883580397070978 0.5883120209720523 0.5882660010259311 0.5882199798688262 0.5881739575008298 0.5881279339220338 0.5880819091325307 0.5880358831324131 0.5879898559217736 0.5879438275007047 0.5878977978692999 0.587851767027652 0.587805734975854 0.5877597017139992 0.5877136672421814 0.5876676315604942 0.5876215946690311 0.587575556567886 0.5875295172571531 0.5874834767369266 0.5874374350073007 0.5873913920683699 0.5873453479202287 0.587299302562972 0.5872532559966949 0.5872072082214919 0.5871611592374583 0.5871151090446894 0.5870690576432809 0.587023005033328 0.5869769512149269 0.586930896188173 0.5868848399531625 0.5868387825099916 0.5867927238587565 0.5867466639995536 0.5867006029324794 0.5866545406576308 0.5866084771751044 0.5865624124849976 0.5865163465874073 0.5864702794824305 0.5864242111701649 0.5863781416507081 0.5863320709241577 0.5862859989906116 0.5862399258501678 0.5861938515029244 0.5861477759489795 0.5861016991884318 0.5860556212213797 0.5860095420479217 0.5859634616681569 0.5859173800821844 0.585871297290103 0.5858252132920121 0.5857791280880111 0.5857330416781998 0.5856869540626775 0.585640865241544 0.5855947752148998 0.5855486839828445 0.5855025915454788 0.5854564979029028 0.5854104030552169 0.5853643070025223 0.5853182097449193 0.5852721112825094 0.5852260116153934 0.5851799107436728 0.5851338086674488 0.5850877053868229 0.5850416009018973 0.5849954952127732 0.5849493883195529 0.5849032802223385 0.5848571709212325 0.584811060416337 0.5847649487077548 0.5847188357955884 0.5846727216799409 0.5846266063609151 0.5845804898386144 0.5845343721131417 0.584488253184601 0.5844421330530953 0.5843960117187287 0.5843498891816048 0.5843037654418282 0.5842576404995024 0.5842115143547317 0.5841653870076213 0.5841192584582753 0.5840731287067982 0.5840269977532954 0.5839808655978718 0.5839347322406323 0.5838885976816826 0.583842461921128 0.5837963249590741 0.5837501867956267 0.5837040474308919 0.5836579068649757 0.583611765097984 0.5835656221300235 0.5835194779612006 0.583473332591622 0.5834271860213944 0.5833810382506247 0.5833348892794203 0.5832887391078881 0.5832425877361357 0.5831964351642706 0.5831502813924004 0.5831041264206329 0.5830579702490761 0.5830118128778385 0.5829656543070277 0.5829194945367528 0.5828733335671219 0.5828271713982438 0.5827810080302276 0.5827348434631819 0.5826886776972163 0.5826425107324399 0.5825963425689621 0.5825501732068927 0.5825040026463413 0.5824578308874179 0.5824116579302324 0.5823654837748953 0.5823193084215166 0.5822731318702068 0.582226954121077 0.5821807751742376 0.5821345950297997 0.5820884136878741 0.5820422311485727 0.5819960474120062 0.5819498624782865 0.5819036763475254 0.5818574890198344 0.5818113004953256 0.5817651107741113 0.5817189198563039 0.5816727277420153 0.5816265344313587 0.5815803399244465 0.5815341442213917 0.5814879473223074 0.5814417492273065 0.5813955499365029 0.5813493494500096 0.5813031477679405 0.5812569448904091 0.5812107408175298 0.5811645355494164 0.5811183290861831 0.5810721214279446 0.5810259125748151 0.5809797025269097 0.5809334912843428 0.5808872788472297 0.5808410652156855 0.5807948503898256 0.5807486343697654 0.5807024171556203 0.5806561987475063 0.5806099791455394 0.5805637583498353 0.5805175363605105 0.5804713131776815 0.5804250888014646 0.5803788632319764 0.5803326364693341 0.5802864085136541 0.5802401793650542 0.5801939490236512 0.5801477174895627 0.5801014847629063 0.5800552508437999 0.5800090157323612 0.5799627794287081 0.5799165419329592 0.5798703032452326 0.579824063365647 0.5797778222943207 0.5797315800313728 0.5796853365769223 0.5796390919310883 0.5795928460939901 0.579546599065747 0.5795003508464786 0.5794541014363047 0.5794078508353451 0.5793615990437202 0.5793153460615499 0.5792690918889545 0.5792228365260546 0.5791765799729708 0.5791303222298241 0.5790840632967355 0.5790378031738259 0.5789915418612166 0.5789452793590293 0.5788990156673852 0.5788527507864065 0.5788064847162148 0.5787602174569322 0.5787139490086811 0.5786676793715837 0.5786214085457625 0.5785751365313401 0.5785288633284398 0.5784825889371839 0.5784363133576961 0.5783900365900996 0.5783437586345177 0.5782974794910741 0.5782511991598924 0.5782049176410969 0.5781586349348116 0.5781123510411603 0.5780660659602679 0.5780197796922587 0.5779734922372577 0.5779272035953893 0.5778809137667789 0.5778346227515515 0.5777883305498325 0.5777420371617475 0.5776957425874221 0.5776494468269818 0.5776031498805527 0.5775568517482615 0.5775105524302337 0.5774642519265962 0.5774179502374754 0.5773716473629982 0.5773253433032912 0.5772790380584819 0.5772327316286973 0.5771864240140647 0.5771401152147118 0.5770938052307663 0.577047494062356 0.5770011817096088 0.5769548681726531 0.576908553451617 0.5768622375466295 0.5768159204578185 0.5767696021853133 0.5767232827292428 0.5766769620897361 0.5766306402669225 0.5765843172609313 0.5765379930718924 0.5764916676999352 0.5764453411451897 0.5763990134077864 0.5763526844878554 0.5763063543855266 0.5762600231009309 0.5762136906341991 0.5761673569854622 0.5761210221548508 0.5760746861424965 0.5760283489485305 0.5759820105730843 0.5759356710162896 0.5758893302782783 0.5758429883591824 0.5757966452591339 0.5757503009782654 0.5757039555167092 0.5756576088745979 0.5756112610520644 0.5755649120492417 0.5755185618662628 0.5754722105032611 0.57542585796037 0.5753795042377232 0.5753331493354545 0.5752867932536977 0.5752404359925868 0.5751940775522563 0.5751477179328403 0.5751013571344737 0.5750549951572912 0.5750086320014276 0.5749622676670181 0.5749159021541976 0.5748695354631019 0.5748231675938662 0.5747767985466266 0.5747304283215184 0.5746840569186784 0.5746376843382421 0.5745913105803464 0.5745449356451274 0.5744985595327221 0.5744521822432672 0.5744058037768996 0.5743594241337568 0.574313043313976 0.5742666613176947 0.5742202781450505 0.5741738937961811 0.574127508271225 0.5740811215703197 0.5740347336936041 0.5739883446412164 0.5739419544132951 0.5738955630099795 0.5738491704314079 0.5738027766777203 0.5737563817490552 0.5737099856455525 0.5736635883673517 0.5736171899145927 0.5735707902874154 0.5735243894859597 0.5734779875103664 0.5734315843607756 0.5733851800373279 0.5733387745401642 0.5732923678694257 0.573245960025253 0.5731995510077876 0.5731531408171712 0.573106729453545 0.5730603169170512 0.5730139032078314 0.5729674883260277 0.5729210722717828 0.5728746550452386 0.5728282366465381 0.5727818170758237 0.5727353963332388 0.5726889744189262 0.5726425513330293 0.5725961270756914 0.5725497016470562 0.5725032750472675 0.5724568472764692 0.5724104183348053 0.5723639882224202 0.5723175569394583 0.5722711244860641 0.5722246908623827 0.5721782560685587 0.5721318201047372 0.5720853829710636 0.5720389446676835 0.5719925051947421 0.5719460645523856 0.5718996227407597 0.5718531797600105 0.5718067356102843 0.5717602902917276 0.5717138438044869 0.5716673961487091 0.5716209473245413 0.5715744973321302 0.5715280461716233 0.5714815938431681 0.5714351403469122 0.5713886856830034 0.5713422298515897 0.571295772852819 0.5712493146868397 0.5712028553538004 0.5711563948538496 0.5711099331871363 0.5710634703538091 0.5710170063540174 0.5709705411879106 0.5709240748556379 0.5708776073573492 0.5708311386931941 0.5707846688633227 0.5707381978678852 0.5706917257070317 0.5706452523809129 0.5705987778896796 0.5705523022334823 0.5705058254124723 0.5704593474268006 0.5704128682766185 0.5703663879620777 0.5703199064833298 0.5702734238405265 0.5702269400338201 0.5701804550633627 0.5701339689293065 0.5700874816318041 0.5700409931710084 0.5699945035470723 0.5699480127601486 0.5699015208103907 0.5698550276979517 0.5698085334229857 0.5697620379856458 0.5697155413860866 0.5696690436244616 0.5696225447009253 0.5695760446156322 0.5695295433687366 0.5694830409603938 0.5694365373907581 0.569390032659985 0.5693435267682297 0.5692970197156477 0.5692505115023946 0.569204002128626 0.5691574915944981 0.569110979900167 0.5690644670457891 0.5690179530315208 0.5689714378575187 0.5689249215239396 0.5688784040309407 0.5688318853786791 0.5687853655673122 0.5687388445969974 0.5686923224678925 0.5686457991801553 0.5685992747339438 0.5685527491294166 0.5685062223667317 0.5684596944460477 0.5684131653675235 0.5683666351313179 0.5683201037375901 0.5682735711864992 0.5682270374782049 0.5681805026128666 0.5681339665906442 0.5680874294116975 0.5680408910761867 0.5679943515842723 0.5679478109361146 0.5679012691318743 0.5678547261717122 0.5678081820557894 0.567761636784267 0.5677150903573065 0.5676685427750691 0.567621994037717 0.5675754441454117 0.5675288930983154 0.5674823408965903 0.567435787540399 0.5673892330299039 0.5673426773652678 0.5672961205466533 0.5672495625742243 0.5672030034481435 0.5671564431685745 0.567109881735681 0.5670633191496268 0.5670167554105758 0.5669701905186924 0.5669236244741408 0.5668770572770854 0.5668304889276912 0.5667839194261228 0.5667373487725453 0.5666907769671242 0.5666442040100246 0.5665976299014124 0.566551054641453 0.5665044782303126 0.5664579006681573 0.5664113219551533 0.566364742091467 0.5663181610772654 0.566271578912715 0.5662249955979828 0.5661784111332362 0.5661318255186425 0.5660852387543691 0.5660386508405839 0.5659920617774548 0.5659454715651497 0.565898880203837 0.5658522876936852 0.5658056940348628 0.5657590992275385 0.5657125032718815 0.5656659061680607 0.5656193079162455 0.5655727085166057 0.5655261079693106 0.5654795062745303 0.5654329034324346 0.565386299443194 0.5653396943069787 0.5652930880239595 0.5652464805943069 0.5651998720181922 0.5651532622957861 0.5651066514272601 0.5650600394127857 0.5650134262525346 0.5649668119466786 0.5649201964953896 0.56487357989884 0.5648269621572021 0.5647803432706484 0.5647337232393519 0.5646871020634852 0.5646404797432215 0.564593856278734 0.5645472316701965 0.5645006059177824 0.5644539790216655 0.56440735098202 0.5643607217990199 0.5643140914728396 0.5642674600036537 0.5642208273916369 0.5641741936369642 0.5641275587398107 0.5640809227003516 0.5640342855187623 0.5639876471952185 0.5639410077298962 0.5638943671229713 0.5638477253746199 0.5638010824850184 0.5637544384543434 0.5637077932827717 0.56366114697048 0.5636144995176455 0.5635678509244457 0.5635212011910579 0.5634745503176597 0.563427898304429 0.5633812451515436 0.5633345908591822 0.5632879354275229 0.563241278856744 0.5631946211470247 0.5631479622985437 0.5631013023114801 0.5630546411860133 0.5630079789223227 0.5629613155205878 0.5629146509809888 0.5628679853037057 0.5628213184889187 0.5627746505368079 0.5627279814475541 0.5626813112213382 0.562634639858341 0.5625879673587436 0.5625412937227274 0.5624946189504738 0.5624479430421648 0.562401265997982 0.5623545878181075 0.5623079085027236 0.5622612280520128 0.5622145464661576 0.5621678637453409 0.5621211798897456 0.5620744948995549 0.5620278087749522 0.561981121516121 0.561934433123245 0.5618877435965082 0.5618410529360948 0.5617943611421887 0.5617476682149749 0.5617009741546377 0.5616542789613621 0.5616075826353331 0.5615608851767357 0.5615141865857558 0.5614674868625785 0.5614207860073899 0.5613740840203757 0.5613273809017223 0.5612806766516159 0.561233971270243 0.5611872647577906 0.5611405571144452 0.5610938483403942 0.5610471384358247 0.561000427400924 0.5609537152358802 0.5609070019408808 0.560860287516114 0.560813571961768 0.5607668552780309 0.5607201374650916 0.5606734185231389 0.5606266984523616 0.560579977252949 0.5605332549250901 0.5604865314689749 0.560439806884793 0.560393081172734 0.5603463543329883 0.5602996263657462 0.5602528972711978 0.5602061670495342 0.5601594357009458 0.5601127032256242 0.5600659696237603 0.5600192348955455 0.5599724990411716 0.55992576206083 0.559879023954713 0.5598322847230126 0.5597855443659214 0.5597388028836321 0.5596920602763369 0.5596453165442289 0.5595985716875014 0.5595518257063476 0.5595050786009612 0.5594583303715355 0.5594115810182647 0.5593648305413428 0.5593180789409641 0.5592713262173229 0.5592245723706141 0.5591778174010322 0.5591310613087725 0.5590843040940301 0.5590375457570004 0.5589907862978791 0.5589440257168619 0.5588972640141447 0.5588505011899239 0.5588037372443958 0.5587569721777566 0.5587102059902035 0.5586634386819334 0.5586166702531432 0.5585699007040302 0.5585231300347921 0.5584763582456267 0.5584295853367316 0.5583828113083049 0.5583360361605452 0.5582892598936507 0.5582424825078203 0.5581957040032525 0.5581489243801467 0.558102143638702 0.5580553617791177 0.5580085788015937 0.5579617947063296 0.5579150094935257 0.5578682231633816 0.5578214357160984 0.5577746471518764 0.5577278574709164 0.5576810666734193 0.5576342747595864 0.5575874817296189 0.5575406875837186 0.5574938923220871 0.5574470959449264 0.5574002984524387 0.557353499844826 0.5573067001222913 0.557259899285037 0.5572130973332663 0.557166294267182 0.5571194900869875 0.5570726847928864 0.5570258783850824 0.5569790708637793 0.5569322622291814 0.5568854524814926 0.5568386416209177 0.5567918296476612 0.5567450165619281 0.5566982023639231 0.556651387053852 0.5566045706319199 0.5565577530983327 0.5565109344532959 0.5564641146970157 0.5564172938296985 0.5563704718515504 0.5563236487627783 0.556276824563589 0.5562299992541893 0.5561831728347866 0.5561363453055883 0.5560895166668018 0.5560426869186352 0.5559958560612965 0.5559490240949936 0.5559021910199351 0.5558553568363296 0.5558085215443858 0.5557616851443127 0.5557148476363193 0.5556680090206154 0.5556211692974101 0.5555743284669136 0.5555274865293356 0.5554806434848862 0.5554337993337761 0.5553869540762155 0.5553401077124155 0.5552932602425866 0.5552464116669404 0.5551995619856882 0.5551527111990411 0.5551058593072112 0.5550590063104106 0.555012152208851 0.5549652970027452 0.5549184406923053 0.5548715832777446 0.5548247247592752 0.5547778651371111 0.5547310044114652 0.554684142582551 0.5546372796505824 0.5545904156157733 0.5545435504783377 0.55449668423849 0.5544498168964449 0.5544029484524167 0.5543560789066206 0.5543092082592719 0.5542623365105855 0.5542154636607773 0.5541685897100628 0.5541217146586581 0.5540748385067791 0.5540279612546425 0.5539810829024643 0.5539342034504616 0.5538873228988512 0.5538404412478504 0.5537935584976761 0.5537466746485461 0.5536997897006782 0.5536529036542903 0.5536060165096004 0.5535591282668268 0.5535122389261884 0.5534653484879035 0.553418456952191 0.5533715643192704 0.5533246705893607 0.5532777757626817 0.5532308798394531 0.5531839828198947 0.5531370847042265 0.5530901854926691 0.553043285185443 0.5529963837827689 0.5529494812848678 0.5529025776919606 0.5528556730042691 0.5528087672220143 0.5527618603454184 0.5527149523747033 0.552668043310091 0.5526211331518038 0.5525742219000647 0.5525273095550958 0.5524803961171204 0.552433481586362 0.5523865659630435 0.5523396492473884 0.5522927314396211 0.552245812539965 0.5521988925486445 0.552151971465884 0.552105049291908 0.5520581260269415 0.5520112016712092 0.5519642762249366 0.5519173496883487 0.5518704220616717 0.5518234933451309 0.5517765635389525 0.5517296326433629 0.5516827006585883 0.5516357675848553 0.5515888334223908 0.551541898171422 0.5514949618321758 0.55144802440488 0.5514010858897622 0.55135414628705 0.5513072055969717 0.5512602638197555 0.55121332095563 0.5511663770048234 0.5511194319675652 0.5510724858440841 0.5510255386346096 0.5509785903393711 0.5509316409585981 0.5508846904925209 0.5508377389413693 0.5507907863053738 0.5507438325847651 0.5506968777797734 0.5506499218906301 0.5506029649175661 0.5505560068608129 0.5505090477206019 0.5504620874971651 0.5504151261907342 0.5503681638015416 0.5503212003298196 0.5502742357758007 0.5502272701397177 0.5501803034218038 0.550133335622292 0.5500863667414158 0.5500393967794088 0.549992425736505 0.549945453612938 0.5498984804089426 0.5498515061247529 0.5498045307606034 0.5497575543167295 0.5497105767933658 0.5496635981907477 0.5496166185091109 0.5495696377486909 0.5495226559097237 0.5494756729924452 0.5494286889970921 0.5493817039239005 0.5493347177731074 0.5492877305449495 0.5492407422396646 0.5491937528574893 0.5491467623986616 0.549099770863419 0.5490527782519998 0.549005784564642 0.5489587898015841 0.5489117939630646 0.5488647970493223 0.5488177990605966 0.5487707999971262 0.548723799859151 0.5486767986469103 0.5486297963606442 0.5485827930005929 0.5485357885669965 0.5484887830600954 0.5484417764801304 0.5483947688273426 0.5483477601019728 0.5483007503042627 0.5482537394344537 0.5482067274927874 0.5481597144795058 0.5481127003948514 0.5480656852390663 0.5480186690123932 0.5479716517150749 0.5479246333473544 0.5478776139094748 0.5478305934016798 0.547783571824213 0.5477365491773182 0.5476895254612394 0.5476425006762211 0.5475954748225075 0.5475484479003436 0.5475014199099741 0.5474543908516445 0.5474073607255996 0.5473603295320855 0.5473132972713476 0.547266263943632 0.5472192295491849 0.5471721940882526 0.547125157561082 0.5470781199679198 0.5470310813090128 0.5469840415846084 0.5469370007949542 0.5468899589402979 0.5468429160208872 0.5467958720369702 0.5467488269887952 0.546701780876611 0.5466547337006663 0.5466076854612097 0.5465606361584908 0.5465135857927585 0.546466534364263 0.5464194818732536 0.5463724283199805 0.546325373704694 0.5462783180276445 0.5462312612890825 0.5461842034892592 0.5461371446284254 0.5460900847068326 0.5460430237247321 0.545995961682376 0.5459488985800158 0.5459018344179041 0.5458547691962928 0.5458077029154349 0.545760635575583 0.5457135671769903 0.5456664977199095 0.5456194272045948 0.5455723556312994 0.5455252830002773 0.5454782093117825 0.5454311345660694 0.5453840587633926 0.5453369819040065 0.5452899039881663 0.5452428250161274 0.5451957449881448 0.5451486639044741 0.5451015817653714 0.5450544985710927 0.5450074143218937 0.5449603290180315 0.5449132426597627 0.5448661552473439 0.5448190667810325 0.5447719772610856 0.5447248866877608 0.5446777950613159 0.5446307023820087 0.5445836086500977 0.5445365138658411 0.5444894180294976 0.5444423211413261 0.5443952232015854 0.544348124210535 0.5443010241684344 0.544253923075543 0.5442068209321212 0.5441597177384287 0.5441126134947263 0.5440655082012742 0.5440184018583334 0.5439712944661648 0.5439241860250295 0.5438770765351892 0.5438299659969058 0.5437828544104407 0.543735741776056 0.5436886280940142 0.543641513364578 0.5435943975880099 0.5435472807645727 0.5435001628945301 0.543453043978145 0.5434059240156813 0.543358803007403 0.5433116809535739 0.5432645578544583 0.5432174337103208 0.543170308521426 0.5431231822880389 0.5430760550104248 0.5430289266888487 0.5429817973235768 0.5429346669148742 0.5428875354630076 0.5428404029682425 0.5427932694308462 0.5427461348510849 0.5426989992292256 0.5426518625655355 0.5426047248602817 0.5425575861137323 0.5425104463261546 0.5424633054978167 0.5424161636289873 0.5423690207199341 0.542321876770926 0.5422747317822323 0.5422275857541219 0.5421804386868638 0.5421332905807279 0.5420861414359841 0.542038991252902 0.5419918400317522 0.5419446877728045 0.5418975344763304 0.5418503801426002 0.5418032247718854 0.541756068364457 0.5417089109205865 0.5416617524405458 0.541614592924607 0.5415674323730423 0.5415202707861237 0.5414731081641244 0.5414259445073171 0.5413787798159747 0.5413316140903708 0.5412844473307785 0.5412372795374721 0.5411901107107253 0.5411429408508124 0.5410957699580075 0.5410485980325855 0.5410014250748215 0.5409542510849901 0.5409070760633672 0.5408599000102277 0.5408127229258479 0.5407655448105035 0.5407183656644706 0.540671185488026 0.540624004281446 0.5405768220450076 0.540529638778988 0.5404824544836645 0.5404352691593143 0.5403880828062159 0.5403408954246465 0.5402937070148847 0.540246517577209 0.5401993271118977 0.5401521356192303 0.5401049430994853 0.5400577495529424 0.5400105549798809 0.5399633593805808 0.539916162755322 0.5398689651043849 0.5398217664280497 0.5397745667265972 0.5397273660003084 0.5396801642494642 0.5396329614743461 0.5395857576752356 0.5395385528524146 0.5394913470061651 0.5394441401367694 0.5393969322445099 0.5393497233296694 0.5393025133925303 0.5392553024333766 0.5392080904524912 0.5391608774501577 0.53911366342666 0.5390664483822823 0.5390192323173086 0.5389720152320236 0.538924797126712 0.5388775780016587 0.538830357857149 0.5387831366934681 0.5387359145109019 0.538688691309736 0.5386414670902566 0.53859424185275 0.538547015597503 0.5384997883248017 0.5384525600349338 0.5384053307281862 0.5383581004048463 0.5383108690652021 0.538263636709541 0.5382164033381515 0.5381691689513217 0.5381219335493406 0.5380746971324966 0.5380274597010787 0.5379802212553765 0.5379329817956795 0.5378857413222768 0.537838499835459 0.537791257335516 0.5377440138227384 0.5376967692974165 0.5376495237598414 0.537602277210304 0.5375550296490959 0.5375077810765083 0.5374605314928332 0.5374132808983626 0.5373660292933886 0.5373187766782037 0.5372715230531007 0.5372242684183721 0.5371770127743116 0.537129756121212 0.5370824984593674 0.5370352397890715 0.5369879801106182 0.5369407194243019 0.5368934577304169 0.536846195029258 0.5367989313211206 0.5367516666062994 0.5367044008850899 0.5366571341577878 0.5366098664246892 0.5365625976860899 0.5365153279422865 0.5364680571935754 0.5364207854402536 0.5363735126826179 0.5363262389209656 0.5362789641555943 0.5362316883868015 0.5361844116148856 0.5361371338401444 0.5360898550628765 0.5360425752833804 0.5359952945019552 0.5359480127188996 0.5359007299345133 0.5358534461490958 0.5358061613629469 0.5357588755763664 0.5357115887896549 0.5356643010031126 0.5356170122170404 0.5355697224317392 0.5355224316475102 0.5354751398646549 0.5354278470834747 0.5353805533042713 0.5353332585273476 0.5352859627530052 0.5352386659815471 0.5351913682132758 0.5351440694484946 0.5350967696875064 0.5350494689306151 0.5350021671781242 0.5349548644303377 0.5349075606875598 0.534860255950095 0.5348129502182479 0.5347656434923235 0.5347183357726265 0.5346710270594628 0.5346237173531376 0.534576406653957 0.5345290949622269 0.5344817822782534 0.5344344686023432 0.5343871539348034 0.5343398382759406 0.5342925216260617 0.5342452039854747 0.5341978853544873 0.5341505657334068 0.534103245122542 0.534055923522201 0.5340086009326925 0.5339612773543254 0.5339139527874086 0.5338666272322514 0.5338193006891635 0.5337719731584547 0.533724644640435 0.5336773151354144 0.5336299846437036 0.5335826531656136 0.5335353207014548 0.5334879872515388 0.5334406528161768 0.5333933173956803 0.5333459809903617 0.5332986436005327 0.533251305226506 0.5332039658685936 0.533156625527109 0.533109284202365 0.5330619418946747 0.533014598604352 0.5329672543317103 0.532919909077064 0.532872562840727 0.5328252156230139 0.5327778674242393 0.5327305182447183 0.5326831680847661 0.5326358169446979 0.5325884648248297 0.5325411117254768 0.5324937576469558 0.5324464025895831 0.5323990465536752 0.5323516895395488 0.5323043315475209 0.5322569725779089 0.5322096126310306 0.5321622517072033 0.5321148898067455 0.532067526929975 0.5320201630772106 0.5319727982487708 0.5319254324449745 0.5318780656661412 0.53183069791259 0.5317833291846408 0.5317359594826135 0.5316885888068281 0.5316412171576049 0.5315938445352648 0.5315464709401285 0.5314990963725169 0.5314517208327516 0.5314043443211541 0.5313569668380461 0.5313095883837498 0.5312622089585872 0.5312148285628809 0.5311674471969539 0.531120064861129 0.5310726815557292 0.5310252972810783 0.5309779120374998 0.5309305258253177 0.5308831386448563 0.5308357504964398 0.5307883613803928 0.5307409712970406 0.5306935802467079 0.5306461882297202 0.5305987952464031 0.5305514012970823 0.5305040063820844 0.530456610501735 0.5304092136563612 0.5303618158462895 0.530314417071847 0.5302670173333611 0.5302196166311592 0.530172214965569 0.5301248123369185 0.530077408745536 0.5300300041917501 0.5299825986758891 0.5299351921982827 0.5298877847592589 0.5298403763591482 0.5297929669982799 0.5297455566769836 0.5296981453955898 0.5296507331544291 0.5296033199538315 0.5295559057941283 0.5295084906756505 0.5294610745987292 0.5294136575636965 0.5293662395708839 0.5293188206206234 0.5292714007132473 0.5292239798490883 0.5291765580284791 0.5291291352517529 0.5290817115192428 0.5290342868312818 0.5289868611882047 0.5289394345903449 0.5288920070380365 0.5288445785316143 0.5287971490714124 0.5287497186577665 0.5287022872910115 0.5286548549714829 0.5286074216995162 0.5285599874754472 0.5285125522996124 0.528465116172348 0.5284176790939908 0.5283702410648773 0.5283228020853451 0.5282753621557315 0.5282279212763736 0.5281804794476097 0.5281330366697776 0.528085592943216 0.5280381482682632 0.5279907026452583 0.5279432560745398 0.5278958085564475 0.5278483600913207 0.5278009106794994 0.5277534603213233 0.5277060090171328 0.5276585567672686 0.5276111035720711 0.5275636494318816 0.5275161943470412 0.5274687383178913 0.5274212813447738 0.5273738234280305 0.5273263645680039 0.5272789047650361 0.5272314440194699 0.5271839823316483 0.5271365197019143 0.5270890561306115 0.5270415916180835 0.5269941261646744 0.526946659770728 0.5268991924365889 0.5268517241626017 0.5268042549491112 0.5267567847964628 0.5267093137050015 0.5266618416750732 0.5266143687070236 0.5265668948011987 0.526519419957945 0.5264719441776093 0.5264244674605382 0.5263769898070785 0.526329511217578 0.5262820316923839 0.5262345512318443 0.526187069836307 0.5261395875061204 0.5260921042416331 0.5260446200431939 0.5259971349111516 0.5259496488458557 0.5259021618476556 0.5258546739169012 0.5258071850539425 0.5257596952591295 0.5257122045328129 0.5256647128753436 0.5256172202870721 0.5255697267683501 0.525522232319529 0.5254747369409603 0.5254272406329962 0.5253797433959888 0.5253322452302904 0.5252847461362539 0.5252372461142324 0.525189745164579 0.5251422432876468 0.5250947404837898 0.525047236753362 0.5249997320967174 0.5249522265142104 0.5249047200061959 0.5248572125730286 0.5248097042150637 0.5247621949326566 0.5247146847261632 0.5246671735959392 0.5246196615423404 0.5245721485657239 0.5245246346664457 0.524477119844863 0.524429604101333 0.5243820874362128 0.5243345698498604 0.5242870513426334 0.5242395319148898 0.5241920115669882 0.5241444902992873 0.5240969681121459 0.5240494450059228 0.5240019209809778 0.52395439603767 0.5239068701763596 0.5238593433974068 0.5238118157011716 0.5237642870880148 0.5237167575582972 0.5236692271123797 0.5236216957506241 0.5235741634733914 0.5235266302810437 0.5234790961739433 0.5234315611524523 0.5233840252169331 0.5233364883677485 0.523288950605262 0.5232414119298366 0.5231938723418361 0.5231463318416241 0.5230987904295642 0.5230512481060215 0.5230037048713605 0.5229561607259455 0.522908615670142 0.5228610697043148 0.5228135228288298 0.5227659750440529 0.5227184263503498 0.5226708767480872 0.522623326237631 0.5225757748193487 0.5225282224936071 0.5224806692607733 0.5224331151212149 0.5223855600753 0.5223380041233961 0.5222904472658718 0.5222428895030957 0.5221953308354363 0.5221477712632631 0.5221002107869448 0.5220526494068514 0.5220050871233524 0.5219575239368179 0.5219099598476182 0.5218623948561238 0.5218148289627056 0.5217672621677345 0.5217196944715816 0.5216721258746188 0.5216245563772177 0.5215769859797503 0.5215294146825888 0.5214818424861059 0.5214342693906742 0.521386695396667 0.5213391205044573 0.5212915447144186 0.5212439680269251 0.5211963904423502 0.5211488119610685 0.5211012325834546 0.5210536523098832 0.5210060711407294 0.5209584890763683 0.5209109061171755 0.5208633222635268 0.5208157375157982 0.5207681518743661 0.520720565339607 0.5206729779118975 0.5206253895916148 0.5205778003791359 0.520530210274839 0.5204826192791011 0.5204350273923007 0.5203874346148161 0.5203398409470257 0.520292246389308 0.5202446509420428 0.5201970546056085 0.5201494573803853 0.5201018592667529 0.520054260265091 0.5200066603757802 0.519959059599201 0.5199114579357342 0.5198638553857606 0.5198162519496621 0.5197686476278196 0.5197210424206153 0.5196734363284312 0.5196258293516496 0.5195782214906529 0.519530612745824 0.5194830031175461 0.5194353926062026 0.5193877812121768 0.5193401689358526 0.5192925557776139 0.5192449417378455 0.5191973268169318 0.5191497110152575 0.5191020943332075 0.5190544767711676 0.5190068583295232 0.5189592390086601 0.5189116188089644 0.5188639977308224 0.5188163757746209 0.5187687529407465 0.5187211292295866 0.5186735046415283 0.5186258791769592 0.5185782528362675 0.5185306256198411 0.5184829975280683 0.5184353685613377 0.5183877387200384 0.5183401080045592 0.51829247641529 0.5182448439526199 0.5181972106169391 0.5181495764086378 0.5181019413281063 0.518054305375735 0.5180066685519151 0.517959030857038 0.5179113922914946 0.5178637528556768 0.5178161125499766 0.5177684713747859 0.5177208293304973 0.5176731864175038 0.5176255426361978 0.5175778979869727 0.5175302524702221 0.5174826060863396 0.5174349588357191 0.5173873107187548 0.5173396617358411 0.517292011887373 0.5172443611737452 0.517196709595353 0.5171490571525916 0.5171014038458577 0.5170537496755463 0.5170060946420538 0.5169584387457771 0.5169107819871124 0.5168631243664572 0.5168154658842087 0.5167678065407642 0.5167201463365215 0.5166724852718787 0.5166248233472343 0.5165771605629864 0.516529496919534 0.5164818324172762 0.5164341670566122 0.5163865008379416 0.5163388337616643 0.5162911658281804 0.5162434970378897 0.5161958273911936 0.5161481568884922 0.5161004855301872 0.5160528133166795 0.516005140248371 0.5159574663256633 0.5159097915489586 0.5158621159186592 0.5158144394351678 0.5157667620988873 0.515719083910221 0.515671404869572 0.5156237249773441 0.5155760442339409 0.515528362639767 0.5154806801952265 0.5154329969007243 0.5153853127566653 0.5153376277634542 0.5152899419214971 0.5152422552311995 0.515194567692967 0.5151468793072063 0.5150991900743236 0.5150514999947255 0.5150038090688192 0.5149561172970119 0.5149084246797109 0.514860731217324 0.5148130369102596 0.5147653417589254 0.5147176457637301 0.5146699489250827 0.5146222512433919 0.5145745527190673 0.5145268533525181 0.5144791531441542 0.5144314520943859 0.5143837502036233 0.5143360474722767 0.5142883439007575 0.5142406394894763 0.5141929342388448 0.5141452281492744 0.5140975212211769 0.5140498134549645 0.5140021048510496 0.5139543954098448 0.5139066851317629 0.513858974017217 0.5138112620666205 0.5137635492803874 0.5137158356589313 0.5136681212026664 0.5136204059120071 0.513572689787368 0.5135249728291642 0.5134772550378109 0.5134295364137237 0.5133818169573179 0.5133340966690098 0.5132863755492155 0.5132386535983514 0.5131909308168345 0.5131432072050814 0.5130954827635099 0.5130477574925372 0.5130000313925811 0.5129523044640596 0.5129045767073909 0.5128568481229938 0.5128091187112872 0.5127613884726896 0.5127136574076206 0.5126659255165004 0.5126181927997479 0.5125704592577837 0.512522724891028 0.5124749896999015 0.5124272536848249 0.5123795168462197 0.512331779184507 0.5122840407001084 0.512236301393446 0.5121885612649419 0.5121408203150186 0.5120930785440987 0.5120453359526047 0.5119975925409608 0.5119498483095897 0.5119021032589153 0.5118543573893617 0.5118066107013528 0.5117588631953133 0.5117111148716682 0.5116633657308423 0.5116156157732605 0.5115678649993489 0.5115201134095333 0.5114723610042393 0.5114246077838935 0.5113768537489224 0.5113290988997529 0.5112813432368117 0.5112335867605268 0.5111858294713254 0.5111380713696352 0.5110903124558848 0.5110425527305021 0.5109947921939162 0.5109470308465556 0.5108992686888496 0.5108515057212277 0.5108037419441196 0.5107559773579551 0.5107082119631644 0.510660445760178 0.5106126787494267 0.5105649109313416 0.5105171423063535 0.5104693728748941 0.5104216026373953 0.5103738315942892 0.5103260597460075 0.5102782870929832 0.5102305136356493 0.5101827393744385 0.5101349643097841 0.5100871884421198 0.5100394117718793 0.5099916342994968 0.5099438560254066 0.5098960769500436 0.509848297073842 0.5098005163972379 0.509752734920666 0.509704952644562 0.5096571695693621 0.5096093856955022 0.5095616010234189 0.5095138155535487 0.5094660292863288 0.5094182422221963 0.5093704543615888 0.5093226657049439 0.5092748762526996 0.5092270860052941 0.5091792949631662 0.5091315031267543 0.5090837104964979 0.5090359170728359 0.5089881228562079 0.5089403278470539 0.508892532045814 0.5088447354529283 0.5087969380688377 0.5087491398939827 0.5087013409288048 0.5086535411737452 0.5086057406292457 0.5085579392957481 0.5085101371736942 0.508462334263527 0.5084145305656891 0.5083667260806233 0.5083189208087727 0.5082711147505811 0.5082233079064917 0.5081755002769492 0.5081276918623975 0.508079882663281 0.5080320726800445 0.5079842619131333 0.5079364503629926 0.5078886380300678 0.5078408249148046 0.5077930110176497 0.5077451963390489 0.5076973808794492 0.507649564639297 0.5076017476190396 0.5075539298191245 0.5075061112399997 0.5074582918821122 0.507410471745911 0.5073626508318442 0.5073148291403604 0.5072670066719092 0.5072191834269388 0.5071713594058993 0.5071235346092403 0.5070757090374122 0.5070278826908645 0.5069800555700484 0.5069322276754147 0.5068843990074139 0.5068365695664976 0.5067887393531174 0.5067409083677251 0.506693076610773 0.5066452440827132 0.5065974107839986 0.5065495767150817 0.5065017418764157 0.5064539062684545 0.5064060698916512 0.5063582327464602 0.5063103948333352 0.5062625561527312 0.5062147167051023 0.5061668764909041 0.5061190355105916 0.50607119376462 0.5060233512534456 0.5059755079775239 0.5059276639373117 0.5058798191332652 0.5058319735658412 0.5057841272354968 0.5057362801426899 0.5056884322878773 0.5056405836715171 0.5055927342940678 0.5055448841559874 0.5054970332577347 0.5054491815997686 0.5054013291825481 0.5053534760065328 0.5053056220721825 0.5052577673799572 0.5052099119303167 0.5051620557237217 0.5051141987606335 0.505066341041512 0.5050184825668195 0.504970623337017 0.5049227633525665 0.50487490261393 0.5048270411215697 0.5047791788759484 0.5047313158775288 0.5046834521267739 0.5046355876241476 0.5045877223701128 0.5045398563651339 0.5044919896096749 0.5044441221042003 0.5043962538491749 0.5043483848450632 0.5043005150923306 0.504252644591443 0.5042047733428656 0.5041569013470649 0.5041090286045067 0.5040611551156575 0.5040132808809844 0.5039654059009544 0.5039175301760348 0.5038696537066929 0.503821776493397 0.5037738985366149 0.5037260198368149 0.503678140394466 0.5036302602100367 0.503582379283996 0.5035344976168139 0.5034866152089598 0.5034387320609036 0.5033908481731154 0.503342963546066 0.5032950781802259 0.5032471920760659 0.5031993052340575 0.5031514176546725 0.5031035293383822 0.503055640285659 0.5030077504969747 0.5029598599728023 0.5029119687136145 0.5028640767198849 0.5028161839920857 0.5027682905306916 0.5027203963361758 0.5026725014090131 0.5026246057496775 0.5025767093586436 0.5025288122363865 0.5024809143833813 0.5024330158001036 0.502385116487029 0.5023372164446338 0.5022893156733939 0.5022414141737858 0.5021935119462865 0.502145608991373 0.5020977053095219 0.5020498009012121 0.5020018957669208 0.5019539899071258 0.5019060833223057 0.5018581760129391 0.501810267979505 0.5017623592224825 0.5017144497423509 0.5016665395395898 0.5016186286146794 0.5015707169680999 0.5015228046003317 0.5014748915118552 0.5014269777031517 0.5013790631747026 0.501331147926989 0.5012832319604932 0.5012353152756968 0.5011873978730822 0.5011394797531321 0.5010915609163292 0.5010436413631569 0.5009957210940981 0.5009478001096366 0.5008998784102564 0.5008519559964417 0.5008040328686769 0.5007561090274462 0.5007081844732352 0.5006602592065288 0.5006123332278123 0.5005644065375718 0.5005164791362929 0.5004685510244622 0.5004206222025662 0.5003726926710915 0.5003247624305249 0.5002768314813545 0.5002288998240673 0.5001809674591511 0.5001330343870942 0.5000851006083846 0.5000371661235116 0.49998923093296355 0.49994129503722995 0.49989335843679994 0.499845421132163 0.49979748312380967 0.49974954441222996 0.49970160499791416 0.499653664881353 0.4996057240630376 0.49955778254345906 0.4995098403231093 0.4994618974024795 0.4994139537820621 0.49936600946234955 0.4993180644438342 0.49927011872700877 0.49922217231236665 0.4991742252004009 0.4991262773916054 0.4990783288864742 0.499030379685501 0.4989824297891805 0.49893447919800715 0.49888652791247645 0.498838575933083 0.49879062326032264 0.49874266989469085 0.4986947158366838 0.4986467610867976 0.49859880564552916 0.498550849513375 0.4985028926908319 0.4984549351783977 0.49840697697656966 0.4983590180858458 0.49831105850672386 0.49826309823970283 0.4982151372852808 0.49816717564395696 0.49811921331623044 0.49807125030260035 0.49802328660356676 0.4979753222196297 0.497927357151289 0.49787939139904513 0.49783142496339927 0.4977834578448521 0.49773549004390505 0.49768752156105944 0.49763955239681734 0.49759158255168046 0.4975436120261516 0.49749564082073283 0.4974476689359273 0.4973996963722378 0.49735172313016807 0.4973037492102219 0.4972557746129027 0.49720779933871473 0.4971598233881629 0.49711184676175124 0.49706386945998515 0.49701589148336955 0.49696791283241004 0.49691993350761277 0.496871953509483 0.49682397283852753 0.49677599149525264 0.4967280094801654 0.4966800267937723 0.4966320434365813 0.49658405940909955 0.49653607471183525 0.4964880893452964 0.4964401033099912 0.49639211660642824 0.49634412923511684 0.4962961411965656 0.4962481524912845 0.4962001631197831 0.49615217308257087 0.49610418238015863 0.4960561910130564 0.4960081989817755 0.49596020628682624 0.49591221292872034 0.49586421890796895 0.4958162242250843 0.4957682288805785 0.4957202328749635 0.495672236208752 0.49562423888245655 0.4955762408965907 0.4955282422516678 0.4954802429482015 0.4954322429867053 0.49538424236769374 0.4953362410916813 0.4952882391591823 0.4952402365707119 0.4951922333267853 0.4951442294279179 0.49509622487462557 0.4950482196674243 0.49500021380683024 0.49495220729335987 0.4949042001275302 0.494856192309858 0.4948081838408609 0.49476017472105616 0.4947121649509618 0.494664154531096 0.494616143461977 0.4945681317441235 0.49452011937805396 0.49447210636428796 0.4944240927033451 0.4943760783957448 0.49432806344200697 0.49428004784265167 0.4942320315981996 0.4941840147091714 0.49413599717608836 0.494087978999471 0.4940399601798413 0.49399194071772135 0.4939439206136329 0.4938958998680979 0.49384787848163925 0.49379985645477986 0.49375183378804266 0.493703810481951 0.49365578653702846 0.49360776195379885 0.49355973673278686 0.4935117108745163 0.49346368437951194 0.4934156572482986 0.4933676294814018 0.4933196010793469 0.49327157204265937 0.4932235423718654 0.493175512067491 0.4931274811300629 0.49307944956010785 0.4930314173581529 0.4929833845247248 0.4929353510603519 0.49288731696556143 0.492839282240882 0.49279124688684117 0.4927432109039681 0.4926951742927915 0.49264713705384033 0.49259909918764444 0.492551060694733 0.49250302157563586 0.49245498183088376 0.4924069414610064 0.49235890046653497 0.4923108588480001 0.4922628166059331 0.49221477374086564 0.49216673025332947 0.49211868614385623 0.4920706414129783 0.49202259606122833 0.49197455008913904 0.4919265034972433 0.49187845628607485 0.49183040845616677 0.4917823600080531 0.4917343109422678 0.49168626125934545 0.4916382109598204 0.49159016004422784 0.49154210851310265 0.4914940563669803 0.49144600360639645 0.4913979502318868 0.49134989624398795 0.49130184164323587 0.4912537864301676 0.4912057306053199 0.4911576741692302 0.49110961712243584 0.4910615594654746 0.4910135011988843 0.4909654423232035 0.4909173828389706 0.49086932274672423 0.49082126204700394 0.49077320074034836 0.4907251388272973 0.49067707630839075 0.49062901318416885 0.49058094945517183 0.49053288512194004 0.4904848201850147 0.4904367546449371 0.49038868850224804 0.49034062175748994 0.4902925544112037 0.49024448646393237 0.49019641791621793 0.49014834876860347 0.49010027902163156 0.49005220867584565 0.4900041377317891 0.48995606619000587 0.48990799405103946 0.48985992131543443 0.48981184798373545 0.4897637740564872 0.48971569953423466 0.4896676244175231 0.48961954870689794 0.48957147240290544 0.48952339550609136 0.48947531801700217 0.489427239936184 0.48937916126418446 0.4893310820015502 0.4892830021488286 0.4892349217065677 0.4891868406753148 0.48913875905561854 0.489090676848027 0.48904259405308925 0.488994510671354 0.4889464267033702 0.4888983421496875 0.48885025701085594 0.488802171287425 0.488754084979945 0.48870599808896675 0.48865791061504094 0.48860982255871854 0.48856173392055036 0.4885136447010884 0.4884655549008845 0.4884174645204905 0.48836937356045884 0.48832128202134184 0.48827318990369273 0.4882250972080642 0.48817700393500996 0.4881289100850834 0.4880808156588381 0.4880327206568288 0.4879846250796095 0.487936528927735 0.48788843220176004 0.48784033490223977 0.4877922370297296 0.4877441385847856 0.48769603956796326 0.4876479399798188 0.4875998398209087 0.48755173909179006 0.4875036377930193 0.487455535925154 0.48740743348875126 0.4873593304843695 0.4873112269125661 0.4872631227738995 0.4872150180689283 0.487166912798211 0.4871188069623069 0.4870707005617756 0.4870225935971759 0.4869744860690681 0.4869263779780123 0.48687826932456857 0.4868301601092977 0.48678205033276023 0.48673393999551773 0.4866858290981313 0.48663771764116226 0.48658960562517295 0.48654149305072536 0.4864933799183815 0.48644526622870465 0.4863971519822574 0.48634903717960287 0.48630092182130424 0.48625280590792574 0.4862046894400309 0.4861565724181842 0.48610845484294984 0.48606033671489246 0.4860122180345773 0.4859640988025693 0.48591597901943406 0.48586785868573745 0.485819737802045 0.4857716163689235 0.4857234943869393 0.4856753718566591 0.4856272487786495 0.48557912515347845 0.4855310009817131 0.4854828762639214 0.4854347510006711 0.48538662519253084 0.4853384988400691 0.4852903719438546 0.4852422445044563 0.4851941165224437 0.4851459879983865 0.48509785893285406 0.4850497293264171 0.48500159917964547 0.48495346849310983 0.4849053372673815 0.4848572055030309 0.4848090732006298 0.4847609403607501 0.4847128069839629 0.48466467307084105 0.48461653862195664 0.48456840363788245 0.48452026811919113 0.48447213206645623 0.48442399548025084 0.4843758583611488 0.4843277207097241 0.48427958252655023 0.48423144381220273 0.48418330456725567 0.4841351647922839 0.484087024487863 0.48403888365456793 0.483990742292975 0.48394260040366 0.4838944579871989 0.4838463150441681 0.4837981715751448 0.4837500275807056 0.4837018830614279 0.48365373801788936 0.48360559245066725 0.48355744636034004 0.4835092997474858 0.48346115261268297 0.4834130049565104 0.4833648567795471 0.4833167080823725 0.4832685588655661 0.48322040912970743 0.4831722588753764 0.48312410810315387 0.48307595681362026 0.483027805007356 0.48297965268494236 0.4829314998469606 0.48288334649399234 0.48283519262661945 0.4827870382454239 0.4827388833509878 0.48269072794389434 0.4826425720247257 0.48259441559406546 0.48254625865249656 0.482498101200603 0.48244994323896795 0.4824017847681763 0.4823536257888119 0.48230546630145965 0.48225730630670394 0.4822091458051303 0.48216098479732405 0.48211282328387073 0.48206466126535585 0.4820164987423661 0.4819683357154879 0.48192017218530725 0.4818720081524116 0.4818238436173876 0.48177567858082293 0.4817275130433053 0.48167934700542214 0.48163118046776243 0.4815830134309136 0.4815348458954647 0.48148667786200505 0.48143850933112287 0.4813903403034083 0.48134217077945096 0.4812940007598403 0.48124583024516676 0.48119765923602087 0.48114948773299293 0.4811013157366738 0.48105314324765525 0.4810049702665282 0.48095679679388437 0.48090862283031555 0.48086044837641406 0.48081227343277266 0.48076409799998343 0.4807159220786392 0.480667745669334 0.48061956877266054 0.48057139138921245 0.4805232135195838 0.48047503516436885 0.48042685632416204 0.48037867699955794 0.4803304971911514 0.4802823168995376 0.4802341361253122 0.48018595486907045 0.4801377731314087 0.4800895909129228 0.48004140821420926 0.47999322503586483 0.47994504137848626 0.47989685724267106 0.4798486726290163 0.47980048753811966 0.47975230197057894 0.479704115926993 0.4796559294079593 0.4796077424140771 0.4795595549459454 0.4795113670041631 0.4794631785893294 0.47941498970204444 0.4793668003429076 0.47931861051251945 0.4792704202114806 0.47922222944039095 0.47917403819985194 0.47912584649046464 0.47907765431283045 0.4790294616675511 0.47898126855522816 0.478933074976464 0.478884880931861 0.4788366864220218 0.4787884914475493 0.4787402960090468 0.47869210010711716 0.47864390374236443 0.47859570691539255 0.47854750962680537 0.4784993118772074 0.47845111366720317 0.47840291499739784 0.4783547158683962 0.478306516280804 0.4782583162352261 0.4782101157322691 0.4781619147725389 0.47811371335664155 0.47806551148518417 0.47801730915877294 0.4779691063780157 0.4779209031435194 0.4778726994558914 0.47782449531574 0.477776290723673 0.4777280856802987 0.47767988018622576 0.477631674242063 0.47758346784841943 0.47753526100590427 0.47748705371512723 0.47743884597669817 0.47739063779122715 0.477342429159324 0.4772942200815997 0.4772460105586651 0.4771978005911308 0.47714959017960856 0.4771013793247094 0.47705316802704556 0.4770049562872286 0.4769567441058713 0.47690853148358536 0.4768603184209844 0.47681210491868065 0.4767638909772881 0.47671567659741976 0.4766674617796891 0.47661924652471055 0.47657103083309815 0.47652281470546654 0.4764745981424299 0.4764263811446037 0.476378163712603 0.476329945847043 0.4762817275485396 0.47623350881770854 0.47618528965516627 0.47613707006152883 0.4760888500374132 0.47604062958343585 0.4759924087002143 0.47594418738836575 0.475895965648508 0.4758477434812586 0.47579952088723576 0.47575129786705794 0.47570307442134374 0.4756548505507119 0.47560662625578143 0.47555840153717166 0.4755101763955023 0.4754619508313932 0.47541372484546407 0.4753654984383354 0.47531727161062776 0.475269044362962 0.47522081669595884 0.4751725886102396 0.4751243601064259 0.4750761311851397 0.4750279018470025 0.4749796720926367 0.4749314419226649 0.47488321133770917 0.47483498033839344 0.47478674892534056 0.4747385170991735 0.4746902848605161 0.47464205220999267 0.4745938191482272 0.4745455856758437 0.47449735179346697 0.47444911750172214 0.47440088280123405 0.4743526476926281 0.4743044121765301 0.4742561762535653 0.4742079399243604 0.4741597031895415 0.474111466049735 0.4740632285055676 0.4740149905576666 0.4739667522066592 0.4739185134531728 0.4738702742978351 0.4738220347412745 0.4737737947841185 0.47372555442699626 0.4736773136705361 0.4736290725153669 0.4735808309621179 0.4735325890114188 0.47348434666389894 0.473436103920188 0.473387860780917 0.473339617246715 0.4732913733182137 0.4732431289960436 0.47319488428083567 0.4731466391732212 0.4730983936738318 0.4730501477832991 0.47300190150225574 0.47295365483133334 0.4729054077711643 0.472857160322382 0.4728089124856192 0.47276066426150876 0.47271241565068456 0.47266416665377986 0.47261591727142893 0.47256766750426604 0.472519417352925 0.472471166818041 0.47242291590024865 0.4723746646001832 0.47232641291847977 0.47227816085577434 0.47222990841270207 0.4721816555898998 0.47213340238800316 0.47208514880764885 0.47203689484947375 0.4719886405141147 0.4719403858022091 0.4718921307143944 0.4718438752513082 0.47179561941358816 0.47174736320187316 0.4716991066168007 0.47165084965901016 0.47160259232914004 0.4715543346278295 0.47150607655571775 0.47145781811344456 0.47140955930164985 0.4713613001209733 0.47131304057205514 0.47126478065553634 0.4712165203720575 0.4711682597222592 0.4711199987067829 0.47107173732627017 0.4710234755813625 0.4709752134727019 0.4709269510009303 0.4708786881666902 0.47083042497062433 0.4707821614133755 0.4707338974955866 0.470685633217901 0.47063736858096183 0.47058910358541384 0.4705408382319002 0.47049257252106536 0.47044430645355373 0.4703960400300101 0.47034777325107946 0.4702995061174067 0.47025123862963736 0.4702029707884169 0.4701547025943914 0.47010643404820707 0.4700581651505097 0.470009895901946 0.46996162630316307 0.4699133563548077 0.46986508605752697 0.4698168154119686 0.4697685444187799 0.4697202730786092 0.4696720013921043 0.46962372935991403 0.46957545698268655 0.46952718426107065 0.46947891119571605 0.46943063778727134 0.46938236403638633 0.4693340899437105 0.46928581550989434 0.469237540735588 0.4691892656214415 0.46914099016810573 0.4690927143762311 0.4690444382464699 0.46899616177947245 0.468947884975891 0.46889960783637674 0.468851330361582 0.46880305255215915 0.46875477440876057 0.46870649593203884 0.4686582171226471 0.46860993798123873 0.4685616585084663 0.46851337870498466 0.4684650985714468 0.46841681810850677 0.4683685373168194 0.46832025619703876 0.46827197474981985 0.4682236929758177 0.46817541087568726 0.4681271284500843 0.4680788456996642 0.46803056262508314 0.46798227922699676 0.4679339955060622 0.4678857114629351 0.4678374270982728 0.4677891424127324 0.4677408574069706 0.4676925720816455 0.4676442864374142 0.4675960004749353 0.46754771419486607 0.4674994275978659 0.4674511406845927 0.4674028534557052 0.467354565911863 0.4673062780537247 0.46725798988195044 0.46720970139719964 0.467161412600132 0.467113123491408 0.46706483407168764 0.467016544341632 0.4669682543019017 0.4669199639531578 0.4668716732960614 0.4668233823312742 0.4667750910594578 0.46672679948127416 0.4666785075973857 0.4666302154084545 0.4665819229151431 0.4665336301181148 0.46648533701803196 0.4664370436155585 0.46638874991135715 0.46634045590609263 0.46629216160042786 0.46624386699502773 0.4661955720905564 0.4661472768876782 0.4660989813870584 0.4660506855893617 0.46600238949525363 0.46595409310539915 0.4659057964204646 0.46585749944111576 0.465809202168018 0.4657609046018387 0.4657126067432441 0.46566430859290064 0.4656160101514758 0.4655677114196367 0.4655194123980506 0.4654711130873854 0.46542281348830894 0.4653745136014893 0.4653262134275946 0.4652779129672936 0.46522961222125514 0.46518131119014816 0.4651330098746419 0.4650847082754055 0.4650364063931087 0.4649881042284214 0.4649398017820141 0.4648914990545564 0.4648431960467191 0.4647948927591731 0.46474658919258915 0.46469828534763846 0.46464998122499224 0.4646016768253223 0.46455337214930026 0.4645050671975983 0.46445676197088837 0.4644084564698435 0.46436015069513603 0.4643118446474386 0.4642635383274246 0.4642152317357673 0.46416692487314004 0.4641186177402169 0.46407031033767177 0.46402200266617877 0.4639736947264119 0.46392538651904625 0.46387707804475675 0.463828769304218 0.4637804602981055 0.46373215102709453 0.46368384149186115 0.4636355316930807 0.4635872216314296 0.46353891130758407 0.46349060072222115 0.46344228987601666 0.46339397876964816 0.4633456674037928 0.4632973557791277 0.4632490438963306 0.46320073175607934 0.4631524193590517 0.46310410670592617 0.46305579379738115 0.46300748063409547 0.46295916721674746 0.4629108535460168 0.4628625396225823 0.4628142254471237 0.4627659110203206 0.4627175963428529 0.4626692814154011 0.4626209662386449 0.46257265081326526 0.46252433513994307 0.4624760192193591 0.4624277030521944 0.4623793866391305 0.46233106998084894 0.4622827530780318 0.4622344359313606 0.46218611854151814 0.4621378009091862 0.46208948303504815 0.4620411649197862 0.4619928465640839 0.4619445279686243 0.4618962091340906 0.4618478900611671 0.46179957075053757 0.4617512512028854 0.4617029314188955 0.46165461139925257 0.4616062911446408 0.4615579706557458 0.46150964993325194 0.461461328977845 0.46141300779021066 0.4613646863710342 0.4613163647210021 0.46126804284080025 0.46121972073111506 0.4611713983926331 0.4611230758260412 0.4610747530320266 0.46102643001127586 0.4609781067644769 0.46092978329231726 0.4608814595954849 0.4608331356746673 0.4607848115305533 0.4607364871638311 0.4606881625751892 0.4606398377653165 0.46059151273490184 0.4605431874846351 0.4604948620152053 0.46044653632730215 0.46039821042161544 0.46034988429883505 0.4603015579596518 0.4602532314047558 0.46020490463483776 0.46015657765058837 0.460108250452699 0.46005992304186094 0.46001159541876535 0.4599632675841041 0.4599149395385691 0.45986661128285244 0.4598182828176465 0.4597699541436435 0.4597216252615365 0.45967329617201813 0.45962496687578136 0.4595766373735196 0.45952830766592667 0.4594799777536954 0.45943164763752087 0.45938331731809634 0.4593349867961163 0.45928665607227515 0.4592383251472678 0.45918999402178917 0.4591416626965341 0.4590933311721981 0.4590449994494764 0.4589966675290649 0.45894833541165947 0.4589000030979562 0.4588516705886512 0.45880333788444116 0.4587550049860225 0.4587066718940924 0.458658338609348 0.4586100051324862 0.45856167146420435 0.45851333760520085 0.4584650035561728 0.4584166693178189 0.45836833489083684 0.4583200002759251 0.45827166547378295 0.45822333048510866 0.4581749953106016 0.45812665995096025 0.45807832440688523 0.4580299886790755 0.4579816527682308 0.4579333166750512 0.4578849804002372 0.45783664394448886 0.45778830730850695 0.4577399704929923 0.4576916334986457 0.4576432963261686 0.45759495897626223 0.4575466214496281 0.4574982837469682 0.45744994586898413 0.4574016078163785 0.4573532695898531 0.45730493119011095 0.45725659261785445 0.4572082538737866 0.45715991495861097 0.4571115758730302 0.45706323661774795 0.4570148971934681 0.45696655760089433 0.4569182178407313 0.45686987791368217 0.4568215378204522 0.45677319756174606 0.45672485713826816 0.45667651655072405 0.4566281757998183 0.45657983488625686 0.456531493810745 0.45648315257398864 0.4564348111766938 0.4563864696195663 0.45633812790331296 0.45628978602864045 0.45624144399625477 0.45619310180686323 0.4561447594611734 0.45609641695989167 0.4560480743037264 0.4559997314933848 0.4559513885295746 0.45590304541300386 0.4558547021443815 0.455806358724415 0.45575801515381387 0.4557096714332862 0.45566132756354105 0.4556129835452878 0.4555646393792361 0.4555162950660949 0.45546795060657397 0.455419606001384 0.4553712612512343 0.4553229163568351 0.4552745713188978 0.4552262261381318 0.4551778808152487 0.4551295353509597 0.45508118974597533 0.45503284400100763 0.45498449811676744 0.45493615209396765 0.45488780593331923 0.4548394596355345 0.45479111320132604 0.4547427666314062 0.45469441992648774 0.4546460730872832 0.454597726114506 0.45454937900886905 0.45450103177108614 0.4544526844018707 0.4544043369019366 0.4543559892719975 0.4543076415127675 0.4542592936249614 0.4542109456092933 0.454162597466478 0.45411424919723054 0.4540659008022655 0.4540175522822987 0.45396920363804505 0.4539208548702205 0.45387250597954043 0.45382415696672107 0.4537758078324783 0.45372745857752883 0.4536791092025887 0.45363075970837463 0.45358241009560374 0.4535340603649931 0.4534857105172594 0.45343736055312045 0.4533890104732937 0.4533406602784966 0.45329230996944725 0.45324395954686425 0.45319560901146483 0.4531472583639682 0.4530989076050931 0.4530505567355576 0.4530022057560813 0.4529538546673826 0.4529055034701819 0.4528571521651976 0.4528088007531502 0.4527604492347591 0.4527120976107445 0.45266374588182656 0.4526153940487253 0.4525670421121619 0.4525186900728566 0.4524703379315307 0.452421985688905 0.4523736333457007 0.4523252809026391 0.4522769283604422 0.45222857571983166 0.45218022298152905 0.4521318701462569 0.45208351721473716 0.4520351641876925 0.4519868110658456 0.45193845784991904 0.4518901045406363 0.4518417511387194 0.4517933976448929 0.4517450440598798 0.4516966903844033 0.451648336619188 0.4515999827649573 0.4515516288224358 0.4515032747923473 0.45145492067541715 0.4514065664723692 0.4513582121839286 0.45130985781082067 0.45126150335377024 0.4512131488135024 0.4511647941907435 0.45111643948621827 0.4510680847006533 0.45101972983477423 0.4509713748893076 0.4509230198649794 0.45087466476251636 0.45082630958264525 0.4507779543260929 0.45072959899358633 0.4506812435858524 0.4506328881036188 0.4505845325476133 0.45053617691856296 0.4504878212171963 0.4504394654442412 0.4503911096004254 0.4503427536864777 0.45029439770312674 0.4502460416511006 0.45019768553112893 0.45014932934394025 0.45010097309026387 0.450052616770829 0.4500042603863652 0.4499559039376022 0.4499075474252703 0.4498591908500986 0.4498108342128181 0.44976247751415865 0.44971412075485084 0.4496657639356253 0.449617407057213 0.44956905012034476 0.4495206931257518 0.4494723360741655 0.44942397896631714 0.44937562180293855 0.44932726458476113 0.4492789073125174 0.4492305499869389 0.44918219260875847 0.4491338351787082 0.4490854776975206 0.44903712016592867 0.44898876258466536 0.44894040495446297 0.4488920472760558 0.4488436895501765 0.44879533177755926 0.44874697395893715 0.44869861609504436 0.44865025818661486 0.4486019002343826 0.44855354223908217 0.44850518420144814 0.44845682612221527 0.44840846800211764 0.448360109841891 0.44831175164227 0.44826339340399013 0.4482150351277867 0.4481666768143955 0.4481183184645521 0.4480699600789926 0.4480216016584526 0.44797324320366894 0.44792488471537717 0.44787652619431484 0.4478281676412176 0.44777980905682313 0.4477314504418676 0.447683091797089 0.4476347331232241 0.44758637442101024 0.44753801569118523 0.44748965693448695 0.447441298151653 0.4473929393434215 0.4473445805105307 0.4472962216537195 0.4472478627737254 0.4471995038712877 0.4471511449471449 0.44710278600203623 0.44705442703670084 0.4470060680518777 0.44695770904830623 0.44690935002672627 0.44686099098787757 0.4468126319324994 0.4467642728613327 0.4467159137751169 0.4466675546745924 0.44661919556049967 0.44657083643357987 0.44652247729457306 0.44647411814422044 0.446425758983263 0.44637739981244207 0.4463290406324989 0.446280681444175 0.44623232224821185 0.44618396304535146 0.44613560383633566 0.44608724462190674 0.44603888540280634 0.44599052617977764 0.4459421669535628 0.4458938077249044 0.4458454484945451 0.44579708926322814 0.44574873003169646 0.44570037080069347 0.44565201157096257 0.44560365234324717 0.4455552931182909 0.4455069338968377 0.44545857467963135 0.4454102154674163 0.44536185626093616 0.4453134970609365 0.44526513786816047 0.44521677868335374 0.4451684195072605 0.44512006034062623 0.4450717011841956 0.4450233420387142 0.4449749829049273 0.4449266237835803 0.4448782646754187 0.44482990558118884 0.44478154650163637 0.44473318743750756 0.44468482838954815 0.44463646935850476 0.44458811034512435 0.444539751350153 0.44449139237433777 0.44444303341842517 0.44439467448316283 0.4443463155692978 0.4442979566775769 0.4442495978087483 0.44420123896355923 0.44415288014275767 0.44410452134709144 0.4440561625773084 0.4440078038341565 0.4439594451183846 0.44391108643074095 0.4438627277719739 0.44381436914283223 0.44376601054406506 0.443717651976421 0.4436692934406492 0.4436209349374991 0.44357257646771975 0.4435242180320611 0.4434758596312728 0.4434275012661041 0.4433791429373052 0.44333078464562625 0.44328242639181725 0.4432340681766287 0.443185710000811 0.44313735186511427 0.44308899377028976 0.4430406357170884 0.44299227770626104 0.44294391973855807 0.44289556181473166 0.442847203935533 0.44279884610171305 0.44275048831402386 0.4427021305732173 0.4426537728800449 0.44260541523525876 0.4425570576396114 0.44250870009385457 0.4424603425987407 0.4424119851550228 0.44236362776345317 0.4423152704247846 0.44226691313977007 0.4422185559091627 0.44217019873371544 0.4421218416141819 0.442073484551315 0.44202512754586876 0.44197677059859675 0.4419284137102527 0.4418800568815905 0.4418317001133645 0.4417833434063281 0.44173498676123657 0.4416866301788438 0.4416382736599045 0.44158991720517327 0.44154156081540474 0.4414932044913542 0.4414448482337767 0.4413964920434268 0.4413481359210607 0.4412997798674331 0.44125142388329996 0.44120306796941655 0.4411547121265389 0.44110635635542317 0.441058000656825 0.44100964503150064 0.4409612894802064 0.4409129340036988 0.4408645786027341 0.440816223278069 0.4407678680304601 0.4407195128606649 0.44067115776943955 0.44062280275754184 0.44057444782572897 0.44052609297475787 0.44047773820538627 0.4404293835183717 0.4403810289144716 0.4403326743944441 0.4402843199590475 0.4402359656090393 0.4401876113451777 0.4401392571682212 0.4400909030789285 0.4400425490780573 0.4399941951663672 0.439945841344616 0.4398974876135635 0.43984913397396785 0.439800780426589 0.4397524269721854 0.4397040736115171 0.43965572034534284 0.4396073671744227 0.43955901409951614 0.43951066112138304 0.43946230824078314 0.43941395545847695 0.43936560277522385 0.43931725019178447 0.4392688977089194 0.43922054532738863 0.4391721930479533 0.43912384087137357 0.4390754887984105 0.4390271368298251 0.4389787849663782 0.4389304332088311 0.4388820815579446 0.4388337300144809 0.43878537857920097 0.438737027252866 0.4386886760362386 0.43864032493007943 0.4385919739351515 0.43854362305221617 0.43849527228203566 0.43844692162537235 0.43839857108298863 0.43835022065564666 0.4383018703441095 0.4382535201491389 0.4382051700714985 0.4381568201119508 0.43810847027125877 0.4380601205501856 0.4380117709494947 0.4379634214699488 0.43791507211231173 0.43786672287734674 0.4378183737658179 0.43777002477848836 0.437721675916122 0.43767332717948304 0.4376249785693358 0.43757663008644365 0.4375282817315712 0.43747993350548287 0.4374315854089428 0.437383237442716 0.43733488960756683 0.43728654190425975 0.43723819433356004 0.43718984689623275 0.4371414995930425 0.43709315242475466 0.4370448053921345 0.43699645849594737 0.4369481117369586 0.43689976511593376 0.4368514186336384 0.4368030722908387 0.43675472608830035 0.43670638002678885 0.43665803410707094 0.4366096883299121 0.43656134269607894 0.43651299720633774 0.4364646518614551 0.4364163066621971 0.4363679616093309 0.43631961670362285 0.43627127194584003 0.43622292733674906 0.4361745828771171 0.4361262385677114 0.4360778944092991 0.43602955040264746 0.4359812065485239 0.4359328628476957 0.43588451930093064 0.4358361759089965 0.43578783267266086 0.43573948959269126 0.4356911466698564 0.4356428039049244 0.4355944612986624 0.43554611885183947 0.43549777656522326 0.43544943443958317 0.4354010924756866 0.4353527506743031 0.4353044090362008 0.43525606756214863 0.4352077262529156 0.43515938510927055 0.4351110441319823 0.4350627033218204 0.4350143626795535 0.4349660222059517 0.4349176819017839 0.43486934176782 0.4348210018048291 0.4347726620135808 0.4347243223948455 0.4346759829493926 0.4346276436779919 0.434579304581414 0.4345309656604285 0.43448262691580575 0.434434288348316 0.4343859499587295 0.4343376117478168 0.43428927371634884 0.4342409358650958 0.43419259819482825 0.43414426070631706 0.43409592340033354 0.4340475862776485 0.43399924933903244 0.4339509125852572 0.43390257601709337 0.43385423963531244 0.43380590344068637 0.43375756743398597 0.4337092316159825 0.4336608959874483 0.433612560549155 0.43356422530187366 0.43351589024637716 0.4334675553834364 0.4334192207138243 0.43337088623831255 0.43332255195767333 0.4332742178726787 0.43322588398410145 0.43317755029271376 0.4331292167992884 0.43308088350459717 0.43303255040941346 0.4329842175145098 0.43293588482065914 0.43288755232863396 0.4328392200392076 0.432790887953153 0.43274255607124323 0.43269422439425154 0.4326458929229511 0.432597561658115 0.4325492306005174 0.4325008997509314 0.4324525691101304 0.4324042386788879 0.4323559084579781 0.4323075784481747 0.4322592486502512 0.43221091906498166 0.4321625896931405 0.4321142605355014 0.43206593159283857 0.43201760286592616 0.4319692743555388 0.43192094606245046 0.4318726179874357 0.4318242901312692 0.4317759624947257 0.43172763507857914 0.43167930788360476 0.4316309809105774 0.43158265416027186 0.43153432763346267 0.4314860013309254 0.4314376752534349 0.4313893494017662 0.4313410237766947 0.43129269837899553 0.43124437320944375 0.4311960482688153 0.43114772355788544 0.43109939907742967 0.4310510748282237 0.4310027508110429 0.43095442702666364 0.430906103475861 0.43085778015941134 0.43080945707809004 0.4307611342326739 0.4307128116239385 0.43066448925265977 0.4306161671196145 0.4305678452255781 0.43051952357132794 0.43047120215763957 0.43042288098528947 0.4303745600550546 0.43032623936771164 0.43027791892403655 0.43022959872480626 0.4301812787707979 0.4301329590627878 0.4300846396015531 0.43003632038787076 0.42998800142251736 0.4299396827062709 0.42989136423990715 0.4298430460242043 0.42979472805993946 0.4297464103478894 0.4296980928888319 0.42964977568354445 0.42960145873280386 0.4295531420373886 0.4295048255980757 0.4294565094156426 0.4294081934908677 0.429359877824528 0.42931156241740154 0.4292632472702662 0.42921493238389996 0.42916661775908094 0.42911830339658696 0.429069989297196 0.42902167546168624 0.428973361890836 0.42892504858542346 0.42887673554622696 0.4288284227740249 0.42878011026959506 0.42873179803371697 0.42868348606716844 0.4286351743707282 0.42858686294517434 0.4285385517912863 0.42849024090984245 0.4284419303016217 0.4283936199674028 0.4283453099079644 0.42829700012408534 0.4282486906165448 0.42820038138612226 0.4281520724335959 0.42810376375974524 0.4280554553653497 0.42800714725118794 0.42795883941803936 0.4279105318666836 0.42786222459789935 0.4278139176124669 0.42776561091116494 0.4277173044947733 0.42766899836407124 0.4276206925198387 0.42757238696285516 0.4275240816939001 0.4274757767137536 0.42742747202319475 0.4273791676230042 0.42733086351396143 0.42728255969684603 0.42723425617243804 0.42718595294151784 0.42713765000486503 0.42708934736325976 0.4270410450174822 0.4269927429683127 0.42694444121653086 0.4268961397629174 0.4268478386082526 0.42679953775331647 0.4267512371988893 0.4267029369457517 0.4266546369946842 0.42660633734646725 0.42655803800188086 0.42650973896170596 0.4264614402267235 0.4264131417977133 0.4263648436754566 0.42631654586073364 0.42626824835432564 0.4262199511570134 0.4261716542695769 0.42612335769279774 0.4260750614274569 0.4260267654743347 0.4259784698342126 0.42593017450787096 0.42588187949609146 0.42583358479965516 0.42578529041934254 0.425736996355935 0.4256887026102141 0.4256404091829602 0.4255921160749554 0.4255438232869805 0.4254955308198167 0.4254472386742453 0.4253989468510482 0.425350655351006 0.42530236417490086 0.4252540733235135 0.4252057827976259 0.4251574925980195 0.4251092027254757 0.4250609131807761 0.4250126239647025 0.42496433507803577 0.42491604652155845 0.42486775829605194 0.4248194704022976 0.42477118284107784 0.42472289561317367 0.4246746087193677 0.4246263221604407 0.4245780359371756 0.42452975005035354 0.4244814645007564 0.4244331792891669 0.42438489441636595 0.42433660988313593 0.424288325690259 0.42424004183851727 0.4241917583286927 0.4241434751615668 0.42409519233792237 0.4240469098585413 0.4239986277242056 0.42395034593569747 0.4239020644937992 0.4238537833992928 0.423805502652961 0.4237572222555853 0.42370894220794875 0.4236606625108328 0.42361238316502026 0.42356410417129364 0.42351582553043476 0.4234675472432262 0.4234192693104506 0.4233709917328903 0.42332271451132764 0.4232744376465447 0.42322616113932443 0.42317788499044917 0.42312960920070153 0.42308133377086343 0.4230330587017185 0.42298478399404793 0.4229365096486357 0.42288823566626343 0.4228399620477137 0.4227916887937697 0.4227434159052137 0.4226951433828281 0.4226468712273963 0.42259859943970013 0.42255032802052295 0.4225020569706466 0.4224537862908547 0.42240551598192977 0.42235724604465397 0.4223089764798106 0.4222607072881822 0.4222124384705519 0.4221641700277019 0.42211590196041515 0.4220676342694747 0.4220193669556632 0.42197110001976335 0.4219228334625583 0.42187456728483064 0.4218263014873632 0.4217780360709389 0.4217297710363407 0.4216815063843513 0.4216332421157538 0.42158497823133056 0.4215367147318655 0.4214884516181404 0.4214401888909387 0.4213919265510431 0.4213436645992369 0.421295403036303 0.4212471418630238 0.42119888108018233 0.42115062068856224 0.4211023606889457 0.42105410108211605 0.42100584186885626 0.4209575830499489 0.42090932462617725 0.4208610665983241 0.420812808967173 0.4207645517335059 0.42071629489810636 0.4206680384617574 0.42061978242524156 0.4205715267893425 0.4205232715548426 0.42047501672252485 0.4204267622931728 0.4203785082675686 0.42033025464649554 0.4202820014307368 0.4202337486210753 0.42018549621829393 0.4201372442231758 0.42008899263650323 0.4200407414590597 0.41999249069162825 0.41994424033499167 0.41989599038993275 0.41984774085723464 0.4197994917376805 0.4197512430320526 0.41970299474113426 0.4196547468657088 0.41960649940655803 0.419558252364466 0.419510005740215 0.4194617595345881 0.4194135137483682 0.41936526838233823 0.41931702343728094 0.41926877891397907 0.419220534813216 0.4191722911357737 0.41912404788243585 0.419075805053985 0.4190275626512038 0.4189793206748753 0.418931079125782 0.41888283800470705 0.4188345973124331 0.4187863570497429 0.41873811721741916 0.41868987781624445 0.4186416388470019 0.4185934003104742 0.41854516220744387 0.41849692453869314 0.41844868730500573 0.4184004505071637 0.4183522141459498 0.4183039782221466 0.41825574273653654 0.41820750768990256 0.41815927308302747 0.4181110389166933 0.4180628051916827 0.41801457190877866 0.41796633906876335 0.41791810667241935 0.41786987472052917 0.41782164321387505 0.41777341215323993 0.41772518153940585 0.4176769513731555 0.4176287216552712 0.4175804923865354 0.4175322635677303 0.4174840351996383 0.41743580728304186 0.417387579818723 0.41733935280746426 0.41729112625004805 0.4172429001472564 0.4171946744998716 0.4171464493086753 0.4170982245744508 0.41705000029797923 0.41700177648004333 0.4169535531214247 0.416905330222906 0.41685710778526897 0.41680888580929576 0.4167606642957683 0.4167124432454683 0.41666422265917846 0.41661600253767983 0.4165677828817551 0.4165195636921857 0.4164713449697536 0.41642312671524073 0.41637490892942863 0.41632669161309943 0.4162784747670345 0.4162302583920161 0.4161820424888252 0.416133827058244 0.4160856121010541 0.4160373976180367 0.41598918360997394 0.4159409700776471 0.41589275702183737 0.41584454444332664 0.41579633234289626 0.41574812072132783 0.4156999095794025 0.41565169891790166 0.41560348873760644 0.41555527903929845 0.41550706982375896 0.4154588610917693 0.4154106528441103 0.4153624450815627 0.41531423780490884 0.41526603101492887 0.4152178247124043 0.41516961889811577 0.4151214135728446 0.4150732087373714 0.4150250043924777 0.4149768005389437 0.41492859717755026 0.4148803943090785 0.4148321919343093 0.4147839900540229 0.4147357886690006 0.41468758778002224 0.4146393873878693 0.4145911874933218 0.4145429880971603 0.41449478920016536 0.41444659080311774 0.41439839290679714 0.4143501955119846 0.41430199861946004 0.41425380223000385 0.4142056063443966 0.41415741096341807 0.41410921608784845 0.41406102171846815 0.41401282785605664 0.41396463450139476 0.41391644165526187 0.413868249318438 0.4138200574917035 0.4137718661758375 0.41372367537162036 0.4136754850798319 0.4136272953012512 0.4135791060366585 0.4135309172868331 0.4134827290525548 0.4134345413346032 0.41338635413375724 0.413338167450797 0.4132899812865013 0.4132417956416501 0.4131936105170221 0.41314542591339687 0.4130972418315535 0.4130490582722711 0.41300087523632867 0.41295269272450574 0.4129045107375803 0.4128563292763323 0.4128081483415401 0.41275996793398284 0.41271178805443864 0.412663608703687 0.41261542988250643 0.41256725159167507 0.41251907383197217 0.41247089660417535 0.412422719909064 0.4123745437474159 0.4123263681200099 0.4122781930276239 0.41223001847103613 0.4121818444510248 0.4121336709683683 0.41208549802384453 0.41203732561823136 0.41198915375230705 0.4119409824268494 0.4118928116426359 0.41184464140044497 0.4117964717010536 0.4117483025452402 0.4117001339337817 0.41165196586745634 0.41160379834704086 0.4115556313733132 0.41150746494705037 0.41145929906903 0.4114111337400296 0.41136296896082536 0.4113148047321954 0.4112666410549164 0.41121847792976507 0.4111703153575188 0.4111221533389542 0.4110739918748483 0.41102583096597756 0.41097767061311896 0.41092951081704865 0.4108813515785439 0.4108331928983804 0.4107850347773351 0.4107368772161841 0.4106887202157039 0.4106405637766706 0.4105924078998604 0.41054425258604954 0.4104960978360136 0.41044794365052883 0.41039979003037086 0.41035163697631605 0.4103034844891399 0.41025533256961755 0.4102071812185253 0.4101590304366385 0.41011088022473263 0.4100627305835828 0.41001458151396475 0.4099664330166535 0.40991828509242456 0.4098701377420525 0.40982199096631255 0.40977384476598 0.40972569914182944 0.4096775540946357 0.4096294096251736 0.4095812657342177 0.4095331224225428 0.40948497969092346 0.4094368375401338 0.40938869597094885 0.409340554984142 0.40929241458048815 0.4092442747607612 0.4091961355257353 0.40914799687618475 0.4090998588128827 0.4090517213366035 0.409003584448121 0.40895544814820883 0.4089073124376402 0.40885917731718935 0.40881104278762914 0.4087629088497331 0.4087147755042746 0.4086666427520267 0.40861851059376275 0.4085703790302557 0.40852224806227866 0.40847411769060404 0.40842598791600504 0.4083778587392546 0.40832973016112506 0.40828160218238896 0.40823347480381866 0.4081853480261868 0.4081372218502656 0.4080890962768273 0.4080409713066441 0.40799284694048776 0.40794472317913044 0.4078966000233446 0.40784847747390096 0.4078003555315719 0.40775223419712914 0.40770411347134394 0.4076559933549878 0.407607873848832 0.4075597549536477 0.40751163667020684 0.4074635189992797 0.4074154019416376 0.40736728549805157 0.40731916966929216 0.4072710544561302 0.40722293985933655 0.4071748258796819 0.4071267125179362 0.40707859977487026 0.40703048765125416 0.40698237614785804 0.4069342652654522 0.4068861550048065 0.4068380453666911 0.40678993635187544 0.4067418279611299 0.4066937201952232 0.40664561305492575 0.40659750654100646 0.40654940065423495 0.4065012953953804 0.4064531907652119 0.4064050867644987 0.4063569833940097 0.40630888065451365 0.40626077854677956 0.40621267707157593 0.40616457622967117 0.40611647602183454 0.40606837644883365 0.4060202775114369 0.4059721792104125 0.40592408154652904 0.4058759845205542 0.40582788813325565 0.4057797923854014 0.40573169727775904 0.4056836028110964 0.40563550898618084 0.40558741580377955 0.4055393232646598 0.4054912313695891 0.4054431401193348 0.4053950495146633 0.40534695955634126 0.40529887024513644 0.4052507815818145 0.40520269356714267 0.40515460620188704 0.4051065194868141 0.4050584334226903 0.4050103480102816 0.404962263250354 0.40491417914367334 0.40486609569100573 0.4048180128931167 0.40476993075077217 0.4047218492647373 0.4046737684357774 0.40462568826465795 0.40457760875214444 0.40452952989900137 0.40448145170599403 0.40443337417388725 0.40438529730344586 0.40433722109543413 0.404289145550617 0.4042410706697587 0.4041929964536235 0.4041449229029759 0.4040968500185793 0.40404877780119874 0.4040007062515969 0.40395263537053827 0.40390456515878626 0.40385649561710424 0.40380842674625583 0.4037603585470043 0.40371229102011275 0.4036642241663443 0.4036161579864618 0.40356809248122794 0.40352002765140593 0.4034719634977578 0.40342390002104656 0.4033758372220343 0.4033277751014831 0.40327971366015525 0.4032316528988129 0.4031835928182177 0.40313553341913166 0.4030874747023159 0.4030394166685327 0.402991359318543 0.4029433026531082 0.4028952466729896 0.4028471913789481 0.4027991367717445 0.40275108285214 0.4027030296208953 0.4026549770787702 0.40260692522652597 0.40255887406492274 0.4025108235947208 0.4024627738166795 0.4024147247315597 0.4023666763401208 0.4023186286431226 0.402270581641325 0.4022225353354869 0.4021744897263677 0.4021264448147268 0.4020784006013234 0.40203035708691603 0.40198231427226394 0.40193427215812594 0.40188623074526 0.4018381900344248 0.4017901500263791 0.40174211072188015 0.4016940721216874 0.40164603422655754 0.40159799703724874 0.40154996055451875 0.40150192477912516 0.4014538897118256 0.4014058553533769 0.4013578217045364 0.40130978876606127 0.40126175653870777 0.4012137250232335 0.4011656942203947 0.4011176641309476 0.4010696347556493 0.40102160609525517 0.4009735781505218 0.4009255509222053 0.4008775244110605 0.40082949861784456 0.40078147354331206 0.4007334491882185 0.4006854255533193 0.4006374026393694 0.40058938044712455 0.400541358977339 0.4004933382307675 0.4004453182081644 0.40039729891028486 0.400349280337883 0.4003012624917125 0.40025324537252793 0.4002052289810826 0.40015721331813126 0.4001091983844267 0.4000611841807228 0.40001317070777265 0.3999651579663299 0.3999171459571472 0.3998691346809776 0.39982112413857374 0.3997731143306884 0.39972510525807436 0.39967709692148334 0.3996290893216681 0.39958108245938084 0.3995330763353726 0.3994850709503963 0.3994370663052027 0.39938906240054384 0.39934105923717067 0.3992930568158345 0.3992450551372866 0.3991970542022777 0.399149054011559 0.3991010545658801 0.3990530558659927 0.3990050579126463 0.3989570607065913 0.39890906424857764 0.39886106853935543 0.39881307357967444 0.39876507937028394 0.39871708591193367 0.39866909320537247 0.3986211012513501 0.39857311005061535 0.39852511960391657 0.39847712991200324 0.398429140975623 0.398381152795525 0.3983331653724571 0.3982851787071676 0.3982371928004039 0.39818920765291455 0.39814122326544654 0.39809323963874776 0.3980452567735653 0.3979972746706464 0.3979492933307376 0.39790131275458673 0.3978533329429399 0.39780535389654337 0.3977573756161439 0.3977093981024876 0.39766142135632077 0.39761344537838905 0.397565470169438 0.39751749573021367 0.39746952206146147 0.39742154916392636 0.39737357703835396 0.3973256056854886 0.3972776351060754 0.39722966530085924 0.3971816962705843 0.397133728015995 0.3970857605378352 0.3970377938368497 0.39698982791378157 0.3969418627693748 0.3968938984043725 0.3968459348195188 0.39679797201555655 0.3967500099932285 0.39670204875327797 0.39665408829644755 0.39660612862347944 0.3965581697351164 0.3965102116321003 0.39646225431517346 0.396414297785078 0.39636634204255505 0.39631838708834655 0.39627043292319364 0.39622247954783807 0.39617452696302013 0.39612657516948135 0.39607862416796213 0.3960306739592032 0.39598272454394445 0.3959347759229269 0.39588682809689013 0.39583888106657383 0.3957909348327181 0.39574298939606245 0.39569504475734607 0.39564710091730815 0.39559915787668776 0.39555121563622375 0.3955032741966551 0.39545533355871976 0.39540739372315636 0.39535945469070355 0.3953115164620984 0.3952635790380794 0.3952156424193842 0.3951677066067496 0.3951197716009136 0.3950718374026131 0.39502390401258525 0.3949759714315666 0.39492803966029366 0.3948801086995031 0.394832178549931 0.3947842492123136 0.39473632068738684 0.3946883929758861 0.3946404660785474 0.39459253999610544 0.39454461472929625 0.39449669027885426 0.3944487666455144 0.3944008438300115 0.39435292183308 0.39430500065545415 0.3942570802978679 0.3942091607610555 0.39416124204575054 0.3941133241526865 0.39406540708259685 0.39401749083621496 0.39396957541427347 0.3939216608175059 0.39387374704664435 0.3938258341024212 0.39377792198556927 0.39373001069682056 0.39368210023690664 0.3936341906065597 0.393586281806511 0.3935383738374918 0.3934904667002339 0.39344256039546777 0.39339465492392456 0.39334675028633437 0.3932988464834284 0.39325094351593637 0.3932030413845887 0.393155140090115 0.3931072396332449 0.39305934001470866 0.3930114412352348 0.39296354329555283 0.3929156461963914 0.3928677499384796 0.39281985452254575 0.39277195994931857 0.39272406621952594 0.39267617333389615 0.3926282812931565 0.39258039009803547 0.3925324997492595 0.39248461024755643 0.39243672159365306 0.3923888337882767 0.39234094683215337 0.3922930607260102 0.3922451754705727 0.3921972910665674 0.39214940751472027 0.3921015248157568 0.3920536429704028 0.3920057619793831 0.39195788184342306 0.3919100025632476 0.39186212413958166 0.3918142465731491 0.39176636986467483 0.3917184940148828 0.3916706190244972 0.3916227448942411 0.3915748716248384 0.39152699921701284 0.39147912767148707 0.3914312569889842 0.391383387170227 0.3913355182159375 0.39128765012683897 0.3912397829036527 0.3911919165471013 0.39114405105790606 0.39109618643678856 0.3910483226844701 0.3910004598016723 0.3909525977891156 0.3909047366475207 0.3908568763776086 0.39080901698009907 0.39076115845571247 0.390713300805169 0.3906654440291879 0.390617588128489 0.3905697331037914 0.39052187895581447 0.3904740256852768 0.3904261732928973 0.39037832177939413 0.3903304711454859 0.39028262139189085 0.39023477251932626 0.3901869245285102 0.3901390774201603 0.39009123119499356 0.39004338585372633 0.3899955413970766 0.38994769782576044 0.3898998551404945 0.3898520133419945 0.38980417243097665 0.3897563324081572 0.38970849327425106 0.38966065502997393 0.38961281767604083 0.38956498121316663 0.3895171456420663 0.3894693109634544 0.3894214771780451 0.38937364428655186 0.38932581228968965 0.3892779811881717 0.3892301509827112 0.38918232167402156 0.3891344932628159 0.389086665749807 0.38903883913570736 0.38899101342122944 0.38894318860708543 0.3888953646939872 0.38884754168264624 0.3887997195737749 0.3887518983680833 0.3887040780662836 0.38865625866908593 0.3886084401772012 0.38856062259134005 0.3885128059122125 0.3884649901405285 0.38841717527699793 0.38836936132233 0.38832154827723464 0.3882737361424208 0.38822592491859653 0.388178114606472 0.3881303052067546 0.38808249672015305 0.38803468914737493 0.38798688248912805 0.38793907674612094 0.3878912719190596 0.3878434680086519 0.3877956650156046 0.3877478629406246 0.38770006178441796 0.3876522615476913 0.3876044622311505 0.387556663835501 0.3875088663614489 0.3874610698096992 0.38741327418095706 0.38736547947592737 0.3873176856953151 0.38726989283982427 0.3872221009101593 0.3871743099070242 0.38712651983112234 0.3870787306831578 0.3870309424638336 0.38698315517385296 0.3869353688139182 0.3868875833847327 0.38683979888699827 0.38679201532141727 0.38674423268869185 0.38669645098952343 0.3866486702246136 0.3866008903946634 0.38655311150037397 0.3865053335424464 0.38645755652158054 0.3864097804384772 0.38636200529383646 0.38631423108835805 0.38626645782274194 0.38621868549768634 0.3861709141138916 0.38612314367205647 0.3860753741728793 0.3860276056170586 0.3859798380052928 0.38593207133827956 0.38588430561671716 0.38583654084130226 0.38578877701273273 0.3857410141317055 0.3856932521989177 0.3856454912150653 0.38559773118084484 0.3855499720969523 0.38550221396408413 0.38545445678293544 0.38540670055420156 0.3853589452785775 0.3853111909567588 0.3852634375894396 0.3852156851773145 0.3851679337210775 0.3851201832214226 0.38507243367904365 0.3850246850946343 0.3849769374688876 0.384929190802496 0.38488144509615274 0.3848337003505504 0.38478595656638126 0.3847382137443368 0.38469047188510963 0.3846427309893906 0.3845949910578714 0.3845472520912425 0.38449951409019545 0.3844517770554201 0.3844040409876076 0.3843563058874473 0.38430857175562905 0.38426083859284244 0.38421310639977735 0.38416537517712235 0.38411764492556644 0.3840699156457982 0.3840221873385059 0.38397446000437774 0.38392673364410157 0.3838790082583652 0.38383128384785525 0.38378356041325945 0.38373583795526456 0.38368811647455725 0.38364039597182364 0.38359267644774997 0.3835449579030221 0.38349724033832566 0.38344952375434616 0.3834018081517686 0.3833540935312777 0.38330637989355787 0.383258667239294 0.3832109555691696 0.38316324488386955 0.38311553518407626 0.38306782647047377 0.3830201187437453 0.3829724120045731 0.38292470625363983 0.3828770014916282 0.38282929771922025 0.3827815949370974 0.3827338931459421 0.3826861923464344 0.3826384925392565 0.38259079372508853 0.38254309590461166 0.38249539907850516 0.3824477032474499 0.3824000084121255 0.3823523145732114 0.3823046217313868 0.38225692988733107 0.38220923904172255 0.3821615491952396 0.3821138603485612 0.3820661725023645 0.38201848565732777 0.38197079981412807 0.381923114973443 0.381875431135949 0.38182774830232336 0.38178006647324214 0.3817323856493814 0.3816847058314171 0.3816370270200248 0.3815893492158803 0.38154167241965853 0.38149399663203376 0.38144632185368144 0.38139864808527524 0.3813509753274895 0.38130330358099784 0.38125563284647424 0.3812079631245916 0.38116029441602295 0.38111262672144086 0.38106496004151835 0.3810172943769272 0.38096962972833914 0.38092196609642626 0.38087430348186 0.38082664188531123 0.380778981307451 0.38073132174894986 0.3806836632104782 0.38063600569270584 0.38058834919630313 0.3805406937219393 0.38049303927028333 0.38044538584200494 0.38039773343777206 0.38035008205825394 0.3803024317041179 0.3802547823760325 0.38020713407466555 0.3801594868006837 0.38011184055475467 0.3800641953375452 0.38001655114972177 0.3799689079919507 0.37992126586489783 0.3798736247692298 0.3798259847056107 0.3797783456747066 0.3797307076771824 0.3796830707137029 0.3796354347849321 0.37958779989153446 0.3795401660341733 0.3794925332135126 0.37944490143021603 0.3793972706849458 0.3793496409783651 0.3793020123111368 0.37925438468392225 0.3792067580973838 0.37915913255218303 0.3791115080489815 0.3790638845884404 0.3790162621712201 0.3789686407979813 0.37892102046938436 0.37887340118608936 0.3788257829487556 0.3787781657580429 0.3787305496146104 0.3786829345191167 0.3786353204722209 0.3785877074745805 0.3785400955268542 0.37849248462969953 0.3784448747837741 0.378397265989735 0.37834965824823885 0.3783020515599427 0.37825444592550284 0.3782068413455749 0.3781592378208155 0.3781116353518792 0.3780640339394219 0.3780164335840981 0.377968834286563 0.3779212360474705 0.3778736388674746 0.3778260427472294 0.37777844768738844 0.37773085368860493 0.37768326075153147 0.3776356688768211 0.37758807806512595 0.37754048831709863 0.3774928996333904 0.3774453120146527 0.37739772546153716 0.3773501399746946 0.37730255555477565 0.37725497220243076 0.37720738991831015 0.377159808703063 0.3771122285573393 0.3770646494817885 0.3770170714770591 0.3769694945437998 0.37692191868265923 0.3768743438942851 0.37682677017932553 0.37677919753842803 0.3767316259722391 0.3766840554814066 0.3766364860665766 0.37658891772839553 0.37654135046750936 0.3764937842845638 0.37644621918020493 0.3763986551550771 0.37635109220982543 0.37630353034509445 0.3762559695615286 0.3762084098597718 0.3761608512404677 0.37611329370425994 0.37606573725179104 0.3760181818837045 0.3759706276006426 0.3759230744032471 0.3758755222921607 0.3758279712680247 0.3757804213314804 0.3757328724831688 0.3756853247237306 0.3756377780538067 0.37559023247403667 0.37554268798506063 0.3754951445875181 0.37544760228204854 0.37540006106929025 0.3753525209498829 0.37530498192446404 0.3752574439936728 0.3752099071581454 0.3751623714185206 0.37511483677543467 0.37506730322952553 0.375019770781429 0.37497223943178093 0.37492470918121845 0.3748771800303765 0.3748296519798906 0.3747821250303959 0.37473459918252716 0.3746870744369185 0.37463955079420486 0.3745920282550196 0.37454450681999596 0.3744969864897679 0.3744494672649682 0.37440194914622915 0.3743544321341835 0.374306916229463 0.37425940143269953 0.37421188774452496 0.37416437516556944 0.3741168636964646 0.37406935333784097 0.37402184409032824 0.3739743359545571 0.37392682893115625 0.37387932302075555 0.37383181822398415 0.3737843145414703 0.3737368119738429 0.3736893105217294 0.37364181018575826 0.3735943109665564 0.3735468128647511 0.3734993158809694 0.37345182001583765 0.37340432526998246 0.37335683164402955 0.3733093391386041 0.3732618477543319 0.37321435749183796 0.37316686835174684 0.37311938033468295 0.37307189344127034 0.37302440767213296 0.37297692302789365 0.37292943950917634 0.37288195711660355 0.3728344758507973 0.37278699571238083 0.37273951670197514 0.3726920388202022 0.37264456206768326 0.3725970864450393 0.3725496119528904 0.372502138591858 0.3724546663625613 0.37240719526562027 0.37235972530165373 0.37231225647128174 0.3722647887751227 0.3722173222137948 0.37216985678791603 0.37212239249810475 0.3720749293449782 0.3720274673291537 0.37198000645124774 0.37193254671187725 0.37188508811165844 0.371837630651207 0.3717901743311389 0.3717427191520688 0.3716952651146125 0.3716478122193838 0.37160036046699774 0.3715529098580683 0.37150546039320864 0.37145801207303264 0.37141056489815283 0.37136311886918283 0.37131567398673404 0.3712682302514192 0.37122078766385 0.3711733462246378 0.3711259059343943 0.37107846679372924 0.3710310288032539 0.3709835919635782 0.3709361562753123 0.3708887217390653 0.37084128835544683 0.37079385612506544 0.3707464250485297 0.37069899512644844 0.3706515663594292 0.3706041387480793 0.37055671229300624 0.3705092869948172 0.37046186285411853 0.3704144398715171 0.37036701804761796 0.3703195973830278 0.37027217787835087 0.370224759534193 0.37017734235115873 0.3701299263298523 0.3700825114708779 0.3700350977748391 0.3699876852423394 0.3699402738739813 0.36989286367036867 0.3698454546321033 0.3697980467597871 0.3697506400540218 0.3697032345154092 0.36965583014455006 0.3696084269420453 0.36956102490849585 0.36951362404450094 0.36946622435066123 0.36941882582757535 0.36937142847584303 0.3693240322960627 0.369276637288833 0.36922924345475217 0.36918185079441823 0.3691344593084278 0.3690870689973793 0.36903967986186825 0.36899229190249205 0.36894490511984634 0.36889751951452776 0.3688501350871307 0.36880275183825073 0.36875536976848355 0.3687079888784225 0.36866060916866195 0.36861323063979623 0.3685658532924183 0.3685184771271225 0.36847110214449996 0.36842372834514425 0.36837635572964733 0.3683289842986013 0.36828161405259696 0.36823424499222646 0.3681868771180795 0.36813951043074755 0.3680921449308203 0.3680447806188878 0.3679974174955394 0.3679500555613642 0.36790269481695126 0.36785533526288894 0.3678079768997654 0.3677606197281683 0.3677132637486855 0.36766590896190376 0.36761855536841004 0.36757120296879076 0.3675238517636321 0.36747650175351987 0.36742915293903955 0.36738180532077636 0.3673344588993146 0.36728711367523903 0.36723976964913374 0.36719242682158293 0.36714508519316924 0.3670977447644761 0.36705040553608637 0.367003067508582 0.36695573068254594 0.3669083950585591 0.3668610606372029 0.36681372741905893 0.3667663954047071 0.3667190645947286 0.36667173498970307 0.3666244065902099 0.36657707939682893 0.3665297534101388 0.3664824286307181 0.36643510505914556 0.3663877826959989 0.3663404615418556 0.366293141597293 0.3662458228628882 0.3661985053392176 0.3661511890268575 0.3661038739263842 0.3660565600383725 0.3660092473633977 0.3659619359020354 0.36591462565485977 0.3658673166224442 0.3658200088053637 0.3657727022041909 0.3657253968194998 0.36567809265186213 0.36563078970185137 0.3655834879700386 0.36553618745699634 0.36548888816329606 0.36544159008950794 0.36539429323620354 0.36534699760395306 0.3652997031933263 0.36525241000489306 0.3652051180392225 0.36515782729688384 0.3651105377784455 0.3650632494844759 0.3650159624155431 0.3649686765722143 0.3649213919550567 0.36487410856463764 0.364826826401523 0.36477954546627966 0.36473226575947326 0.3646849872816691 0.3646377100334319 0.3645904340153274 0.364543159227919 0.3644958856717716 0.3644486133474485 0.36440134225551335 0.3643540723965286 0.3643068037710575 0.36425953637966235 0.3642122702229047 0.36416500530134654 0.36411774161554855 0.3640704791660727 0.36402321795347836 0.3639759579783264 0.36392869924117666 0.3638814417425884 0.36383418548312085 0.3637869304633323 0.3637396766837824 0.3636924241450282 0.36364517284762754 0.363597922792138 0.36355067397911633 0.3635034264091195 0.36345618008270386 0.36340893500042504 0.36336169116283856 0.3633144485704999 0.3632672072239638 0.363219967123785 0.3631727282705175 0.3631254906647148 0.36307825430693086 0.3630310191977184 0.3629837853376304 0.36293655272721914 0.36288932136703633 0.3628420912576338 0.3627948623995634 0.3627476347933757 0.36270040843962037 0.362653183338849 0.3626059594916108 0.3625587368984552 0.3625115155599319 0.36246429547658887 0.36241707664897505 0.3623698590776385 0.362322642763127 0.362275427705987 0.36222821390676685 0.3621810013660124 0.36213379008426994 0.36208658006208516 0.3620393713000042 0.3619921637985716 0.3619449575583328 0.3618977525798319 0.3618505488636129 0.3618033464102195 0.3617561452201954 0.3617089452940834 0.3616617466324261 0.36161454923576586 0.3615673531046445 0.3615201582396037 0.3614729646411846 0.36142577230992745 0.3613785812463739 0.36133139145106297 0.3612842029245351 0.361237015667329 0.36118982967998425 0.36114264496303927 0.3610954615170323 0.3610482793425013 0.3610010984399836 0.3609539188100168 0.360906740453137 0.36085956336988134 0.3608123875607857 0.36076521302638553 0.3607180397672165 0.3606708677838135 0.36062369707671105 0.3605765276464433 0.3605293594935447 0.36048219261854786 0.3604350270219864 0.36038786270439305 0.36034069966630033 0.3602935379082399 0.3602463774307445 0.36019921823434364 0.3601520603195696 0.3601049036869528 0.36005774833702286 0.36001059427031 0.3599634414873438 0.359916289988653 0.3598691397747662 0.35982199084621247 0.35977484320351905 0.3597276968472143 0.35968055177782465 0.35963340799587706 0.3595862655018982 0.35953912429641455 0.35949198437995156 0.3594448457530346 0.35939770841618834 0.35935057236993795 0.35930343761480765 0.35925630415132104 0.35920917198000135 0.35916204110137273 0.3591149115159573 0.35906778322427724 0.3590206562268553 0.3589735305242122 0.3589264061168699 0.3588792830053492 0.3588321611901706 0.35878504067185424 0.35873792145091987 0.35869080352788685 0.3586436869032743 0.35859657157760116 0.3585494575513851 0.35850234482514476 0.358455233399397 0.35840812327465954 0.35836101445144886 0.3583139069302813 0.3582668007116734 0.3582196957961402 0.35817259218419717 0.3581254898763596 0.3580783888731415 0.35803128917505744 0.357984190782621 0.35793709369634563 0.3578899979167446 0.3578429034443298 0.3577958102796146 0.35774871842311007 0.357701627875328 0.35765453863677954 0.3576074507079756 0.35756036408942626 0.35751327878164174 0.3574661947851314 0.357419112100405 0.3573720307279711 0.35732495066833836 0.35727787192201454 0.3572307944895077 0.35718371837132523 0.3571366435679738 0.35708957007996034 0.35704249790779075 0.3569954270519715 0.35694835751300746 0.35690128929140386 0.35685422238766507 0.3568071568022959 0.3567600925358003 0.3567130295886817 0.35666596796144323 0.3566189076545879 0.3565718486686176 0.356524791004035 0.35647773466134125 0.3564306796410379 0.3563836259436257 0.35633657356960524 0.3562895225194771 0.3562424727937401 0.3561954243928942 0.3561483773174381 0.3561013315678707 0.35605428714469034 0.35600724404839434 0.3559602022794801 0.35591316183844546 0.3558661227257862 0.35581908494199954 0.3557720484875804 0.355725013363025 0.3556779795688283 0.35563094710548504 0.3555839159734898 0.35553688617333634 0.3554898577055181 0.3554428305705284 0.3553958047688607 0.3553487803010065 0.3553017571674584 0.3552547353687081 0.35520771490524683 0.3551606957775655 0.35511367798615434 0.3550666615315039 0.3550196464141038 0.3549726326344438 0.354925620193012 0.3548786090902978 0.354831599326789 0.3547845909029733 0.35473758381933873 0.3546905780763717 0.35464357367455934 0.35459657061438743 0.35454956889634226 0.35450256852090933 0.3544555694885736 0.35440857179981955 0.35436157545513225 0.3543145804549952 0.3542675867998917 0.3542205944903052 0.35417360352671845 0.354126613909614 0.3540796256394736 0.35403263871677915 0.3539856531420118 0.35393866891565184 0.35389168603818044 0.3538447045100773 0.35379772433182244 0.3537507455038944 0.35370376802677295 0.3536567919009359 0.35360981712686157 0.3535628437050282 0.35351587163591236 0.3534689009199915 0.3534219315577416 0.3533749635496397 0.35332799689616057 0.35328103159778024 0.35323406765497356 0.35318710506821493 0.3531401438379791 0.3530931839647389 0.3530462254489686 0.35299926829114114 0.35295231249172887 0.3529053580512038 0.3528584049700384 0.35281145324870367 0.352764502887671 0.3527175538874108 0.3526706062483935 0.3526236599710886 0.35257671505596655 0.3525297715034952 0.352482829314144 0.35243588848838103 0.35238894902667506 0.352342010929492 0.35229507419730033 0.35224813883056594 0.3522012048297556 0.35215427219533557 0.35210734092777074 0.3520604110275265 0.3520134824950678 0.3519665553308591 0.3519196295353635 0.3518727051090459 0.3518257820523685 0.35177886036579453 0.35173194004978625 0.3516850211048058 0.3516381035313144 0.3515911873297737 0.35154427250064435 0.35149735904438684 0.351450446961461 0.3514035362523268 0.35135662691744307 0.3513097189572688 0.35126281237226264 0.3512159071628822 0.35116900332958534 0.35112210087282947 0.351075199793071 0.35102830009076713 0.35098140176637327 0.3509345048203454 0.35088760925313844 0.35084071506520753 0.3507938222570073 0.3507469308289911 0.35070004078161365 0.35065315211532744 0.35060626483058543 0.3505593789278403 0.3505124944075442 0.35046561127014875 0.35041872951610475 0.35037184914586406 0.3503249701598763 0.3502780925585919 0.3502312163424601 0.35018434151193123 0.35013746806745316 0.3500905960094747 0.3500437253384443 0.349996856054809 0.3499499881590167 0.34990312165151394 0.34985625653274743 0.3498093928031629 0.34976253046320616 0.349715669513323 0.34966880995395777 0.349621951785555 0.34957509500855866 0.3495282396234132 0.3494813856305612 0.34943453303044536 0.349387681823509 0.3493408320101936 0.349293983590941 0.34924713656619244 0.3492002909363884 0.3491534467019701 0.34910660386337755 0.34905976242104986 0.3490129223754269 0.34896608372694704 0.3489192464760491 0.34887241062317087 0.34882557616875043 0.34877874311322465 0.34873191145703064 0.3486850812006046 0.34863825234438295 0.3485914248888009 0.348544598834294 0.34849777418129735 0.3484509509302449 0.3484041290815708 0.348357308635709 0.3483104895930924 0.348263671954154 0.34821685571932615 0.3481700408890408 0.3481232274637299 0.3480764154438244 0.3480296048297552 0.34798279562195256 0.3479359878208469 0.3478891814268672 0.347842376440443 0.34779557286200347 0.3477487706919765 0.34770196993079017 0.3476551705788722 0.34760837263664945 0.3475615761045492 0.34751478098299726 0.34746798727242023 0.34742119497324286 0.34737440408589104 0.3473276146107893 0.3472808265483618 0.3472340398990328 0.3471872546632253 0.347140470841363 0.34709368843386823 0.34704690744116384 0.34700012786367107 0.3469533497018116 0.3469065729560069 0.3468597976266774 0.34681302371424316 0.3467662512191245 0.3467194801417407 0.3466727104825108 0.34662594224185317 0.34657917542018657 0.3465324100179289 0.34648564603549703 0.34643888347330853 0.34639212233177963 0.34634536261132687 0.3462986043123659 0.34625184743531223 0.3462050919805806 0.34615833794858597 0.3461115853397422 0.3460648341544632 0.3460180843931624 0.34597133605625285 0.3459245891441465 0.34587784365725627 0.3458310995959938 0.3457843569607699 0.3457376157519958 0.3456908759700822 0.3456441376154388 0.34559740068847566 0.34555066518960187 0.3455039311192263 0.34545719847775747 0.3454104672656034 0.3453637374831722 0.3453170091308704 0.34527028220910494 0.34522355671828286 0.3451768326588096 0.34513011003109084 0.34508338883553225 0.3450366690725377 0.3449899507425125 0.34494323384586045 0.3448965183829844 0.34484980435428825 0.34480309176017454 0.34475638060104585 0.34470967087730375 0.3446629625893496 0.3446162557375848 0.3445695503224101 0.34452284634422536 0.3444761438034315 0.3444294427004264 0.34438274303561045 0.34433604480938174 0.34428934802213873 0.3442426526742791 0.3441959587662 0.34414926629829856 0.3441025752709719 0.34405588568461565 0.3440091975396259 0.3439625108363975 0.3439158255753261 0.3438691417568057 0.3438224593812307 0.34377577844899454 0.34372909896049086 0.34368242091611234 0.34363574431625177 0.3435890691613006 0.343542395451651 0.3434957231876943 0.34344905236982104 0.3434023829984214 0.34335571507388596 0.34330904859660405 0.34326238356696503 0.3432157199853574 0.34316905785216956 0.3431223971677896 0.3430757379326054 0.3430290801470035 0.3429824238113707 0.34293576892609323 0.34288911549155754 0.3428424635081486 0.3427958129762516 0.34274916389625154 0.3427025162685322 0.3426558700934772 0.34260922537147065 0.34256258210289525 0.3425159402881335 0.3424692999275676 0.3424226610215795 0.3423760235705504 0.342329387574861 0.3422827530348924 0.342236119951024 0.34218948832363627 0.3421428581531083 0.3420962294398183 0.34204960218414515 0.34200297638646737 0.341956352047162 0.34190972916660645 0.3418631077451777 0.3418164877832517 0.3417698692812048 0.3417232522394128 0.34167663665825 0.34163002253809194 0.34158340987931224 0.3415367986822857 0.34149018894738525 0.34144358067498404 0.34139697386545464 0.34135036851916944 0.3413037646365005 0.3412571622178191 0.3412105612634959 0.3411639617739015 0.34111736374940693 0.341070767190381 0.3410241720971935 0.34097757847021337 0.340930986309809 0.34088439561634853 0.3408378063902 0.3407912186317301 0.34074463234130614 0.3406980475192942 0.3406514641660612 0.3406048822819714 0.34055830186739067 0.34051172292268406 0.34046514544821593 0.3404185694443498 0.34037199491144954 0.340325421849878 0.3402788502599984 0.34023228014217266 0.3401857114967627 0.34013914432412995 0.3400925786246354 0.34004601439864013 0.3399994516465037 0.3399528903685869 0.3399063305652481 0.3398597722368467 0.3398132153837411 0.33976666000628997 0.3397201061048505 0.33967355367978014 0.3396270027314361 0.3395804532601743 0.3395339052663511 0.3394873587503222 0.3394408137124426 0.33939427015306767 0.33934772807255154 0.3393011874712477 0.33925464834951 0.3392081107076921 0.3391615745461465 0.3391150398652252 0.3390685066652802 0.3390219749466632 0.3389754447097253 0.3389289159548168 0.33888238868228804 0.33883586289248924 0.3387893385857692 0.3387428157624778 0.3386962944229628 0.33864977456757295 0.3386032561966551 0.33855673931055796 0.33851022390962693 0.3384637099942094 0.3384171975646515 0.3383706866212982 0.3383241771644958 0.33827766919458835 0.3382311627119201 0.3381846577168358 0.3381381542096785 0.3380916521907914 0.3380451516605172 0.3379986526191986 0.3379521550671769 0.3379056590047944 0.3378591644323917 0.33781267135030935 0.3377661797588877 0.33771968965846666 0.3376732010493855 0.3376267139319835 0.33758022830659895 0.33753374417356996 0.3374872615332345 0.33744078038593006 0.33739430073199295 0.3373478225717601 0.33730134590556715 0.3372548707337505 0.33720839705664485 0.3371619248745852 0.3371154541879059 0.3370689849969404 0.3370225173020236 0.3369760511034874 0.33692958640166504 0.3368831231968886 0.33683666148949043 0.3367902012798015 0.3367437425681531 0.3366972853548762 0.33665082964030046 0.3366043754247561 0.3365579227085721 0.33651147149207783 0.33646502177560156 0.3364185735594717 0.33637212684401563 0.3363256816295612 0.336279237916435 0.3362327957049631 0.336186354995472 0.3361399157882874 0.3360934780837346 0.33604704188213774 0.33600060718382174 0.3359541739891103 0.3359077422983274 0.3358613121117955 0.33581488342983845 0.33576845625277707 0.3357220305809343 0.3356756064146311 0.3356291837541887 0.3355827625999275 0.33553634295216817 0.3354899248112302 0.3354435081774325 0.335397093051095 0.3353506794325355 0.3353042673220721 0.3352578567200233 0.3352114476267055 0.33516504004243586 0.3351186339675306 0.3350722294023063 0.335025826347078 0.33497942480216114 0.33493302476787057 0.3348866262445207 0.33484022923242507 0.33479383373189764 0.33474743974325083 0.33470104726679806 0.3346546563028516 0.33460826685172296 0.33456187891372346 0.33451549248916423 0.3344691075783559 0.3344227241816088 0.3343763422992322 0.3343299619315362 0.33428358307882877 0.33423720574141913 0.33419082991961546 0.33414445561372497 0.33409808282405473 0.3340517115509123 0.3340053417946034 0.33395897355543447 0.33391260683371105 0.33386624162973777 0.33381987794381995 0.3337735157762618 0.33372715512736717 0.3336807959974397 0.33363443838678153 0.3335880822956969 0.33354172772448676 0.33349537467345325 0.33344902314289815 0.3334026731331219 0.33335632464442566 0.3333099776771089 0.33326363223147193 0.3332172883078135 0.3331709459064327 0.3331246050276283 0.33307826567169796 0.33303192783893976 0.33298559152965024 0.33293925674412717 0.33289292348266586 0.33284659174556297 0.3328002615331136 0.3327539328456135 0.33270760568335644 0.33266128004663775 0.3326149559357505 0.3325686333509884 0.3325223122926445 0.3324759927610117 0.33242967475638197 0.33238335827904675 0.3323370433292979 0.33229072990742603 0.33224441801372195 0.33219810764847546 0.33215179881197665 0.3321054915045145 0.3320591857263778 0.33201288147785535 0.3319665787592345 0.33192027757080356 0.33187397791284945 0.33182767978565897 0.33178138318951844 0.33173508812471386 0.33168879459153056 0.33164250259025385 0.3315962121211682 0.331549923184558 0.3315036357807071 0.3314573499098987 0.3314110655724163 0.331364782768542 0.33131850149855835 0.33127222176274684 0.3312259435613888 0.3311796668947653 0.3311333917631567 0.33108711816684333 0.33104084610610485 0.3309945755812198 0.3309483065924681 0.3309020391401276 0.3308557732244761 0.3308095088457914 0.3307632460043508 0.3307169847004312 0.3306707249343084 0.33062446670625856 0.3305782100165571 0.33053195486547926 0.3304857012532998 0.33043944918029244 0.33039319864673167 0.3303469496528907 0.33030070219904206 0.3302544562854588 0.3302082119124129 0.33016196908017625 0.33011572778902 0.3300694880392152 0.3300232498310324 0.32997701316474126 0.3299307780406119 0.32988454445891324 0.32983831241991446 0.3297920819238833 0.3297458529710888 0.32969962556179744 0.3296533996962774 0.32960717537479456 0.3295609525976153 0.3295147313650063 0.32946851167723223 0.32942229353455854 0.3293760769372496 0.3293298618855699 0.32928364837978363 0.3292374364201536 0.32919122600694284 0.329145017140414 0.3290988098208294 0.3290526040484508 0.3290063998235393 0.32896019714635605 0.3289139960171612 0.3288677964362152 0.32882159840377767 0.3287754019201077 0.3287292069854636 0.32868301360010477 0.32863682176428877 0.32859063147827305 0.32854444274231465 0.3284982555566709 0.3284520699215976 0.328405885837351 0.3283597033041865 0.328313522322359 0.328267342892123 0.32822116501373366 0.32817498868744366 0.32812881391350746 0.3280826406921771 0.32803646902370565 0.3279902989083454 0.32794413034634795 0.3278979633379646 0.3278517978834462 0.32780563398304374 0.3277594716370067 0.3277133108455851 0.32766715160902815 0.3276209939275845 0.3275748378015032 0.32752868323103157 0.3274825302164175 0.3274363787579081 0.32739022885575 0.32734408051019015 0.3272979337214741 0.32725178848984715 0.3272056448155545 0.3271595026988414 0.32711336213995135 0.32706722313912884 0.3270210856966169 0.32697494981265895 0.3269288154874973 0.3268826827213742 0.3268365515145317 0.32679042186721063 0.326744293779653 0.3266981672520979 0.32665204228478684 0.32660591887795865 0.3265597970318531 0.3265136767467087 0.3264675580227646 0.32642144086025815 0.32637532525942725 0.3263292112205092 0.32628309874374084 0.3262369878293586 0.3261908784775982 0.32614477068869574 0.3260986644628857 0.3260525598004036 0.3260064567014834 0.325960355166359 0.3259142551952636 0.3258681567884312 0.3258220599460935 0.32577596466848346 0.3257298709558325 0.3256837788083724 0.32563768822633365 0.32559159920994785 0.32554551175944446 0.3254994258750534 0.3254533415570039 0.32540725880552546 0.32536117762084593 0.32531509800319425 0.32526901995279756 0.325222943469883 0.3251768685546783 0.3251307952074093 0.3250847234283021 0.32503865321758263 0.324992584575476 0.32494651750220704 0.32490045199800044 0.32485438806307976 0.3248083256976686 0.32476226490199067 0.3247162056762687 0.3246701480207246 0.3246240919355803 0.32457803742105773 0.32453198447737797 0.3244859331047617 0.32443988330342877 0.32439383507359976 0.32434778841549394 0.32430174332933026 0.3242556998153274 0.3242096578737037 0.32416361750467715 0.32411757870846447 0.3240715414852835 0.3240255058353504 0.3239794717588814 0.32393343925609275 0.323887408327199 0.3238413789724158 0.3237953511919571 0.3237493249860377 0.3237033003548708 0.3236572772986701 0.32361125581764805 0.3235652359120177 0.32351921758199054 0.323473200827779 0.3234271856495934 0.32338117204764516 0.3233351600221446 0.323289149573302 0.32324314070132676 0.3231971334064281 0.3231511276888144 0.3231051235486947 0.3230591209862771 0.3230131200017685 0.32296712059537636 0.32292112276730733 0.32287512651776806 0.3228291318469644 0.32278313875510156 0.3227371472423848 0.3226911573090189 0.3226451689552081 0.3225991821811566 0.3225531969870674 0.3225072133731437 0.3224612313395884 0.32241525088660306 0.3223692720143909 0.32232329472315147 0.3222773190130874 0.32223134488439853 0.32218537233728517 0.3221394013719471 0.32209343198858376 0.3220474641873943 0.322001497968577 0.3219555333323303 0.3219095702788517 0.32186360880833864 0.3218176489209881 0.32177169061699695 0.3217257338965601 0.32167977875987463 0.3216338252071351 0.3215878732385369 0.3215419228542742 0.321495974054541 0.32145002683953083 0.32140408120943764 0.3213581371644538 0.32131219470477146 0.3212662538305835 0.3212203145420809 0.32117437683945527 0.32112844072289726 0.32108250619259693 0.3210365732487449 0.3209906418915305 0.32094471212114284 0.32089878393777094 0.3208528573416032 0.32080693233282687 0.3207610089116306 0.32071508707820107 0.32066916683272506 0.3206232481753888 0.3205773311063782 0.32053141562587906 0.32048550173407664 0.32043958943115514 0.32039367871729896 0.32034776959269284 0.3203018620575191 0.32025595611196156 0.3202100517562032 0.32016414899042545 0.3201182478148109 0.32007234822954067 0.32002645023479626 0.3199805538307574 0.3199346590176054 0.31988876579551984 0.31984287416467994 0.31979698412526525 0.3197510956774534 0.31970520882142384 0.3196593235573538 0.3196134398854209 0.31956755780580215 0.31952167731867376 0.3194757984242127 0.31942992112259416 0.319384045413994 0.31933817129858677 0.31929229877654763 0.31924642784805046 0.31920055851326923 0.3191546907723771 0.3191088246255469 0.3190629600729522 0.3190170971147641 0.31897123575115516 0.3189253759822962 0.3188795178083583 0.3188336612295124 0.3187878062459284 0.3187419528577762 0.31869610106522495 0.3186502508684437 0.31860440226760156 0.3185585552628659 0.31851270985440483 0.3184668660423856 0.31842102382697557 0.3183751832083407 0.31832934418664793 0.31828350676206174 0.318237670934749 0.3181918367048736 0.3181460040726005 0.3181001730380939 0.3180543436015172 0.3180085157630341 0.3179626895228075 0.3179168648809999 0.31787104183777326 0.31782522039328964 0.31777940054771026 0.31773358230119597 0.31768776565390733 0.3176419506060044 0.31759613715764723 0.31755032530899485 0.3175045150602066 0.3174587064114407 0.3174128993628549 0.3173670939146077 0.3173212900668565 0.31727548781975723 0.31722968717346756 0.3171838881281427 0.31713809068393917 0.317092294841012 0.317046500599516 0.317000707959606 0.31695491692143607 0.31690912748515965 0.3168633396509304 0.31681755341890117 0.31677176878922464 0.3167259857620528 0.3166802043375374 0.31663442451583 0.3165886462970816 0.3165428696814422 0.31649709466906284 0.31645132126009234 0.31640554945468113 0.3163597792529771 0.31631401065512943 0.3162682436612865 0.31622247827159555 0.31617671448620444 0.31613095230525956 0.3160851917289078 0.31603943275729574 0.3159936753905688 0.31594791962887214 0.3159021654723513 0.31585641292115074 0.3158106619754143 0.3157649126352864 0.3157191649009097 0.31567341877242794 0.3156276742499835 0.3155819313337186 0.31553619002377453 0.31549045032029377 0.31544471222341663 0.3153989757332839 0.315353240850036 0.31530750757381254 0.3152617759047531 0.31521604584299734 0.3151703173886826 0.3151245905419482 0.3150788653029317 0.31503314167177077 0.31498741964860255 0.3149416992335632 0.31489598042678946 0.31485026322841725 0.3148045476385821 0.3147588336574185 0.31471312128506257 0.3146674105216474 0.31462170136730694 0.3145759938221757 0.31453028788638604 0.31448458356007114 0.3144388808433629 0.3143931797363938 0.31434748023929504 0.3143017823521983 0.3142560860752337 0.31421039140853224 0.3141646983522235 0.31411900690643746 0.31407331707130326 0.3140276288469498 0.31398194223350495 0.31393625723109764 0.31389057383985486 0.3138448920599045 0.3137992118913725 0.3137535333343866 0.3137078563890716 0.3136621810555543 0.3136165073339594 0.313570835224412 0.3135251647270366 0.3134794958419572 0.3134338285692979 0.3133881629091819 0.3133424988617317 0.31329683642707096 0.3132511756053209 0.31320551639660366 0.3131598588010407 0.313114202818753 0.3130685484498611 0.3130228956944855 0.31297724455274567 0.3129315950247613 0.31288594711065154 0.31284030081053515 0.31279465612453006 0.31274901305275427 0.31270337159532535 0.3126577317523612 0.3126120935239771 0.3125664569102906 0.31252082191141684 0.31247518852747236 0.3124295567585713 0.31238392660482917 0.31233829806635993 0.3122926711432783 0.31224704583569696 0.31220142214373003 0.31215580006749 0.31211017960708887 0.3120645607626398 0.31201894353425375 0.311973327922042 0.31192771392611607 0.3118821015465857 0.3118364907835617 0.31179088163715374 0.3117452741074709 0.31169966819462225 0.31165406389871675 0.3116084612198624 0.31156286015816703 0.3115172607137382 0.3114716628866826 0.31142606667710737 0.31138047208511854 0.3113348791108226 0.3112892877543241 0.31124369801572904 0.31119810989514163 0.31115252339266664 0.31110693850840776 0.31106135524246925 0.31101577359495325 0.3109701935659632 0.310924615155602 0.310879038363971 0.3108334631911722 0.31078788963730675 0.31074231770247596 0.3106967473867801 0.310651178690319 0.310605611613193 0.31056004615550126 0.3105144823173429 0.31046892009881644 0.31042335950001987 0.31037780052105146 0.3103322431620086 0.31028668742298837 0.3102411333040873 0.3101955808054022 0.31015002992702834 0.31010448066906204 0.31005893303159804 0.3100133870147309 0.3099678426185557 0.3099222998431661 0.30987675868865594 0.309831219155118 0.30978568124264594 0.30974014495133206 0.3096946102812679 0.3096490772325462 0.3096035458052575 0.3095580159994933 0.3095124878153439 0.30946696125289985 0.30942143631225094 0.30937591299348666 0.30933039129669604 0.30928487122196757 0.3092393527693902 0.3091938359390516 0.30914832073103926 0.3091028071454406 0.3090572951823418 0.30901178484183034 0.3089662761239914 0.30892076902891175 0.3088752635566754 0.30882975970736815 0.3087842574810744 0.3087387568778782 0.30869325789786384 0.30864776054111376 0.30860226480771225 0.30855677069774123 0.3085112782112829 0.30846578734841956 0.308420298109233 0.3083748104938038 0.30832932450221273 0.3082838401345409 0.3082383573908678 0.3081928762712731 0.30814739677583647 0.3081019189046367 0.3080564426577521 0.30801096803526096 0.30796549503724124 0.3079200236637699 0.3078745539149248 0.3078290857907817 0.3077836192914176 0.307738154416908 0.307692691167329 0.30764722954275503 0.307601769543261 0.307556311168922 0.3075108544198115 0.30746539929600303 0.3074199457975708 0.3073744939245866 0.30732904367712366 0.30728359505525416 0.3072381480590496 0.3071927026885819 0.3071472589439216 0.3071018168251398 0.3070563763323064 0.307010937465492 0.30696550022476576 0.3069200646101964 0.30687463062185394 0.3068291982598057 0.3067837675241205 0.30673833841486553 0.3066929109321088 0.30664748507591666 0.306602060846356 0.30655663824349333 0.30651121726739383 0.3064657979181237 0.3064203801957476 0.3063749641003306 0.3063295496319367 0.3062841367906304 0.3062387255764749 0.3061933159895338 0.30614790802987 0.3061025016975456 0.3060570969926236 0.3060116939151649 0.30596629246523144 0.30592089264288447 0.30587549444818396 0.305830097881191 0.3057847029419649 0.30573930963056584 0.30569391794705303 0.30564852789148467 0.3056031394639198 0.30555775266441665 0.30551236749303246 0.30546698394982497 0.305421602034851 0.3053762217481676 0.3053308430898306 0.30528546605989626 0.30524009065841984 0.30519471688545696 0.3051493447410618 0.30510397422528923 0.3050586053381933 0.3050132380798277 0.3049678724502458 0.3049225084495004 0.30487714607764493 0.3048317853347309 0.3047864262208101 0.3047410687359342 0.30469571288015485 0.3046503586535224 0.3046050060560874 0.3045596550878997 0.3045143057490095 0.3044689580394657 0.30442361195931766 0.30437826750861396 0.30433292468740214 0.30428758349573126 0.30424224393364785 0.3041969060012 0.3041515696984336 0.3041062350253956 0.304060901982132 0.30401557056868866 0.3039702407851106 0.30392491263144294 0.3038795861077307 0.3038342612140178 0.3037889379503478 0.30374361631676516 0.30369829631331224 0.303652977940032 0.30360766119696747 0.3035623460841601 0.3035170326016523 0.3034717207494848 0.3034264105276989 0.3033811019363355 0.3033357949754343 0.3032904896450356 0.30324518594517935 0.30319988387590413 0.30315458343724955 0.30310928462925313 0.30306398745195373 0.3030186919053892 0.30297339798959655 0.30292810570461304 0.30288281505047576 0.30283752602722025 0.30279223863488314 0.30274695287349995 0.3027016687431059 0.3026563862437359 0.30261110537542457 0.30256582613820626 0.3025205485321145 0.3024752725571831 0.3024299982134451 0.30238472550093287 0.3023394544196798 0.30229418496971705 0.3022489171510767 0.30220365096378987 0.30215838640788806 0.3021131234834016 0.30206786219036097 0.30202260252879576 0.3019773444987359 0.3019320881002101 0.30188683333324795 0.30184158019787755 0.3017963286941272 0.3017510788220248 0.3017058305815974 0.30166058397287243 0.30161533899587645 0.3015700956506362 0.3015248539371772 0.30147961385552613 0.30143437540570694 0.3013891385877454 0.3013439034016665 0.30129866984749376 0.3012534379252514 0.30120820763496325 0.3011629789766519 0.30111775195034085 0.3010725265560523 0.3010273027938082 0.3009820806636314 0.300936860165542 0.3008916412995618 0.3008464240657118 0.3008012084640118 0.3007559944944821 0.30071078215714264 0.30066557145201256 0.30062036237911094 0.30057515493845643 0.30052994913006703 0.3004847449539614 0.30043954241015647 0.30039434149866995 0.3003491422195186 0.30030394457271836 0.3002587485582866 0.3002135541762385 0.30016836142658954 0.3001231703093551 0.30007798082454995 0.30003279297218866 0.29998760675228486 0.2999424221648528 0.2998972392099062 0.2998520578874575 0.2998068781975196 0.29976170014010495 0.2997165237152255 0.2996713489228935 0.29962617576311934 0.2995810042359146 0.29953583434129016 0.2994906660792558 0.2994454994498217 0.29940033445299763 0.2993551710887927 0.2993100093572155 0.29926484925827546 0.2992196907919801 0.2991745339583376 0.29912937875735524 0.29908422518904043 0.29903907325340007 0.2989939229504408 0.2989487742801683 0.2989036272425889 0.2988584818377079 0.29881333806553034 0.29876819592606096 0.29872305541930466 0.2986779165452649 0.29863277930394627 0.2985876436953514 0.2985425097194836 0.29849737737634596 0.29845224666594006 0.2984071175882692 0.2983619901433341 0.29831686433113647 0.2982717401516771 0.29822661760495706 0.2981814966909766 0.2981363774097354 0.29809125976123396 0.2980461437454702 0.29800102936244444 0.2979559166121548 0.2979108054945995 0.29786569600977675 0.29782058815768386 0.2977754819383184 0.2977303773516773 0.29768527439775694 0.29764017307655366 0.2975950733880639 0.29754997533228256 0.2975048789092051 0.29745978411882645 0.29741469096114126 0.2973695994361438 0.29732450954382805 0.2972794212841873 0.29723433465721505 0.29718924966290405 0.2971441663012466 0.29709908457223544 0.29705400447586217 0.29700892601211804 0.29696384918099517 0.2969187739824837 0.296873700416574 0.29682862848325686 0.29678355818252156 0.2967384895143581 0.29669342247875574 0.29664835707570303 0.2966032933051884 0.29655823116720015 0.29651317066172633 0.2964681117887542 0.2964230545482712 0.29637799894026406 0.2963329449647192 0.29628789262162314 0.2962428419109615 0.2961977928327195 0.29615274538688285 0.29610769957343575 0.29606265539236376 0.2960176128436498 0.295972571927279 0.2959275326432339 0.2958824949914983 0.2958374589720545 0.2957924245848855 0.2957473918299731 0.2957023607072997 0.29565733121684645 0.29561230335859445 0.29556727713252506 0.29552225253861786 0.2954772295768546 0.2954322082472136 0.2953871885496755 0.29534217048421896 0.295297154050823 0.29525213924946603 0.2952071260801268 0.2951621145427826 0.29511710463741125 0.2950720963639899 0.295027089722496 0.29498208471290555 0.2949370813351946 0.29489207958934005 0.2948470794753164 0.29480208099309957 0.29475708414266444 0.2947120889239856 0.29466709533703717 0.2946221033817935 0.29457711305822787 0.2945321243663137 0.29448713730602405 0.29444215187733147 0.2943971680802082 0.29435218591462664 0.2943072053805582 0.29426222647797406 0.29421724920684555 0.29417227356714337 0.2941272995588382 0.2940823271818991 0.2940373564362966 0.29399238732199984 0.29394741983897843 0.2939024539872004 0.2938574897666345 0.2938125271772486 0.29376756621901134 0.2937226068918892 0.2936776491958494 0.2936326931308595 0.2935877386968855 0.2935427858938935 0.2934978347218494 0.2934528851807191 0.2934079372704672 0.2933629909910591 0.29331804634245917 0.29327310332463186 0.2932281619375404 0.29318322218114934 0.293138284055421 0.29309334756031924 0.2930484126958063 0.29300347946184413 0.2929585478583956 0.2929136178854219 0.2928686895428839 0.2928237628307433 0.29277883774896096 0.2927339142974965 0.29268899247631086 0.29264407228536327 0.2925991537246131 0.29255423679402015 0.29250932149354236 0.29246440782313865 0.2924194957827675 0.29237458537238625 0.2923296765919523 0.29228476944142345 0.2922398639207566 0.29219496002990764 0.2921500577688333 0.29210515713748986 0.29206025813583225 0.2920153607638166 0.2919704650213968 0.2919255709085288 0.29188067842516596 0.29183578757126283 0.2917908983467732 0.2917460107516503 0.2917011247858472 0.29165624044931704 0.29161135774201163 0.2915664766638838 0.29152159721488524 0.2914767193949672 0.29143184320408133 0.29138696864217817 0.29134209570920866 0.29129722440512285 0.29125235472987065 0.2912074866834017 0.29116262026566586 0.29111775547661145 0.2910728923161878 0.29102803078434303 0.2909831708810249 0.29093831260618175 0.2908934559597611 0.2908486009417097 0.29080374755197447 0.29075889579050185 0.2907140456572387 0.29066919715213013 0.2906243502751227 0.2905795050261605 0.2905346614051896 0.2904898194121539 0.2904449790469982 0.29040014030966665 0.29035530320010294 0.29031046771825 0.2902656338640517 0.29022080163745034 0.29017597103838866 0.29013114206680835 0.29008631472265245 0.2900414890058618 0.28999666491637743 0.28995184245414096 0.28990702161909265 0.289862202411173 0.2898173848303218 0.2897725688764794 0.28972775454958466 0.289682941849577 0.28963813077639533 0.28959332132997795 0.2895485135102629 0.28950370731718866 0.2894589027506924 0.28941409981071153 0.28936929849718307 0.28932449881004385 0.2892797007492297 0.2892349043146776 0.2891901095063223 0.28914531632410023 0.2891005247679461 0.2890557348377948 0.28901094653358084 0.28896615985523855 0.2889213748027021 0.2888765913759047 0.28883180957478016 0.28878702939926115 0.2887422508492805 0.2886974739247712 0.28865269862566423 0.28860792495189247 0.2885631529033872 0.28851838248007944 0.28847361368190017 0.2884288465087801 0.28838408096064994 0.2883393170374393 0.2882945547390776 0.2882497940654949 0.2882050350166202 0.28816027759238194 0.28811552179270894 0.2880707676175297 0.28802601506677195 0.28798126414036296 0.28793651483823035 0.2878917671603014 0.2878470211065024 0.2878022766767603 0.287757533871001 0.28771279268915007 0.2876680531311333 0.2876233151968759 0.2875785788863032 0.28753384419933914 0.2874891111359088 0.28744437969593584 0.2873996498793441 0.28735492168605703 0.28731019511599776 0.2872654701690893 0.2872207468452541 0.28717602514441454 0.28713130506649254 0.2870865866114103 0.2870418697790884 0.2869971545694482 0.2869524409824108 0.2869077290178965 0.28686301867582564 0.2868183099561181 0.28677360285869347 0.2867288973834712 0.2866841935303701 0.2866394912993091 0.28659479069020666 0.2865500917029813 0.2865053943375504 0.2864606985938314 0.2864160044717421 0.28637131197119925 0.2863266210921196 0.28628193183441986 0.28623724419801544 0.28619255818282274 0.2861478737887574 0.2861031910157341 0.28605850986366854 0.28601383033247485 0.28596915242206733 0.2859244761323605 0.2858798014632683 0.2858351284147034 0.2857904569865797 0.28574578717881016 0.2857011189913071 0.2856564524239833 0.2856117874767503 0.2855671241495197 0.28552246244220414 0.285477802354714 0.28543314388695995 0.28538848703885356 0.28534383181030387 0.2852991782012222 0.2852545262115176 0.28520987584109947 0.2851652270898777 0.28512057995776074 0.28507593444465695 0.28503129055047494 0.284986648275123 0.2849420076185081 0.2848973685805388 0.28485273116112164 0.2848080953601635 0.28476346117757156 0.2847188286132514 0.28467419766710933 0.2846295683390514 0.2845849406289831 0.28454031453680884 0.2844956900624347 0.2844510672057645 0.28440644596670306 0.28436182634515406 0.28431720834102125 0.2842725919542086 0.28422797718461923 0.2841833640321556 0.28413875249672094 0.28409414257821686 0.28404953427654644 0.2840049275916109 0.2839603225233118 0.28391571907155067 0.2838711172362278 0.28382651701724493 0.2837819184145014 0.2837373214278982 0.28369272605733475 0.2836481323027106 0.2836035401639252 0.28355894964087713 0.2835143607334655 0.28346977344158886 0.28342518776514525 0.2833806037040325 0.28333602125814816 0.28329144042738963 0.2832468612116543 0.2832022836108381 0.2831577076248386 0.28311313325355125 0.28306856049687235 0.2830239893546972 0.28297941982692176 0.2829348519134407 0.28289028561414886 0.28284572092894145 0.28280115785771154 0.282756596400354 0.2827120365567628 0.2826674783268309 0.28262292171045145 0.28257836670751757 0.2825338133179217 0.28248926154155674 0.28244471137831373 0.28240016282808555 0.2823556158907632 0.28231107056623794 0.2822665268544008 0.2822219847551428 0.282177444268354 0.28213290539392477 0.282088368131745 0.28204383248170395 0.28199929844369154 0.2819547660175965 0.2819102352033076 0.2818657060007137 0.2818211784097029 0.2817766524301628 0.28173212806198167 0.281687605305047 0.2816430841592452 0.2815985646244642 0.28155404670059014 0.28150953038750914 0.28146501568510773 0.2814205025932712 0.2813759911118857 0.2813314812408366 0.28128697298000815 0.2812424663292856 0.28119796128855357 0.28115345785769597 0.2811089560365967 0.2810644558251397 0.2810199572232085 0.28097546023068576 0.28093096484745494 0.28088647107339804 0.28084197890839757 0.2807974883523361 0.2807529994050947 0.2807085120665552 0.28066402633659926 0.2806195422151072 0.2805750597019603 0.2805305787970386 0.2804860995002225 0.2804416218113923 0.28039714573042707 0.28035267125720675 0.28030819839161003 0.2802637271335163 0.2802192574828035 0.2801747894393505 0.2801303230030353 0.28008585817373577 0.2800413949513292 0.2799969333356932 0.2799524733267047 0.27990801492424056 0.27986355812817676 0.2798191029383903 0.2797746493547567 0.27973019737715177 0.2796857470054511 0.2796412982395302 0.2795968510792629 0.279552405524525 0.2795079615751904 0.27946351923113333 0.2794190784922278 0.2793746393583474 0.2793302018293654 0.2792857659051551 0.27924133158558906 0.27919689887054 0.27915246775988034 0.27910803825348207 0.2790636103512172 0.279019184052957 0.2789747593585725 0.27893033626793584 0.2788859147809166 0.2788414948973861 0.278797076617214 0.2787526599402709 0.278708244866426 0.2786638313955493 0.27861941952750957 0.27857500926217604 0.27853060059941726 0.2784861935391022 0.2784417880810983 0.27839738422527405 0.27835298197149727 0.2783085813196349 0.2782641822695541 0.2782197848211223 0.2781753889742058 0.2781309947286714 0.27808660208438485 0.2780422110412123 0.2779978215990193 0.2779534337576711 0.2779090475170334 0.2778646628769703 0.27782027983734736 0.2777758983980281 0.27773151855887723 0.27768714031975816 0.2776427636805352 0.2775983886410709 0.27755401520122924 0.27750964336087236 0.27746527311986346 0.27742090447806456 0.27737653743533763 0.2773321719915448 0.27728780814654796 0.2772434459002078 0.277199085252386 0.2771547262029429 0.27711036875174 0.2770660128986364 0.2770216586434937 0.27697730598617065 0.27693295492652703 0.2768886054644226 0.2768442575997161 0.27679991133226656 0.2767555666619328 0.2767112235885725 0.2766668821120448 0.27662254223220684 0.2765782039489163 0.276533867262031 0.2764895321714075 0.2764451986769032 0.2764008667783746 0.2763565364756778 0.27631220776866905 0.2762678806572043 0.2762235551411394 0.27617923122032983 0.2761349088946303 0.2760905881638961 0.2760462690279817 0.27600195148674156 0.27595763554003006 0.27591332118770073 0.2758690084296074 0.27582469726560377 0.2757803876955429 0.2757360797192777 0.27569177333666084 0.2756474685475454 0.2756031653517823 0.275558863749225 0.27551456373972405 0.2754702653231317 0.275425968499299 0.27538167326807717 0.27533737962931615 0.2752930875828674 0.27524879712858086 0.2752045082663066 0.27516022099589443 0.275115935317194 0.2750716512300545 0.27502736873432476 0.27498308782985426 0.27493880851649133 0.2748945307940843 0.27485025466248103 0.27480598012153 0.2747617071710783 0.2747174358109734 0.27467316604106295 0.27462889786119316 0.2745846312712117 0.2745403662709639 0.2744961028602968 0.27445184103905595 0.2744075808070874 0.2743633221642361 0.27431906511034776 0.2742748096452676 0.27423055576884026 0.27418630348091 0.2741420527813212 0.274097803669918 0.2740535561465445 0.27400931021104413 0.2739650658632602 0.2739208231030359 0.273876581930214 0.27383234234463716 0.2737881043461482 0.27374386793458894 0.27369963310980183 0.2736553998716278 0.27361116821990905 0.2735669381544863 0.273522709675201 0.2734784827818939 0.2734342574744051 0.2733900337525754 0.2733458116162448 0.2733015910652534 0.27325737209944034 0.27321315471864516 0.273168938922707 0.2731247247114653 0.27308051208475814 0.2730363010424238 0.2729920915843015 0.2729478837102284 0.2729036774200425 0.2728594727135817 0.2728152695906825 0.2727710680511829 0.27272686809491953 0.2726826697217286 0.2726384729314466 0.2725942777239099 0.2725500840989543 0.27250589205641584 0.2724617015961297 0.27241751271793113 0.27237332542165493 0.2723291397071368 0.27228495557420995 0.2722407730227099 0.27219659205247015 0.2721524126633248 0.2721082348551075 0.2720640586276515 0.27201988398079036 0.27197571091435646 0.27193153942818316 0.2718873695221027 0.2718432011959473 0.2717990344495491 0.2717548692827403 0.2717107056953523 0.2716665436872161 0.271622383258163 0.2715782244080247 0.27153406713663064 0.2714899114438132 0.2714457573294007 0.2714016047932237 0.2713574538351129 0.2713133044548969 0.27126915665240614 0.2712250104274686 0.27118086577991374 0.27113672270957045 0.271092581216267 0.27104844129983174 0.2710043029600926 0.27096016619687735 0.27091603101001405 0.2708718973993296 0.27082776536465136 0.2707836349058059 0.27073950602262054 0.27069537871492155 0.27065125298253534 0.27060712882528726 0.2705630062430039 0.2705188852355106 0.27047476580263297 0.270430647944196 0.27038653166002435 0.2703424169499432 0.27029830381377706 0.2702541922513497 0.27021008226248633 0.2701659738470098 0.2701218670047436 0.2700777617355119 0.2700336580391377 0.2699895559154437 0.26994545536425296 0.2699013563853878 0.2698572589786714 0.2698131631439249 0.2697690688809702 0.26972497618962943 0.2696808850697241 0.26963679552107545 0.26959270754350384 0.2695486211368312 0.26950453630087745 0.26946045303546295 0.2694163713404085 0.2693722912155332 0.26932821266065754 0.26928413567560083 0.2692400602601821 0.26919598641422093 0.26915191413753625 0.269107843429946 0.26906377429126926 0.2690197067213246 0.2689756407199292 0.2689315762869018 0.2688875134220592 0.2688434521252192 0.268799392396199 0.2687553342348159 0.2687112776408862 0.2686672226142264 0.26862316915465356 0.2685791172619828 0.268535066936031 0.2684910181766136 0.26844697098354575 0.2684029253566431 0.2683588812957205 0.26831483880059304 0.26827079787107533 0.26822675850698197 0.2681827207081271 0.26813868447432454 0.26809464980538855 0.2680506167011323 0.26800658516137 0.2679625551859136 0.26791852677457706 0.26787449992717305 0.2678304746435143 0.26778645092341236 0.26774242876668075 0.26769840817312995 0.2676543891425728 0.2676103716748206 0.26756635576968435 0.2675223414269754 0.267478328646505 0.26743431742808355 0.2673903077715214 0.2673462996766296 0.2673022931432175 0.2672582881710952 0.2672142847600727 0.26717028290995926 0.26712628262056415 0.2670822838916965 0.2670382867231653 0.2669942911147791 0.26695029706634665 0.26690630457767606 0.26686231364857504 0.26681832427885177 0.2667743364683143 0.2667303502167695 0.2666863655240249 0.2666423823898876 0.2665984008141645 0.26655442079666214 0.2665104423371871 0.2664664654355453 0.2664224900915433 0.26637851630498666 0.26633454407568136 0.266290573403432 0.2662466042880447 0.2662026367293241 0.2661586707270752 0.2661147062811027 0.2660707433912113 0.2660267820572044 0.2659828222788868 0.2659388640560627 0.2658949073885344 0.2658509522761068 0.26580699871858227 0.265763046715764 0.2657190962674554 0.26567514737345865 0.2656312000335763 0.26558725424761087 0.2655433100153639 0.2654993673366378 0.26545542621123386 0.2654114866389541 0.2653675486195992 0.26532361215297073 0.26527967723886925 0.2652357438770956 0.26519181206745035 0.2651478818097339 0.26510395310374624 0.265060025949287 0.2650161003461562 0.2649721762941538 0.2649282537930785 0.26488433284272983 0.2648404134429061 0.2647964955934071 0.2647525792940306 0.2647086645445753 0.26466475134483947 0.26462083969462036 0.26457692959371704 0.2645330210419262 0.26448911403904507 0.2644452085848714 0.26440130467920253 0.26435740232183447 0.2643135015125644 0.26426960225118834 0.26422570453750316 0.26418180837130434 0.26413791375238815 0.26409402068055 0.26405012915558557 0.2640062391772906 0.26396235074545915 0.26391846385988726 0.2638745785203689 0.2638306947266986 0.2637868124786711 0.26374293177608066 0.2636990526187213 0.26365517500638624 0.26361129893886925 0.2635674244159645 0.2635235514374643 0.263479680003162 0.263435810112851 0.26339194176632286 0.263348074963371 0.2633042097037873 0.26326034598736425 0.2632164838138933 0.26317262318316637 0.2631287640949751 0.26308490654911076 0.2630410505453644 0.26299719608352734 0.26295334316339014 0.26290949178474377 0.2628656419473778 0.2628217936510835 0.26277794689565026 0.26273410168086886 0.2626902580065278 0.26264641587241744 0.26260257527832653 0.2625587362240447 0.26251489870936073 0.2624710627340634 0.2624272282979414 0.26238339540078304 0.26233956404237646 0.2622957342225102 0.26225190594097136 0.26220807919754785 0.2621642539920279 0.26212043032419863 0.26207660819384615 0.26203278760075854 0.26198896854472165 0.2619451510255234 0.2619013350429489 0.261857520596785 0.261813707686818 0.261769896312833 0.2617260864746166 0.26168227817195366 0.26163847140462937 0.2615946661724299 0.2615508624751389 0.26150706031254267 0.26146325968442463 0.26141946059056986 0.2613756630307619 0.26133186700478617 0.26128807251242514 0.2612442795534635 0.26120048812768415 0.2611566982348711 0.2611129098748074 0.2610691230472756 0.26102533775205916 0.2609815539889402 0.26093777175770194 0.26089399105812594 0.260850211889995 0.2608064342530909 0.2607626581471947 0.26071888357208883 0.2606751105275551 0.26063133901337365 0.26058756902932645 0.2605438005751938 0.26050003365075725 0.2604562682557966 0.26041250439009256 0.26036874205342564 0.26032498124557524 0.26028122196632175 0.2602374642154448 0.2601937079927237 0.2601499532979381 0.26010620013086705 0.26006244849128957 0.2600186983789846 0.25997494979373037 0.2599312027353061 0.2598874572034897 0.2598437131980593 0.25979997071879324 0.25975622976546886 0.25971249033786414 0.25966875243575616 0.25962501605892263 0.2595812812071405 0.2595375478801869 0.2594938160778384 0.25945008579987194 0.25940635704606363 0.25936262981618974 0.2593189041100268 0.2592751799273505 0.2592314572679367 0.25918773613156054 0.2591440165179981 0.2591002984270244 0.25905658185841474 0.2590128668119436 0.25896915328738634 0.258925441284517 0.25888173080311017 0.2588380218429407 0.25879431440378187 0.2587506084854081 0.25870690408759334 0.2586632012101102 0.25861949985273336 0.2585758000152355 0.2585321016973895 0.2584884048989686 0.25844470961974586 0.2584010158594935 0.25835732361798414 0.2583136328949899 0.2582699436902829 0.25822625600363525 0.2581825698348189 0.2581388851836046 0.2580952020497651 0.258051520433071 0.2580078403332935 0.2579641617502033 0.25792048468357187 0.25787680913316946 0.2578331350987664 0.25778946258013313 0.25774579157704014 0.2577021220892568 0.25765845411655364 0.25761478765870005 0.25757112271546545 0.25752745928661935 0.25748379737193083 0.25744013697116874 0.2573964780841025 0.25735282071050025 0.25730916485013056 0.2572655105027626 0.2572218576681635 0.2571782063461028 0.25713455653634654 0.257090908238664 0.25704726145282175 0.25700361617858836 0.25695997241572976 0.25691633016401405 0.25687268942320807 0.25682905019307833 0.25678541247339104 0.25674177626391403 0.2566981415644123 0.2566545083746533 0.2566108766944013 0.2565672465234241 0.2565236178614858 0.25647999070835314 0.25643636506379086 0.2563927409275639 0.2563491182994385 0.25630549717917805 0.25626187756654895 0.2562182594613145 0.25617464286323965 0.25613102777208896 0.25608741418762637 0.2560438021096152 0.2560001915378203 0.25595658247200537 0.2559129749119331 0.25586936885736733 0.255825764308071 0.2557821612638078 0.2557385597243399 0.2556949596894309 0.2556513611588428 0.2556077641323383 0.25556416860967945 0.2555205745906284 0.2554769820749472 0.2554333910623984 0.2553898015527427 0.2553462135457423 0.255302627041158 0.2552590420387517 0.2552154585382841 0.25517187653951656 0.25512829604220855 0.25508471704612257 0.2550411395510179 0.25499756355665526 0.2549539890627949 0.2549104160691963 0.25486684457562037 0.2548232745818261 0.25477970608757317 0.25473613909262116 0.25469257359672914 0.254649009599657 0.2546054471011623 0.2545618861010054 0.25451832659894413 0.2544747685947373 0.2544312120881431 0.2543876570789204 0.2543441035668268 0.2543005515516201 0.2542570010330585 0.25421345201089984 0.2541699044849006 0.25412635845481957 0.254082813920413 0.2540392708814385 0.25399572933765246 0.25395218928881236 0.25390865073467417 0.25386511367499487 0.2538215781095309 0.25377804403803794 0.2537345114602725 0.25369098037599036 0.2536474507849473 0.253603922686899 0.25356039608160086 0.25351687096880804 0.25347334734827653 0.25342982521976065 0.25338630458301536 0.25334278543779587 0.25329926778385614 0.2532557516209515 0.25321223694883555 0.25316872376726285 0.2531252120759876 0.2530817018747633 0.2530381931633442 0.2529946859414838 0.25295118020893526 0.25290767596545205 0.2528641732107878 0.25282067194469504 0.2527771721669272 0.2527336738772371 0.25269017707537667 0.25264668176109895 0.2526031879341565 0.252559695594301 0.2525162047412852 0.2524727153748604 0.25242922749477903 0.25238574110079204 0.25234225619265205 0.25229877277010915 0.25225529083291565 0.25221181038082197 0.25216833141357964 0.252124853930939 0.2520813779326514 0.25203790341846677 0.2519944303881363 0.2519509588414095 0.25190748877803637 0.251864020197768 0.2518205531003537 0.25177708748554295 0.2517336233530857 0.2516901607027313 0.25164669953422947 0.2516032398473287 0.25155978164177883 0.2515163249173279 0.2514728696737256 0.25142941591072054 0.25138596362806065 0.25134251282549436 0.25129906350277087 0.25125561565963717 0.2512121692958419 0.2511687244111327 0.25112528100525755 0.25108183907796333 0.25103839862899835 0.25099495965811003 0.250951522165045 0.2509080861495504 0.2508646516113727 0.25082121855026007 0.25077778696595787 0.2507343568582133 0.2506909282267724 0.2506475010713818 0.25060407539178764 0.2505606511877354 0.2505172284589712 0.2504738072052416 0.2504303874262912 0.25038696912186587 0.2503435522917108 0.25030013693557085 0.25025672305319224 0.2502133106443192 0.2501698997086965 0.25012649024606903 0.25008308225618137 0.2500396757387777 0.2499962706936032 0.249952867120401 0.24990946501891576 0.24986606438889114 0.24982266523007102 0.24977926754219926 0.2497358713250194 0.24969247657827442 0.2496490833017081 0.2496056914950635 0.24956230115808364 0.24951891229051149 0.24947552489208946 0.24943213896256045 0.2493887545016671 0.24934537150915237 0.2493019899847574 0.24925860992822468 0.2492152313392968 0.24917185421771548 0.24912847856322184 0.24908510437555842 0.2490417316544662 0.2489983603996868 0.24895499061096138 0.24891162228803154 0.24886825543063762 0.2488248900385207 0.2487815261114219 0.24873816364908208 0.2486948026512411 0.24865144311763931 0.2486080850480179 0.2485647284421162 0.2485213732996745 0.24847801962043303 0.24843466740413123 0.24839131665050906 0.24834796735930542 0.24830461953026073 0.24826127316311353 0.2482179282576037 0.24817458481346988 0.24813124283045052 0.24808790230828504 0.2480445632467123 0.24800122564547078 0.24795788950429865 0.24791455482293423 0.2478712216011162 0.2478278898385825 0.24778455953507084 0.2477412306903194 0.24769790330406605 0.24765457737604746 0.24761125290600206 0.24756792989366772 0.24752460833878032 0.24748128824107773 0.2474379696002973 0.24739465241617586 0.247351336688449 0.24730802241685523 0.24726470960112956 0.24722139824100975 0.24717808833623134 0.24713477988653054 0.2470914728916439 0.24704816735130675 0.2470048632652554 0.2469615606332256 0.2469182594549526 0.24687495973017248 0.24683166145862057 0.24678836464003118 0.24674506927414075 0.2467017753606836 0.24665848289939485 0.24661519189000924 0.2465719023322619 0.2465286142258869 0.24648532757061847 0.24644204236619194 0.24639875861234073 0.2463554763087994 0.24631219545530192 0.24626891605158163 0.24622563809737308 0.24618236159240992 0.24613908653642502 0.2460958129291525 0.24605254077032512 0.24600927005967677 0.24596600079694042 0.2459227329818483 0.24587946661413418 0.2458362016935305 0.2457929382197701 0.24574967619258548 0.24570641561170892 0.24566315647687276 0.2456198987878092 0.2455766425442506 0.24553338774592892 0.24549013439257572 0.2454468824839231 0.2454036320197025 0.24536038299964602 0.245317135423484 0.24527388929094918 0.24523064460177135 0.24518740135568295 0.24514415955241442 0.24510091919169608 0.24505768027326003 0.24501444279683537 0.24497120676215434 0.24492797216894624 0.2448847390169413 0.2448415073058713 0.24479827703546464 0.2447550482054519 0.24471182081556342 0.24466859486552894 0.2446253703550776 0.24458214728393957 0.24453892565184399 0.2444957054585205 0.2444524867036988 0.24440926938710728 0.24436605350847507 0.2443228390675316 0.24427962606400544 0.2442364144976259 0.24419320436812075 0.24414999567521867 0.2441067884186494 0.2440635825981391 0.24402037821341827 0.24397717526421348 0.24393397375025283 0.24389077367126488 0.24384757502697718 0.24380437781711772 0.24376118204141362 0.24371798769959274 0.2436747947913822 0.24363160331650957 0.24358841327470193 0.2435452246656863 0.24350203748918986 0.2434588517449391 0.2434156674326613 0.24337248455208305 0.24332930310293022 0.24328612308493036 0.24324294449780892 0.24319976734129334 0.2431565916151086 0.24311341731898117 0.24307024445263714 0.24302707301580284 0.24298390300820305 0.242940734429564 0.24289756727961098 0.2428544015580696 0.2428112372646657 0.24276807439912385 0.24272491296116927 0.24268175295052785 0.2426385943669238 0.2425954372100817 0.2425522814797274 0.2425091271755846 0.24246597429737848 0.24242282284483319 0.24237967281767303 0.24233652421562235 0.24229337703840648 0.24225023128574663 0.24220708695737003 0.24216394405299868 0.24212080257235713 0.24207766251516805 0.24203452388115654 0.24199138667004483 0.24194825088155703 0.24190511651541624 0.2418619835713458 0.2418188520490686 0.24177572194830754 0.24173259326878627 0.24168946601022656 0.24164634017235187 0.2416032157548843 0.2415600927575473 0.24151697118006288 0.24147385102215313 0.24143073228353995 0.24138761496394667 0.24134449906309385 0.24130138458070527 0.24125827151650125 0.24121515987020437 0.24117204964153616 0.24112894083021796 0.24108583343597179 0.2410427274585183 0.2409996228975797 0.2409565197528768 0.24091341802413058 0.24087031771106215 0.24082721881339253 0.24078412133084315 0.24074102526313312 0.240697930609985 0.2406548373711186 0.24061174554625375 0.24056865513511205 0.24052556613741294 0.24048247855287685 0.24043939238122403 0.240396307622175 0.2403532242754488 0.24031014234076575 0.24026706181784485 0.24022398270640677 0.2401809050061715 0.24013782871685707 0.24009475383818324 0.24005168036987024 0.24000860831163662 0.2399655376632014 0.23992246842428444 0.2398794005946031 0.23983633417387806 0.2397932691618272 0.23975020555816906 0.23970714336262278 0.23966408257490635 0.2396210231947381 0.23957796522183739 0.2395349086559213 0.23949185349670876 0.23944879974391697 0.23940574739726528 0.23936269645647013 0.2393196469212504 0.23927659879132368 0.23923355206640673 0.23919050674621833 0.23914746283047517 0.23910442031889456 0.23906137921119452 0.23901833950709184 0.2389753012063034 0.23893226430854608 0.2388892288135378 0.23884619472099466 0.238803162030634 0.23876013074217173 0.23871710085532505 0.23867407236980998 0.23863104528534373 0.23858801960164244 0.23854499531842188 0.23850197243539895 0.23845895095228897 0.23841593086880863 0.2383729121846736 0.23832989489960021 0.2382868790133028 0.2382438645254994 0.23820085143590353 0.23815783974423177 0.23811482945019913 0.2380718205535215 0.23802881305391332 0.23798580695109084 0.23794280224476871 0.2378997989346615 0.2378567970204849 0.23781379650195344 0.23777079737878204 0.23772779965068502 0.23768480331737774 0.23764180837857396 0.23759881483398881 0.23755582268333664 0.2375128319263312 0.23746984256268722 0.23742685459211876 0.23738386801434008 0.2373408828290644 0.23729789903600662 0.23725491663487963 0.23721193562539833 0.2371689560072756 0.23712597778022537 0.23708300094396073 0.23704002549819558 0.23699705144264316 0.23695407877701635 0.23691110750102917 0.23686813761439418 0.23682516911682439 0.23678220200803324 0.23673923628773308 0.23669627195563714 0.2366533090114583 0.2366103474549084 0.23656738728570104 0.23652442850354838 0.23648147110816264 0.23643851509925584 0.2363955604765411 0.2363526072397305 0.236309655388536 0.2362667049226691 0.23622375584184263 0.23618080814576825 0.23613786183415741 0.23609491690672224 0.2360519733631744 0.23600903120322547 0.23596609042658745 0.2359231510329709 0.23588021302208784 0.23583727639364915 0.2357943411473663 0.23575140728295052 0.2357084748001128 0.23566554369856418 0.23562261397801576 0.23557968563817822 0.23553675867876223 0.2354938330994787 0.23545090890003884 0.2354079860801518 0.23536506463952978 0.23532214457788192 0.23527922589491934 0.23523630859035172 0.23519339266389006 0.2351504781152436 0.23510756494412322 0.2350646531502384 0.23502174273329957 0.23497883369301653 0.23493592602909796 0.23489301974125487 0.2348501148291966 0.23480721129263238 0.23476430913127244 0.23472140834482547 0.23467850893300102 0.23463561089550833 0.23459271423205763 0.23454981894235605 0.23450692502611492 0.2344640324830416 0.23442114131284608 0.2343782515152365 0.23433536308992253 0.23429247603661174 0.23424959035501414 0.23420670604483707 0.23416382310579031 0.23412094153758112 0.2340780613399187 0.2340351825125111 0.23399230505506685 0.2339494289672941 0.23390655424890072 0.2338636808995942 0.23382080891908452 0.23377793830707738 0.23373506906328234 0.23369220118740608 0.23364933467915716 0.23360646953824238 0.23356360576437007 0.23352074335724748 0.23347788231658217 0.23343502264208116 0.23339216433345278 0.23334930739040294 0.23330645181263998 0.2332635975998707 0.23322074475180188 0.23317789326814076 0.23313504314859435 0.23309219439286966 0.23304934700067315 0.23300650097171172 0.2329636563056925 0.23292081300232126 0.2328779710613056 0.23283513048235083 0.23279229126516443 0.2327494534094524 0.23270661691492078 0.23266378178127622 0.23262094800822464 0.23257811559547248 0.23253528454272543 0.23249245484969006 0.2324496265160716 0.23240679954157628 0.23236397392590957 0.23232114966877837 0.23227832676988647 0.2322355052289412 0.2321926850456476 0.2321498662197109 0.23210704875083676 0.23206423263873033 0.2320214178830975 0.2319786044836425 0.231935792440072 0.23189298175208983 0.23185017241940176 0.23180736444171213 0.23176455781872707 0.23172175255015048 0.23167894863568794 0.23163614607504324 0.23159334486792194 0.2315505450140286 0.2315077465130677 0.23146494936474327 0.23142215356876117 0.231379359124824 0.23133656603263797 0.23129377429190567 0.23125098390233312 0.2312081948636231 0.23116540717548006 0.23112262083760826 0.2310798358497118 0.23103705221149473 0.2309942699226608 0.23095148898291362 0.23090870939195773 0.2308659311494956 0.23082315425523225 0.23078037870887025 0.23073760451011427 0.23069483165866678 0.23065206015423179 0.23060928999651242 0.23056652118521226 0.2305237537200342 0.23048098760068236 0.23043822282685877 0.2303954593982671 0.2303526973146106 0.23030993657559218 0.2302671771809146 0.2302244191302809 0.23018166242339344 0.23013890705995632 0.2300961530396709 0.2300534003622403 0.230010649027367 0.22996789903475445 0.22992515038410377 0.22988240307511865 0.2298396571075012 0.22979691248095313 0.22975416919517744 0.22971142724987637 0.22966868664475149 0.2296259473795056 0.2295832094538408 0.22954047286745838 0.2294977376200611 0.22945500371135086 0.22941227114102958 0.22936953990879816 0.2293268100143594 0.22928408145741486 0.22924135423766556 0.2291986283548142 0.2291559038085612 0.2291131805986092 0.2290704587246586 0.2290277381864122 0.22898501898357004 0.2289423011158337 0.22889958458290494 0.2288568693844849 0.2288141555202743 0.22877144298997454 0.22872873179328712 0.22868602192991205 0.22864331339955124 0.22860060620190492 0.2285579003366749 0.22851519580356117 0.22847249260226454 0.22842979073248582 0.2283870901939261 0.22834439098628567 0.22830169310926507 0.228258996562565 0.22821630134588555 0.2281736074589279 0.22813091490139115 0.22808822367297743 0.22804553377338554 0.22800284520231662 0.22796015795947022 0.22791747204454693 0.22787478745724643 0.2278321041972695 0.22778942226431553 0.2277467416580845 0.227704062378276 0.22766138442459138 0.22761870779672877 0.22757603249438874 0.22753335851727108 0.22749068586507504 0.22744801453750052 0.2274053445342472 0.22736267585501468 0.22732000849950196 0.22727734246740905 0.2272346777584353 0.22719201437227943 0.22714935230864186 0.2271066915672204 0.2270640321477161 0.22702137404982659 0.2269787172732518 0.22693606181769066 0.22689340768284194 0.22685075486840534 0.22680810337407897 0.22676545319956254 0.22672280434455439 0.22668015680875353 0.22663751059185866 0.2265948656935689 0.22655222211358228 0.22650957985159814 0.2264669389073144 0.22642429928043106 0.22638166097064472 0.22633902397765504 0.22629638830115995 0.22625375394085911 0.22621112089644924 0.22616848916762888 0.22612585875409752 0.2260832296555525 0.22604060187169217 0.22599797540221478 0.2259553502468178 0.22591272640520044 0.2258701038770602 0.22582748266209485 0.2257848627600022 0.22574224417048128 0.22569962689322876 0.225657010927943 0.225614396274322 0.22557178293206248 0.22552917090086355 0.2254865601804218 0.22544395077043544 0.22540134267060208 0.22535873588061872 0.2253161304001836 0.22527352622899388 0.22523092336674655 0.22518832181313986 0.2251457215678705 0.22510312263063614 0.22506052500113394 0.22501792867906123 0.22497533366411515 0.22493273995599283 0.22489014755439163 0.22484755645900822 0.22480496666953997 0.2247623781856839 0.2247197910071369 0.22467720513359613 0.2246346205647578 0.22459203730031974 0.22454945533997828 0.22450687468343034 0.22446429533037215 0.22442171728050142 0.22437914053351404 0.22433656508910693 0.22429399094697666 0.22425141810682026 0.2242088465683333 0.22416627633121333 0.2241237073951562 0.22408113975985866 0.22403857342501676 0.22399600839032652 0.2239534446554856 0.2239108822201893 0.22386832108413424 0.22382576124701625 0.22378320270853158 0.2237406454683768 0.22369808952624792 0.22365553488184098 0.22361298153485143 0.22357042948497674 0.22352787873191127 0.2234853292753518 0.22344278111499427 0.22340023425053457 0.2233576886816684 0.2233151444080913 0.22327260142949967 0.22323005974558885 0.22318751935605452 0.22314498026059282 0.2231024424588991 0.22305990595066905 0.2230173707355978 0.2229748368133817 0.2229323041837158 0.22288977284629619 0.22284724280081714 0.22280471404697488 0.222762186584465 0.22271966041298286 0.2226771355322228 0.2226346119418815 0.2225920896416529 0.22254956863123365 0.2225070489103177 0.22246453047860137 0.22242201333577905 0.22237949748154562 0.22233698291559723 0.2222944696376279 0.2222519576473333 0.22220944694440803 0.22216693752854733 0.22212442939944643 0.22208192255679915 0.22203941700030172 0.22199691272964772 0.2219544097445335 0.22191190804465233 0.2218694076297003 0.2218269084993708 0.22178441065335963 0.2217419140913608 0.22169941881306943 0.2216569248181801 0.2216144321063871 0.22157194067738528 0.22152945053086903 0.2214869616665326 0.2214444740840712 0.221401987783179 0.2213595027635501 0.22131701902487877 0.2212745365668598 0.22123205538918778 0.22118957549155682 0.22114709687366063 0.22110461953519478 0.22106214347585196 0.2210196686953274 0.22097719519331505 0.2209347229695089 0.2208922520236033 0.22084978235529218 0.2208073139642701 0.22076484685023046 0.22072238101286756 0.22067991645187557 0.22063745316694816 0.2205949911577798 0.22055253042406375 0.2205100709654947 0.22046761278176596 0.22042515587257105 0.22038270023760487 0.22034024587656065 0.22029779278913186 0.22025534097501265 0.22021289043389713 0.2201704411654779 0.22012799316944975 0.22008554644550538 0.2200431009933399 0.22000065681264536 0.21995821390311587 0.2199157722644457 0.21987333189632707 0.2198308927984547 0.21978845497052169 0.2197460184122214 0.21970358312324745 0.2196611491032927 0.21961871635205132 0.21957628486921654 0.2195338546544816 0.2194914257075402 0.2194489980280847 0.21940657161580912 0.21936414647040703 0.2193217225915708 0.21927929997899442 0.21923687863237118 0.2191944585513933 0.21915203973575514 0.21910962218514896 0.2190672058992683 0.21902479087780602 0.2189823771204561 0.21893996462691012 0.21889755339686223 0.21885514343000478 0.2188127347260317 0.2187703272846352 0.2187279211055082 0.2186855161883441 0.2186431125328353 0.21860071013867532 0.21855830900555684 0.21851590913317265 0.21847351052121577 0.21843111316937813 0.21838871707735374 0.21834632224483475 0.2183039286715146 0.21826153635708523 0.21821914530123931 0.2181767555036701 0.2181343669640704 0.218091979682132 0.21804959365754895 0.21800720889001246 0.21796482537921658 0.21792244312485287 0.21788006212661393 0.21783768238419277 0.21779530389728174 0.21775292666557322 0.21771055068876 0.21766817596653487 0.21762580249858943 0.21758343028461713 0.2175410593243099 0.21749868961735985 0.21745632116346025 0.21741395396230312 0.21737158801358036 0.2173292233169849 0.21728685987220886 0.21724449767894494 0.2172021367368847 0.21715977704572142 0.21711741860514644 0.21707506141485278 0.21703270547453257 0.21699035078387752 0.21694799734258063 0.2169056451503334 0.2168632942068287 0.21682094451175793 0.21677859606481387 0.21673624886568832 0.2166939029140743 0.21665155820966198 0.2166092147521459 0.21656687254121632 0.21652453157656648 0.21648219185788742 0.21643985338487204 0.2163975161572118 0.21635518017459943 0.2163128454367259 0.21627051194328428 0.21622817969396624 0.21618584868846302 0.21614351892646733 0.21610119040767106 0.21605886313176592 0.2160165370984446 0.21597421230739755 0.2159318887583178 0.21588956645089707 0.21584724538482725 0.21580492555979913 0.2157626069755062 0.21572028963163936 0.21567797352789075 0.2156356586639523 0.21559334503951466 0.21555103265427134 0.21550872150791278 0.21546641160013125 0.21542410293061887 0.21538179549906722 0.21533948930516766 0.2152971843486119 0.21525488062909193 0.21521257814629924 0.21517027689992607 0.21512797688966334 0.21508567811520307 0.21504338057623706 0.2150010842724569 0.21495878920355382 0.21491649536922008 0.21487420276914682 0.21483191140302582 0.2147896212705488 0.21474733237140664 0.21470504470529228 0.21466275827189607 0.21462047307091048 0.21457818910202597 0.21453590636493503 0.2144936248593291 0.21445134458489923 0.21440906554133699 0.21436678772833473 0.2143245111455826 0.2142822357927734 0.21423996166959758 0.2141976887757474 0.21415541711091368 0.2141131466747882 0.2140708774670631 0.2140286094874283 0.21398634273557626 0.21394407721119868 0.2139018129139858 0.2138595498436301 0.21381728799982258 0.21377502738225496 0.21373276799061824 0.2136905098246039 0.21364825288390343 0.21360599716820805 0.21356374267720946 0.21352148941059867 0.21347923736806684 0.2134369865493061 0.213394736954007 0.2133524885818614 0.21331024143256028 0.21326799550579545 0.21322575080125727 0.21318350731863822 0.2131412650576291 0.2130990240179207 0.21305678419920526 0.21301454560117317 0.21297230822351665 0.21293007206592585 0.21288783712809345 0.2128456034097097 0.21280337091046575 0.21276113963005383 0.21271890956816442 0.21267668072448875 0.21263445309871865 0.21259222669054467 0.21255000149965864 0.21250777752575178 0.2124655547685147 0.21242333322763907 0.21238111290281636 0.21233889379373738 0.21229667590009305 0.21225445922157604 0.2122122437578755 0.2121700295086847 0.2121278164736926 0.21208560465259296 0.2120433940450751 0.2120011846508305 0.21195897646955142 0.21191676950092753 0.21187456374465152 0.2118323592004132 0.21179015586790473 0.2117479537468171 0.2117057528368409 0.21166355313766838 0.21162135464898957 0.21157915737049637 0.21153696130188004 0.2114947664428315 0.21145257279304197 0.21141038035220228 0.2113681891200042 0.2113259990961387 0.21128381028029664 0.2112416226721694 0.21119943627144833 0.21115725107782435 0.21111506709098893 0.21107288431063276 0.21103070273644753 0.21098852236812393 0.21094634320535344 0.2109041652478273 0.21086198849523652 0.21081981294727214 0.2107776386036252 0.21073546546398758 0.21069329352805 0.21065112279550335 0.21060895326603934 0.21056678493934855 0.2105246178151231 0.2104824518930527 0.21044028717282992 0.210398123654145 0.2103559613366901 0.21031380022015533 0.21027164030423284 0.21022948158861254 0.21018732407298668 0.2101451677570466 0.2101030126404826 0.2100608587229864 0.2100187060042491 0.20997655448396224 0.20993440416181608 0.20989225503750286 0.20985010711071295 0.20980796038113825 0.20976581484846935 0.20972367051239793 0.20968152737261525 0.2096393854288119 0.20959724468067964 0.2095551051279092 0.2095129667701927 0.20947082960722052 0.20942869363868388 0.20938655886427504 0.20934442528368413 0.20930229289660285 0.20926016170272188 0.20921803170173325 0.20917590289332832 0.20913377527719756 0.20909164885303277 0.20904952362052476 0.2090073995793651 0.20896527672924547 0.20892315506985637 0.20888103460089003 0.20883891532203636 0.20879679723298783 0.20875468033343558 0.20871256462307008 0.2086704501015837 0.20862833676866743 0.20858622462401222 0.20854411366730963 0.20850200389825124 0.2084598953165273 0.20841778792183108 0.20837568171385223 0.20833357669228314 0.20829147285681426 0.2082493702071373 0.2082072687429446 0.20816516846392585 0.20812306936977387 0.20808097146017945 0.2080388747348335 0.2079967791934283 0.20795468483565505 0.20791259166120457 0.20787049966976923 0.20782840886103926 0.20778631923470747 0.20774423079046422 0.20770214352800143 0.20766005744701066 0.20761797254718317 0.20757588882821032 0.2075338062897839 0.20749172493159518 0.20744964475333605 0.2074075657546972 0.20736548793537102 0.2073234112950484 0.20728133583342145 0.20723926155018113 0.20719718844501944 0.20715511651762764 0.20711304576769707 0.2070709761949201 0.20702890779898786 0.20698684057959182 0.2069447745364238 0.20690270966917523 0.20686064597753795 0.2068185834612032 0.20677652211986297 0.20673446195320866 0.20669240296093228 0.20665034514272507 0.20660828849827917 0.20656623302728594 0.2065241787294373 0.20648212560442425 0.20644007365193984 0.2063980228716743 0.20635597326332067 0.20631392482656974 0.20627187756111365 0.2062298314666443 0.20618778654285363 0.20614574278943287 0.2061037002060735 0.20606165879246874 0.20601961854830975 0.20597757947328754 0.20593554156709493 0.20589350482942348 0.20585146925996467 0.2058094348584112 0.20576740162445462 0.20572536955778642 0.20568333865809885 0.2056413089250838 0.20559928035843322 0.205557252957839 0.20551522672299338 0.20547320165358796 0.20543117774931485 0.2053891550098661 0.20534713343493394 0.20530511302420995 0.20526309377738627 0.20522107569415526 0.20517905877420817 0.20513704301723834 0.20509502842293714 0.2050530149909966 0.20501100272110895 0.20496899161296633 0.20492698166626044 0.20488497288068463 0.20484296525593015 0.20480095879168891 0.20475895348765372 0.20471694934351703 0.20467494635896988 0.20463294453370595 0.20459094386741639 0.20454894435979365 0.20450694601053065 0.2044649488193192 0.20442295278585165 0.20438095790982036 0.20433896419091802 0.2042969716288361 0.2042549802232675 0.2042129899739047 0.20417100088044027 0.2041290129425659 0.2040870261599752 0.20404504053235872 0.20400305605941094 0.20396107274082287 0.2039190905762881 0.2038771095654981 0.2038351297081461 0.20379315100392437 0.2037511734525257 0.20370919705364232 0.20366722180696717 0.20362524771219237 0.20358327476901128 0.2035413029771157 0.20349933233619866 0.20345736284595273 0.20341539450607105 0.20337342731624553 0.20333146127616908 0.20328949638553517 0.20324753264403583 0.20320557005136386 0.2031636086072124 0.20312164831127366 0.20307968916324104 0.203037731162807 0.20299577430966464 0.2029538186035067 0.2029118640440265 0.20286991063091564 0.20282795836386858 0.20278600724257734 0.2027440572667354 0.2027021084360353 0.20266016075017013 0.20261821420883308 0.2025762688117172 0.20253432455851506 0.20249238144892012 0.20245043948262553 0.20240849865932475 0.20236655897870948 0.20232462044047428 0.20228268304431152 0.202240746789915 0.2021988116769775 0.20215687770519264 0.20211494487425274 0.20207301318385196 0.20203108263368286 0.20198915322343958 0.20194722495281503 0.2019052978215019 0.20186337182919445 0.20182144697558546 0.20177952326036896 0.20173760068323787 0.20169567924388576 0.2016537589420061 0.2016118397772918 0.20156992174943722 0.20152800485813538 0.20148608910307986 0.20144417448396423 0.2014022610004822 0.2013603486523271 0.20131843743919275 0.20127652736077284 0.2012346184167607 0.2011927106068505 0.20115080393073526 0.20110889838810897 0.2010669939786659 0.20102509070209906 0.20098318855810282 0.20094128754637053 0.20089938766659543 0.20085748891847344 0.20081559130169613 0.20077369481595886 0.20073179946095454 0.20068990523637753 0.20064801214192263 0.2006061201772824 0.20056422934215146 0.2005223396362239 0.20048045105919354 0.20043856361075496 0.20039667729060118 0.20035479209842766 0.20031290803392765 0.2002710250967955 0.20022914328672536 0.20018726260341124 0.2001453830465474 0.20010350461582915 0.2000616273109489 0.20001975113160242 0.1999778760774834 0.19993600214828644 0.19989412934370565 0.19985225766343517 0.19981038710717003 0.19976851767460424 0.19972664936543283 0.19968478217934948 0.19964291611604867 0.19960105117522597 0.19955918735657452 0.1995173246597901 0.19947546308456743 0.19943360263059928 0.19939174329758236 0.19934988508521023 0.19930802799317804 0.19926617202118024 0.19922431716891165 0.19918246343606727 0.19914061082234147 0.19909875932742915 0.19905690895102546 0.19901505969282518 0.19897321155252312 0.1989313645298143 0.19888951862439375 0.1988476738359558 0.19880583016419573 0.1987639876088092 0.1987221461694907 0.19868030584593488 0.19863846663783824 0.19859662854489413 0.19855479156679923 0.19851295570324767 0.19847112095393504 0.1984292873185568 0.19838745479680764 0.1983456233883828 0.19830379309297885 0.19826196391028983 0.1982201358400113 0.19817830888183896 0.19813648303546805 0.19809465830059403 0.19805283467691237 0.19801101216411876 0.1979691907619079 0.19792737046997644 0.19788555128801932 0.19784373321573245 0.19780191625281085 0.19776010039895098 0.19771828565384797 0.19767647201719796 0.19763465948869618 0.19759284806803878 0.19755103775492155 0.19750922854904007 0.19746742045008991 0.1974256134577672 0.19738380757176865 0.1973420027917887 0.19730019911752517 0.19725839654867228 0.19721659508492662 0.19717479472598454 0.19713299547154206 0.19709119732129488 0.19704940027493967 0.19700760433217213 0.1969658094926886 0.19692401575618523 0.19688222312235903 0.19684043159090436 0.1967986411615198 0.19675685183390001 0.1967150636077425 0.19667327648274247 0.1966314904585975 0.19658970553500332 0.1965479217116567 0.1965061389882543 0.19646435736449208 0.19642257684006714 0.19638079741467507 0.19633901908801432 0.19629724185978015 0.19625546572966956 0.19621369069737926 0.19617191676260615 0.19613014392504713 0.19608837218439834 0.19604660154035736 0.1960048319926203 0.19596306354088477 0.19592129618484777 0.19587952992420543 0.19583776475865533 0.1957960006878945 0.1957542377116196 0.19571247582952844 0.19567071504131694 0.19562895534668312 0.19558719674532477 0.19554543923693757 0.19550368282121977 0.19546192749786817 0.19542017326658034 0.19537842012705353 0.1953366680789851 0.19529491712207225 0.19525316725601327 0.19521141848050427 0.1951696707952435 0.19512792419992842 0.1950861786942567 0.19504443427792562 0.19500269095063294 0.19496094871207592 0.19491920756195313 0.1948774674999617 0.19483572852579945 0.19479399063916403 0.19475225383975336 0.19471051812726525 0.1946687835013976 0.19462704996184832 0.19458531750831554 0.19454358614049672 0.19450185585809032 0.19446012666079449 0.19441839854830667 0.19437667152032578 0.19433494557654896 0.1942932207166752 0.19425149694040256 0.19420977424742902 0.19416805263745274 0.1941263321101726 0.19408461266528665 0.19404289430249322 0.19400117702149056 0.19395946082197701 0.1939177457036516 0.19387603166621248 0.1938343187093584 0.19379260683278754 0.19375089603619855 0.19370918631929068 0.19366747768176196 0.1936257701233114 0.19358406364363756 0.19354235824243937 0.1935006539194154 0.19345895067426488 0.1934172485066864 0.19337554741637897 0.19333384740304183 0.19329214846637355 0.1932504506060727 0.19320875382183977 0.19316705811337254 0.1931253634803709 0.19308366992253356 0.1930419774395602 0.19300028603114905 0.19295859569700036 0.19291690643681303 0.19287521825028686 0.19283353113712098 0.19279184509701397 0.1927501601296665 0.19270847623477727 0.1926667934120463 0.1926251116611728 0.1925834309818567 0.1925417513737968 0.19250007283669346 0.19245839537024712 0.19241671897415602 0.19237504364812041 0.19233336939184098 0.1922916962050163 0.1922500240873466 0.19220835303853234 0.19216668305827334 0.19212501414626892 0.19208334630222001 0.19204167952582596 0.19200001381678722 0.1919583491748038 0.19191668559957598 0.19187502309080373 0.19183336164818787 0.19179170127142797 0.19175004196022516 0.1917083837142789 0.19166672653328987 0.19162507041695898 0.19158341536498624 0.19154176137707246 0.19150010845291754 0.19145845659222316 0.1914168057946889 0.1913751560600161 0.1913335073879049 0.19129185977805652 0.19125021323017155 0.19120856774395079 0.19116692331909502 0.1911252799553056 0.19108363765228265 0.19104199640972797 0.1910003562273418 0.1909587171048256 0.1909170790418806 0.1908754420382074 0.1908338060935072 0.19079217120748226 0.19075053737983283 0.19070890461026013 0.19066727289846597 0.19062564224415146 0.19058401264701763 0.19054238410676638 0.19050075662309973 0.19045913019571747 0.19041750482432296 0.19037588050861654 0.19033425724830078 0.19029263504307659 0.1902510138926461 0.1902093937967113 0.19016777475497315 0.19012615676713418 0.19008453983289575 0.19004292395196054 0.1900013091240299 0.1899596953488053 0.18991808262599008 0.1898764709552856 0.18983486033639307 0.18979325076901665 0.1897516422528568 0.1897100347876166 0.18966842837299758 0.18962682300870315 0.1895852186944349 0.1895436154298955 0.18950201321478677 0.18946041204881203 0.1894188119316732 0.1893772128630734 0.18933561484271455 0.1892940178703002 0.1892524219455316 0.18921082706811276 0.18916923323774593 0.18912764045413388 0.18908604871697954 0.18904445802598613 0.18900286838085534 0.18896127978129185 0.18891969222699745 0.18887810571767571 0.18883652025302944 0.18879493583276175 0.18875335245657665 0.18871177012417595 0.18867018883526387 0.18862860858954345 0.18858702938671812 0.18854545122649102 0.18850387410856584 0.18846229803264591 0.18842072299843482 0.18837914900563602 0.18833757605395296 0.1882960041430899 0.1882544332727496 0.18821286344263632 0.18817129465245408 0.188129726901906 0.18808816019069663 0.188046594518529 0.18800502988510837 0.18796346629013705 0.18792190373331996 0.187880342214362 0.18783878173296564 0.18779722228883633 0.18775566388167708 0.18771410651119325 0.18767255017708828 0.18763099487906698 0.18758944061683303 0.1875478873900922 0.18750633519854798 0.18746478404190436 0.18742323391986748 0.18738168483214013 0.1873401367784283 0.18729858975843594 0.1872570437718677 0.18721549881842892 0.18717395489782385 0.18713241200975794 0.187090870153935 0.18704932933006124 0.1870077895378407 0.18696625077697904 0.18692471304718072 0.18688317634815155 0.18684164067959597 0.18680010604121966 0.18675857243272764 0.18671703985382515 0.18667550830421786 0.18663397778361068 0.18659244829170962 0.1865509198282197 0.18650939239284636 0.18646786598529563 0.18642634060527252 0.18638481625248282 0.1863432929266331 0.18630177062742792 0.18626024935457353 0.18621872910777548 0.18617720988674025 0.1861356916911734 0.1860941745207807 0.1860526583752684 0.18601114325434298 0.18596962915770954 0.18592811608507476 0.185886604036145 0.18584509301062657 0.1858035830082253 0.18576207402864775 0.1857205660716006 0.18567905913678917 0.18563755322392117 0.1855960483327026 0.18555454446284014 0.18551304161404036 0.18547153978600972 0.185430038978455 0.1853885391910831 0.18534704042360073 0.1853055426757152 0.1852640459471323 0.1852225502375595 0.1851810555467044 0.18513956187427316 0.18509806921997296 0.18505657758351146 0.185015086964595 0.18497359736293195 0.18493210877822874 0.18489062121019217 0.18484913465853114 0.18480764912295178 0.1847661646031613 0.18472468109886875 0.1846831986097801 0.18464171713560384 0.1846002366760472 0.18455875723081805 0.1845172787996241 0.184475801382173 0.18443432497817258 0.18439284958733082 0.18435137520935574 0.18430990184395524 0.18426842949083688 0.18422695814970935 0.18418548782028032 0.18414401850225848 0.1841025501953517 0.1840610828992677 0.18401961661371602 0.18397815133840412 0.18393668707304012 0.18389522381733392 0.18385376157099187 0.18381230033372487 0.18377084010523936 0.18372938088524504 0.1836879226734509 0.18364646546956487 0.1836050092732966 0.1835635540843541 0.18352209990244683 0.1834806467272838 0.18343919455857327 0.18339774339602466 0.18335629323934755 0.18331484408825005 0.18327339594244252 0.18323194880163296 0.18319050266553194 0.18314905753384747 0.18310761340628967 0.18306617028256833 0.18302472816239213 0.18298328704547084 0.1829418469315145 0.18290040782023198 0.18285896971133309 0.18281753260452804 0.1827760964995263 0.18273466139603745 0.1826932272937719 0.18265179419243938 0.18261036209174963 0.1825689309914128 0.182527500891139 0.18248607179063847 0.18244464368962077 0.1824032165877968 0.1823617904848771 0.18232036538057084 0.18227894127458955 0.1822375181666428 0.18219609605644094 0.18215467494369564 0.18211325482811658 0.18207183570941465 0.18203041758730043 0.18198900046148425 0.18194758433167824 0.18190616919759128 0.18186475505893585 0.1818233419154216 0.1817819297667611 0.18174051861266394 0.18169910845284187 0.1816576992870058 0.18161629111486666 0.1815748839361364 0.1815334777505262 0.18149207255774646 0.18145066835750912 0.18140926514952627 0.18136786293350826 0.18132646170916777 0.18128506147621504 0.18124366223436306 0.18120226398332284 0.18116086672280618 0.18111947045252474 0.181078075172191 0.1810366808815156 0.18099528758021188 0.18095389526799144 0.1809125039445657 0.18087111360964692 0.18082972426294797 0.18078833590418109 0.18074694853305762 0.18070556214929057 0.18066417675259183 0.1806227923426742 0.1805814089192498 0.1805400264820317 0.1804986450307321 0.1804572645650635 0.18041588508473871 0.18037450658947074 0.1803331290789717 0.18029175255295593 0.1802503770111341 0.18020900245322113 0.1801676288789289 0.18012625628797074 0.18008488468005945 0.18004351405490904 0.18000214441223206 0.17996077575174185 0.17991940807315188 0.1798780413761748 0.17983667566052564 0.17979531092591639 0.17975394717206084 0.17971258439867321 0.17967122260546597 0.17962986179215412 0.17958850195845066 0.1795471431040696 0.1795057852287245 0.17946442833212983 0.1794230724139989 0.1793817174740464 0.17934036351198557 0.1792990105275314 0.1792576585203972 0.1792163074902975 0.179174957436947 0.17913360836005998 0.17909226025934966 0.17905091313453203 0.1790095669853209 0.17896822181143046 0.17892687761257609 0.17888553438847143 0.1788441921388323 0.17880285086337244 0.1787615105618079 0.17872017123385175 0.17867883287922082 0.17863749549762908 0.1785961590887919 0.1785548236524236 0.17851348918824017 0.1784721556959572 0.17843082317528802 0.1783894916259502 0.1783481610476576 0.1783068314401265 0.1782655028030714 0.17822417513620936 0.1781828484392538 0.17814152271192207 0.17810019795392984 0.178058874164992 0.1780175513448249 0.17797622949314373 0.17793490860966532 0.17789358869410532 0.1778522697461793 0.1778109517656037 0.17776963475209473 0.1777283187053682 0.17768700362514112 0.17764568951112913 0.1776043763630486 0.17756306418061563 0.17752175296354777 0.17748044271155994 0.177439133424371 0.17739782510169544 0.1773565177432509 0.1773152113487535 0.17727390591792136 0.1772326014504697 0.17719129794611654 0.1771499954045782 0.17710869382557237 0.17706739320881537 0.17702609355402465 0.17698479486091812 0.17694349712921187 0.17690220035862414 0.1768609045488716 0.17681960969967137 0.17677831581074233 0.1767370228818005 0.1766957309125642 0.17665443990275087 0.17661314985207865 0.17657186076026465 0.17653057262702743 0.1764892854520841 0.1764479992351522 0.17640671397595153 0.1763654296741981 0.17632414632961158 0.1762828639419085 0.17624158251080935 0.17620030203602965 0.17615902251728988 0.17611774395430713 0.17607646634680052 0.1760351896944885 0.1759939139970892 0.1759526392543217 0.1759113654659049 0.17587009263155617 0.17582882075099593 0.17578754982394185 0.17574627985011326 0.17570501082922885 0.1756637427610086 0.17562247564517042 0.17558120948143374 0.17553994426951802 0.17549868000914182 0.1754574167000258 0.17541615434188795 0.1753748929344483 0.17533363247742595 0.17529237297054068 0.1752511144135126 0.1752098568060606 0.17516860014790403 0.17512734443876365 0.1750860896783588 0.17504483586640962 0.1750035830026354 0.17496233108675663 0.1749210801184935 0.1748798300975659 0.17483858102369354 0.17479733289659738 0.17475608571599688 0.17471483948161293 0.17467359419316653 0.17463234985037734 0.17459110645296538 0.17454986400065253 0.17450862249315846 0.17446738193020417 0.17442614231151032 0.17438490363679837 0.17434366590578765 0.1743024291182006 0.17426119327375722 0.17421995837217918 0.17417872441318782 0.17413749139650336 0.17409625932184702 0.17405502818894125 0.1740137979975065 0.17397256874726463 0.17393134043793634 0.1738901130692435 0.17384888664090825 0.17380766115265178 0.1737664366041951 0.17372521299526156 0.17368399032557125 0.1736427685948475 0.17360154780281112 0.1735603279491843 0.17351910903369028 0.1734778910560496 0.17343667401598506 0.17339545791321864 0.17335424274747357 0.1733130285184704 0.17327181522593316 0.17323060286958414 0.1731893914491449 0.17314818096433926 0.1731069714148885 0.17306576280051666 0.17302455512094517 0.17298334837589757 0.17294214256509743 0.1729009376882672 0.17285973374512875 0.17281853073540665 0.17277732865882345 0.17273612751510192 0.1726949273039663 0.17265372802513868 0.1726125296783435 0.17257133226330335 0.1725301357797423 0.17248894022738437 0.17244774560595166 0.17240655191516896 0.1723653591547598 0.17232416732444766 0.17228297642395696 0.1722417864530107 0.17220059741133364 0.17215940929865003 0.17211822211468275 0.17207703585915723 0.17203585053179693 0.1719946661323266 0.17195348266047017 0.17191230011595204 0.1718711184984969 0.1718299378078295 0.17178875804367388 0.171747579205755 0.17170640129379722 0.17166522430752518 0.17162404824666477 0.17158287311094012 0.1715416989000761 0.17150052561379758 0.17145935325183037 0.17141818181389845 0.1713770112997287 0.1713358417090446 0.1712946730415722 0.1712535052970372 0.1712123384751646 0.17117117257568015 0.17113000759830865 0.17108884354277698 0.17104768040881002 0.17100651819613388 0.17096535690447423 0.17092419653355606 0.17088303708310693 0.1708418785528515 0.17080072094251686 0.17075956425182848 0.17071840848051223 0.1706772536282949 0.17063609969490368 0.17059494668006292 0.17055379458349973 0.17051264340494177 0.17047149314411447 0.1704303438007444 0.17038919537455888 0.17034804786528412 0.17030690127264747 0.1702657555963749 0.17022461083619433 0.17018346699183162 0.170142324063015 0.17010118204947122 0.17006004095092664 0.17001890076710957 0.16997776149774657 0.16993662314256563 0.16989548570129398 0.16985434917365827 0.1698132135593875 0.169772078858208 0.16973094506984854 0.16968981219403556 0.16964868023049806 0.16960754917896337 0.16956641903915914 0.16952528981081405 0.16948416149365586 0.16944303408741268 0.16940190759181195 0.169360782006583 0.16931965733145393 0.16927853356615274 0.16923741071040765 0.16919628876394754 0.16915516772650163 0.16911404759779736 0.1690729283775635 0.1690318100655297 0.1689906926614243 0.16894957616497575 0.1689084605759138 0.16886734589396646 0.16882623211886383 0.1687851192503348 0.16874400728810723 0.16870289623191226 0.1686617860814783 0.16862067683653437 0.168579568496811 0.16853846106203652 0.16849735453194126 0.16845624890625466 0.16841514418470682 0.1683740403670262 0.1683329374529442 0.1682918354421894 0.16825073433449278 0.16820963412958356 0.16816853482719296 0.16812743642704964 0.1680863389288848 0.16804524233242824 0.16800414663741048 0.16796305184356197 0.1679219579506136 0.16788086495829502 0.1678397728663379 0.1677986816744711 0.16775759138242752 0.1677165019899366 0.1676754134967291 0.16763432590253657 0.1675932392070899 0.16755215341011997 0.16751106851135844 0.16746998451053507 0.16742890140738242 0.1673878192016316 0.16734673789301324 0.1673056574812597 0.1672645779661016 0.16722349934727176 0.16718242162449992 0.16714134479751952 0.16710026886606144 0.1670591938298579 0.16701811968864055 0.16697704644214106 0.16693597409009198 0.16689490263222517 0.1668538320682731 0.1668127623979676 0.16677169362103972 0.16673062573722486 0.1666895587462527 0.16664849264785675 0.16660742744176948 0.16656636312772366 0.1665252997054516 0.1664842371746862 0.16644317553516008 0.16640211478660638 0.16636105492875797 0.16631999596134794 0.16627893788410875 0.16623788069677436 0.16619682439907735 0.16615576899075135 0.16611471447152915 0.16607366084114505 0.1660326080993314 0.16599155624582318 0.16595050528035127 0.16590945520265266 0.1658684060124591 0.16582735770950463 0.16578631029352298 0.1657452637642487 0.16570421812141556 0.16566317336475678 0.16562212949400767 0.16558108650890158 0.16554004440917303 0.16549900319455635 0.16545796286478565 0.16541692341959613 0.16537588485872035 0.16533484718189606 0.16529381038885482 0.16525277447933318 0.16521173945306522 0.16517070530978561 0.1651296720492299 0.16508863967113274 0.1650476081752288 0.1650065775612536 0.16496554782894202 0.16492451897802995 0.16488349100825173 0.1648424639193431 0.16480143771103983 0.16476041238307715 0.1647193879351907 0.16467836436711603 0.16463734167858868 0.1645963198693443 0.1645552989391198 0.16451427888764936 0.16447325971467042 0.1644322414199183 0.16439122400312944 0.16435020746403928 0.164309191802385 0.16426817701790186 0.1642271631103277 0.16418615007939774 0.16414513792484842 0.16410412664641716 0.16406311624383962 0.16402210671685358 0.16398109806519479 0.16394009028860057 0.16389908338680814 0.16385807735955327 0.1638170722065745 0.16377606792760813 0.16373506452239095 0.16369406199066106 0.16365306033215543 0.16361205954661084 0.1635710596337664 0.16353006059335695 0.1634890624251224 0.16344806512879917 0.16340706870412558 0.16336607315083929 0.16332507846867794 0.1632840846573791 0.1632430917166816 0.1632020996463227 0.16316110844604093 0.16312011811557448 0.16307912865466156 0.1630381400630404 0.16299715234044898 0.16295616548662606 0.16291517950131085 0.16287419438424078 0.1628332101351555 0.1627922267537928 0.16275124423989196 0.16271026259319177 0.16266928181343177 0.1626283019003496 0.16258732285368582 0.16254634467317775 0.16250536735856658 0.16246439090958986 0.16242341532598847 0.1623824406075003 0.16234146675386585 0.16230049376482403 0.16225952164011492 0.16221855037947808 0.1621775799826528 0.16213661044937966 0.16209564177939795 0.16205467397244766 0.16201370702826923 0.16197274094660186 0.16193177572718698 0.16189081136976324 0.16184984787407197 0.16180888523985382 0.16176792346684776 0.16172696255479624 0.16168600250343768 0.1616450433125144 0.16160408498176682 0.1615631275109346 0.16152217089975962 0.16148121514798253 0.1614402602553443 0.1613993062215855 0.1613583530464482 0.1613174007296726 0.16127644927100016 0.16123549867017295 0.1611945489269313 0.16115360004101742 0.16111265201217262 0.16107170484013822 0.16103075852465554 0.16098981306546745 0.1609488684623146 0.16090792471493998 0.160866981823084 0.16082603978649024 0.16078509860489976 0.16074415827805533 0.16070321880569816 0.16066228018757112 0.16062134242341708 0.16058040551297814 0.16053946945599595 0.16049853425221394 0.16045759990137487 0.1604166664032204 0.16037573375749448 0.16033480196393934 0.16029387102229742 0.16025294093231235 0.16021201169372679 0.1601710833062845 0.16013015576972867 0.1600892290838003 0.16004830324824593 0.1600073782628072 0.15996645412722788 0.15992553084125094 0.1598846084046207 0.15984368681708072 0.15980276607837407 0.15976184618824574 0.1597209271464386 0.15968000895269685 0.1596390916067647 0.1595981751083858 0.15955725945730492 0.1595163446532648 0.1594754306960119 0.15943451758528904 0.15939360532084146 0.1593526939024129 0.15931178332974838 0.1592708736025924 0.15922996472068973 0.15918905668378502 0.1591481494916238 0.15910724314394964 0.1590663376405086 0.15902543298104543 0.15898452916530492 0.15894362619303282 0.1589027240639741 0.15886182277787342 0.15882092233447787 0.15878002273353153 0.15873912397478052 0.15869822605796957 0.15865732898284557 0.1586164327491535 0.15857553735663954 0.15853464280504959 0.1584937490941294 0.15845285622362537 0.15841196419328252 0.15837107300284836 0.15833018265206822 0.15828929314068885 0.15824840446845712 0.15820751663511834 0.15816662964041983 0.15812574348410757 0.15808485816592943 0.15804397368563095 0.15800309004295854 0.15796220723766052 0.1579213252694831 0.15788044413817315 0.1578395638434782 0.1577986843851451 0.1577578057629211 0.15771692797655423 0.15767605102578985 0.15763517491037748 0.15759429963006366 0.15755342518459647 0.1575125515737228 0.15747167879719082 0.15743080685474864 0.15738993574614368 0.15734906547112382 0.15730819602943724 0.1572673274208325 0.15722645964505677 0.1571855927018595 0.15714472659098733 0.15710386131218979 0.1570629968652152 0.15702213324981196 0.15698127046572852 0.15694040851271396 0.15689954739051604 0.15685868709888418 0.15681782763756724 0.15677696900631455 0.15673611120487407 0.15669525423299602 0.1566543980904287 0.15661354277692108 0.15657268829222315 0.1565318346360849 0.15649098180825394 0.15645012980848105 0.15640927863651577 0.1563684282921074 0.1563275787750057 0.15628673008495975 0.15624588222172098 0.15620503518503814 0.15616418897466156 0.15612334359034108 0.15608249903182725 0.15604165529886993 0.15600081239121977 0.1559599703086264 0.15591912905084127 0.15587828861761377 0.15583744900869578 0.15579661022383628 0.15575577226278725 0.15571493512529921 0.15567409881112237 0.15563326332000915 0.15559242865170853 0.15555159480597314 0.15551076178255396 0.15546992958120187 0.15542909820166728 0.15538826764370273 0.15534743790705974 0.15530660899148874 0.1552657808967428 0.15522495362257183 0.15518412716872876 0.15514330153496503 0.15510247672103206 0.1550616527266827 0.15502082955166863 0.15498000719574123 0.15493918565865306 0.15489836494015718 0.1548575450400046 0.15481672595794815 0.1547759076937404 0.15473509024713417 0.15469427361788124 0.1546534578057347 0.1546126428104473 0.15457182863177166 0.15453101526946056 0.15449020272326763 0.15444939099294497 0.15440858007824576 0.1543677699789242 0.15432696069473206 0.15428615222542408 0.15424534457075256 0.15420453773047127 0.15416373170433295 0.15412292649209347 0.15408212209350403 0.15404131850831937 0.15400051573629348 0.15395971377717965 0.15391891263073232 0.1538781122967059 0.1538373127748528 0.15379651406492922 0.15375571616668804 0.15371491907988433 0.15367412280427217 0.153633327339606 0.15359253268564 0.1535517388421298 0.1535109458088284 0.15347015358549188 0.15342936217187497 0.1533885715677329 0.15334778177281894 0.15330699278689042 0.1532662046097002 0.15322541724100502 0.1531846306805591 0.15314384492811917 0.1531030599834391 0.15306227584627496 0.15302149251638286 0.15298070999351765 0.15293992827743508 0.15289914736789112 0.1528583672646422 0.15281758796744294 0.15277680947605066 0.15273603179022 0.15269525490970803 0.15265447883427086 0.152613703563665 0.15257292909764608 0.15253215543597087 0.152491382578396 0.15245061052467768 0.15240983927457308 0.15236906882783874 0.15232829918423074 0.1522875303435074 0.152246762305424 0.15220599506973898 0.1521652286362083 0.15212446300458948 0.15208369817463996 0.15204293414611703 0.15200217091877755 0.15196140849237938 0.15192064686668005 0.15187988604143743 0.15183912601640825 0.15179836679135117 0.15175760836602337 0.15171685074018382 0.15167609391358872 0.15163533788599748 0.15159458265716752 0.15155382822685726 0.151513074594825 0.15147232176082914 0.1514315697246278 0.15139081848597968 0.15135006804464335 0.1513093184003771 0.15126856955293955 0.1512278215020899 0.15118707424758715 0.15114632778918935 0.15110558212665648 0.1510648372597465 0.15102409318821963 0.15098334991183493 0.15094260743035037 0.1509018657435265 0.15086112485112269 0.1508203847528986 0.150779645448613 0.15073890693802616 0.15069816922089752 0.15065743229698725 0.1506166961660549 0.15057596082785984 0.15053522628216287 0.15049449252872438 0.15045375956730367 0.1504130273976617 0.15037229601955804 0.1503315654327534 0.15029083563700818 0.15025010663208316 0.15020937841773907 0.15016865099373589 0.15012792435983546 0.15008719851579733 0.15004647346138278 0.15000574919635368 0.14996502572046966 0.1499243030334929 0.1498835811351844 0.14984286002530556 0.14980213970361655 0.1497614201698806 0.14972070142385774 0.1496799834653103 0.14963926629399948 0.14959854990968724 0.14955783431213532 0.1495171195011058 0.14947640547635999 0.14943569223766062 0.14939497978476957 0.14935426811744856 0.14931355723546047 0.14927284713856626 0.1492321378265309 0.14919142929911433 0.1491507215560799 0.14911001459719075 0.1490693084222089 0.1490286030308976 0.14898789842301885 0.14894719459833672 0.14890649155661262 0.1488657892976113 0.14882508782109527 0.14878438712682696 0.14874368721457043 0.1487029880840891 0.14866228973514584 0.1486215921675046 0.14858089538092867 0.1485401993751817 0.14849950415002722 0.14845880970522973 0.14841811604055255 0.14837742315575975 0.1483367310506154 0.14829603972488326 0.14825534917832806 0.14821465941071343 0.14817397042180414 0.14813328221136413 0.14809259477915826 0.14805190812495084 0.14801122224850682 0.14797053714959074 0.14792985282796722 0.14788916928340012 0.14784848651565663 0.14780780452450004 0.14776712330969555 0.1477264428710089 0.1476857632082047 0.14764508432104828 0.14760440620930582 0.14756372887274183 0.14752305231112217 0.14748237652421248 0.1474417015117775 0.1474010272735844 0.1473603538093985 0.14731968111898497 0.14727900920211057 0.14723833805854125 0.14719766768804265 0.14715699809038174 0.1471163292653236 0.1470756612126356 0.14703499393208386 0.14699432742343432 0.14695366168645374 0.14691299672090963 0.14687233252656784 0.14683166910319545 0.1467910064505593 0.14675034456842595 0.14670968345656288 0.14666902311473673 0.14662836354271458 0.14658770474026417 0.14654704670715302 0.14650638944314753 0.14646573294801635 0.14642507722152565 0.14638442226344395 0.14634376807353888 0.14630311465157753 0.14626246199732906 0.14622181011056 0.146181158991039 0.14614050863853367 0.14609985905281264 0.146059210233644 0.14601856218079579 0.14597791489403633 0.14593726837313448 0.14589662261785818 0.14585597762797664 0.14581533340325792 0.14577468994347131 0.14573404724838546 0.1456934053177683 0.1456527641513905 0.14561212374901988 0.14557148411042609 0.1455308452353773 0.14549020712364413 0.14544956977499535 0.1454089331891999 0.14536829736602808 0.14532766230524863 0.1452870280066323 0.1452463944699478 0.14520576169496457 0.1451651296814538 0.1451244984291843 0.14508386793792682 0.14504323820745135 0.14500260923752817 0.14496198102792635 0.14492135357841707 0.14488072688877085 0.1448401009587582 0.144799475788149 0.14475885137671507 0.14471822772422582 0.14467760483045267 0.14463698269516634 0.14459636131813713 0.1445557406991378 0.14451512083793727 0.1444745017343083 0.1444338833880212 0.14439326579884748 0.14435264896655853 0.14431203289092542 0.1442714175717208 0.14423080300871516 0.14419018920168059 0.14414957615038881 0.14410896385461136 0.14406835231412074 0.14402774152868902 0.14398713149808684 0.1439465222220878 0.14390591370046346 0.14386530593298663 0.14382469891942884 0.14378409265956305 0.14374348715316132 0.14370288239999707 0.14366227839984247 0.14362167515247004 0.14358107265765263 0.14354047091516386 0.14349986992477515 0.14345926968626121 0.1434186701993947 0.14337807146394732 0.14333747347969472 0.14329687624640852 0.14325627976386301 0.14321568403183094 0.1431750890500868 0.14313449481840312 0.14309390133655442 0.1430533086043142 0.14301271662145698 0.1429721253877554 0.14293153490298482 0.14289094516691814 0.14285035617933095 0.14280976793999556 0.14276918044868858 0.1427285937051822 0.14268800770925294 0.14264742246067375 0.1426068379592198 0.14256625420466595 0.14252567119678683 0.1424850889353575 0.14244450742015302 0.1424039266509478 0.14236334662751693 0.14232276734963623 0.14228218881708088 0.1422416110296254 0.1422010339870463 0.142160457689118 0.14211988213561655 0.14207930732631724 0.14203873326099647 0.14199815993942944 0.14195758736139208 0.14191701552666036 0.14187644443501057 0.14183587408621756 0.14179530448005917 0.14175473561631113 0.14171416749474863 0.14167360011514973 0.14163303347728917 0.14159246758094557 0.1415519024258931 0.14151133801191051 0.14147077433877342 0.14143021140625867 0.1413896492141442 0.14134908776220612 0.14130852705022112 0.1412679670779674 0.14122740784522136 0.14118684935176096 0.14114629159736292 0.1411057345818052 0.14106517830486487 0.14102462276631988 0.14098406796594776 0.14094351390352655 0.14090296057883345 0.1408624079916465 0.1408218561417447 0.14078130502890485 0.14074075465290548 0.14070020501352554 0.14065965611054176 0.140619107943734 0.14057856051287965 0.1405380138177582 0.14049746785814798 0.1404569226338268 0.14041637814457442 0.14037583439016876 0.14033529137038991 0.1402947490850155 0.140254207533826 0.14021366671659874 0.1401731266331151 0.14013258728315314 0.1400920486664914 0.14005151078291078 0.14001097363219084 0.13997043721410996 0.13992990152844853 0.1398893665749854 0.13984883235350254 0.13980829886377788 0.13976776610559172 0.13972723407872445 0.13968670278295647 0.13964617221806774 0.139605642383838 0.1395651132800486 0.13952458490647834 0.1394840572629099 0.13944353034912238 0.13940300416489693 0.1393624787100145 0.13932195398425473 0.13928142998740012 0.1392409067192304 0.13920038417952774 0.13915986236807254 0.1391193412846451 0.13907882092902857 0.13903830130100336 0.138997782400351 0.13895726422685284 0.13891674678029087 0.13887623006044558 0.13883571406710105 0.1387951988000362 0.13875468425903514 0.1387141704438789 0.13867365735434956 0.1386331449902295 0.13859263335130045 0.13855212243734527 0.13851161224814623 0.13847110278348507 0.13843059404314495 0.13839008602690883 0.13834957873455822 0.13830907216587662 0.13826856632064688 0.13822806119865116 0.13818755679967398 0.1381470531234965 0.13810655016990303 0.13806604793867672 0.1380255464296003 0.13798504564245662 0.13794454557703095 0.1379040462331057 0.13786354761046404 0.1378230497088898 0.1377825525281673 0.13774205606808 0.1377015603284122 0.13766106530894706 0.13762057100946912 0.13758007742976242 0.13753958456961124 0.13749909242879954 0.13745860100711227 0.13741811030433282 0.13737762032024725 0.13733713105463874 0.1372966425072928 0.13725615467799346 0.13721566756652637 0.13717518117267513 0.13713469549622626 0.1370942105369637 0.13705372629467316 0.13701324276913918 0.13697275996014824 0.1369322778674844 0.13689179649093364 0.13685131583028165 0.13681083588531373 0.1367703566558156 0.13672987814157356 0.13668940034237187 0.13664892325799816 0.13660844688823714 0.1365679712328759 0.1365274962916998 0.13648702206449514 0.1364465485510482 0.13640607575114638 0.1363656036645744 0.1363251322911201 0.13628466163056951 0.13624419168270863 0.13620372244732581 0.13616325392420636 0.136122786113138 0.13608231901390766 0.13604185262630164 0.13600138695010855 0.13596092198511367 0.13592045773110584 0.1358799941878719 0.13583953135519922 0.135799069232875 0.13575860782068772 0.13571814711842434 0.1356776871258727 0.1356372278428205 0.13559676926905584 0.13555631140436686 0.13551585424854173 0.13547539780136764 0.13543494206263396 0.13539448703212809 0.1353540327096392 0.1353135790949549 0.13527312618786436 0.13523267398815597 0.13519222249561824 0.13515177171003967 0.1351113216312101 0.13507087225891712 0.13503042359295092 0.13498997563309967 0.1349495283791533 0.13490908183090022 0.13486863598812993 0.13482819085063202 0.1347877464181957 0.13474730269061108 0.13470685966766693 0.13466641734915352 0.1346259757348599 0.13458553482457702 0.13454509461809383 0.13450465511520138 0.13446421631568817 0.1344237782193457 0.13438334082596348 0.13434290413533168 0.13430246814724156 0.13426203286148253 0.1342215982778464 0.13418116439612182 0.13414073121610115 0.13410029873757479 0.13405986696033323 0.13401943588416798 0.1339790055088692 0.13393857583422797 0.13389814686003654 0.13385771858608542 0.13381729101216566 0.13377686413806944 0.13373643796358703 0.13369601248851093 0.13365558771263197 0.13361516363574288 0.13357474025763483 0.13353431757809964 0.13349389559692937 0.13345347431391597 0.13341305372885093 0.13337263384152764 0.1333322146517375 0.13329179615927322 0.13325137836392653 0.13321096126549048 0.13317054486375757 0.13313012915852007 0.13308971414957138 0.13304929983670344 0.13300888621970974 0.13296847329838202 0.13292806107251542 0.1328876495419008 0.13284723870633308 0.13280682856560466 0.1327664191195087 0.1327260103678387 0.13268560231038862 0.13264519494695204 0.1326047882773218 0.13256438230129197 0.13252397701865637 0.13248357242920905 0.13244316853274418 0.13240276532905404 0.13236236281793545 0.1323219609991807 0.13228155987258494 0.13224115943794157 0.13220075969504552 0.13216036064369163 0.13211996228367395 0.13207956461478698 0.1320391676368261 0.13199877134958582 0.13195837575286062 0.13191798084644601 0.1318775866301367 0.13183719310372766 0.13179680026701435 0.13175640811979206 0.13171601666185584 0.1316756258930012 0.13163523581302372 0.13159484642171948 0.1315544577188832 0.13151406970431057 0.13147368237779844 0.13143329573914175 0.13139290978813745 0.13135252452458013 0.13131213994826696 0.13127175605899355 0.1312313728565574 0.13119099034075332 0.13115060851137816 0.13111022736822875 0.13106984691110135 0.13102946713979324 0.13098908805410003 0.13094870965382033 0.13090833193874896 0.13086795490868397 0.13082757856342253 0.13078720290276125 0.13074682792649794 0.13070645363442934 0.13066608002635238 0.13062570710206645 0.1305853348613667 0.13054496330405185 0.1305045924299193 0.1304642222387673 0.13042385273039359 0.1303834839045953 0.1303431157611712 0.13030274829991872 0.13026238152063663 0.13022201542312317 0.13018165000717608 0.1301412852725934 0.13010092121917438 0.13006055784671777 0.1300201951550215 0.12997983314388384 0.1299394718131046 0.12989911116248276 0.12985875119181545 0.12981839190090372 0.1297780332895453 0.1297376753575401 0.1296973181046872 0.1296569615307852 0.12961660563563415 0.12957625041903398 0.12953589588078285 0.12949554202068103 0.12945518883852936 0.12941483633412543 0.12937448450727096 0.12933413335776522 0.1292937828854075 0.1292534330899986 0.1292130839713388 0.12917273552922837 0.1291323877634667 0.12909204067385516 0.1290516942601948 0.12901134852228358 0.1289710034599254 0.12893065907291812 0.12889031536106477 0.1288499723241644 0.1288096299620194 0.12876928827442968 0.12872894726119732 0.12868860692212225 0.12864826725700695 0.12860792826565226 0.12856758994785888 0.12852725230342976 0.12848691533216527 0.12844657903386758 0.12840624340833773 0.12836590845537899 0.1283255741747913 0.12828524056637813 0.128244907629941 0.12820457536528185 0.12816424377220303 0.1281239128505065 0.12808358259999508 0.1280432530204707 0.1280029241117362 0.12796259587359393 0.12792226830584708 0.12788194140829723 0.12784161518074888 0.1278012896230034 0.12776096473486387 0.1277206405161344 0.1276803169666172 0.12763999408611548 0.12759967187443344 0.127559350331373 0.12751902945673865 0.12747870925033356 0.1274383897119612 0.1273980708414253 0.12735775263852966 0.12731743510307847 0.1272771182348751 0.12723680203372345 0.1271964864994276 0.12715617163179238 0.12711585743062104 0.12707554389571785 0.12703523102688863 0.12699491882393654 0.12695460728666574 0.12691429641488217 0.1268739862083892 0.1268336766669924 0.1267933677904961 0.1267530595787062 0.1267127520314264 0.1266724451484622 0.1266321389296191 0.12659183337470215 0.12655152848351636 0.12651122425586725 0.1264709206915604 0.12643061779040188 0.12639031555219582 0.12635001397674905 0.12630971306386674 0.1262694128133559 0.12622911322502128 0.1261888142986689 0.1261485160341056 0.1261082184311365 0.12606792148956836 0.12602762520920774 0.12598732958986147 0.12594703463133505 0.12590674033343485 0.12586644669596792 0.1258261537187415 0.1257858614015619 0.12574556974423545 0.12570527874657 0.12566498840837204 0.12562469872944892 0.1255844097096075 0.125544121348655 0.12550383364639928 0.12546354660264702 0.1254232602172065 0.12538297448988467 0.1253426894204892 0.12530240500882805 0.1252621212547087 0.12522183815793975 0.12518155571832779 0.1251412739356823 0.12510099280981057 0.12506071234052119 0.12502043252762196 0.12498015337092183 0.12493987487022817 0.12489959702535014 0.12485931983609677 0.124819043302276 0.12477876742369653 0.12473849220016753 0.12469821763149813 0.12465794371749683 0.12461767045797245 0.12457739785273414 0.1245371259015925 0.12449685460435489 0.12445658396083137 0.12441631397083208 0.1243760446341653 0.12433577595064083 0.12429550792006971 0.12425524054226067 0.12421497381702251 0.12417470774416706 0.12413444232350257 0.1240941775548412 0.12405391343799033 0.1240136499727621 0.12397338715896655 0.12393312499641351 0.1238928634849139 0.12385260262427844 0.1238123424143166 0.12377208285483976 0.12373182394565929 0.12369156568658513 0.12365130807742841 0.12361105111799986 0.12357079480811173 0.12353053914757417 0.12349028413619778 0.12345002977379527 0.12340977606017689 0.12336952299515491 0.1233292705785407 0.12328901881014487 0.1232487676897811 0.12320851721725856 0.12316826739239162 0.12312801821499098 0.12308776968486757 0.12304752180183631 0.12300727456570693 0.12296702797629244 0.12292678203340501 0.12288653673685745 0.12284629208646158 0.12280604808203088 0.12276580472337661 0.12272556201031293 0.1226853199426513 0.12264507852020534 0.12260483774278819 0.12256459761021232 0.12252435812229145 0.12248411927883784 0.12244388107966553 0.12240364352458677 0.12236340661341671 0.1223231703459674 0.12228293472205265 0.12224269974148694 0.12220246540408253 0.12216223170965457 0.12212199865801598 0.12208176624898148 0.12204153448236466 0.12200130335797943 0.12196107287564006 0.1219208430351616 0.12188061383635718 0.12184038527904228 0.12180015736303096 0.12175993008813735 0.12171970345417649 0.12167947746096286 0.12163925210831172 0.12159902739603812 0.12155880332395608 0.12151857989188164 0.12147835709962929 0.12143813494701439 0.12139791343385231 0.12135769255995843 0.12131747232514778 0.12127725272923606 0.12123703377203954 0.12119681545337269 0.12115659777305166 0.12111638073089348 0.12107616432671198 0.12103594856032474 0.1209957334315469 0.1209555189401954 0.12091530508608517 0.120875091869034 0.12083487928885717 0.12079466734537148 0.12075445603839374 0.12071424536774034 0.12067403533322774 0.12063382593467253 0.12059361717189243 0.12055340904470324 0.120513201552923 0.12047299469636785 0.12043278847485572 0.12039258288820276 0.12035237793622766 0.12031217361874669 0.12027196993557743 0.12023176688653836 0.12019156447144541 0.12015136269011828 0.12011116154237378 0.12007096102802917 0.1200307611469027 0.11999056189881308 0.11995036328357767 0.11991016530101484 0.11986996795094218 0.1198297712331794 0.11978957514754385 0.11974937969385391 0.11970918487192894 0.11966899068158732 0.11962879712264651 0.1195886041949269 0.11954841189824716 0.11950822023242502 0.11946802919728028 0.11942783879263297 0.11938764901830057 0.11934745987410267 0.11930727135985952 0.11926708347538995 0.11922689622051341 0.11918670959504951 0.11914652359881761 0.11910633823163785 0.11906615349332994 0.11902596938371357 0.11898578590260889 0.11894560304983526 0.11890542082521416 0.11886523922856385 0.11882505825970735 0.11878487791846148 0.11874469820464972 0.11870451911809099 0.11866434065860587 0.11862416282601584 0.11858398562014039 0.11854380904080175 0.11850363308781964 0.11846345776101586 0.11842328306021055 0.11838310898522542 0.1183429355358816 0.11830276271200046 0.11826259051340282 0.11822241893991081 0.11818224799134569 0.11814207766752893 0.1181019079682819 0.11806173889342708 0.1180215704427846 0.11798140261617951 0.11794123541343027 0.11790106883436069 0.1178609028787938 0.11782073754654943 0.11778057283745191 0.1177404087513223 0.11770024528798373 0.11766008244725912 0.11761992022897005 0.11757975863293912 0.11753959765899014 0.11749943730694468 0.11745927757662677 0.11741911846785902 0.11737895998046421 0.11733880211426573 0.1172986448690867 0.11725848824475027 0.11721833224108047 0.11717817685789955 0.11713802209503221 0.11709786795230137 0.11705771442953139 0.11701756152654474 0.11697740924316624 0.11693725757922002 0.116897106534529 0.11685695610891844 0.1168168063022117 0.11677665711423324 0.11673650854480755 0.11669636059375854 0.11665621326091102 0.11661606654608947 0.11657592044911869 0.11653577496982315 0.11649563010802644 0.11645548586355603 0.11641534223623484 0.1163751992258889 0.11633505683234158 0.11629491505541989 0.11625477389494876 0.11621463335075255 0.11617449342265773 0.11613435411048956 0.11609421541407305 0.11605407733323425 0.11601393986779795 0.11597380301759108 0.11593366678243933 0.11589353116216805 0.1158533961566035 0.11581326176557205 0.1157731279888996 0.11573299482641275 0.11569286227793696 0.11565273034329993 0.11561259902232646 0.11557246831484425 0.1155323382206801 0.11549220873966015 0.11545207987161121 0.11541195161636053 0.11537182397373458 0.1153316969435606 0.11529157052566585 0.1152514447198767 0.11521131952602215 0.1151711949439278 0.11513107097342135 0.11509094761433092 0.11505082486648333 0.11501070272970737 0.11497058120382941 0.11493046028867837 0.11489033998408138 0.11485022028986591 0.11481010120586199 0.11476998273189531 0.11472986486779635 0.1146897476133909 0.11464963096850922 0.11460951493297866 0.11456939950662848 0.11452928468928669 0.11448917048078222 0.11444905688094398 0.11440894388959966 0.11436883150658006 0.11432871973171232 0.11428860856482648 0.11424849800575176 0.11420838805431666 0.1141682787103504 0.11412816997368247 0.11408806184414322 0.11404795432156156 0.11400784740576608 0.11396774109658747 0.11392763539385531 0.11388753029739995 0.1138474258070501 0.11380732192263654 0.11376721864398909 0.11372711597093799 0.11368701390331326 0.11364691244094538 0.11360681158366415 0.11356671133130058 0.11352661168368527 0.11348651264064857 0.1134464142020204 0.11340631636763243 0.1133662191373157 0.11332612251090013 0.1132860264882174 0.11324593106909875 0.1132058362533741 0.11316574204087604 0.11312564843143535 0.11308555542488297 0.1130454630210509 0.11300537121977017 0.11296528002087336 0.1129251894241905 0.1128850994295546 0.11284501003679737 0.11280492124575048 0.1127648330562453 0.1127247454681155 0.11268465848119158 0.1126445720953061 0.1126044863102923 0.11256440112598087 0.11252431654220652 0.11248423255879936 0.11244414917559342 0.11240406639242106 0.11236398420911509 0.11232390262550807 0.11228382164143347 0.1122437412567241 0.11220366147121252 0.112163582284732 0.11212350369711621 0.11208342570819774 0.11204334831781093 0.11200327152578837 0.1119631953319642 0.11192311973617208 0.11188304473824451 0.11184297033801627 0.11180289653532105 0.11176282332999299 0.11172275072186522 0.11168267871077342 0.11164260729654951 0.11160253647902929 0.11156246625804689 0.11152239663343633 0.1114823276050323 0.11144225917266914 0.11140219133618134 0.11136212409540369 0.11132205745017121 0.11128199140031847 0.11124192594568105 0.11120186108609287 0.11116179682138971 0.11112173315140561 0.11108167007597725 0.1110416075949403 0.11100154570812815 0.11096148441537756 0.11092142371652369 0.11088136361140222 0.11084130409984994 0.11080124518169976 0.11076118685679048 0.1107211291249568 0.11068107198603461 0.11064101543985982 0.11060095948626969 0.11056090412509889 0.11052084935618522 0.11048079517936427 0.11044074159447215 0.11040068860134578 0.11036063619982217 0.11032058438973791 0.1102805331709289 0.11024048254323304 0.11020043250648659 0.11016038306052656 0.11012033420519063 0.11008028594031583 0.11004023826573872 0.11000019118129722 0.10996014468682791 0.10992009878216968 0.10988005346715923 0.10984000874163324 0.10979996460543151 0.10975992105839016 0.10971987810034733 0.10967983573114104 0.10963979395060997 0.10959975275859091 0.10955971215492355 0.10951967213944513 0.10947963271199357 0.10943959387240854 0.10939955562052694 0.10935951795618881 0.10931948087923204 0.10927944438949544 0.10923940848681757 0.10919937317103767 0.10915933844199455 0.10911930429952665 0.10907927074347401 0.10903923777367486 0.10899920538996932 0.10895917359219598 0.10891914238019429 0.10887911175380438 0.10883908171286549 0.10879905225721631 0.10875902338669774 0.10871899510114924 0.10867896740041039 0.10863894028432175 0.10859891375272235 0.1085588878054522 0.10851886244235331 0.10847883766326416 0.10843881346802486 0.10839878985647722 0.10835876682846068 0.10831874438381672 0.10827872252238446 0.10823870124400581 0.10819868054852155 0.10815866043577083 0.10811864090559753 0.10807862195784046 0.10803860359234074 0.1079985858089405 0.10795856860748043 0.10791855198780209 0.1078785359497465 0.10783852049315601 0.10779850561787097 0.10775849132373316 0.10771847761058562 0.1076784644782689 0.10763845192662402 0.10759843995549556 0.10755842856472309 0.10751841775414994 0.10747840752361726 0.10743839787296905 0.10739838880204533 0.10735838031069012 0.10731837239874564 0.1072783650660536 0.10723835831245809 0.10719835213780005 0.10715834654192369 0.10711834152467115 0.10707833708588521 0.10703833322540968 0.10699832994308667 0.10695832723876031 0.1069183251122734 0.10687832356346882 0.1068383225921904 0.10679832219828156 0.10675832238158534 0.1067183231419464 0.10667832447920766 0.10663832639321325 0.1065983288838066 0.10655833195083209 0.10651833559413282 0.10647833981355448 0.10643834460893975 0.10639834998013353 0.10635835592698051 0.10631836244932369 0.1062783695470092 0.10623837721988028 0.1061983854677826 0.1061583942905594 0.10611840368805714 0.10607841366011961 0.10603842420659204 0.10599843532731923 0.10595844702214641 0.10591845929091881 0.10587847213348223 0.10583848554968012 0.10579849953935994 0.10575851410236559 0.10571852923854375 0.10567854494773976 0.10563856122979876 0.10559857808456674 0.10555859551188962 0.10551861351161385 0.10547863208358477 0.10543865122764817 0.10539867094365118 0.10535869123143904 0.10531871209085886 0.10527873352175665 0.10523875552397854 0.10519877809737177 0.10515880124178256 0.10511882495705693 0.10507884924304278 0.10503887409958657 0.10499889952653507 0.10495892552373498 0.10491895209103375 0.10487897922827905 0.10483900693531667 0.10479903521199496 0.10475906405816138 0.10471909347366315 0.10467912345834729 0.10463915401206203 0.10459918513465505 0.10455921682597336 0.10451924908586618 0.10447928191417954 0.10443931531076323 0.1043993492754638 0.10435938380813115 0.1043194189086114 0.10427945457675403 0.1042394908124078 0.10419952761541995 0.10415956498564038 0.10411960292291644 0.10407964142709791 0.10403968049803258 0.10399972013556924 0.10395976033955778 0.10391980110984667 0.10387984244628412 0.10383988434872049 0.10379992681700478 0.10375996985098546 0.10372001345051307 0.10368005761543586 0.10364010234560395 0.10360014764086711 0.1035601935010747 0.10352023992607673 0.10348028691572264 0.103440334469862 0.10340038258834561 0.1033604312710239 0.103320480517745 0.10328053032836104 0.10324058070272168 0.10320063164067683 0.10316068314207771 0.10312073520677423 0.10308078783461705 0.10304084102545719 0.10300089477914531 0.10296094909553077 0.10292100397446735 0.10288105941580317 0.1028411154193909 0.10280117198508132 0.10276122911272534 0.10272128680217474 0.10268134505327986 0.10264140386589271 0.10260146323986552 0.10256152317504896 0.10252158367129494 0.10248164472845511 0.10244170634638128 0.10240176852492533 0.10236183126393916 0.1023218945632749 0.10228195842278476 0.1022420228423202 0.10220208782173434 0.10216215336087953 0.10212221945960787 0.1020822861177717 0.10204235333522327 0.10200242111181657 0.1019624894474025 0.10192255834183483 0.10188262779496693 0.1018426978066509 0.10180276837673985 0.10176283950508724 0.10172291119154586 0.10168298343596915 0.10164305623821068 0.10160312959812323 0.10156320351556059 0.10152327799037608 0.10148335302242395 0.10144342861155742 0.10140350475763071 0.10136358146049718 0.10132365872001059 0.1012837365360254 0.10124381490839607 0.10120389383697537 0.10116397332161875 0.10112405336218 0.10108413395851401 0.10104421511047457 0.10100429681791723 0.10096437908069478 0.10092446189866411 0.10088454527167812 0.10084462919959325 0.10080471368226307 0.10076479871954325 0.1007248843112889 0.10068497045735425 0.10064505715759609 0.10060514441186852 0.10056523222002733 0.10052532058192787 0.10048540949742568 0.10044549896637656 0.10040558898863572 0.1003656795640594 0.10032577069250259 0.10028586237382286 0.10024595460787467 0.10020604739451433 0.10016614073359853 0.10012623462498316 0.10008632906852388 0.10004642406407871 0.1000065196115022 0.0999666157106518 0.09992671236138406 0.09988680956355589 0.09984690731702317 0.09980700562164291 0.0997671044772731 0.09972720388376954 0.0996873038409889 0.09964740434879027 0.09960750540702956 0.09956760701556366 0.09952770917425013 0.09948781188294731 0.09944791514151075 0.09940801894980011 0.09936812330767286 0.09932822821498488 0.0992883336715954 0.09924843967736185 0.09920854623214237 0.09916865333579528 0.09912876098817835 0.09908886918914939 0.09904897793856726 0.0990090872362901 0.098969197082176 0.09892930747608397 0.09888941841787213 0.09884952990739904 0.09880964194452357 0.09876975452910486 0.09872986766100134 0.09868998134007201 0.09865009556617643 0.09861021033917305 0.09857032565892032 0.09853044152527879 0.09849055793810702 0.09845067489726533 0.0984107924026123 0.09837091045400737 0.09833102905131064 0.09829114819438156 0.09825126788307947 0.0982113881172646 0.09817150889679782 0.09813163022153804 0.09809175209134546 0.09805187450607988 0.09801199746560207 0.09797212096977259 0.09793224501845088 0.09789236961149783 0.09785249474877455 0.0978126204301406 0.09777274665545665 0.09773287342458525 0.09769300073738474 0.09765312859371744 0.09761325699344447 0.09757338593642595 0.0975335154225242 0.09749364545159867 0.09745377602351224 0.09741390713812581 0.09737403879530016 0.09733417099489805 0.09729430373677961 0.09725443702080783 0.09721457084684348 0.09717470521474858 0.09713484012438522 0.09709497557561508 0.09705511156830049 0.09701524810230344 0.0969753851774856 0.09693552279370998 0.09689566095083868 0.09685579964873425 0.09681593888725804 0.09677607866627413 0.09673621898564455 0.09669635984523117 0.09665650124489833 0.09661664318450824 0.09657678566392347 0.09653692868300734 0.09649707224162207 0.09645721633963222 0.09641736097690101 0.09637750615329 0.09633765186866439 0.09629779812288619 0.09625794491582007 0.0962180922473298 0.0961782401172776 0.09613838852552847 0.09609853747194597 0.09605868695639352 0.09601883697873559 0.09597898753883682 0.09593913863656023 0.09589929027177035 0.09585944244433153 0.09581959515410798 0.0957797484009647 0.09573990218476558 0.09570005650537594 0.09566021136265945 0.09562036675648078 0.09558052268670625 0.09554067915319941 0.09550083615582561 0.09546099369444994 0.09542115176893684 0.09538131037915287 0.09534146952496148 0.09530162920623009 0.09526178942282182 0.09522195017460433 0.09518211146144218 0.09514227328320035 0.09510243563974541 0.0950625985309439 0.09502276195665937 0.09498292591675983 0.09494309041111015 0.09490325543957678 0.09486342100202694 0.09482358709832472 0.0947837537283378 0.09474392089193295 0.09470408858897528 0.09466425681933255 0.09462442558286999 0.09458459487945603 0.0945447647089559 0.09450493507123703 0.09446510596616653 0.0944252773936114 0.0943854493534384 0.0943456218455152 0.0943057948697077 0.0942659684258843 0.09422614251391259 0.09418631713365899 0.09414649228499128 0.09410666796777811 0.09406684418188527 0.09402702092718274 0.09398719820353651 0.09394737601081482 0.09390755434888587 0.09386773321761843 0.09382791261687906 0.09378809254653686 0.09374827300646038 0.09370845399651695 0.09366863551657567 0.0936288175665052 0.09358900014617333 0.09354918325544936 0.09350936689420197 0.09346955106230004 0.09342973575961133 0.09338992098600585 0.09335010674135213 0.09331029302551963 0.09327047983837711 0.09323066717979422 0.09319085504963953 0.09315104344778313 0.09311123237409435 0.09307142182844252 0.09303161181069752 0.09299180232072812 0.09295199335840532 0.09291218492359832 0.09287237701617745 0.09283256963601128 0.0927927627829721 0.09275295645692738 0.09271315065774988 0.09267334538530847 0.09263354063947316 0.09259373642011526 0.09255393272710499 0.09251412956031324 0.09247432691960988 0.09243452480486636 0.09239472321595277 0.09235492215274 0.09231512161509992 0.09227532160290308 0.09223552211602015 0.09219572315432312 0.09215592471768197 0.09211612680596837 0.09207632941905486 0.09203653255681221 0.09199673621911164 0.09195694040582492 0.09191714511682347 0.09187735035197975 0.09183755611116529 0.0917977623942523 0.09175796920111168 0.09171817653161607 0.09167838438563836 0.09163859276304964 0.0915988016637227 0.09155901108752973 0.09151922103434329 0.09147943150403637 0.0914396424964804 0.09139985401154938 0.0913600660491144 0.0913202786090499 0.09128049169122776 0.09124070529552186 0.0912009194218042 0.09116113406994752 0.0911213492398264 0.09108156493131336 0.09104178114428152 0.09100199787860452 0.09096221513415592 0.09092243291080959 0.0908826512084393 0.0908428700269166 0.0908030893661177 0.09076330922591458 0.0907235296061829 0.09068375050679633 0.09064397192762796 0.09060419386855256 0.09056441632944434 0.09052463931017662 0.09048486281062562 0.09044508683066443 0.09040531137016716 0.09036553642901035 0.09032576200706721 0.09028598810421196 0.09024621472032046 0.0902064418552675 0.09016666950892749 0.0901268976811761 0.09008712637188754 0.0900473555809378 0.09000758530820163 0.08996781555355515 0.0899280463168729 0.08988827759803009 0.0898485093969037 0.08980874171336795 0.08976897454729915 0.08972920789857286 0.08968944176706506 0.08964967615265107 0.08960991105520844 0.08957014647461159 0.08953038241073752 0.08949061886346166 0.08945085583266121 0.08941109331821206 0.08937133131999175 0.08933156983787438 0.0892918088717386 0.08925204842146006 0.08921228848691543 0.08917252906798256 0.08913277016453713 0.08909301177645712 0.08905325390361951 0.08901349654590007 0.08897373970317735 0.08893398337532732 0.08889422756222853 0.08885447226375809 0.08881471747979308 0.08877496321021083 0.08873520945489011 0.08869545621370756 0.08865570348654117 0.08861595127326893 0.08857619957376872 0.08853644838791785 0.08849669771559587 0.0884569475566801 0.08841719791104796 0.0883774487785789 0.08833770015915099 0.08829795205264224 0.08825820445893107 0.08821845737789646 0.08817871080941742 0.0881389647533719 0.08809921920963959 0.08805947417809801 0.08801972965862714 0.08797998565110621 0.0879402421554134 0.08790049917142839 0.08786075669903037 0.08782101473809867 0.08778127328851215 0.08774153235015147 0.08770179192289529 0.08766205200662325 0.08762231260121522 0.08758257370655054 0.08754283532250984 0.087503097448972 0.08746336008581834 0.0874236232329273 0.0873838868901804 0.08734415105745663 0.08730441573463754 0.08726468092160222 0.08722494661823232 0.08718521282440694 0.08714547954000817 0.08710574676491545 0.08706601449900941 0.08702628274217195 0.08698655149428314 0.08694682075522464 0.08690709052487611 0.0868673608031193 0.08682763158983553 0.08678790288490634 0.08674817468821217 0.08670844699963598 0.08666871981905644 0.0866289931463573 0.08658926698142022 0.08654954132412584 0.08650981617435571 0.08647009153199292 0.08643036739691856 0.08639064376901429 0.08635092064816252 0.08631119803424547 0.08627147592714535 0.08623175432674424 0.0861920332329239 0.08615231264556789 0.08611259256455828 0.08607287298977728 0.08603315392110744 0.08599343535843162 0.08595371730163248 0.08591399975059333 0.08587428270519715 0.0858345661653257 0.08579485013086297 0.0857551346016927 0.08571541957769657 0.08567570505875943 0.08563599104476327 0.08559627753559218 0.08555656453112981 0.0855168520312597 0.08547714003586548 0.08543742854482972 0.08539771755803771 0.08535800707537311 0.08531829709671912 0.08527858762196017 0.08523887865098079 0.08519917018366452 0.08515946221989545 0.08511975475955835 0.08508004780253753 0.0850403413487173 0.08500063539798175 0.08496092995021676 0.08492122500530619 0.08488152056313436 0.08484181662358603 0.08480211318654685 0.08476241025190201 0.08472270781953561 0.08468300588933309 0.08464330446118029 0.08460360353496132 0.08456390311056161 0.08452420318786813 0.08448450376676475 0.08444480484713712 0.084405106428872 0.0843654085118537 0.08432571109596876 0.08428601418110282 0.08424631776714175 0.08420662185397232 0.08416692644147905 0.08412723152954893 0.08408753711806871 0.0840478432069236 0.08400814979599969 0.08396845688518573 0.08392876447436537 0.08388907256342737 0.08384938115225626 0.08380969024074081 0.08376999982876665 0.08373030991622121 0.08369062050299081 0.08365093158896264 0.08361124317402457 0.08357155525806181 0.08353186784096378 0.08349218092261679 0.08345249450290781 0.08341280858172495 0.08337312315895518 0.0833334382344868 0.08329375380820725 0.08325406988000372 0.08321438644976453 0.08317470351737732 0.08313502108272974 0.08309533914571032 0.0830556577062076 0.08301597676410877 0.08297629631930259 0.08293661637167693 0.08289693692112032 0.08285725796752241 0.08281757951076996 0.08277790155075282 0.08273822408735865 0.08269854712047664 0.08265887064999644 0.08261919467580614 0.08257951919779427 0.08253984421584959 0.08250016972986329 0.08246049573972303 0.08242082224531799 0.08238114924653783 0.08234147674327241 0.08230180473541049 0.0822621332228417 0.0822224622054557 0.08218279168314213 0.0821431216557913 0.08210345212329284 0.08206378308553597 0.08202411454241187 0.08198444649380998 0.08194477893961971 0.0819051118797327 0.0818654453140375 0.08182577924242596 0.08178611366478772 0.08174644858101332 0.08170678399099418 0.08166711989461972 0.08162745629178092 0.08158779318236942 0.0815481305662753 0.08150846844338977 0.08146880681360336 0.08142914567680792 0.08138948503289356 0.0813498248817528 0.08131016522327572 0.08127050605735509 0.08123084738388053 0.0811911892027446 0.08115153151383914 0.08111187431705513 0.08107221761228445 0.08103256139941917 0.08099290567835116 0.08095325044897228 0.08091359571117329 0.08087394146484894 0.08083428770988954 0.08079463444618673 0.08075498167363482 0.08071532939212522 0.08067567760154937 0.08063602630180089 0.08059637549277276 0.08055672517435619 0.08051707534644525 0.08047742600893226 0.08043777716170997 0.08039812880467179 0.08035848093771025 0.08031883356071812 0.08027918667358991 0.08023954027621705 0.08019989436849428 0.08016024895031437 0.08012060402157117 0.08008095958215766 0.08004131563196837 0.0800016721708956 0.07996202919883388 0.07992238671567731 0.07988274472131929 0.07984310321565413 0.07980346219857593 0.07976382166997831 0.07972418162975492 0.07968454207780162 0.07964490301401139 0.07960526443827942 0.07956562635050002 0.0795259887505666 0.0794863516383757 0.07944671501382072 0.07940707887679666 0.07936744322719869 0.07932780806492157 0.07928817338985894 0.07924853920190889 0.07920890550096282 0.0791692722869195 0.07912963955967123 0.0790900073191152 0.07905037556514571 0.07901074429765886 0.07897111351655006 0.07893148322171495 0.0788918534130496 0.07885222409044879 0.07881259525380835 0.07877296690302549 0.07873333903799562 0.07869371165861416 0.07865408476477809 0.07861445835638281 0.07857483243332486 0.07853520699550076 0.07849558204280749 0.07845595757514001 0.07841633359239619 0.07837671009447189 0.07833708708126452 0.07829746455267017 0.07825784250858558 0.07821822094890907 0.07817859987353537 0.0781389792823628 0.07809935917528943 0.07805973955221113 0.07802012041302508 0.07798050175762938 0.07794088358592033 0.07790126589779711 0.07786164869315582 0.07782203197189452 0.07778241573391154 0.07774279997910316 0.07770318470736925 0.07766356991860612 0.07762395561271251 0.07758434178958673 0.07754472844912486 0.07750511559122786 0.07746550321579226 0.07742589132271749 0.07738627991190072 0.07734666898324116 0.07730705853663777 0.0772674485719893 0.0772278390891934 0.07718823008814857 0.07714862156875468 0.07710901353091093 0.07706940597451561 0.07702979889946815 0.07699019230566728 0.07695058619301265 0.076910980561403 0.07687137541073841 0.07683177074091718 0.07679216655183962 0.07675256284340493 0.07671295961551361 0.07667335686806398 0.07663375460095656 0.07659415281409143 0.07655455150736845 0.07651495068068725 0.07647535033394748 0.07643575046705031 0.07639615107989561 0.07635655217238368 0.0763169537444146 0.0762773557958889 0.07623775832670576 0.07619816133676816 0.07615856482597594 0.07611896879422853 0.07607937324142822 0.07603977816747487 0.07600018357227034 0.07596058945571449 0.07592099581770895 0.07588140265815513 0.07584180997695422 0.07580221777400631 0.07576262604921458 0.07572303480247933 0.07568344403370153 0.0756438537427846 0.07560426392962838 0.07556467459413452 0.0755250857362062 0.07548549735574506 0.07544590945265162 0.07540632202682884 0.07536673507817859 0.07532714860660339 0.07528756261200531 0.07524797709428577 0.0752083920533484 0.07516880748909438 0.07512922340142736 0.07508963979024896 0.0750500566554626 0.07501047399697014 0.07497089181467476 0.07493131010847986 0.07489172887828666 0.07485214812400076 0.07481256784552226 0.07477298804275678 0.07473340871560552 0.07469382986397366 0.07465425148776283 0.07461467358687779 0.07457509616122082 0.0745355192106969 0.07449594273520721 0.07445636673465872 0.07441679120895262 0.07437721615799386 0.07433764158168588 0.07429806747993317 0.07425849385263916 0.07421892069970881 0.07417934802104553 0.0741397758165534 0.07410020408613738 0.07406063282970177 0.07402106204715153 0.07398149173838964 0.0739419219033226 0.07390235254185362 0.07386278365388832 0.07382321523933055 0.07378364729808684 0.07374407983006104 0.07370451283515789 0.0736649463132828 0.07362538026434096 0.07358581468823866 0.07354624958488021 0.07350668495417034 0.07346712079601625 0.07342755711032178 0.07338799389699346 0.07334843115593648 0.07330886888705734 0.07326930709026125 0.07322974576545449 0.0731901849125427 0.07315062453143151 0.07311106462202765 0.07307150518423722 0.07303194621796627 0.072992387723122 0.07295282969960892 0.0729132721473349 0.07287371506620643 0.07283415845612984 0.0727946023170114 0.07275504664875831 0.07271549145127643 0.07267593672447448 0.07263638246825832 0.07259682868253536 0.0725572753672119 0.07251772252219535 0.07247817014739333 0.07243861824271325 0.07239906680806163 0.07235951584334654 0.07231996534847629 0.0722804153233576 0.07224086576789723 0.07220131668200414 0.07216176806558616 0.07212221991855072 0.07208267224080567 0.07204312503225885 0.07200357829281878 0.07196403202239354 0.07192448622089165 0.07188494088822073 0.07184539602428952 0.07180585162900677 0.07176630770227943 0.07172676424401803 0.07168722125413063 0.07164767873252487 0.07160813667911103 0.0715685950937972 0.07152905397649167 0.07148951332710562 0.0714499731455458 0.07141043343172226 0.07137089418554377 0.07133135540692082 0.07129181709576127 0.07125227925197541 0.07121274187547222 0.07117320496616153 0.07113366852395275 0.07109413254875707 0.07105459704048189 0.07101506199903884 0.07097552742433577 0.0709359933162852 0.07089645967479474 0.07085692649977715 0.07081739379114094 0.07077786154879573 0.07073832977265315 0.07069879846262372 0.0706592676186164 0.07061973724054371 0.0705802073283146 0.07054067788184093 0.07050114890103232 0.07046162038580128 0.0704220923360559 0.07038256475170956 0.07034303763267302 0.07030351097885679 0.07026398479017204 0.07022445906652997 0.07018493380784196 0.070145409014021 0.07010588468497536 0.07006636082061846 0.07002683742086213 0.06998731448561712 0.06994779201479662 0.06990827000831046 0.0698687484660716 0.06982922738799191 0.06978970677398322 0.06975018662395804 0.06971066693782824 0.06967114771550609 0.06963162895690345 0.06959211066193305 0.06955259283050808 0.06951307546253904 0.0694735585579409 0.06943404211662396 0.0693945261385025 0.06935501062348925 0.06931549557149674 0.06927598098243726 0.06923646685622442 0.06919695319277186 0.06915743999199253 0.06911792725379784 0.06907841497810319 0.06903890316482086 0.06899939181386472 0.06895988092514815 0.06892037049858435 0.06888086053408737 0.0688413510315713 0.06880184199094841 0.06876233341213389 0.06872282529504115 0.06868331763958402 0.0686438104456768 0.06860430371323378 0.06856479744216859 0.06852529163239596 0.06848578628383062 0.06844628139638553 0.0684067769699761 0.06836727300451662 0.06832776949992203 0.06828826645610686 0.06824876387298517 0.06820926175047282 0.06816976008848408 0.06813025888693391 0.06809075814573773 0.06805125786481026 0.06801175804406645 0.06797225868342194 0.06793275978279167 0.0678932613420915 0.06785376336123705 0.06781426584014194 0.06777476877872446 0.06773527217689757 0.0676957760345791 0.0676562803516838 0.06761678512812841 0.06757729036382765 0.0675377960586987 0.06749830221265651 0.06745880882561806 0.0674193158974985 0.06737982342821502 0.0673403314176837 0.06730083986582125 0.0672613487725433 0.06722185813776771 0.06718236796140942 0.06714287824338672 0.06710338898361501 0.06706390018201258 0.06702441183849528 0.06698492395297984 0.0669454365253841 0.06690594955562457 0.06686646304361843 0.06682697698928419 0.06678749139253681 0.06674800625329547 0.066708521571478 0.06666903734700025 0.06662955357978051 0.0665900702697364 0.06655058741678554 0.06651110502084645 0.0664716230818363 0.06643214159967337 0.06639266057427529 0.06635318000556034 0.06631369989344726 0.06627422023785301 0.06623474103869675 0.06619526229589634 0.06615578400937094 0.06611630617903774 0.0660768288048168 0.06603735188662574 0.06599787542438329 0.06595839941800907 0.06591892386742115 0.06587944877253848 0.06583997413328002 0.06580049994956516 0.06576102622131286 0.06572155294844206 0.06568208013087284 0.06564260776852304 0.06560313586131339 0.06556366440916239 0.0655241934119899 0.06548472286971596 0.06544525278225977 0.06540578314954182 0.06536631397148063 0.06532684524799648 0.06528737697900988 0.06524790916443979 0.06520844180420826 0.06516897489823359 0.06512950844643606 0.06509004244873773 0.06505057690505689 0.06501111181531405 0.06497164717943216 0.06493218299732861 0.06489271926892526 0.06485325599414415 0.06481379317290448 0.06477433080512696 0.06473486889073343 0.06469540742964464 0.06465594642178107 0.06461648586706503 0.06457702576541613 0.06453756611675687 0.06449810692100799 0.0644586481780911 0.06441918988792739 0.06437973205043779 0.06434027466554593 0.06430081773317187 0.064261361253237 0.06422190522566384 0.0641824496503749 0.06414299452729133 0.06410353985633499 0.06406408563742794 0.06402463187049268 0.06398517855545127 0.0639457256922269 0.06390627328074006 0.06386682132091481 0.06382736981267234 0.0637879187559367 0.06374846815062907 0.06370901799667328 0.0636695682939914 0.0636301190425057 0.06359067024214116 0.06355122189281848 0.06351177399446195 0.0634723265469943 0.06343287955033916 0.06339343300441835 0.06335398690915728 0.06331454126447844 0.06327509607030413 0.0632356513265595 0.06319620703316708 0.06315676319005159 0.06311731979713575 0.0630778768543443 0.0630384343615995 0.062998992318827 0.06295955072595016 0.06292010958289262 0.06288066888957888 0.06284122864593367 0.06280178885188037 0.06276234950734394 0.06272291061224777 0.0626834721665186 0.06264403417007847 0.06260459662285367 0.06256515952476804 0.06252572287574609 0.06248628667571321 0.06244685092459479 0.06240741562231489 0.06236798076879846 0.06232854636397134 0.06228911240775803 0.06224967890008504 0.062210245840875755 0.06217081323005691 0.06213138106755345 0.06209194935329099 0.06205251808719492 0.06201308726919108 0.06197365689920553 0.06193422697716344 0.061894797502991095 0.06185536847661344 0.06181593989795786 0.06177651176694976 0.061737084083515636 0.061697656847581106 0.06165823005907156 0.06161880371791617 0.06157937782403833 0.061539952377366314 0.06150052737782641 0.06146110282534423 0.061421678719847606 0.0613822550612626 0.061342831849516166 0.06130340908453569 0.061263986766247 0.06122456489457839 0.06118514346945614 0.061145722490806964 0.06110630195855915 0.06106688187264009 0.06102746223297584 0.06098804303949468 0.060948624292124 0.060909205990791415 0.060869788135424985 0.060830370725950766 0.06079095376229815 0.060751537244394305 0.06071212117216773 0.06067270554554627 0.06063329036445664 0.06059387562882823 0.06055446133858888 0.06051504749366732 0.06047563409399137 0.060436221139488655 0.06039680863008945 0.06035739656572048 0.060317984946311354 0.06027857377178969 0.06023916304208621 0.06019975275712741 0.0601603429168438 0.060120933521163655 0.06008152457001503 0.0600421160633291 0.0600027080010328 0.059963300383057305 0.05992389320933067 0.05988448647978162 0.059845080194341094 0.0598056743529376 0.05976626895550097 0.059726864001961255 0.059687459492246964 0.05964805542628859 0.05960865180401553 0.059569248625358506 0.059529845890247124 0.05949044359861011 0.05945104175037974 0.059411640345484074 0.05937223938385494 0.05933283886542218 0.059293438790114505 0.059254039157864646 0.05921463996860221 0.059175241222257036 0.05913584291876184 0.059096445058045344 0.05905704764003783 0.05901765066467202 0.05897825413187774 0.05893885804158616 0.05889946239372823 0.05886006718823422 0.05882067242503708 0.05878127810406708 0.05874188422525539 0.05870249078853362 0.058663097793832275 0.05862370524108518 0.05858431313022061 0.05854492146117285 0.05850553023387284 0.058466139448251964 0.058426749104242504 0.05838735920177629 0.05834796974078538 0.05830858072120115 0.05826919214295612 0.05822980400598343 0.0581904163102136 0.058151029055579784 0.05811164224201448 0.058072255869450196 0.05803286993781853 0.05799348444705421 0.05795409939708729 0.057914714787851596 0.05787533061928052 0.05783594689130589 0.05779656360386154 0.05775718075687952 0.057717798350294114 0.057678416384036924 0.05763903485804267 0.057599653772242965 0.057560273126572525 0.057520892920964295 0.05748151315535166 0.05744213382966823 0.05740275494384761 0.057363376497823415 0.05732399849152858 0.05728462092489761 0.057245243797865664 0.05720586711036413 0.0571664908623295 0.0571271150536945 0.057087739684392735 0.057048364754359815 0.057008990263528236 0.05696961621183383 0.05693024259921131 0.05689086942559385 0.05685149669091527 0.05681212439511363 0.056772752538119864 0.05673338111987114 0.0566940101403004 0.056654639599343914 0.056615269496936405 0.05657589983301281 0.05653653060750763 0.05649716182035669 0.05645779347149493 0.05641842556085819 0.05637905808838006 0.0563396910539975 0.056300324457646767 0.056260958299261254 0.0562215925787779 0.05618222729613209 0.056142862451259656 0.0561034980440962 0.056064134074577776 0.056024770542640434 0.05598540744822045 0.055946044791253424 0.055906682571674526 0.05586732078942247 0.055827959444431086 0.05578859853663842 0.05574923806597942 0.055709878032392135 0.05567051843581283 0.05563115927617668 0.055591800553421944 0.055552442267485125 0.05551308441830205 0.05547372700581055 0.05543437002994689 0.05539501349064935 0.055355657387853974 0.05531630172149793 0.05527694649151815 0.05523759169785314 0.055198237340439604 0.055158883419214044 0.05511952993411606 0.055080176885081045 0.05504082427204837 0.055001472094954096 0.0549621203537376 0.054922769048335374 0.05488341817868592 0.054844067744727276 0.05480471774639706 0.0547653681836342 0.0547260190563752 0.05468667036456032 0.05464732210812717 0.05460797428701403 0.0545686269011576 0.0545292799504995 0.054489933434976656 0.05445058735452668 0.05441124170908962 0.05437189649860463 0.054332551723010214 0.05429320738224375 0.05425386347624683 0.05421452000495597 0.05417517696831187 0.05413583436625302 0.05409649219871926 0.05405715046564907 0.054017809166981845 0.05397846830265807 0.053939127872616455 0.053899787876797056 0.05386044831513814 0.05382110918758132 0.05378177049406485 0.05374243223452946 0.0537030944089143 0.05366375701716031 0.053624420059206646 0.05358508353499425 0.053545747444462055 0.05350641178755078 0.0534670765642018 0.053427741774355164 0.053388407417950035 0.0533490734949269 0.05330974000522848 0.05327040694879348 0.05323107432556329 0.05319174213547817 0.05315241037847951 0.05311307905450868 0.053073748163505075 0.05303441770541095 0.052995087680167696 0.05295575808771469 0.05291642892799464 0.052877100200950045 0.05283777190651984 0.05279844404464584 0.05275911661527055 0.052719789618335344 0.05268046305378116 0.0526411369215507 0.05260181122158469 0.0525624859538254 0.05252316111821553 0.05248383671469603 0.05244451274320916 0.05240518920369652 0.052365866096101055 0.052326543420365246 0.052287221176430254 0.0522478993642399 0.05220857798373513 0.05216925703485953 0.05212993651755471 0.05209061643176427 0.052051296777430256 0.052011977554495825 0.05197265876290391 0.05193334040259612 0.05189402247351671 0.05185470497560929 0.051815387908816124 0.05177607127307948 0.05173675506834341 0.051697439294551506 0.051658123951646706 0.05161880903957328 0.051579494558273487 0.05154018050769138 0.051500866887771 0.05146155369845484 0.05142224093968828 0.05138292861141447 0.05134361671357679 0.05130430524611973 0.05126499420898667 0.05122568360212254 0.05118637342547183 0.051147063678977034 0.051107754362583524 0.05106844547623601 0.05102913701987899 0.050989828993456277 0.05095052139691236 0.050911214230191515 0.050871907493239554 0.05083260118600097 0.05079329530842003 0.05075398986044166 0.050714684842011915 0.05067538025307439 0.050636076093574456 0.050596772363458165 0.050557469062669336 0.05051816619115401 0.05047886374885824 0.05043956173572628 0.0504002601517044 0.05036095899673754 0.05032165827077173 0.050282357973752356 0.050243058105624794 0.050203758666336196 0.050164459655831495 0.05012516107405629 0.05008586292095751 0.05004656519647921 0.050007267900571195 0.04996797103317663 0.04992867459424244 0.04988937858371534 0.04985008300154159 0.0498107878476679 0.0497714931220401 0.049732198824605556 0.049692904955310535 0.049653611514101526 0.04961431850092635 0.049575025915730375 0.04953573375846276 0.04949644202906822 0.04945715072749435 0.04941785985368918 0.04937856940759877 0.0493392793891716 0.04929998979835326 0.04926070063509269 0.049221411899337486 0.04918212359103413 0.049142835710130894 0.049103548256574925 0.04906426123031449 0.049024974631296736 0.04898568845946949 0.04894640271478212 0.048907117397180455 0.04886783250661386 0.04882854804303016 0.0487892640063774 0.048749980396605164 0.04871069721365906 0.04867141445749046 0.04863213212804607 0.04859285022527282 0.04855356874912342 0.0485142876995428 0.04847500707648211 0.04843572687988895 0.048396447109711804 0.04835716776590049 0.04831788884840349 0.04827861035716996 0.048239332292148385 0.04820005465328925 0.048160777440541036 0.04812150065385268 0.04808222429317399 0.04804294835845435 0.04800367284964313 0.04796439776669059 0.047925123109545 0.047885848878156834 0.047846575072475916 0.047807301692452286 0.04776802873803487 0.047728756209174605 0.04768948410582152 0.047650212427925 0.04761094117543618 0.04757167034830334 0.047532399946479176 0.04749312996991262 0.04745386041855437 0.04741459129235448 0.04737532259126409 0.04733605431523413 0.047296786464214424 0.047257519038156115 0.04721825203700991 0.04717898546072696 0.04713971930925709 0.047100453582553214 0.04706118828056538 0.04702192340324385 0.04698265895054177 0.04694339492240851 0.04690413131879634 0.046864868139656846 0.046825605384940294 0.04678634305459961 0.046747081148585945 0.04670781966685067 0.046668558609346045 0.046629297976023 0.046590037766834236 0.046550777981730906 0.046511518620665715 0.046472259683590256 0.04643300117045701 0.04639374308121713 0.04635448541582443 0.04631522817423095 0.04627597135638717 0.046236714962247794 0.046197458991764195 0.04615820344488997 0.04611894832157537 0.04607969362177511 0.04604043934544233 0.04600118549252885 0.04596193206298782 0.0459226790567715 0.045883426473834144 0.045844174314127795 0.04580492257760649 0.045765671264223595 0.04572642037393049 0.04568716990668298 0.04564791986243333 0.045608670241134464 0.045569421042740865 0.04553017226720546 0.04549092391448317 0.04545167598452693 0.04541242847728921 0.045373181392725614 0.04533393473078995 0.04529468849143514 0.04525544267461701 0.045216197280288695 0.04517695230840357 0.04513770775891701 0.045098463631783714 0.04505921992695616 0.04501997664439128 0.044980733784041105 0.04494149134586234 0.044902249329807686 0.044863007735834515 0.04482376656389486 0.04478452581394521 0.04474528548594048 0.044706045579834264 0.04466680609558327 0.0446275670331413 0.04458832839246463 0.0445490901735075 0.04450985237622551 0.04447061500057492 0.044431378046510206 0.04439214151398696 0.04435290540296122 0.04431366971338724 0.044274434445222166 0.044235199598421815 0.04419596517294111 0.04415673116873631 0.04411749758576411 0.04407826442397944 0.04403903168333834 0.043999799363798386 0.04396056746531363 0.04392133598784165 0.043882104931338706 0.0438428742957615 0.043803644081066295 0.04376441428720956 0.0437251849141469 0.043685955961836775 0.04364672743023479 0.043607499319297416 0.04356827162898358 0.04352904435924709 0.04348981751004688 0.043450591081340306 0.043411365073082964 0.04337213948523355 0.043332914317748994 0.043293689570585325 0.04325446524370169 0.04321524133705412 0.043176017850601545 0.04313679478429999 0.04309757213810772 0.04305834991198276 0.043019128105883375 0.042979906719765815 0.042940685753589225 0.04290146520731142 0.04286224508088954 0.04282302537428251 0.042783806087448584 0.042744587220345576 0.04270536877293196 0.042666150745165776 0.042626933137005274 0.04258771594841004 0.04254849917933745 0.042509282829747086 0.04247006689959654 0.04243085138884517 0.04239163629745124 0.04235242162537478 0.042313207372574047 0.04227399353900685 0.04223478012463433 0.04219556712941519 0.04215635455330724 0.04211714239627029 0.04207793065826504 0.04203871933924863 0.04199950843918243 0.04196029795802536 0.04192108789573612 0.041881878252275406 0.041842669027602586 0.041803460221677025 0.041764251834458754 0.04172504386590825 0.04168583631598466 0.0416466291846489 0.04160742247185967 0.04156821617757944 0.04152901030176581 0.041489804844380584 0.04145059980538357 0.04141139518473591 0.04137219098239697 0.041332987198327675 0.041293783832489384 0.04125458088484191 0.041215378355347276 0.041176176243963525 0.04113697455065379 0.04109777327537989 0.041058572418099404 0.041019371978776364 0.04098017195737036 0.04094097235384386 0.040901773168157574 0.040862574400271745 0.04082337605014885 0.04078417811775026 0.04074498060303666 0.040705783505971205 0.040666586826513695 0.040627390564627275 0.040588194720273085 0.040548999293412935 0.04050980428400908 0.04047060969202243 0.040431415517415914 0.040392221760152225 0.04035302842019228 0.040313835497498784 0.040274642992033316 0.040235450903759684 0.040196259232639475 0.0401570679786345 0.04011787714170878 0.04007868672182324 0.04003949671894147 0.04000030713302638 0.039961117964040005 0.039921929211946816 0.03988274087670751 0.03984355295828634 0.03980436545664623 0.03976517837175053 0.03972599170356128 0.03968680545204295 0.0396476196171589 0.03960843419887139 0.03956924919714466 0.03953006461194164 0.03949088044322635 0.0394516966909626 0.03941251335511309 0.03937333043564273 0.039334147932514885 0.03929496584569314 0.039255784175142416 0.03921660292082563 0.03917742208270636 0.03913824166075086 0.03909906165492072 0.03905988206518307 0.03902070289149906 0.0389815241338356 0.038942345792156274 0.03890316786642534 0.0388639903566077 0.038824813262667845 0.03878563658457046 0.03874646032228002 0.03870728447576255 0.03866810904498208 0.038628934029903084 0.038589759430491144 0.038550585246711844 0.03851141147853032 0.03847223812590994 0.03843306518881762 0.038393892667219154 0.0383547205610788 0.03831554887036215 0.03827637759503588 0.038237206735064255 0.038198036290413295 0.03815886626104947 0.03811969664693726 0.03808052744804291 0.03804135866433378 0.0380021902957739 0.03796302234233062 0.03792385480396865 0.03788468768065645 0.03784552097235849 0.037806354679041254 0.037767188800671425 0.03772802333721503 0.03768885828863944 0.03764969365491 0.0376105294359943 0.03757136563185903 0.037532202242470225 0.03749303926779568 0.03745387670780054 0.03741471456245371 0.03737555283172189 0.037336391515570444 0.037297230613967836 0.03725807012688187 0.03721891005427813 0.0371797503961262 0.03714059115239032 0.03710143232304097 0.03706227390804373 0.037023115907367066 0.03698395832097878 0.03694480114884491 0.036905644390935466 0.036866488047217594 0.03682733211765887 0.03678817660222711 0.0367490215008901 0.036709866813616765 0.036670712540374684 0.036631558681132104 0.03659240523585705 0.03655325220451955 0.0365140995870854 0.03647494738352486 0.03643579559380572 0.0363966442178969 0.03635749325576665 0.03631834270738454 0.03627919257271861 0.0362400428517371 0.03620089354441003 0.03616174465070654 0.03612259617059488 0.03608344810404418 0.03604430045102425 0.03600515321150377 0.035966006385451665 0.03592685997283884 0.035887713973632884 0.035848568387803814 0.03580942321532232 0.035770278456156435 0.03573113411027684 0.035691990177652455 0.03565284665825419 0.035613703552050735 0.03557456085901234 0.035535418579109246 0.03549627671231237 0.03545713525858951 0.035417994217913584 0.03537885359025239 0.03533971337557795 0.03530057357385985 0.03526143418506833 0.03522229520917497 0.03518315664614824 0.03514401849596105 0.03510488075858298 0.03506574343398494 0.035026606522137405 0.03498747002301217 0.03494833393657926 0.03490919826280958 0.03487006300167517 0.03483092815314648 0.03479179371719421 0.034752659693790156 0.03471352608290612 0.03467439288451257 0.03463526009858198 0.0345961277250848 0.03455699576399329 0.03451786421527836 0.03447873307891247 0.034439602354867205 0.034400472043114805 0.03436134214362552 0.03432221265637336 0.034283083581328366 0.034243954918464325 0.03420482666775282 0.0341656988291652 0.03412657140267483 0.03408744438825306 0.03404831778587325 0.03400919159550719 0.03397006581712847 0.033930940450708214 0.03389181549621911 0.033852690953635856 0.03381356682292824 0.03377444310407163 0.03373531979703803 0.03369619690179948 0.033657074418330435 0.033617952346602475 0.03357883068659073 0.03353970943826656 0.03350058860160443 0.033461468176577025 0.03342234816315681 0.03338322856132003 0.03334410937103782 0.033304990592283756 0.03326587222503363 0.033226754269258585 0.033187636724933745 0.03314851959203291 0.033109402870530324 0.03307028656039823 0.033031170661613096 0.03299205517414672 0.03295294009797467 0.03291382543307053 0.03287471117940921 0.03283559733696473 0.03279648390571133 0.03275737088562347 0.03271825827667563 0.03267914607884248 0.03264003429209916 0.032600922916418806 0.03256181195177876 0.03252270139815172 0.03248359125551348 0.032444481523839386 0.03240537220310302 0.03236626329328063 0.032327154794347335 0.032288046706277385 0.03224893902904791 0.03220983176263248 0.032170724907007786 0.032131618462147626 0.032092512428029574 0.03205340680462765 0.032014301591918315 0.03197519678987781 0.03193609239848061 0.03189698841770272 0.03185788484752061 0.0318187816879103 0.03177967893884759 0.03174057660030827 0.03170147467226925 0.03166237315470677 0.031623272047596185 0.03158417135091396 0.03154507106463744 0.03150597118874199 0.03146687172320517 0.03142777266800323 0.031388674023112406 0.03134957578850961 0.031310477964171524 0.031271380550075945 0.031232283546198225 0.031193186952516605 0.031154090769007547 0.031114994995648182 0.031075899632416526 0.031036804679287933 0.03099771013624153 0.030958616003254003 0.03091952228030137 0.030880428967364315 0.030841336064417746 0.030802243571439236 0.03076315148840747 0.030724059815300908 0.03068496855209446 0.030645877698769697 0.03060678725530175 0.030567697221670187 0.030528607597851476 0.03048951838382541 0.030450429579568672 0.03041134118506017 0.030372253200279253 0.03033316562520194 0.030294078459808915 0.030254991704075973 0.03021590535798535 0.030176819421512402 0.030137733894636698 0.0300986487773387 0.030059564069594202 0.030020479771384556 0.029981395882687112 0.02994231240348233 0.02990322933374734 0.029864146673463043 0.029825064422607017 0.029785982581160164 0.029746901149100058 0.02970782012640738 0.029668739513060594 0.029629659309040157 0.029590579514324533 0.029551500128893515 0.02951242115272823 0.029473342585806694 0.029434264428109147 0.02939518667961538 0.029356109340305636 0.02931703241015926 0.02927795588915716 0.029238879777279347 0.02919980407450473 0.029160728780815326 0.029121653896189814 0.029082579420609544 0.029043505354053867 0.029004431696504795 0.028965358447941902 0.028926285608346092 0.028887213177697824 0.028848141155976892 0.028809069543165977 0.028769998339245095 0.028730927544194484 0.02869185715799616 0.028652787180629247 0.02861371761207776 0.02857464845232105 0.028535579701340463 0.028496511359117127 0.028457443425633056 0.02841837590086893 0.0283793087848061 0.028340242077427913 0.028301175778712384 0.02826210988864508 0.028223044407205577 0.02818397933437522 0.0281449146701378 0.028105850414473776 0.0280667865673645 0.028027723128795312 0.027988660098743567 0.027949597477194388 0.027910535264129344 0.027871473459530227 0.027832412063380163 0.027793351075661832 0.027754290496355916 0.02771523032544665 0.027676170562915825 0.027637111208746346 0.027598052262921557 0.027558993725422143 0.027519935596234113 0.027480877875337484 0.02744182056271649 0.02740276365835337 0.027363707162232576 0.027324651074335682 0.027285595394646922 0.027246540123148977 0.02720748525982586 0.02716843080466025 0.027129376757636603 0.027090323118737825 0.027051269887946816 0.02701221706524759 0.026973164650623938 0.02693411264406076 0.026895061045539626 0.026856009855046548 0.026816959072563318 0.026777908698076835 0.026738858731567783 0.026699809173023503 0.026660760022425567 0.026621711279759985 0.026582662945009883 0.026543615018160605 0.02650456749919572 0.026465520388100794 0.026426473684859175 0.02638742738945643 0.02634838150187635 0.026309336022104723 0.026270290950125785 0.02623124628592466 0.02619220202948469 0.026153158180793667 0.02611411473983516 0.026075071706594066 0.026036029081055734 0.025996986863206395 0.025957945053029174 0.025918903650511194 0.025879862655638464 0.02584082206839411 0.02580178188876525 0.025762742116738124 0.025723702752296074 0.02568466379542711 0.025645625246116577 0.025606587104349154 0.02556754937011263 0.025528512043390794 0.02548947512417188 0.025450438612439896 0.02541140250818197 0.02537236681138566 0.025333331522035207 0.025294296640117953 0.025255262165619463 0.025216228098527527 0.02517719443882771 0.025138161186507357 0.02509912834155248 0.025060095903949087 0.025021063873685856 0.024982032250748798 0.02494300103512348 0.024903970226799244 0.024864939825761656 0.02482590983199806 0.02478688024549558 0.02474785106624222 0.02470882229422222 0.024669793929427142 0.024630765971842106 0.02459173842145468 0.024552711278253092 0.02451368454222358 0.024474658213355482 0.02443563229163459 0.024396606777051133 0.024357581669590456 0.0243185569692419 0.02427953267599392 0.024240508789832083 0.02420148531074684 0.0241624622387262 0.024123439573756844 0.024084417315827444 0.02404539546492801 0.024006374021044552 0.02396735298416708 0.023928332354284265 0.0238893121313839 0.02385029231545377 0.02381127290648477 0.02377225390446358 0.023733235309381318 0.023694217121223105 0.023655199339982058 0.02361618196564419 0.02357716499819973 0.023538148437638462 0.0234991322839484 0.023460116537119102 0.023421101197141025 0.023382086264001067 0.023343071737691456 0.023304057618199092 0.02326504390551465 0.0232260305996288 0.023187017700529555 0.023148005208208478 0.023108993122653354 0.023069981443854193 0.023030970171802334 0.022991959306486898 0.022952948847898558 0.022913938796026656 0.022874929150861423 0.022835919912393088 0.022796911080613214 0.022757902655509143 0.022718894637074882 0.022679887025298662 0.022640879820170934 0.022601873021683483 0.02256286662982676 0.022523860644590332 0.02248485506596598 0.022445849893944825 0.022406845128516872 0.02236784076967413 0.02232883681740483 0.022289833271704085 0.02225083013256035 0.022211827399966744 0.022172825073911717 0.02213382315438861 0.022094821641388984 0.022055820534903292 0.02201681983492354 0.021977819541441068 0.021938819654448993 0.021899820173936435 0.021860821099896954 0.02182182243232078 0.021782824171201476 0.0217438263165306 0.02170482886829994 0.02166583182650106 0.02162683519112618 0.021587838962169537 0.021548843139619578 0.021509847723472086 0.021470852713717292 0.021431858110348312 0.021392863913357818 0.02135387012273826 0.021314876738481425 0.021275883760582426 0.021236891189030827 0.021197899023820854 0.02115890726494629 0.021119915912398257 0.0210809249661712 0.021041934426258235 0.021002944292650483 0.020963954565342835 0.020924965244328186 0.020885976329600098 0.020846987821150575 0.02080799971897518 0.020769012023065248 0.020730024733415897 0.02069103785001869 0.02065205137286985 0.020613065301961164 0.020574079637287745 0.02053509437884271 0.020496109526618955 0.020457125080613148 0.02041814104081663 0.02037915740722407 0.020340174179830806 0.020301191358629733 0.0202622089436153 0.020223226934782623 0.020184245332125483 0.020145264135638996 0.020106283345315612 0.020067302961152222 0.020028322983142388 0.01998934341128078 0.019950364245562735 0.019911385485982258 0.01987240713253513 0.01983342918521469 0.01979445164401783 0.01975547450893833 0.01971649777997242 0.019677521457113656 0.019638545540358487 0.019599570029701807 0.01956059492513873 0.019521620226665704 0.019482645934276288 0.019443672047968263 0.019404698567736745 0.019365725493574182 0.019326752825481464 0.019287780563450374 0.01924880870747847 0.01920983725756109 0.01917086621369446 0.019131895575875024 0.019092925344098566 0.01905395551836042 0.01901498609865815 0.01897601708498642 0.018937048477343232 0.01889808027572304 0.01885911248012384 0.01882014509054253 0.01878117810697333 0.01874221152941624 0.018703245357865272 0.018664279592316868 0.01862531423277103 0.01858634927922087 0.018547384731665728 0.018508420590100938 0.01846945685452539 0.018430493524935088 0.0183915306013267 0.018352568083699783 0.01831360597204834 0.018274644266372153 0.01823568296666722 0.018196722072933103 0.0181577615851638 0.018118801503359983 0.018079841827518317 0.018040882557636362 0.018001923693711896 0.017962965235742923 0.017924007183728108 0.017885049537663456 0.017846092297549188 0.017807135463380863 0.017768179035159815 0.017729223012881157 0.017690267396545334 0.01765131218614946 0.017612357381692867 0.017573402983172892 0.01753444899058798 0.017495495403938133 0.01745654222322157 0.01741758944843519 0.017378637079580095 0.017339685116653847 0.017300733559655113 0.01726178240858367 0.017222831663437965 0.01718388132421733 0.017144931390920437 0.017105981863546837 0.017067032742094757 0.01702808402656575 0.016989135716957815 0.0169501878132694 0.016911240315500953 0.016872293223652912 0.01683334653772306 0.01679440025771184 0.016755454383619695 0.016716508915445294 0.016677563853188415 0.01663861919685039 0.016599674946429444 0.016560731101926462 0.01652178766334167 0.01648284463067551 0.016443902003926425 0.01640495978309664 0.016366017968185487 0.016327076559194076 0.01628813555612174 0.016249194958969593 0.01621025476773852 0.01617131498242763 0.016132375603040483 0.01609343662957441 0.016054498062032962 0.016015559900415255 0.01597662214472395 0.015937684794957496 0.01589874785111922 0.01585981131320935 0.015820875181228544 0.015781939455179472 0.015743004135062133 0.015704069220877415 0.015665134712629314 0.015626200610315166 0.015587266913940523 0.015548333623504274 0.015509400739010193 0.015470468260458059 0.015431536187850536 0.015392604521189401 0.015353673260476652 0.015314742405713844 0.015275811956902974 0.015236881914047373 0.015197952277147042 0.015159023046205533 0.015120094221224845 0.015081165802206975 0.015042237789154811 0.01500331018207035 0.014964382980957147 0.014925456185814756 0.014886529796649839 0.014847603813462396 0.014808678236255535 0.014769753065033253 0.014730828299796883 0.0146919039405502 0.014652979987295645 0.014614056440036105 0.014575133298775578 0.014536210563517171 0.01449728823426244 0.014458366311017157 0.014419444793782876 0.014380523682562929 0.014341602977360868 0.014302682678181577 0.014263762785028167 0.014224843297902412 0.014185924216810086 0.014147005541754076 0.014108087272737713 0.014069169409766769 0.014030251952842132 0.013991334901970687 0.013952418257155541 0.013913502018399582 0.013874586185708804 0.013835670759086316 0.013796755738535449 0.01375784112406353 0.013718926915671448 0.01368001311336764 0.013641099717153438 0.013602186727033505 0.01356327414301517 0.013524361965100207 0.013485450193295279 0.01344653882760305 0.013407627868031513 0.013368717314583556 0.013329807167263619 0.013290897426079029 0.013251988091032452 0.013213079162130992 0.013174170639379312 0.013135262522782298 0.013096354812345057 0.013057447508072917 0.013018540609973428 0.012979634118050143 0.012940728032310389 0.012901822352756609 0.012862917079397462 0.012824012212238056 0.012785107751283498 0.012746203696541114 0.012707300048014902 0.012668396805712412 0.01262949396963986 0.012590591539802132 0.012551689516206554 0.012512787898859123 0.01247388668776539 0.012434985882932459 0.01239608548436566 0.012357185492073874 0.012318285906062654 0.012279386726337549 0.012240487952906332 0.012201589585774997 0.012162691624950872 0.012123794070440397 0.01208489692225112 0.012046000180389482 0.012007103844862588 0.011968207915678208 0.011929312392841673 0.01189041727636364 0.011851522566247441 0.0118126282625024 0.011773734365136956 0.011734840874156216 0.011695947789569061 0.011657055111382153 0.011618162839605928 0.011579270974243938 0.011540379515306842 0.01150148846280219 0.011462597816736197 0.011423707577118858 0.011384817743956166 0.011345928317257892 0.011307039297031585 0.011268150683285239 0.011229262476027069 0.011190374675265513 0.011151487281008343 0.011112600293264663 0.011073713712043576 0.011034827537352854 0.010995941769200712 0.010957056407595811 0.010918171452548364 0.010879286904064367 0.010840402762155588 0.010801519026829132 0.010762635698094769 0.010723752775961604 0.010684870260437185 0.010645988151532615 0.010607106449255888 0.010568225153616773 0.010529344264624152 0.010490463782287573 0.010451583706616807 0.010412704037621623 0.010373824775310236 0.010334945919693528 0.010296067470781267 0.010257189428581448 0.010218311793105839 0.010179434564363543 0.010140557742364109 0.01010168132711664 0.010062805318634016 0.010023929716924451 0.00998505452199816 0.009946179733864913 0.00990730535253559 0.00986843137802107 0.009829557810329792 0.009790684649475079 0.009751811895465146 0.009712939548310873 0.009674067608024028 0.009635196074614605 0.009596324948093038 0.00955745422847043 0.009518583915757217 0.009479714009965168 0.009440844511104718 0.009401975419186304 0.009363106734223248 0.009324238456223544 0.009285370585200958 0.009246503121165928 0.00920763606412911 0.009168769414102496 0.00912990317109763 0.009091037335126062 0.009052171906199113 0.00901330688432811 0.00897444226952615 0.00893557806180345 0.008896714261172445 0.008857850867644679 0.008818987881233697 0.008780125301948827 0.008741263129802501 0.008702401364809376 0.008663540006979442 0.008624679056324691 0.008585818512859333 0.008546958376594027 0.008508098647542095 0.008469239325715971 0.008430380411126315 0.00839152190378778 0.008352663803713245 0.008313806110914701 0.008274948825404582 0.008236091947194657 0.00819723547630069 0.008158379412734007 0.008119523756506375 0.008080668507632893 0.008041813666125996 0.008002959231998563 0.00796410520526436 0.007925251585935822 0.00788639837402716 0.00784754556955125 0.007808693172521863 0.0077698411829523195 0.007730989600856386 0.00769213842624783 0.0076532876591404175 0.007614437299547028 0.0075755873474825375 0.007536737802960047 0.007497888665994212 0.007459039936599687 0.007420191614788019 0.007381343700575638 0.007342496193975645 0.007303649095002918 0.007264802403671444 0.007225956119995436 0.007187110243989325 0.007148264775668434 0.007109419715046306 0.007070575062137596 0.007031730816956738 0.006992886979519497 0.006954043549840305 0.006915200527933818 0.006876357913814246 0.006837515707498021 0.006798673908999131 0.006759832518332232 0.00672099153551331 0.0066821509605565765 0.006643310793478907 0.0066044710342954005 0.006565631683020046 0.006526792739668386 0.0064879542042564076 0.006449116076800543 0.006410278357315002 0.0063714410458168835 0.006332604142319953 0.0062937676468417525 0.006254931559396937 0.006216095880002381 0.006177260608672741 0.006138425745426446 0.006099591290277262 0.006060757243241843 0.006021923604336621 0.005983090373577804 0.005944257550982046 0.00590542513656489 0.005866593130343212 0.005827761532334552 0.005788930342553789 0.0057500995610186845 0.005711269187745227 0.005672439222749848 0.005633609666050976 0.005594780517663711 0.00555595177760515 0.0055171234458937235 0.0054782955225440855 0.005439468007575776 0.005400640901004117 0.005361814202847093 0.005322987913122468 0.005284162031845785 0.005245336559037028 0.005206511494711297 0.005167686838887242 0.005128862591582184 0.005090038752813886 0.005051215322599223 0.005012392300956847 0.004973569687904522 0.0049347474834604554 0.004895925687639968 0.0048571043004641545 0.004818283321949668 0.004779462752115604 0.004740642590978172 0.004701822838557135 0.004663003494870477 0.00462418455993574 0.004585366033773131 0.004546547916399302 0.004507730207832683 0.004468912908092371 0.004430096017197904 0.004391279535166603 0.00435246346201823 0.00431364779777077 0.004274832542443763 0.004236017696054528 0.004197203258624604 0.004158389230170423 0.004119575610712856 0.0040807624002705545 0.004041949598862615 0.004003137206508578 0.003964325223227316 0.003925513649038592 0.0038867024839608355 0.0038478917280149183 0.0038090813812199364 0.00377027144359543 0.0037314619151613826 0.0036926527959360023 0.0036538440859410493 0.0036150357851951753 0.0035762278937196967 0.003537420411532821 0.003498613338655865 0.0034598066751079237 0.003421000420909426 0.0033821945760816874 0.003343389140642916 0.0033045841146157606 0.0032657794980186505 0.0032269752908733462 0.0031881714931991656 0.003149368105017203 0.0031105651263487744 0.003071762557214086 0.003032960397632012 0.0029941586476263105 0.002955357307216966 0.002916556376424184 0.0028777558552688376 0.0028389557437729085 0.002800156041956381 0.0027613567498412372 0.0027225578674479056 0.0026837593947992566 0.002644961331914164 0.0026061636788159426 0.0025673664355247983 0.002528569602064046 0.002489773178453003 0.0024509771647140965 0.002412181560870863 0.00237338636694151 0.0023345915829506847 0.002295797208919481 0.0022570032448692157 0.0022182096908220927 0.0021794165467998727 0.0021406238128260924 0.0021018314889200695 0.0020630395751077835 0.002024248071408108 0.001985456977845468 0.0019466662944411794 0.0019078760212174473 0.00186908615819803 0.0018302967054046881 0.00179150766285896 0.0017527190305870466 0.0017139308086076 0.0016751429969448228 0.001636355595622252 0.001597568604662758 0.0015587820240881012 0.0015199958539224845 0.0014812100941887785 0.0014424247449102978 0.001403639806109247 0.001364855277810051 0.0013260711600355801 0.0012872874528082612 0.001248504156152297 0.0012097212700923343 0.0011709387946501337 0.0011321567298505641 0.0010933750757162741 0.0010545938322719106 0.0010158129995403442 9.770325775462219e-4 9.382525663128582e-4 8.994729658642342e-4 8.606937762252187e-4 8.219149974189044e-4 7.831366294697162e-4 7.44358672402079e-4 7.055811262401956e-4 6.66803991007825e-4 6.28027266730502e-4 5.892509534315415e-4 5.504750511353684e-4 5.116995598670737e-4 4.7292447965174844e-4 4.3414981051292934e-4 3.953755524761515e-4 3.5660170556539583e-4 3.1782826980708556e-4 2.790552452240913e-4 2.402826318423923e-4 2.0151042968663546e-4 1.6273863878324413e-4 1.2396725915531093e-4 8.519629082837099e-5 4.642573382951376e-5 7.655588182942097e-6 -3.111414608714114e-5 -6.988346895386854e-5 -1.086523803912609e-4 -1.4742088037622558e-4 -1.8618896888078496e-4 -2.2495664588007003e-4 -2.637239113487677e-4 -3.0249076526112084e-4 -3.412572075907061e-4 -3.8002323831132223e-4 -4.187888573985443e-4 -4.575540648241727e-4 -4.963188605637825e-4 -5.350832445922826e-4 -5.738472168808073e-4 -6.126107774038214e-4 -6.51373926136456e-4 -6.901366630516215e-4 -7.288989881226726e-4 -7.6766090132252e-4 -8.064224026256284e-4 -8.451834920053525e-4 -8.839441694350469e-4 -9.227044348878444e-4 -9.614642883364333e-4 -0.0010002237297541683 -0.0010389827591148482 -0.0010777413763913835 -0.0011164995815566847 -0.0011552573745827743 -0.0011940147554441172 -0.0012327717241120695 -0.00127152828056043 -0.0013102844247625534 -0.0013490401566880195 -0.0013877954763130695 -0.0014265503836086157 -0.0014653048785462364 -0.0015040589611001742 -0.0015428126312415635 -0.0015815658889430928 -0.0016203187341770064 -0.0016590711669153269 -0.0016978231871305205 -0.0017365747947941657 -0.0017753259898789508 -0.0018140767723568985 -0.0018528271421978104 -0.0018915770993763736 -0.0019303266438630562 -0.0019690757756298805 -0.0020078244946479806 -0.002046572800888935 -0.0020853206943241 -0.0021240681749268298 -0.0021628152426662606 -0.002201561897515747 -0.0022403081394446467 -0.0022790539684254263 -0.002317799384429442 -0.00235654438742694 -0.002395288977389498 -0.002434033154287807 -0.0024727769180936665 -0.002511520268776879 -0.0025502632063092445 -0.002589005730660565 -0.002627747841802641 -0.0026664895397057187 -0.0027052308243398215 -0.002743971695676306 -0.0027827121536860844 -0.002821452198337182 -0.002860191829603176 -0.0028989310474520913 -0.0029376698518555067 -0.002976408242783446 -0.003015146220204823 -0.003053883784091216 -0.0030926209344117606 -0.003131357671136703 -0.0031700939942367334 -0.0032088299036803214 -0.003247565399438379 -0.00328630048147871 -0.003325035149774891 -0.0033637694042918387 -0.003402503245003352 -0.0034412366718752363 -0.003479969684880402 -0.00351870228398532 -0.003557434469161347 -0.003596166240376064 -0.00363489759759994 -0.0036736285408016656 -0.003712359069950155 -0.0037510891850160988 -0.0037898188859664117 -0.003828548172770674 -0.003867277045397577 -0.0039060055038162567 -0.003944733547995183 -0.003983461177903713 -0.0040221883935103175 -0.004060915194782577 -0.004099641581689628 -0.00413836755420105 -0.004177093112283092 -0.004215818255905335 -0.004254542985036469 -0.004293267299643855 -0.00433199119969685 -0.004370714685161037 -0.0044094377560077724 -0.00444816041220264 -0.004486882653714996 -0.004525604480511314 -0.0045643258925598396 -0.0046030468898301535 -0.004641767472288283 -0.004680487639901365 -0.004719207392638092 -0.004757926730465378 -0.004796645653351028 -0.004835364161263289 -0.004874082254167078 -0.004912799932031753 -0.004951517194825561 -0.004990234042511865 -0.005028950475061578 -0.005067666492439837 -0.00510638209461467 -0.0051450972815527685 -0.005183812053218606 -0.005222526409582873 -0.005261240350610041 -0.0052999538762681375 -0.0053386669865223 -0.005377379681340111 -0.005416091960688041 -0.005454803824532117 -0.005493515272840366 -0.005532226305577259 -0.0055709369227083805 -0.005609647124203532 -0.0056483569100256314 -0.005687066280141595 -0.005725775234518116 -0.005764483773122109 -0.005803191895917381 -0.00584189960287107 -0.005880606893949425 -0.005919313769116252 -0.005958020228339578 -0.005996726271583652 -0.006035431898814725 -0.006074137109998823 -0.006112841905100197 -0.006151546284085541 -0.006190250246919771 -0.006228953793567804 -0.00626765692399478 -0.006306359638167391 -0.006345061936048557 -0.0063837638176054146 -0.00642246528280177 -0.0064611663316032075 -0.006499866963974199 -0.006538567179880106 -0.006577266979285179 -0.006615966362155223 -0.006654665328453158 -0.006693363878145675 -0.006732062011195694 -0.00677075972756791 -0.006809457027229016 -0.0068481539101405975 -0.006886850376267795 -0.006925546425575524 -0.006964242058026926 -0.007002937273588028 -0.007041632072221304 -0.007080326453891672 -0.007119020418562272 -0.007157713966197576 -0.0071964070967613925 -0.007235099810217749 -0.00727379210653023 -0.007312483985662643 -0.007351175447578573 -0.007389866492242048 -0.007428557119615542 -0.007467247329663085 -0.007505937122349593 -0.0075446264976348765 -0.007583315455486073 -0.007622003995863436 -0.007660692118732104 -0.007699379824054775 -0.0077380671117937005 -0.007776753981912687 -0.007815440434375098 -0.007854126469143408 -0.007892812086179868 -0.00793149728544762 -0.007970182066909137 -0.008008866430528006 -0.00804755037626581 -0.008086233904085027 -0.008124917013950794 -0.008163599705821145 -0.008202281979661663 -0.008240963835434378 -0.008279645273099323 -0.008318326292621636 -0.008357006893961128 -0.00839568707708227 -0.008434366841945318 -0.008473046188512523 -0.008511725116746138 -0.008550403626607528 -0.008589081718058722 -0.008627759391061307 -0.00866643664557798 -0.008705113481569215 -0.008743789898996823 -0.008782465897823055 -0.008821141478008165 -0.008859816639515072 -0.00889849138230292 -0.008937165706335293 -0.008975839611571557 -0.009014513097974408 -0.00905318616550499 -0.009091858814122222 -0.009130531043789691 -0.009169202854466096 -0.009207874246114356 -0.009246545218693392 -0.009285215772165234 -0.009323885906490581 -0.009362555621630131 -0.009401224917543916 -0.009439893794191523 -0.009478562251536538 -0.009517230289535883 -0.009555897908152255 -0.009594565107345465 -0.009633231887074878 -0.009671898247301192 -0.009710564187985105 -0.009749229709085538 -0.009787894810562747 -0.009826559492378983 -0.009865223754490948 -0.009903887596859562 -0.009942551019445967 -0.009981214022208196 -0.010019876605106282 -0.0100585387681007 -0.010097200511149484 -0.010135861834213777 -0.010174522737251834 -0.010213183220224131 -0.010251843283088702 -0.010290502925806244 -0.010329162148333015 -0.010367820950632156 -0.010406479332660812 -0.01044513729437746 -0.010483794835742577 -0.010522451956713308 -0.010561108657249907 -0.010599764937311296 -0.010638420796855064 -0.010677076235840577 -0.010715731254226535 -0.010754385851971193 -0.010793040029033918 -0.010831693785371188 -0.01087034712094348 -0.010909000035708605 -0.010947652529624374 -0.010986304602648822 -0.01102495625474087 -0.011063607485858107 -0.011102258295960343 -0.011140908685002504 -0.011179558652944177 -0.011218208199743174 -0.011256857325358194 -0.011295506029745273 -0.011334154312863554 -0.011372802174670182 -0.011411449615122082 -0.011450096634177287 -0.011488743231793164 -0.011527389407928634 -0.011566035162538402 -0.011604680495582276 -0.011643325407015848 -0.011681969896796929 -0.011720613964882443 -0.011759257611229978 -0.011797900835795794 -0.011836543638537922 -0.011875186019412176 -0.01191382797837548 -0.0119524695153852 -0.01199111063039826 -0.01202975132337003 -0.012068391594259875 -0.012107031443021166 -0.012145670869611713 -0.012184309873988663 -0.012222948456107163 -0.012261586615924136 -0.012300224353396061 -0.012338861668478529 -0.01237749856112913 -0.012416135031302122 -0.012454771078954874 -0.012493406704042753 -0.012532041906521574 -0.012570676686347815 -0.012609311043477511 -0.0126479449778647 -0.012686578489466305 -0.01272521157823947 -0.012763844244136235 -0.012802476487115522 -0.012841108307130478 -0.012879739704138249 -0.012918370678092428 -0.012957001228950826 -0.012995631356665704 -0.01303426106119332 -0.013072890342490151 -0.013111519200510457 -0.013150147635208498 -0.013188775646539419 -0.013227403234459256 -0.01326603039892249 -0.013304657139882714 -0.013343283457294852 -0.01338190935111494 -0.013420534821296792 -0.013459159867795112 -0.013497784490563713 -0.01353640868955841 -0.013575032464731907 -0.013613655816040016 -0.013652278743435442 -0.013690901246873999 -0.0137295233263095 -0.013768144981695096 -0.013806766212985488 -0.013845387020135158 -0.013884007403097254 -0.013922627361825146 -0.013961246896273316 -0.013999866006396244 -0.014038484692146858 -0.014077102953478526 -0.014115720790346176 -0.014154338202701178 -0.014192955190498013 -0.01423157175369072 -0.014270187892231556 -0.014308803606075227 -0.014347418895173325 -0.01438603375948011 -0.014424648198949397 -0.014463262213531891 -0.014501875803182518 -0.014540488967853538 -0.014579101707498321 -0.01461771402206935 -0.01465632591151933 -0.014694937375800965 -0.014733548414867403 -0.01477215902866913 -0.014810769217162179 -0.0148493789802977 -0.014887988318026402 -0.01492659723030254 -0.014965205717077046 -0.015003813778304398 -0.015042421413934859 -0.015081028623920911 -0.015119635408214815 -0.015158241766768832 -0.015196847699534333 -0.015235453206464245 -0.01527405828750883 -0.015312662942621902 -0.015351267171753724 -0.015389870974857445 -0.01542847435188266 -0.015467077302781185 -0.015505679827506613 -0.015544281926008319 -0.015582883598239672 -0.01562148484415049 -0.015660085663691703 -0.01569868605681557 -0.01573728602347213 -0.01577588556361409 -0.015814484677192153 -0.015853083364156806 -0.015891681624458087 -0.0159302794580487 -0.015968876864878023 -0.01600747384489898 -0.016046070398058276 -0.01608466652431151 -0.016123262223605828 -0.016161857495892384 -0.01620045234112255 -0.016239046759245923 -0.016277640750213207 -0.016316234313974887 -0.016354827450482112 -0.01639342015968248 -0.01643201244152781 -0.016470604295967917 -0.016509195722954173 -0.016547786722433733 -0.016586377294358634 -0.016624967438679583 -0.016663557155343067 -0.016702146444301125 -0.016740735305504018 -0.016779323738899787 -0.016817911744438696 -0.016856499322070784 -0.016895086471744536 -0.01693367319340955 -0.01697225948701564 -0.01701084535251174 -0.017049430789846998 -0.01708801579897079 -0.017126600379832047 -0.017165184532381028 -0.01720376825656378 -0.01724235155233278 -0.01728093441963452 -0.017319516858418593 -0.017358098868633487 -0.017396680450228796 -0.017435261603151897 -0.01747384232735305 -0.017512422622778967 -0.01755100248937902 -0.017589581927101028 -0.017628160935894588 -0.01766673951570774 -0.01770531766648764 -0.01774389538818344 -0.017782472680742956 -0.01782104954411512 -0.017859625978245308 -0.017898201983085116 -0.017936777558579475 -0.01797535270467865 -0.018013927421328235 -0.018052501708477386 -0.018091075566073034 -0.018129648994063663 -0.018168221992396205 -0.018206794561018036 -0.01824536669987653 -0.018283938408921285 -0.018322509688095456 -0.018361080537350194 -0.018399650956630875 -0.018438220945884654 -0.01847679050505935 -0.01851535963410078 -0.018553928332958325 -0.018592496601576025 -0.01863106443990281 -0.01866963184788517 -0.018708198825469147 -0.018746765372601892 -0.018785331489230117 -0.018823897175299864 -0.018862462430759397 -0.018901027255553426 -0.018939591649628218 -0.018978155612931147 -0.01901671914540848 -0.019055282247006478 -0.019093844917669855 -0.019132407157347098 -0.01917096896598336 -0.019209530343524017 -0.019248091289915337 -0.019286651805103583 -0.019325211889034577 -0.019363771541653918 -0.01940233076290765 -0.019440889552741147 -0.019479447911099568 -0.019518005837928953 -0.01955656333317579 -0.01959512039678435 -0.019633677028699337 -0.019672233228868574 -0.01971078899723544 -0.019749344333744867 -0.019787899238343787 -0.019826453710975578 -0.01986500775158584 -0.019903561360120392 -0.01994211453652328 -0.01998066728073944 -0.020019219592713355 -0.02005777147239174 -0.020096322919716858 -0.020134873934634978 -0.020173424517089922 -0.020211974667026178 -0.02025052438438979 -0.02028907366912236 -0.02032762252116993 -0.02036617094047788 -0.020404718926988252 -0.02044326648064665 -0.020481813601397114 -0.020520360289183026 -0.020558906543948652 -0.020597452365639368 -0.020635997754197666 -0.020674542709567145 -0.02071308723169185 -0.02075163132051716 -0.02079017497598379 -0.020828718198038887 -0.02086726098662206 -0.020905803341680018 -0.020944345263154807 -0.02098288675099136 -0.021021427805131054 -0.02105996842551683 -0.021098508612094058 -0.02113704836480501 -0.0211755876835924 -0.021214126568399605 -0.021252665019170225 -0.021291203035846085 -0.02132974061837012 -0.021368277766686816 -0.021406814480736447 -0.021445350760464166 -0.02148388660581002 -0.021522422016719833 -0.021560956993134095 -0.021599491534995074 -0.021638025642246372 -0.02167655931482959 -0.02171509255268722 -0.021753625355762196 -0.021792157723994787 -0.021830689657329927 -0.021869221155707885 -0.021907752219070042 -0.02194628284736 -0.021984813040520024 -0.02202334279848972 -0.02206187212121291 -0.02210040100863031 -0.022138929460684853 -0.022177457477316143 -0.022215985058468002 -0.022254512204080257 -0.022293038914094954 -0.02233156518845414 -0.02237009102709786 -0.02240861642996861 -0.022447141397007542 -0.022485665928154486 -0.02252419002335193 -0.022562713682541036 -0.022601236905661848 -0.02263975969265619 -0.022678282043464115 -0.022716803958027 -0.022755325436285778 -0.022793846478181834 -0.022832367083653438 -0.022870887252643968 -0.022909406985092584 -0.02294792628093978 -0.022986445140126044 -0.023024963562592538 -0.02306348154827864 -0.023101999097124404 -0.023140516209071205 -0.023179032884058204 -0.02321754912202678 -0.02325606492291543 -0.023294580286664868 -0.023333095213215582 -0.02337160970250629 -0.02341012375447704 -0.02344863736906877 -0.023487150546220192 -0.023525663285871135 -0.023564175587961422 -0.023602687452429327 -0.023641198879216452 -0.02367970986826018 -0.023718220419501446 -0.0237567305328783 -0.023795240208332125 -0.023833749445798746 -0.023872258245220657 -0.02391076660653413 -0.023949274529680764 -0.023987782014597503 -0.02402628906122395 -0.024064795669499706 -0.024103301839362823 -0.024141807570750906 -0.02418031286360578 -0.024218817717862606 -0.024257322133462544 -0.024295826110342755 -0.024334329648441066 -0.024372832747697304 -0.02441133540805085 -0.024449837629436644 -0.024488339411794957 -0.024526840755064505 -0.024565341659181783 -0.02460384212408595 -0.02464234214971439 -0.024680841736006265 -0.024719340882898067 -0.024757839590328512 -0.024796337858234763 -0.024834835686554424 -0.024873333075226434 -0.024911830024187065 -0.02495032653337459 -0.024988822602725946 -0.02502731823217852 -0.025065813421670136 -0.02510430817113818 -0.025142802480519144 -0.025181296349751525 -0.025219789778771595 -0.025258282767516516 -0.025296775315924114 -0.025335267423929775 -0.025373759091471326 -0.02541225031848593 -0.025450741104910524 -0.025489231450680272 -0.02552772135573389 -0.02556621082000654 -0.02560469984343583 -0.02564318842595803 -0.025681676567509193 -0.025720164268025147 -0.02575865152744461 -0.02579713834570141 -0.025835624722732486 -0.02587411065847478 -0.02591259615286412 -0.02595108120583589 -0.025989565817326366 -0.02602804998727226 -0.026066533715608298 -0.026105017002271858 -0.026143499847197216 -0.026181982250320646 -0.026220464211577532 -0.02625894573090437 -0.02629742680823588 -0.02633590744350811 -0.02637438763665645 -0.026412867387615613 -0.026451346696322542 -0.026489825562709512 -0.02652830398671524 -0.026566781968271558 -0.026605259507316736 -0.026643736603784163 -0.026682213257609444 -0.026720689468725745 -0.026759165237070226 -0.026797640562576053 -0.026836115445179498 -0.026874589884814615 -0.02691306388141479 -0.02695153743491696 -0.026990010545254073 -0.02702848321236151 -0.0270669554361731 -0.02710542721662179 -0.02714389855364452 -0.027182369447174448 -0.027220839897145854 -0.027259309903492568 -0.02729777946614842 -0.02733624858504813 -0.02737471726012597 -0.027413185491314884 -0.027451653278548926 -0.02749012062176237 -0.027528587520889047 -0.027567053975861677 -0.027605519986615423 -0.02764398555308234 -0.027682450675196035 -0.027720915352891895 -0.02775937958610064 -0.027797843374757436 -0.027836306718795 -0.027874769618146944 -0.027913232072745542 -0.027951694082525513 -0.027990155647416914 -0.028028616767356462 -0.02806707744227488 -0.028105537672105996 -0.028143997456780756 -0.028182456796234323 -0.02822091569039875 -0.028259374139206095 -0.02829783214258863 -0.028336289700481077 -0.028374746812813045 -0.0284132034795197 -0.028451659700531096 -0.028490115475780176 -0.02852857080520077 -0.028567025688722936 -0.02860548012628028 -0.028643934117804193 -0.02868238766322717 -0.028720840762481048 -0.02875929341549721 -0.028797745622208826 -0.028836197382545503 -0.028874648696441962 -0.028913099563826927 -0.02895154998463445 -0.02898999995879481 -0.029028449486239172 -0.029066898566900035 -0.029105347200708565 -0.029143795387595928 -0.029182243127493512 -0.029220690420332485 -0.029259137266044677 -0.029297583664560367 -0.029336029615810277 -0.029374475119726906 -0.02941292017624031 -0.029451364785280987 -0.02948980894678077 -0.029528252660669274 -0.029566695926878772 -0.029605138745338433 -0.029643581115979867 -0.02968202303873335 -0.029720464513529388 -0.02975890554029892 -0.029797346118970447 -0.029835786249476914 -0.02987422593174749 -0.029912665165711116 -0.02995110395129963 -0.029989542288443527 -0.030027980177070646 -0.030066417617113483 -0.030104854608500542 -0.030143291151161655 -0.030181727245027767 -0.03022016289002738 -0.03025859808609077 -0.030297032833147775 -0.030335467131127558 -0.030373900979959734 -0.030412334379573025 -0.03045076732990082 -0.03048919983086651 -0.030527631882403927 -0.03056606348444002 -0.030604494636905066 -0.03064292533972801 -0.0306813555928378 -0.030719785396163157 -0.03075821474963436 -0.0307966436531788 -0.030835072106725425 -0.03087350011020429 -0.030911927663543004 -0.030950354766671406 -0.030988781419517553 -0.031027207622009056 -0.031065633374074864 -0.031104058675645474 -0.03114248352664628 -0.031180907927008006 -0.031219331876658263 -0.031257755375524 -0.03129617842353394 -0.03133460102061836 -0.03137302316670354 -0.03141144486171621 -0.031449866105586644 -0.031488286898242235 -0.031526707239610374 -0.03156512712961845 -0.03160354656819497 -0.03164196555526755 -0.03168038409076379 -0.031718802174610206 -0.03175721980673596 -0.031795636987068 -0.031834053715532384 -0.03187246999205806 -0.03191088581657153 -0.03194930118900041 -0.03198771610927231 -0.032026130577313516 -0.032064544593050526 -0.03210295815641184 -0.032141371267322194 -0.03217978392571208 -0.03221819613150556 -0.032256607884629585 -0.032295019185011764 -0.03233343003257816 -0.03237184042725616 -0.03241025036897072 -0.032448659857649886 -0.03248706889321884 -0.03252547747560541 -0.032563885604734555 -0.03260229328053299 -0.03264070050292789 -0.0326791072718442 -0.0327175135872082 -0.032755919448946846 -0.03279432485698486 -0.03283272981124852 -0.032871134311663885 -0.032909538358156354 -0.03294794195065265 -0.03298634508907794 -0.0330247477733574 -0.033063150003416863 -0.03310155177918306 -0.0331399531005796 -0.03317835396753277 -0.03321675437996796 -0.033255154337810344 -0.03329355384098509 -0.03333195288941848 -0.03337035148303258 -0.033408749621755884 -0.03344714730551224 -0.033485544534226364 -0.03352394130782255 -0.033562337626226846 -0.033600733489363765 -0.03363912889715781 -0.033677523849533486 -0.03371591834641552 -0.03375431238772841 -0.0337927059733969 -0.03383109910334525 -0.033869491777498206 -0.033907883995779375 -0.03394627575811393 -0.03398466706442527 -0.03402305791463833 -0.03406144830867652 -0.03409983824646523 -0.034138227727926296 -0.034176616752984224 -0.03421500532156552 -0.03425339343359113 -0.03429178108898556 -0.03433016828767199 -0.034368555029575365 -0.03440694131461863 -0.03444532714272541 -0.03448371251381843 -0.03452209742782353 -0.03456048188466099 -0.03459886588425598 -0.034637249426531014 -0.03467563251141037 -0.03471401513881567 -0.034752397308670746 -0.034790779020898555 -0.03482916027542293 -0.0348675410721655 -0.034905921411050755 -0.03494430129199899 -0.03498268071493449 -0.03502105967978042 -0.035059438186458625 -0.0350978162348925 -0.03513619382500366 -0.035174570956713946 -0.035212947629947866 -0.035251323844625926 -0.03528969960067152 -0.035328074898007156 -0.03536644973655312 -0.03540482411623369 -0.035443198036969825 -0.03548157149868336 -0.03551994450129792 -0.03555831704473289 -0.03559668912891234 -0.03563506075375589 -0.03567343191918759 -0.035711802625127076 -0.03575017287149773 -0.03578854265822007 -0.035826911985215704 -0.035865280852406034 -0.0359036492597129 -0.03594201720705681 -0.035980384694361156 -0.03601875172154401 -0.036057118288528756 -0.036095484395236355 -0.03613385004158687 -0.036172215227502136 -0.03621057995290222 -0.03624894421770852 -0.0362873080218431 -0.03632567136522469 -0.03636403424777512 -0.03640239666941447 -0.03644075863006502 -0.03647912012964438 -0.036517481168075294 -0.03655584174527782 -0.036594201861170905 -0.03663256151567729 -0.03667092070871569 -0.03670927944020552 -0.03674763771007061 -0.036785995518225256 -0.03682435286459462 -0.03686270974909589 -0.036901066171650676 -0.03693942213217749 -0.03697777763059684 -0.037016132666829016 -0.037054487240791634 -0.037092841352406314 -0.0371311950015929 -0.03716954818826945 -0.03720790091235515 -0.03724625317377139 -0.037284604972436464 -0.03732295630826865 -0.03736130718118935 -0.03739965759111619 -0.037438007537969 -0.03747635702166585 -0.03751470604212748 -0.03755305459927061 -0.037591402693016196 -0.03762975032328253 -0.03766809748998723 -0.037706444193051025 -0.03774479043239065 -0.03778313620792617 -0.037821481519576094 -0.0378598263672576 -0.03789817075088964 -0.037936514670392274 -0.0379748581256818 -0.038013201116676054 -0.03805154364329599 -0.038089885705458126 -0.038128227303079854 -0.03816656843608124 -0.038204909104377904 -0.03824324930788903 -0.03828158904653289 -0.03831992832022735 -0.0383582671288889 -0.038396605472436285 -0.03843494335078712 -0.038473280763858586 -0.038511617711568746 -0.03854995419383411 -0.038588290210573195 -0.038626625761703615 -0.03866496084714166 -0.03870329546680473 -0.038741629620610674 -0.03877996330847622 -0.03881829653031943 -0.038856629286055266 -0.038894961575601794 -0.03893329339887641 -0.03897162475579652 -0.03900995564627707 -0.03904828607023525 -0.03908661602758978 -0.03912494551825518 -0.03916327454214796 -0.03920160309918619 -0.03923993118928415 -0.03927825881236169 -0.03931658596833221 -0.03935491265711244 -0.03939323887861934 -0.03943156463276942 -0.03946988991947831 -0.03950821473866073 -0.0395465390902352 -0.03958486297411623 -0.03962318639021989 -0.039661509338461354 -0.039699831818758025 -0.03973815383102508 -0.039776475375177256 -0.03981479645113084 -0.03985311705880168 -0.03989143719810562 -0.03992975686895672 -0.03996807607127062 -0.04000639480496426 -0.04004471306995128 -0.04008303086614817 -0.04012134819346791 -0.040159665051828775 -0.04019798144114395 -0.040236297361328166 -0.040274612812296606 -0.04031292779396489 -0.04035124230624776 -0.04038955634905905 -0.0404278699223144 -0.04046618302592675 -0.040504495659813955 -0.04054280782388786 -0.04058111951806387 -0.04061943074225671 -0.040657741496379796 -0.0406960517803483 -0.04073436159407606 -0.04077267093747716 -0.04081097981046611 -0.040849288212957635 -0.040887596144865146 -0.04092590360610204 -0.04096421059658306 -0.04100251711622138 -0.04104082316493174 -0.04107912874262665 -0.041117433849221285 -0.041155738484627946 -0.0411940426487607 -0.041232346341534054 -0.041270649562860307 -0.04130895231265286 -0.04134725459082578 -0.041385556397292245 -0.04142385773196411 -0.04146215859475699 -0.04150045898558252 -0.04153875890435321 -0.041577058350983576 -0.041615357325385904 -0.04165365582747316 -0.04169195385715785 -0.041730251414352715 -0.041768548498970715 -0.041806845110925694 -0.04184514125012839 -0.041883436916492656 -0.04192173210992989 -0.041960026830353714 -0.04199832107767598 -0.042036614851808984 -0.0420749081526659 -0.04211320098015747 -0.042151493334195544 -0.042189785214695075 -0.04222807662156436 -0.04226636755471902 -0.042304658014069574 -0.042342947999526315 -0.04238123751100287 -0.0424195265484113 -0.04245781511166191 -0.042496103200666546 -0.04253439081533816 -0.042572677955587945 -0.0426109646213253 -0.04264925081246407 -0.04268753652891544 -0.042725821770589256 -0.04276410653739848 -0.042802390829252523 -0.042840674646064336 -0.04287895798774333 -0.0429172408542029 -0.04295552324535157 -0.042993805161101184 -0.04303208660136293 -0.043070367566047096 -0.043108648055064425 -0.043146928068327206 -0.043185207605743514 -0.04322348666722586 -0.04326176525268366 -0.04330004336202853 -0.0433383209951701 -0.043376598152018664 -0.043414874832484074 -0.0434531510364784 -0.043491426763909935 -0.04352970201468942 -0.04356797678872737 -0.04360625108593319 -0.04364452490621806 -0.04368279824949006 -0.04372107111566059 -0.04375934350463817 -0.043797615416333535 -0.04383588685065587 -0.043874157807514136 -0.043912428286820404 -0.04395069828848097 -0.04398896781240769 -0.04402723685850907 -0.044065505426694296 -0.04410377351687278 -0.04414204112895348 -0.044180308262846246 -0.04421857491846071 -0.044256841095703825 -0.04429510679448567 -0.04433337201471654 -0.04437163675630318 -0.04440990101915521 -0.04444816480318292 -0.0444864281082924 -0.04452469093439415 -0.04456295328139648 -0.04460121514920701 -0.04463947653773537 -0.04467773744688919 -0.04471599787657743 -0.04475425782670861 -0.04479251729719036 -0.04483077628793075 -0.04486903479883897 -0.04490729282982153 -0.04494555038078718 -0.04498380745164532 -0.045022064042302024 -0.045060320152666034 -0.04509857578264409 -0.04513683093214582 -0.04517508560107775 -0.04521333978934661 -0.045251593496862474 -0.04528984672353098 -0.04532809946925931 -0.045366351733956645 -0.04540460351752884 -0.045442854819884415 -0.045481105640929 -0.04551935598057044 -0.04555760583871726 -0.045595855215275094 -0.0456341041101509 -0.045672352523251636 -0.04571060045448516 -0.04574884790375844 -0.04578709487097621 -0.04582534135604721 -0.045863587358877744 -0.045901832879374105 -0.045940077917443034 -0.04597832247299127 -0.04601656654592423 -0.046054810136149094 -0.04609305324357216 -0.04613129586809972 -0.046169538009637856 -0.04620777966809286 -0.04624602084337193 -0.04628426153537912 -0.04632250174402097 -0.04636074146920466 -0.0463989807108347 -0.0464372194688174 -0.046475457743059945 -0.04651369553346507 -0.04655193283994086 -0.0465901696623916 -0.04662840600072382 -0.04666664185484248 -0.046704877224652996 -0.04674311211006099 -0.04678134651097143 -0.04681958042728973 -0.04685781385892174 -0.046896046805771086 -0.046934279267744516 -0.04697251124474655 -0.04701074273668171 -0.047048973743455846 -0.04708720426497193 -0.047125434301135805 -0.04716366385185333 -0.04720189291702859 -0.047240121496565424 -0.04727834959036925 -0.0473165771983437 -0.04735480432039463 -0.047393030956425886 -0.04743125710634066 -0.047469482770043925 -0.047507707947441524 -0.04754593263843554 -0.047584156842930714 -0.047622380560832234 -0.04766060379204262 -0.0476988265364664 -0.0477370487940072 -0.04777527056456954 -0.04781349184805617 -0.04785171264437271 -0.04788993295342037 -0.04792815277510476 -0.04796637210932797 -0.048004590955996074 -0.04804280931500915 -0.04808102718627194 -0.048119244569688746 -0.048157461465160756 -0.04819567787259382 -0.04823389379188914 -0.048272109222951 -0.04831032416568215 -0.04834853861998445 -0.04838675258576264 -0.04842496606291857 -0.04846317905135478 -0.04850139155097488 -0.04853960356168052 -0.04857781508337622 -0.04861602611596272 -0.048654236659342764 -0.04869244671341977 -0.04873065627809736 -0.04876886535327363 -0.048807073938855305 -0.04884528203474181 -0.048883489640837 -0.048921696757042055 -0.04895990338325973 -0.0489981095193921 -0.04903631516534057 -0.049074520321007675 -0.049112724986294154 -0.049150929161102974 -0.04918913284533599 -0.04922733603889373 -0.04926553874167783 -0.04930374095359191 -0.0493419426745354 -0.049380143904411034 -0.049418344643119116 -0.04945654489056173 -0.04949474464664072 -0.049532943911255733 -0.04957114268430973 -0.04960934096570213 -0.04964753875533434 -0.049685736053108887 -0.04972393285892607 -0.04976212917268574 -0.049800324994289547 -0.049838520323638 -0.04987671516063141 -0.0499149095051723 -0.04995310335715897 -0.049991296716493494 -0.05002948958307574 -0.050067681956806 -0.050105873837586135 -0.05014406522531445 -0.05018225611989213 -0.050220446521219486 -0.05025863642919637 -0.05029682584372308 -0.05033501476469926 -0.05037320319202676 -0.05041139112560322 -0.05044957856532828 -0.05048776551110401 -0.05052595196282894 -0.05056413792040226 -0.05060232338372561 -0.050640508352695957 -0.050678692827214045 -0.05071687680717907 -0.05075506029249155 -0.05079324328305024 -0.050831425778753436 -0.050869607779501 -0.05090778928519368 -0.05094597029572823 -0.05098415081100538 -0.051022330830923446 -0.05106051035538073 -0.05109868938427731 -0.05113686791751193 -0.05117504595498379 -0.05121322349659052 -0.05125140054223065 -0.051289577091804706 -0.05132775314520854 -0.05136592870234313 -0.051404103763105446 -0.0514422783273949 -0.05148045239510779 -0.05151862596614554 -0.05155679904040422 -0.051594971617782814 -0.05163314369817895 -0.05167131528149049 -0.051709486367615964 -0.05174765695645389 -0.05178582704790036 -0.05182399664185522 -0.05186216573821567 -0.051900334336878906 -0.05193850243774145 -0.051976670040704276 -0.05201483714566102 -0.052053003752513094 -0.05209116986115414 -0.05212933547148446 -0.05216750058339947 -0.052205665196797923 -0.052243829311575674 -0.05228199292763214 -0.05232015604486073 -0.052358318663161096 -0.05239648078242953 -0.052434642402564346 -0.052472803523460065 -0.05251096414501477 -0.052549124267125435 -0.05258728388968814 -0.05262544301259919 -0.05266360163575712 -0.05270175975905578 -0.0527399173823937 -0.05277807450566563 -0.05281623112876943 -0.05285438725160141 -0.05289254287405587 -0.05293069799603156 -0.0529688526174239 -0.05300700673812675 -0.053045160358038634 -0.053083313477054084 -0.05312146609507096 -0.053159618211982895 -0.053197769827686425 -0.05323592094207763 -0.053274071555051705 -0.0533122216665054 -0.05335037127633213 -0.05338852038443065 -0.053426668990692816 -0.053464817095015604 -0.05350296469729443 -0.0535411117974256 -0.05357925839530253 -0.05361740449082064 -0.0536555500838769 -0.05369369517436384 -0.05373183976217777 -0.053769983847213876 -0.05380812742936669 -0.05384627050852986 -0.05388441308460057 -0.053922555157471574 -0.05396069672703874 -0.05399883779319503 -0.05403697835583654 -0.05407511841485757 -0.054113257970152207 -0.05415139702161431 -0.054189535569139524 -0.05422767361262015 -0.05426581115195228 -0.05430394818702866 -0.05434208471774493 -0.05438022074399429 -0.05441835626566971 -0.05445649128266661 -0.05449462579487774 -0.05453275980219807 -0.05457089330452014 -0.05460902630173825 -0.05464715879374671 -0.054685290780436935 -0.05472342226170546 -0.05476155323744347 -0.05479968370754529 -0.054837813671903435 -0.05487594313041111 -0.05491407208296373 -0.05495220052945182 -0.054990328469770144 -0.055028455903811446 -0.05506658283146715 -0.05510470925263311 -0.05514283516720053 -0.05518096057506128 -0.0552190854761101 -0.055257209870237745 -0.05529533375733919 -0.055333457137306086 -0.055371580010030064 -0.05540970237540366 -0.05544782423332095 -0.0554859455836727 -0.05552406642635166 -0.055562186761250576 -0.055600306588261095 -0.055638425907275746 -0.05567654471818684 -0.05571466302088468 -0.05575278081526447 -0.05579089810121429 -0.055829014878629124 -0.05586713114740016 -0.05590524690741705 -0.05594336215857387 -0.05598147690076205 -0.05601959113387123 -0.05605770485779504 -0.05609581807242425 -0.056133930777650054 -0.0561720429733632 -0.056210154659456 -0.05624826583581988 -0.05628637650234558 -0.05632448665892342 -0.05636259630544638 -0.056400705441802756 -0.056438814067885756 -0.05647692218358635 -0.056515029788793525 -0.0565531368833998 -0.05659124346729505 -0.056629349540370244 -0.05666745510251525 -0.05670556015362194 -0.05674366469357928 -0.056781768722280024 -0.0568198722396116 -0.056857975245466985 -0.05689607773973404 -0.056934179722304856 -0.05697228119306885 -0.057010382151915895 -0.05704848259873696 -0.05708658253342169 -0.05712468195585907 -0.057162780865938956 -0.05720087926355433 -0.05723897714858972 -0.057277074520938775 -0.057315171380489804 -0.057353267727132895 -0.05739136356075614 -0.05742945888125117 -0.057467553688505424 -0.057505647982409425 -0.057543741762852374 -0.057581835029722805 -0.05761992778291125 -0.05765802002230558 -0.05769611174779499 -0.0577342029592689 -0.05777229365661585 -0.05781038383972614 -0.05784847350848632 -0.057886562662787355 -0.05792465130251667 -0.057962739427563026 -0.05800082703781517 -0.05803891413316142 -0.05807700071349098 -0.05811508677869193 -0.05815317232865258 -0.05819125736326192 -0.05822934188240714 -0.058267425885976554 -0.058305509373859365 -0.058343592345942774 -0.058381674802114425 -0.058419756742264406 -0.0584578381662777 -0.05849591907404461 -0.05853399946545168 -0.05857207934038633 -0.058610158698738424 -0.05864823754039339 -0.05868631586523976 -0.058724393673164066 -0.058762470964054625 -0.058800547737799524 -0.0588386239942853 -0.05887669973339871 -0.05891477495502828 -0.058952849659060114 -0.05899092384538185 -0.059028997513880466 -0.05906707066444339 -0.059105143296956264 -0.05914321541130807 -0.05918128700738334 -0.05921935808507106 -0.05925742864425665 -0.05929549868482664 -0.05933356820666802 -0.059371637209668204 -0.059409705693711956 -0.059447773658687586 -0.0594858411044803 -0.059523908030975736 -0.05956197443806177 -0.059600040325623826 -0.059638105693549104 -0.059676170541720364 -0.05971423487002858 -0.05975229867835541 -0.059790361966590044 -0.059828424734615915 -0.05986648698232111 -0.0599045487095895 -0.05994260991630673 -0.05998067060235934 -0.0600187307676332 -0.06005679041201306 -0.060094849535384576 -0.06013290813763339 -0.060170966218644706 -0.060209023778303505 -0.0602470808164961 -0.06028513733310703 -0.06032319332802061 -0.060361248801122924 -0.06039930375229896 -0.06043735818143414 -0.06047541208841123 -0.06051346547311631 -0.06055151833543637 -0.06058957067525239 -0.06062762249245135 -0.060665673786916896 -0.06070372455853512 -0.06074177480718901 -0.06077982453276287 -0.060817873735142136 -0.060855922414210006 -0.06089397056985124 -0.0609320182019506 -0.06097006531039173 -0.06100811189505917 -0.06104615795583701 -0.06108420349260735 -0.06112224850525694 -0.0611602929936681 -0.06119833695772425 -0.06123638039730994 -0.0612744233123097 -0.06131246570260496 -0.061350507568081136 -0.06138854890862122 -0.06142658972410864 -0.06146463001442637 -0.06150266977945784 -0.06154070901908737 -0.06157874773319749 -0.06161678592167075 -0.06165482358439167 -0.061692860721242804 -0.061730897332105794 -0.06176893341686607 -0.06180696897540461 -0.0618450040076044 -0.06188303851334931 -0.06192107249252121 -0.061959105945002646 -0.06199713887067704 -0.0620351712694267 -0.062073203141133515 -0.06211123448568068 -0.0621492653029494 -0.06218729559282332 -0.06222532535518477 -0.06226335458991494 -0.06230138329689683 -0.06233941147601141 -0.06237743912714189 -0.06241546625016969 -0.06245349284497692 -0.06249151891144633 -0.06252954444945713 -0.06256756945889386 -0.0626055939396366 -0.0626436178915677 -0.06268164131456833 -0.0627196642085206 -0.0627576865733055 -0.06279570840880422 -0.06283372971489865 -0.0628717504914702 -0.0629097707383992 -0.06294779045556753 -0.0629858096428566 -0.06302382830014652 -0.06306184642731893 -0.06309986402425505 -0.06313788109083451 -0.06317589762694031 -0.06321391363245077 -0.06325192910724842 -0.0632899440512138 -0.06332795846422634 -0.06336597234616725 -0.06340398569691685 -0.0634419985163559 -0.0634800108043656 -0.0635180225608245 -0.06355603378561359 -0.06359404447861317 -0.06363205463970356 -0.0636700642687642 -0.06370807336567674 -0.06374608193031994 -0.06378408996257234 -0.06382209746231604 -0.06386010442943002 -0.06389811086379416 -0.0639361167652881 -0.0639741221337915 -0.06401212696918313 -0.06405013127134396 -0.06408813504015254 -0.06412613827548874 -0.06416414097723155 -0.06420214314525907 -0.06424014477945339 -0.06427814587969172 -0.06431614644585282 -0.06435414647781745 -0.06439214597546283 -0.06443014493866839 -0.06446814336731488 -0.06450614126127774 -0.06454413862043795 -0.06458213544467473 -0.06462013173386483 -0.06465812748788835 -0.06469612270662384 -0.06473411738994872 -0.06477211153774154 -0.06481010514988172 -0.06484809822624626 -0.06488609076671503 -0.06492408277116413 -0.06496207423947453 -0.06500006517152124 -0.06503805556718434 -0.06507604542634082 -0.06511403474886901 -0.06515202353464633 -0.06519001178355044 -0.06522799949546143 -0.06526598667025385 -0.0653039733078069 -0.0653419594079967 -0.06537994497070354 -0.06541792999580265 -0.06545591448317079 -0.06549389843268738 -0.0655318818442292 -0.06556986471767257 -0.06560784705289535 -0.06564582884977366 -0.0656838101081858 -0.06572179082800877 -0.06575977100911867 -0.06579775065139204 -0.0658357297547072 -0.0658737083189398 -0.06591168634396682 -0.06594966382966416 -0.06598764077591035 -0.06602561718257993 -0.06606359304955012 -0.06610156837669745 -0.0661395431638987 -0.06617751741102929 -0.06621549111796465 -0.06625346428458401 -0.06629143691076034 -0.06632940899637152 -0.06636738054129365 -0.06640535154540017 -0.06644332200857028 -0.06648129193067853 -0.06651926131159946 -0.0665572301512114 -0.06659519844938733 -0.06663316620600424 -0.06667113342093733 -0.0667091000940625 -0.06674706622525495 -0.06678503181438988 -0.0668229968613423 -0.06686096136598874 -0.06689892532820352 -0.06693688874786097 -0.06697485162483807 -0.06701281395900871 -0.06705077575024765 -0.06708873699843032 -0.06712669770343149 -0.06716465786512571 -0.06720261748338796 -0.06724057655809235 -0.06727853508911474 -0.0673164930763277 -0.06735445051960953 -0.06739240741882946 -0.06743036377386646 -0.06746831958459198 -0.0675062748508819 -0.06754422957261053 -0.06758218374964997 -0.06762013738187589 -0.0676580904691626 -0.06769604301138399 -0.06773399500841393 -0.06777194646012497 -0.06780989736639298 -0.0678478477270903 -0.06788579754209056 -0.067923746811269 -0.06796169553449727 -0.06799964371165057 -0.06803759134260146 -0.06807553842722314 -0.06811348496538949 -0.06815143095697329 -0.06818937640184797 -0.06822732129988829 -0.06826526565096502 -0.06830320945495183 -0.06834115271172303 -0.0683790954211494 -0.06841703758310524 -0.06845497919746357 -0.06849292026409737 -0.06853086078287873 -0.06856880075367933 -0.06860674017637369 -0.06864467905083282 -0.06868261737693149 -0.06872055515453912 -0.0687584923835296 -0.06879642906377548 -0.06883436519514952 -0.06887230077752138 -0.06891023581076672 -0.06894817029475453 -0.06898610422935891 -0.06902403761445042 -0.06906197044990181 -0.06909990273558542 -0.06913783447137178 -0.06917576565713368 -0.06921369629274254 -0.06925162637806892 -0.06928955591298624 -0.06932748489736396 -0.06936541333107593 -0.06940334121399139 -0.06944126854598331 -0.06947919532692115 -0.06951712155667877 -0.06955504723512407 -0.06959297236212958 -0.06963089693756874 -0.06966882096130877 -0.06970674443322245 -0.06974466735318074 -0.06978258972105422 -0.06982051153671387 -0.06985843280002912 -0.06989635351087342 -0.06993427366911353 -0.0699721932746229 -0.07001011232727139 -0.0700480308269289 -0.07008594877346486 -0.07012386616675248 -0.07016178300665943 -0.07019969929305714 -0.07023761502581483 -0.0702755302048026 -0.07031344482989144 -0.07035135890095101 -0.07038927241785076 -0.07042718538046011 -0.07046509778865007 -0.07050300964229006 -0.07054092094124798 -0.07057883168539636 -0.07061674187460243 -0.07065465150873651 -0.07069256058766804 -0.07073046911126646 -0.0707683770794012 -0.07080628449194126 -0.07084419134875519 -0.07088209764971376 -0.0709200033946853 -0.07095790858353634 -0.07099581321614101 -0.07103371729236319 -0.07107162081207541 -0.07110952377514401 -0.07114742618143888 -0.07118532803082878 -0.07122322932318181 -0.07126113005836698 -0.0712990302362515 -0.07133692985670637 -0.0713748289195979 -0.07141272742479443 -0.07145062537216429 -0.07148852276157802 -0.07152641959290129 -0.07156431586600154 -0.0716022115807502 -0.07164010673701182 -0.07167800133465585 -0.07171589537355016 -0.07175378885356243 -0.07179168177455963 -0.07182957413641078 -0.07186746593898352 -0.07190535718214353 -0.07194324786576045 -0.07198113798970107 -0.07201902755383172 -0.07205691655802182 -0.07209480500213772 -0.07213269288604485 -0.07217058020961264 -0.072208466972707 -0.07224635317519579 -0.07228423881694646 -0.07232212389782511 -0.07236000841769696 -0.07239789237643257 -0.07243577577389626 -0.07247365860995414 -0.07251154088447409 -0.072549422597324 -0.07258730374836686 -0.07262518433747278 -0.07266306436450543 -0.07270094382933268 -0.07273882273182042 -0.07277670107183565 -0.07281457884924292 -0.07285245606390944 -0.07289033271570133 -0.07292820880448403 -0.07296608433012386 -0.07300395929248671 -0.0730418336914389 -0.073079707526845 -0.07311758079857178 -0.073155453506484 -0.07319332565044867 -0.07323119723032945 -0.07326906824599311 -0.07330693869730531 -0.07334480858413128 -0.07338267790633424 -0.07342054666378295 -0.07345841485633953 -0.07349628248387141 -0.07353414954624138 -0.07357201604331665 -0.07360988197496088 -0.0736477473410404 -0.07368561214141733 -0.07372347637595866 -0.07376134004452917 -0.07379920314699273 -0.07383706568321347 -0.07387492765305703 -0.07391278905638865 -0.07395064989307021 -0.07398851016296826 -0.0740263698659458 -0.07406422900186849 -0.07410208757059866 -0.07413994557200243 -0.07417780300594234 -0.07421565987228362 -0.07425351617088927 -0.07429137190162427 -0.07432922706435074 -0.07436708165893458 -0.07440493568523765 -0.07444278914312497 -0.07448064203245974 -0.07451849435310409 -0.07455634610492545 -0.07459419728778283 -0.07463204790154254 -0.07466989794606604 -0.07470774742121833 -0.0747455963268604 -0.07478344466285858 -0.0748212924290721 -0.07485913962536705 -0.07489698625160535 -0.07493483230765086 -0.07497267779336436 -0.07501052270860975 -0.07504836705325069 -0.07508621082714928 -0.0751240540301672 -0.0751618966621681 -0.07519973872301366 -0.07523758021256688 -0.07527542113069075 -0.0753132614772467 -0.07535110125209643 -0.07538894045510491 -0.07542677908613027 -0.07546461714503816 -0.07550245463168914 -0.07554029154594488 -0.07557812788766838 -0.07561596365671952 -0.07565379885296308 -0.07569163347625829 -0.07572946752646792 -0.07576730100345297 -0.07580513390707644 -0.07584296623719888 -0.07588079799368042 -0.07591862917638559 -0.07595645978517296 -0.07599428981990464 -0.0760321192804434 -0.07606994816664736 -0.0761077764783804 -0.07614560421550198 -0.07618343137787487 -0.07622125796535717 -0.07625908397781256 -0.07629690941510003 -0.07633473427708148 -0.07637255856361658 -0.07641038227456676 -0.07644820540979258 -0.07648602796915438 -0.07652384995251271 -0.07656167135972858 -0.07659949219066031 -0.07663731244517025 -0.07667513212311716 -0.07671295122436361 -0.07675076974876682 -0.07678858769618868 -0.07682640506648863 -0.0768642218595268 -0.07690203807516305 -0.07693985371325684 -0.07697766877366785 -0.07701548325625707 -0.07705329716088238 -0.07709111048740369 -0.07712892323568243 -0.07716673540557606 -0.07720454699694423 -0.07724235800964818 -0.07728016844354468 -0.07731797829849452 -0.07735578757435713 -0.0773935962709893 -0.07743140438825247 -0.0774692119260052 -0.0775070188841065 -0.07754482526241357 -0.07758263106078789 -0.07762043627908644 -0.07765824091716933 -0.07769604497489291 -0.07773384845211817 -0.07777165134870279 -0.0778094536645042 -0.07784725539938275 -0.07788505655319566 -0.07792285712580171 -0.07796065711705769 -0.07799845652682413 -0.07803625535495762 -0.07807405360131625 -0.07811185126575948 -0.07814964834814275 -0.07818744484832618 -0.07822524076616633 -0.07826303610152197 -0.07830083085425099 -0.07833862502420952 -0.0783764186112561 -0.07841421161524864 -0.07845200403604413 -0.07848979587349936 -0.07852758712747376 -0.07856537779782236 -0.07860316788440302 -0.07864095738707455 -0.07867874630569194 -0.07871653464011286 -0.07875432239019586 -0.07879210955579508 -0.07882989613676994 -0.07886768213297612 -0.07890546754427041 -0.07894325237050981 -0.07898103661155154 -0.07901882026725082 -0.079056603337466 -0.0790943858220512 -0.07913216772086473 -0.0791699490337634 -0.07920772976060109 -0.0792455099012368 -0.07928328945552443 -0.07932106842332165 -0.07935884680448346 -0.07939662459886665 -0.07943440180632821 -0.07947217842672138 -0.07950995445990428 -0.07954772990573211 -0.07958550476405901 -0.07962327903474287 -0.07966105271763846 -0.07969882581260102 -0.07973659831948665 -0.07977437023814993 -0.07981214156844718 -0.07984991231023342 -0.07988768246336342 -0.07992545202769286 -0.07996322100307629 -0.08000098938936961 -0.08003875718642783 -0.08007652439410595 -0.08011429101225809 -0.08015205704073836 -0.08018982247940443 -0.08022758732810864 -0.08026535158670622 -0.08030311525505152 -0.08034087833300019 -0.08037864082040591 -0.08041640271712214 -0.08045416402300543 -0.08049192473790923 -0.08052968486168677 -0.08056744439419239 -0.0806052033352822 -0.08064296168480856 -0.08068071944262489 -0.08071847660858866 -0.08075623318254865 -0.08079398916436298 -0.08083174455388309 -0.08086949935096288 -0.0809072535554578 -0.08094500716721864 -0.08098276018610129 -0.08102051261195875 -0.08105826444464337 -0.08109601568401059 -0.08113376632991098 -0.08117151638220066 -0.0812092658407304 -0.08124701470535411 -0.08128476297592613 -0.08132251065229834 -0.08136025773432332 -0.08139800422185495 -0.08143575011474513 -0.08147349541284732 -0.08151124011601496 -0.08154898422409929 -0.08158672773695308 -0.08162447065442913 -0.08166221297637999 -0.08169995470265912 -0.08173769583311685 -0.08177543636760731 -0.08181317630598217 -0.08185091564809355 -0.08188865439379245 -0.08192639254293343 -0.0819641300953653 -0.08200186705094303 -0.08203960340951788 -0.08207733917094018 -0.08211507433506293 -0.08215280890173782 -0.0821905428708154 -0.08222827624214868 -0.08226600901558889 -0.08230374119098771 -0.08234147276819459 -0.08237920374706365 -0.08241693412744411 -0.08245466390918943 -0.08249239309214973 -0.08253012167617446 -0.08256784966111796 -0.0826055770468277 -0.0826433038331571 -0.08268103001995586 -0.08271875560707587 -0.0827564805943668 -0.08279420498168033 -0.08283192876886769 -0.08286965195577611 -0.08290737454226127 -0.08294509652816862 -0.08298281791335205 -0.08302053869766013 -0.08305825888094476 -0.08309597846305339 -0.0831336974438388 -0.08317141582315113 -0.08320913360083892 -0.08324685077675342 -0.08328456735074319 -0.08332228332266034 -0.08335999869235367 -0.08339771345967018 -0.08343542762446354 -0.083473141186583 -0.08351085414587511 -0.083548566502192 -0.0835862782553829 -0.08362398940529747 -0.08366169995178385 -0.08369940989469082 -0.08373711923387028 -0.08377482796917013 -0.0838125361004376 -0.08385024362752436 -0.08388795055027876 -0.08392565686854825 -0.08396336258218429 -0.08400106769103388 -0.08403877219494671 -0.08407647609377022 -0.08411417938735433 -0.08415188207554647 -0.08418958415819588 -0.08422728563515114 -0.08426498650626169 -0.0843026867713732 -0.08434038643033603 -0.08437808548299786 -0.08441578392920679 -0.0844534817688114 -0.08449117900165892 -0.08452887562759792 -0.08456657164647674 -0.08460426705814172 -0.08464196186244188 -0.08467965605922512 -0.08471734964833955 -0.0847550426296313 -0.08479273500294826 -0.08483042676813835 -0.08486811792505033 -0.08490580847352924 -0.0849434984134243 -0.08498118774458119 -0.08501887646684891 -0.08505656458007271 -0.08509425208410115 -0.08513193897878035 -0.0851696252639591 -0.0852073109394822 -0.08524499600519775 -0.08528268046095144 -0.08532036430659073 -0.08535804754196241 -0.08539573016691371 -0.08543341218128941 -0.08547109358493765 -0.08550877437770432 -0.08554645455943555 -0.08558413412997856 -0.08562181308917838 -0.08565949143688201 -0.08569716917293557 -0.08573484629718475 -0.08577252280947656 -0.08581019870965534 -0.08584787399756921 -0.08588554867306186 -0.08592322273598008 -0.08596089618616998 -0.08599856902347724 -0.086036241247746 -0.08607391285882304 -0.0861115838565536 -0.08614925424078401 -0.08618692401135819 -0.08622459316812203 -0.08626226171092055 -0.08629992963960054 -0.08633759695400522 -0.0863752636539803 -0.08641292973937165 -0.08645059521002252 -0.08648826006577925 -0.08652592430648598 -0.08656358793198748 -0.08660125094212945 -0.08663891333675533 -0.08667657511570992 -0.08671423627883801 -0.08675189682598483 -0.0867895567569934 -0.08682721607171029 -0.08686487476997629 -0.08690253285163885 -0.08694019031654054 -0.08697784716452617 -0.08701550339543984 -0.08705315900912591 -0.08709081400542695 -0.08712846838418775 -0.08716612214525155 -0.08720377528846379 -0.08724142781366595 -0.08727907972070303 -0.08731673100941917 -0.08735438167965626 -0.08739203173125976 -0.0874296811640698 -0.0874673299779336 -0.08750497817269198 -0.08754262574818883 -0.08758027270426738 -0.08761791904077154 -0.08765556475754344 -0.0876932098544263 -0.08773085433126315 -0.08776849818789545 -0.08780614142416887 -0.08784378403992399 -0.08788142603500404 -0.08791906740925226 -0.08795670816251011 -0.08799434829462127 -0.0880319878054272 -0.08806962669477114 -0.08810726496249455 -0.08814490260844066 -0.08818253963245137 -0.08822017603436905 -0.08825781181403491 -0.08829544697129177 -0.08833308150598107 -0.08837071541794517 -0.08840834870702663 -0.0884459813730647 -0.08848361341590483 -0.08852124483538582 -0.08855887563134979 -0.08859650580363976 -0.08863413535209563 -0.08867176427655976 -0.08870939257687294 -0.08874702025287684 -0.08878464730441293 -0.08882227373132223 -0.08885989953344553 -0.08889752471062407 -0.08893514926269863 -0.08897277318951158 -0.08901039649090259 -0.08904801916671201 -0.08908564121678175 -0.08912326264095194 -0.08916088343906381 -0.08919850361095749 -0.08923612315647333 -0.08927374207545169 -0.08931136036773468 -0.08934897803315955 -0.08938659507157065 -0.08942421148280433 -0.08946182726670382 -0.08949944242310726 -0.08953705695185565 -0.08957467085278825 -0.08961228412574562 -0.08964989677056812 -0.08968750878709386 -0.0897251201751641 -0.0897627309346185 -0.08980034106529633 -0.08983795056703725 -0.08987555943968095 -0.08991316768306579 -0.08995077529703321 -0.0899883822814207 -0.09002598863606792 -0.09006359436081568 -0.09010119945550144 -0.09013880391996487 -0.09017640775404567 -0.0902140109575813 -0.09025161353041145 -0.09028921547237534 -0.09032681678331134 -0.09036441746305757 -0.0904020175114546 -0.09043961692834035 -0.09047721571355116 -0.09051481386692917 -0.09055241138831005 -0.0905900082775335 -0.09062760453443741 -0.09066520015886015 -0.09070279515064006 -0.09074038950961505 -0.09077798323562347 -0.09081557632850368 -0.09085316878809246 -0.0908907606142284 -0.0909283518067503 -0.09096594236549405 -0.09100353229029823 -0.09104112158100097 -0.09107871023743974 -0.09111629825945178 -0.09115388564687499 -0.09119147239954639 -0.09122905851730323 -0.09126664399998252 -0.09130422884742262 -0.09134181305945965 -0.09137939663593109 -0.09141697957667372 -0.09145456188152634 -0.09149214355032353 -0.09152972458290365 -0.09156730497910393 -0.09160488473875894 -0.09164246386170616 -0.09168004234778326 -0.09171762019682639 -0.09175519740867166 -0.09179277398315677 -0.09183034992011674 -0.09186792521938836 -0.09190549988080754 -0.0919430739042113 -0.091980647289434 -0.09201822003631599 -0.09205579214468873 -0.09209336361438947 -0.09213093444525589 -0.09216850463712056 -0.09220607418982363 -0.09224364310319655 -0.09228121137707923 -0.0923187790113027 -0.09235634600570664 -0.09239391236012295 -0.0924314780743889 -0.09246904314834081 -0.09250660758181262 -0.09254417137464022 -0.09258173452665841 -0.09261929703770266 -0.09265685890760755 -0.09269442013620832 -0.09273198072333932 -0.09276954066883736 -0.09280709997253589 -0.09284465863426927 -0.09288221665387342 -0.09291977403118179 -0.09295733076602963 -0.09299488685825152 -0.09303244230768093 -0.09306999711415398 -0.09310755127750392 -0.09314510479756599 -0.093182657674173 -0.09322020990716018 -0.093257761496361 -0.09329531244161027 -0.09333286274274144 -0.09337041239958754 -0.09340796141198338 -0.09344550977976462 -0.09348305750276231 -0.09352060458081013 -0.09355815101374376 -0.0935956968013949 -0.09363324194359879 -0.09367078644018711 -0.09370833029099357 -0.09374587349585184 -0.09378341605459584 -0.09382095796705836 -0.09385849923307155 -0.09389603985246953 -0.09393357982508554 -0.09397111915075218 -0.09400865782930135 -0.09404619586056762 -0.09408373324438268 -0.09412126998057868 -0.09415880606899041 -0.09419634150944844 -0.09423387630178626 -0.09427141044583576 -0.09430894394143063 -0.09434647678840213 -0.0943840089865815 -0.09442154053580243 -0.09445907143589816 -0.09449660168669993 -0.09453413128803634 -0.09457166023974439 -0.0946091885416549 -0.09464671619359755 -0.09468424319540514 -0.09472176954691114 -0.09475929524794591 -0.09479682029833936 -0.09483434469792562 -0.09487186844653506 -0.0949093915439998 -0.0949469139901502 -0.09498443578481863 -0.09502195692783588 -0.09505947741903209 -0.0950969972582405 -0.09513451644529125 -0.09517203498001425 -0.09520955286224231 -0.09524707009180533 -0.09528458666853457 -0.09532210259226104 -0.0953596178628131 -0.09539713248002424 -0.0954346464437239 -0.09547215975374357 -0.09550967240991182 -0.09554718441206078 -0.09558469576002082 -0.09562220645362052 -0.09565971649269134 -0.09569722587706364 -0.095734734606568 -0.0957722426810319 -0.0958097501002877 -0.09584725686416595 -0.09588476297249349 -0.09592226842510332 -0.09595977322182292 -0.09599727736248331 -0.09603478084691353 -0.09607228367494303 -0.09610978584640151 -0.09614728736111888 -0.09618478821892329 -0.09622228841964575 -0.09625978796311396 -0.09629728684915784 -0.09633478507760662 -0.09637228264828912 -0.0964097795610348 -0.09644727581567114 -0.09648477141202894 -0.0965222663499361 -0.09655976062922145 -0.0965972542497131 -0.09663474721124188 -0.09667223951363346 -0.09670973115671799 -0.09674722214032427 -0.09678471246427911 -0.09682220212841308 -0.0968596911325521 -0.09689717947652632 -0.09693466716016275 -0.0969721541832893 -0.09700964054573613 -0.09704712624732803 -0.09708461128789603 -0.09712209566726582 -0.09715957938526487 -0.0971970624417231 -0.09723454483646621 -0.09727202656932388 -0.0973095076401207 -0.09734698804868724 -0.09738446779484788 -0.09742194687843297 -0.09745942529926799 -0.0974969030571804 -0.09753438015199856 -0.09757185658354706 -0.09760933235165581 -0.09764680745615006 -0.09768428189685796 -0.09772175567360519 -0.09775922878621812 -0.09779670123452577 -0.09783417301835273 -0.09787164413752647 -0.09790911459187424 -0.09794658438122039 -0.09798405350539419 -0.09802152196421976 -0.09805898975752436 -0.0980964568851348 -0.09813392334687565 -0.0981713891425755 -0.09820885427205783 -0.09824631873514944 -0.09828378253167802 -0.0983212456614666 -0.098358708124344 -0.09839616992013367 -0.09843363104866243 -0.09847109150975553 -0.09850855130323866 -0.09854601042893751 -0.0985834688866778 -0.09862092667628453 -0.09865838379758385 -0.09869584025039835 -0.09873329603455616 -0.09877075114988165 -0.09880820559619918 -0.0988456593733349 -0.09888311248111359 -0.09892056491935963 -0.09895801668789694 -0.09899546778655255 -0.09903291821515081 -0.09907036797351454 -0.09910781706146965 -0.0991452654788405 -0.09918271322545213 -0.0992201603011289 -0.09925760670569339 -0.09929505243897152 -0.0993324975007881 -0.09936994189096549 -0.09940738560933049 -0.09944482865570325 -0.09948227102991103 -0.09951971273177707 -0.0995571537611244 -0.0995945941177776 -0.09963203380155972 -0.0996694728122951 -0.09970691114980679 -0.09974434881391914 -0.0997817858044554 -0.0998192221212384 -0.09985665776409203 -0.09989409273283978 -0.0999315270273049 -0.09996896064730931 -0.10000639359267804 -0.10004382586323302 -0.10008125745879837 -0.10011868837919513 -0.10015611862424745 -0.10019354819377857 -0.10023097708761086 -0.10026840530556602 -0.10030583284746863 -0.10034325971313951 -0.1003806859024019 -0.10041811141507817 -0.1004555362509909 -0.10049296040996247 -0.10053038389181457 -0.10056780669637 -0.10060522882345158 -0.10064265027287966 -0.10068007104447707 -0.10071749113806683 -0.10075491055346819 -0.10079232929050619 -0.10082974734900096 -0.10086716472877422 -0.10090458142964742 -0.10094199745144272 -0.10097941279398182 -0.10101682745708551 -0.10105424144057551 -0.10109165474427328 -0.10112906736799943 -0.10116647931157696 -0.10120389057482626 -0.10124130115756635 -0.10127871105962138 -0.10131612028081016 -0.10135352882095461 -0.10139093667987509 -0.10142834385739286 -0.10146575035332828 -0.10150315616750216 -0.10154056129973577 -0.10157796574984856 -0.10161536951766159 -0.10165277260299521 -0.10169017500567001 -0.10172757672550548 -0.1017649777623224 -0.10180237811594184 -0.1018397777861817 -0.10187717677286523 -0.10191457507580903 -0.10195197269483547 -0.1019893696297629 -0.10202676588041193 -0.10206416144660269 -0.10210155632815376 -0.10213895052488531 -0.10217634403661746 -0.10221373686316815 -0.10225112900435818 -0.10228852046000725 -0.10232591122993373 -0.10236330131395688 -0.10240069071189639 -0.10243807942357108 -0.1024754674488002 -0.10251285478740191 -0.10255024143919611 -0.10258762740400229 -0.1026250126816377 -0.1026623972719225 -0.10269978117467393 -0.1027371643897117 -0.10277454691685439 -0.10281192875591971 -0.1028493099067267 -0.1028866903690937 -0.10292407014283889 -0.10296144922778172 -0.10299882762373791 -0.10303620533052715 -0.1030735823479676 -0.10311095867587738 -0.10314833431407378 -0.10318570926237425 -0.10322308352059828 -0.10326045708856291 -0.10329782996608428 -0.10333520215298275 -0.10337257364907337 -0.10340994445417673 -0.1034473145681063 -0.10348468399068311 -0.1035220527217211 -0.10355942076104196 -0.10359678810845807 -0.10363415476378979 -0.10367152072685282 -0.10370888599746508 -0.10374625057544229 -0.10378361446060191 -0.10382097765276255 -0.10385834015173856 -0.10389570195734676 -0.10393306306940486 -0.10397042348772967 -0.10400778321213688 -0.10404514224244288 -0.10408250057846513 -0.10411985822001846 -0.10415721516692011 -0.10419457141898647 -0.10423192697603212 -0.1042692818378761 -0.10430663600433165 -0.10434398947521584 -0.10438134225034457 -0.10441869432953332 -0.1044560457125987 -0.10449339639935551 -0.10453074638962057 -0.10456809568320802 -0.10460544427993401 -0.10464279217961403 -0.10468013938206333 -0.1047174858870985 -0.10475483169453215 -0.10479217680418196 -0.10482952121586164 -0.10486686492938757 -0.10490420794457345 -0.10494155026123497 -0.10497889187918763 -0.10501623279824446 -0.10505357301822293 -0.10509091253893477 -0.10512825136019632 -0.10516558948182131 -0.10520292690362609 -0.1052402636254226 -0.10527759964702788 -0.10531493496825428 -0.10535226958891619 -0.10538960350882953 -0.10542693672780579 -0.10546426924566221 -0.10550160106221007 -0.10553893217726484 -0.10557626259064046 -0.10561359230214906 -0.1056509213116068 -0.10568824961882584 -0.10572557722362053 -0.10576290412580369 -0.10580023032519037 -0.10583755582159293 -0.10587488061482486 -0.10591220470469898 -0.10594952809102898 -0.10598685077362857 -0.10602417275231124 -0.10606149402688869 -0.10609881459717485 -0.10613613446298298 -0.106173453624125 -0.10621077208041418 -0.106248089831664 -0.1062854068776864 -0.1063227232182935 -0.10636003885330014 -0.10639735378251647 -0.10643466800575574 -0.10647198152283055 -0.10650929433355305 -0.10654660643773628 -0.10658391783519061 -0.10662122852573064 -0.10665853850916696 -0.1066958477853106 -0.10673315635397618 -0.10677046421497405 -0.10680777136811526 -0.10684507781321351 -0.10688238355007895 -0.10691968857852441 -0.10695699289836047 -0.10699429650939862 -0.10703159941145235 -0.1070689016043298 -0.10710620308784513 -0.10714350386180738 -0.10718080392603024 -0.10721810328032277 -0.1072554019244969 -0.10729269985836387 -0.10732999708173363 -0.10736729359441899 -0.1074045893962281 -0.10744188448697445 -0.10747917886646707 -0.10751647253451702 -0.10755376549093465 -0.10759105773553168 -0.10762834926811693 -0.10766564008850255 -0.10770293019649624 -0.10774021959191105 -0.10777750827455534 -0.10781479624424062 -0.1078520835007768 -0.10788937004397203 -0.10792665587363892 -0.10796394098958406 -0.10800122539162249 -0.10803850907955814 -0.10807579205320472 -0.10811307431237083 -0.1081503558568655 -0.10818763668649756 -0.10822491680107893 -0.10826219620041622 -0.10829947488432023 -0.10833675285260091 -0.10837403010506597 -0.10841130664152598 -0.10844858246178779 -0.10848585756566376 -0.10852313195295915 -0.10856040562348612 -0.10859767857705127 -0.10863495081346408 -0.10867222233253315 -0.10870949313406753 -0.10874676321787557 -0.10878403258376568 -0.10882130123154665 -0.10885856916102643 -0.10889583637201317 -0.10893310286431568 -0.10897036863774257 -0.10900763369210109 -0.1090448980271983 -0.10908216164284523 -0.10911942453884715 -0.10915668671501289 -0.10919394817115036 -0.1092312089070675 -0.10926846892257092 -0.1093057282174692 -0.10934298679157028 -0.10938024464468121 -0.10941750177660903 -0.10945475818716144 -0.10949201387614549 -0.10952926884336933 -0.10956652308863934 -0.10960377661176324 -0.1096410294125465 -0.10967828149079728 -0.10971553284632307 -0.10975278347893025 -0.10979003338842519 -0.10982728257461583 -0.10986453103730742 -0.10990177877630836 -0.1099390257914219 -0.10997627208245797 -0.11001351764922118 -0.1100507624915188 -0.11008800660915674 -0.11012525000194184 -0.11016249266967781 -0.1101997346121748 -0.1102369758292352 -0.11027421632066736 -0.11031145608627657 -0.11034869512586742 -0.11038593343924763 -0.11042317102622112 -0.11046040788659472 -0.11049764402017459 -0.1105348794267651 -0.1105721141061724 -0.1106093480582011 -0.11064658128265759 -0.110683813779346 -0.11072104554807294 -0.1107582765886419 -0.11079550690086037 -0.11083273648452985 -0.11086996533945981 -0.11090719346545064 -0.11094442086231004 -0.11098164752984196 -0.11101887346785211 -0.11105609867614419 -0.11109332315452147 -0.11113054690279056 -0.11116776992075517 -0.11120499220822011 -0.1112422137649891 -0.11127943459086653 -0.11131665468565721 -0.11135387404916486 -0.11139109268119363 -0.11142831058154679 -0.11146552775002916 -0.11150274418644424 -0.11153995989059573 -0.11157717486228846 -0.11161438910132526 -0.11165160260751072 -0.11168881538064679 -0.11172602742053717 -0.11176323872698668 -0.11180044929979749 -0.11183765913877375 -0.1118748682437185 -0.11191207661443414 -0.11194928425072526 -0.11198649115239356 -0.112023697319243 -0.11206090275107528 -0.11209810744769566 -0.11213531140890387 -0.11217251463450473 -0.11220971712430039 -0.1122469188780939 -0.11228411989568654 -0.11232132017688312 -0.11235851972148292 -0.1123957185292912 -0.11243291660010879 -0.1124701139337374 -0.11250731052998031 -0.11254450638863966 -0.11258170150951785 -0.11261889589241458 -0.11265608953713513 -0.1126932824434781 -0.11273047461124808 -0.11276766604024435 -0.11280485673027019 -0.1128420466811264 -0.11287923589261517 -0.11291642436453797 -0.11295361209669608 -0.1129907990888892 -0.1130279853409224 -0.11306517085259227 -0.11310235562370319 -0.11313953965405554 -0.11317672294345016 -0.11321390549168808 -0.11325108729856925 -0.11328826836389627 -0.11332544868746841 -0.11336262826908783 -0.11339980710855269 -0.11343698520566736 -0.11347416256022891 -0.11351133917203926 -0.11354851504089836 -0.11358569016660747 -0.11362286454896564 -0.1136600381877737 -0.11369721108283137 -0.11373438323393947 -0.11377155464089728 -0.11380872530350539 -0.11384589522156352 -0.11388306439487006 -0.11392023282322805 -0.11395740050643344 -0.11399456744428793 -0.11403173363659036 -0.11406889908314133 -0.114106063783739 -0.11414322773818286 -0.11418039094627286 -0.11421755340780848 -0.11425471512258811 -0.1142918760904097 -0.11432903631107472 -0.11436619578438179 -0.1144033545101284 -0.11444051248811427 -0.11447766971813755 -0.11451482619999798 -0.11455198193349281 -0.11458913691842376 -0.11462629115458478 -0.11466344464177802 -0.11470059737979921 -0.11473774936844983 -0.11477490060752604 -0.11481205109682491 -0.1148492008361468 -0.11488634982528945 -0.114923498064051 -0.11496064555222718 -0.11499779228961904 -0.11503493827602251 -0.11507208351123532 -0.11510922799505607 -0.11514637172728204 -0.11518351470770982 -0.1152206569361387 -0.11525779841236528 -0.11529493913618594 -0.11533207910739973 -0.11536921832580327 -0.11540635679119227 -0.11544349450336644 -0.11548063146212129 -0.11551776766725297 -0.11555490311856098 -0.11559203781584015 -0.11562917175888776 -0.11566630494750019 -0.11570343738147426 -0.11574056906060837 -0.11577769998469623 -0.11581483015353577 -0.11585195956692296 -0.11588908822465482 -0.11592621612652643 -0.11596334327233615 -0.11600046966187816 -0.11603759529494884 -0.11607472017134457 -0.11611184429086308 -0.11614896765329519 -0.11618609025844195 -0.11622321210609732 -0.11626033319605567 -0.11629745352811538 -0.11633457310206885 -0.11637169191771424 -0.11640880997484593 -0.11644592727325875 -0.11648304381274843 -0.11652015959311113 -0.11655727461414123 -0.11659438887563289 -0.11663150237738273 -0.11666861511918625 -0.11670572710083627 -0.11674283832212806 -0.11677994878285824 -0.11681705848282009 -0.11685416742180843 -0.11689127559961698 -0.11692838301604302 -0.1169654896708785 -0.11700259556391801 -0.11703970069495595 -0.1170768050637887 -0.11711390867020821 -0.11715101151400953 -0.11718811359498638 -0.11722521491293314 -0.11726231546764354 -0.11729941525891086 -0.1173365142865308 -0.11737361255029466 -0.11741071004999792 -0.11744780678543343 -0.11748490275639556 -0.11752199796267626 -0.11755909240407125 -0.11759618608037181 -0.11763327899137122 -0.11767037113686474 -0.11770746251664432 -0.11774455313050236 -0.11778164297823368 -0.11781873205962934 -0.11785582037448461 -0.11789290792258877 -0.1179299947037371 -0.11796708071772377 -0.11800416596433827 -0.11804125044337432 -0.11807833415462499 -0.11811541709788265 -0.11815249927293969 -0.11818958067958785 -0.11822666131761994 -0.11826374118682836 -0.11830082028700417 -0.11833789861794086 -0.11837497617942927 -0.11841205297126223 -0.11844912899323146 -0.11848620424512823 -0.11852327872674451 -0.11856035243787266 -0.11859742537830309 -0.11863449754782796 -0.11867156894623965 -0.11870863957332767 -0.11874570942888507 -0.11878277851270291 -0.11881984682457092 -0.11885691436428258 -0.11889398113162697 -0.11893104712639668 -0.11896811234838167 -0.11900517679737277 -0.11904224047316148 -0.11907930337553863 -0.11911636550429439 -0.11915342685921981 -0.11919048744010463 -0.11922754724674034 -0.11926460627891644 -0.1193016645364251 -0.11933872201905515 -0.11937577872659655 -0.11941283465884034 -0.11944988981557714 -0.11948694419659511 -0.11952399780168621 -0.11956105063063927 -0.11959810268324511 -0.11963515395929236 -0.11967220445857141 -0.11970925418087086 -0.11974630312598289 -0.11978335129369411 -0.11982039868379579 -0.11985744529607656 -0.11989449113032635 -0.11993153618633423 -0.11996858046388814 -0.12000562396278003 -0.12004266668279673 -0.12007970862372774 -0.12011674978536124 -0.1201537901674885 -0.12019082976989592 -0.12022786859237322 -0.12026490663471012 -0.12030194389669324 -0.12033898037811186 -0.12037601607875481 -0.12041305099841093 -0.1204500851368675 -0.12048711849391358 -0.12052415106933667 -0.12056118286292561 -0.12059821387446856 -0.12063524410375459 -0.12067227355056853 -0.120709302214701 -0.12074633009593883 -0.12078335719406996 -0.12082038350888213 -0.12085740904016262 -0.1208944337877007 -0.120931457751281 -0.12096848093069212 -0.12100550332572313 -0.12104252493616041 -0.12107954576178903 -0.12111656580239893 -0.12115358505777651 -0.1211906035277086 -0.1212276212119816 -0.12126463811038368 -0.12130165422270056 -0.12133866954871952 -0.12137568408822696 -0.12141269784100972 -0.12144971080685596 -0.12148672298554897 -0.12152373437687825 -0.12156074498062774 -0.12159775479658674 -0.12163476382453764 -0.12167177206427082 -0.12170877951556847 -0.12174578617821963 -0.12178279205200893 -0.12181979713672231 -0.12185680143214639 -0.12189380493806645 -0.12193080765426734 -0.12196780958053721 -0.12200481071665914 -0.12204181106241974 -0.12207881061760473 -0.12211580938199917 -0.1221528073553877 -0.12218980453755734 -0.12222680092829075 -0.12226379652737651 -0.12230079133459704 -0.12233778534973849 -0.12237477857258483 -0.122411771002922 -0.12244876264053417 -0.12248575348520507 -0.12252274353672243 -0.12255973279486865 -0.12259672125942833 -0.12263370893018699 -0.12267069580692769 -0.1227076818894357 -0.12274466717749499 -0.12278165167088995 -0.12281863536940474 -0.12285561827282354 -0.12289260038093008 -0.12292958169350854 -0.12296656221034286 -0.12300354193121699 -0.12304052085591444 -0.12307749898421827 -0.12311447631591332 -0.12315145285078244 -0.12318842858860868 -0.1232254035291771 -0.12326237767226922 -0.12329935101767076 -0.12333632356516144 -0.1233732953145279 -0.12341026626555074 -0.12344723641801414 -0.12348420577170138 -0.12352117432639464 -0.12355814208187654 -0.12359510903793214 -0.12363207519433983 -0.12366904055088601 -0.12370600510735263 -0.12374296886352054 -0.12377993181917413 -0.12381689397409357 -0.12385385532806348 -0.12389081588086515 -0.1239277756322803 -0.12396473458209156 -0.12400169273008022 -0.12403865007603021 -0.12407560661972061 -0.12411256236093626 -0.12414951729945622 -0.1241864714350649 -0.12422342476754134 -0.12426037729666906 -0.12429732902222734 -0.1243342799439997 -0.12437123006176787 -0.12440817937531223 -0.1244451278844132 -0.12448207558885338 -0.12451902248841229 -0.1245559685828721 -0.12459291387201521 -0.12462985835561957 -0.12466680203346758 -0.12470374490534053 -0.12474068697101748 -0.12477762823028193 -0.12481456868291119 -0.12485150832868697 -0.124888447167391 -0.12492538519880214 -0.12496232242270122 -0.12499925883886864 -0.1250361944470848 -0.12507312924712877 -0.12511006323878293 -0.12514699642182436 -0.12518392879603457 -0.12522086036119262 -0.12525779111707935 -0.12529472106347406 -0.12533165020015602 -0.12536857852690608 -0.1254055060435011 -0.12544243274972278 -0.12547935864535043 -0.12551628373016288 -0.12555320800393877 -0.1255901314664587 -0.12562705411750041 -0.12566397595684475 -0.12570089698426745 -0.12573781719955135 -0.12577473660247285 -0.12581165519281146 -0.1258485729703458 -0.12588548993485382 -0.1259224060861155 -0.12595932142390964 -0.12599623594801157 -0.1260331496582041 -0.12607006255426256 -0.12610697463596487 -0.12614388590309122 -0.12618079635541957 -0.1262177059927252 -0.1262546148147896 -0.12629152282138967 -0.12632843001230198 -0.1263653363873054 -0.12640224194617744 -0.12643914668869627 -0.1264760506146383 -0.12651295372378124 -0.12654985601590418 -0.1265867574907833 -0.1266236581481952 -0.1266605579879183 -0.12669745700972923 -0.1267343552134057 -0.1267712525987248 -0.12680814916546157 -0.12684504491339532 -0.12688193984230245 -0.12691883395195913 -0.12695572724214177 -0.12699261971262765 -0.12702951136319385 -0.1270664021936152 -0.1271032922036699 -0.1271401813931341 -0.12717706976178356 -0.12721395730939467 -0.12725084403574272 -0.12728772994060567 -0.12732461502375791 -0.12736149928497653 -0.12739838272403725 -0.12743526534071536 -0.12747214713478794 -0.12750902810602827 -0.12754590825421452 -0.12758278757912156 -0.1276196660805231 -0.12765654375819757 -0.1276934206119189 -0.1277302966414613 -0.1277671718466027 -0.12780404622711572 -0.12784091978277612 -0.1278777925133605 -0.12791466441864174 -0.12795153549839533 -0.12798840575239634 -0.12802527518042073 -0.12806214378224112 -0.12809901155763415 -0.1281358785063722 -0.12817274462823258 -0.1282096099229859 -0.12824647439040993 -0.12828333803027792 -0.12832020084236473 -0.1283570628264421 -0.128393923982288 -0.12843078430967236 -0.12846764380837183 -0.12850450247815903 -0.12854136031880903 -0.12857821733009445 -0.12861507351179013 -0.12865192886366783 -0.12868878338550305 -0.12872563707706908 -0.12876248993813877 -0.1287993419684852 -0.12883619316788097 -0.12887304353610163 -0.12890989307291933 -0.1289467417781065 -0.1289835896514362 -0.1290204366926817 -0.12905728290161722 -0.12909412827801336 -0.1291309728216441 -0.12916781653228204 -0.12920465940969894 -0.12924150145366853 -0.12927834266396365 -0.12931518304035539 -0.12935202258261613 -0.12938886129051896 -0.12942569916383562 -0.12946253620233827 -0.12949937240579956 -0.12953620777399077 -0.12957304230668498 -0.1296098760036526 -0.12964670886466645 -0.12968354088949763 -0.1297203720779183 -0.12975720242969913 -0.12979403194461359 -0.1298308606224321 -0.12986768846292485 -0.12990451546586557 -0.12994134163102466 -0.12997816695817122 -0.13001499144708006 -0.13005181509751873 -0.13008863790925962 -0.13012545988207513 -0.13016228101573413 -0.13019910131000945 -0.1302359207646684 -0.13027273937948447 -0.13030955715422876 -0.13034637408866923 -0.13038319018257782 -0.1304200054357254 -0.13045681984788082 -0.1304936334188158 -0.13053044614830078 -0.13056725803610325 -0.13060406908199784 -0.1306408792857483 -0.13067768864713036 -0.13071449716591133 -0.1307513048418607 -0.13078811167474846 -0.13082491766434545 -0.13086172281041986 -0.1308985271127412 -0.13093533057107987 -0.1309721331852043 -0.1310089349548842 -0.13104573587988888 -0.13108253595998742 -0.13111933519494912 -0.1311561335845428 -0.1311929311285387 -0.13122972782670272 -0.13126652367880642 -0.13130331868461664 -0.13134011284390357 -0.13137690615643582 -0.13141369862198116 -0.13145049024030864 -0.131487281011186 -0.1315240709343828 -0.13156086000966627 -0.1315976482368042 -0.13163443561556587 -0.13167122214571947 -0.13170800782703207 -0.13174479265927297 -0.13178157664220747 -0.13181835977560552 -0.1318551420592351 -0.13189192349286305 -0.13192870407625623 -0.1319654838091835 -0.13200226269141235 -0.1320390407227099 -0.13207581790284273 -0.13211259423157995 -0.13214936970868596 -0.1321861443339294 -0.13222291810707865 -0.13225969102789836 -0.13229646309615628 -0.13233323431162125 -0.13237000467405746 -0.13240677418323132 -0.13244354283891147 -0.13248031064086407 -0.13251707758885445 -0.13255384368265144 -0.13259060892201768 -0.13262737330672358 -0.13266413683653155 -0.1327008995112111 -0.13273766133052622 -0.1327744222942444 -0.13281118240213052 -0.13284794165395075 -0.13288470004947106 -0.13292145758845608 -0.13295821427067467 -0.1329949700958888 -0.13303172506386574 -0.1330684791743706 -0.13310523242716998 -0.13314198482202766 -0.13317873635870914 -0.13321548703698105 -0.13325223685660648 -0.1332889858173516 -0.13332573391898217 -0.1333624811612628 -0.1333992275439564 -0.1334359730668302 -0.13347271772964797 -0.13350946153217436 -0.13354620447417376 -0.1335829465554117 -0.13361968777565147 -0.1336564281346586 -0.1336931676321953 -0.1337299062680286 -0.13376664404192073 -0.13380338095363653 -0.1338401170029404 -0.1338768521895961 -0.1339135865133665 -0.13395031997401663 -0.13398705257130894 -0.13402378430501005 -0.13406051517487994 -0.1340972451806859 -0.1341339743221881 -0.13417070259915098 -0.13420743001133872 -0.1342441565585144 -0.13428088224044177 -0.13431760705688212 -0.13435433100759964 -0.13439105409235808 -0.13442777631091873 -0.13446449766304647 -0.1345012181485017 -0.13453793776705036 -0.13457465651845135 -0.13461137440246973 -0.1346480914188688 -0.13468480756740853 -0.13472152284785355 -0.13475823725996383 -0.13479495080350445 -0.13483166347823472 -0.13486837528391993 -0.13490508622031983 -0.1349417962871955 -0.134978505484312 -0.13501521381142934 -0.13505192126830945 -0.1350886278547141 -0.1351253335704048 -0.1351620384151433 -0.1351987423886909 -0.13523544549080935 -0.13527214772125928 -0.13530884907980445 -0.13534554956620237 -0.13538224918021702 -0.1354189479216088 -0.1354556457901377 -0.13549234278556543 -0.1355290389076531 -0.13556573415616202 -0.13560242853085103 -0.13563912203148254 -0.1356758146578172 -0.13571250640961408 -0.1357491972866356 -0.13578588728864016 -0.13582257641538975 -0.1358592646666419 -0.13589595204216165 -0.13593263854170434 -0.13596932416503327 -0.13600600891190684 -0.1360426927820848 -0.13607937577532914 -0.13611605789139558 -0.13615273913004744 -0.13618941949104313 -0.1362260989741424 -0.13626277757910366 -0.13629945530568888 -0.13633613215365514 -0.13637280812276176 -0.13640948321276936 -0.1364461574234368 -0.13648283075452117 -0.13651950320578443 -0.13655617477698367 -0.1365928454678773 -0.13662951527822687 -0.1366661842077881 -0.13670285225632206 -0.13673951942358453 -0.13677618570933703 -0.13681285111333663 -0.13684951563534087 -0.13688617927510904 -0.1369228420324009 -0.1369595039069713 -0.1369961648985818 -0.13703282500698633 -0.13706948423194643 -0.13710614257321962 -0.13714280003056123 -0.13717945660373276 -0.13721611229248953 -0.1372527670965895 -0.13728942101578934 -0.1373260740498492 -0.13736272619852352 -0.13739937746157116 -0.13743602783874964 -0.13747267732981472 -0.13750932593452525 -0.137545973652637 -0.13758262048390923 -0.13761926642809552 -0.1376559114849556 -0.13769255565424388 -0.13772919893571922 -0.1377658413291356 -0.13780248283425367 -0.13783912345082516 -0.1378757631786116 -0.1379124020173652 -0.13794903996684438 -0.13798567702680486 -0.1380223131970011 -0.13805894847719236 -0.13809558286713353 -0.13813221636657946 -0.13816884897528814 -0.13820548069301086 -0.13824211151950916 -0.13827874145453478 -0.13831537049784526 -0.138351998649195 -0.1383886259083411 -0.13842525227503621 -0.13846187774903873 -0.1384985023301013 -0.13853512601798101 -0.1385717488124314 -0.13860837071320953 -0.1386449917200685 -0.13868161183276406 -0.1387182310510502 -0.13875484937468352 -0.1387914668034167 -0.13882808333700547 -0.13886469897520426 -0.13890131371776837 -0.13893792756444956 -0.13897454051500624 -0.13901115256918883 -0.13904776372675354 -0.13908437398745344 -0.13912098335104384 -0.13915759181727827 -0.13919419938590938 -0.13923080605669247 -0.1392674118293824 -0.13930401670373138 -0.1393406206794916 -0.13937722375641926 -0.139413825934267 -0.13945042721278833 -0.13948702759173548 -0.13952362707086197 -0.13956022564992399 -0.13959682332867196 -0.13963342010685764 -0.13967001598423767 -0.13970661096056158 -0.13974320503558513 -0.1397797982090596 -0.13981639048073813 -0.13985298185037198 -0.1398895723177156 -0.1399261618825216 -0.13996275054454088 -0.13999933830352695 -0.14003592515923202 -0.14007251111140784 -0.1401090961598075 -0.14014568030418184 -0.14018226354428354 -0.14021884587986522 -0.14025542731067775 -0.1402920078364729 -0.14032858745700416 -0.14036516617201977 -0.14040174398127503 -0.14043832088451902 -0.14047489688150483 -0.14051147197198333 -0.14054804615570582 -0.1405846194324223 -0.14062119180188581 -0.14065776326384727 -0.14069433381805574 -0.14073090346426476 -0.1407674722022234 -0.14080404003168434 -0.14084060695239664 -0.14087717296410984 -0.1409137380665788 -0.1409503022595504 -0.14098686554277595 -0.14102342791600764 -0.14105998937899278 -0.14109654993148357 -0.14113310957323 -0.14116966830398292 -0.1412062261234901 -0.14124278303150417 -0.14127933902777334 -0.1413158941120476 -0.14135244828407734 -0.14138900154361256 -0.14142555389040146 -0.14146210532419534 -0.14149865584474375 -0.141535205451794 -0.14157175414509515 -0.14160830192440033 -0.1416448487894555 -0.14168139474001018 -0.14171793977581526 -0.1417544838966167 -0.14179102710216718 -0.1418275693922113 -0.14186411076650174 -0.14190065122478623 -0.14193719076681077 -0.14197372939232666 -0.1420102671010821 -0.14204680389282487 -0.14208333976730314 -0.14211987472426602 -0.14215640876346125 -0.14219294188463705 -0.14222947408754072 -0.1422660053719227 -0.1423025357375276 -0.14233906518410633 -0.14237559371140396 -0.14241212131917003 -0.14244864800715273 -0.14248517377509762 -0.14252169862275244 -0.1425582225498676 -0.14259474555618556 -0.14263126764145806 -0.1426677888054293 -0.1427043090478497 -0.14274082836846258 -0.14277734676701836 -0.14281386424326037 -0.14285038079693946 -0.1428868964277985 -0.14292341113558793 -0.14295992492005194 -0.1429964377809374 -0.1430329497179912 -0.14306946073096105 -0.14310597081959076 -0.14314247998362806 -0.14317898822281938 -0.14321549553690982 -0.1432520019256467 -0.14328850738877685 -0.14332501192604363 -0.1433615155371939 -0.1433980182219745 -0.14343451998012968 -0.14347102081140628 -0.14350752071554984 -0.14354401969230457 -0.1435805177414191 -0.14361701486263323 -0.14365351105569824 -0.14369000632035434 -0.14372650065635062 -0.14376299406342952 -0.1437994865413379 -0.14383597808981907 -0.14387246870862125 -0.1439089583974842 -0.1439454471561561 -0.14398193498438117 -0.14401842188190273 -0.14405490784846542 -0.14409139288381523 -0.14412787698769547 -0.14416436015985168 -0.14420084240002717 -0.14423732370796483 -0.14427380408340928 -0.14431028352610697 -0.14434676203579855 -0.14438323961223043 -0.14441971625514372 -0.14445619196428572 -0.14449266673939754 -0.14452914058022337 -0.14456561348650698 -0.14460208545799036 -0.14463855649441992 -0.14467502659553588 -0.14471149576108333 -0.14474796399080425 -0.14478443128444152 -0.14482089764174155 -0.14485736306244235 -0.14489382754629032 -0.14493029109302658 -0.14496675370239398 -0.14500321537413585 -0.14503967610799462 -0.14507613590371227 -0.1451125947610321 -0.1451490526796957 -0.14518550965944543 -0.14522196570002333 -0.14525842080117357 -0.1452948749626355 -0.14533132818415195 -0.1453677804654654 -0.14540423180631823 -0.14544068220645112 -0.14547713166560516 -0.14551358018352323 -0.14555002775994685 -0.14558647439461803 -0.1456229200872765 -0.14565936483766606 -0.14569580864552556 -0.14573225151059654 -0.14576869343262233 -0.1458051344113418 -0.14584157444649692 -0.14587801353782703 -0.145914451685075 -0.1459508888879819 -0.14598732514628665 -0.1460237604597303 -0.14606019482805488 -0.14609662825099923 -0.14613306072830445 -0.1461694922597112 -0.14620592284495926 -0.14624235248378792 -0.14627878117594006 -0.14631520892115235 -0.14635163571916765 -0.14638806156972484 -0.14642448647256323 -0.14646091042742304 -0.14649733343404447 -0.1465337554921664 -0.14657017660152727 -0.1466065967618686 -0.14664301597293017 -0.14667943423444907 -0.1467158515461664 -0.14675226790782103 -0.14678868331915096 -0.14682509777989683 -0.14686151128979663 -0.14689792384858924 -0.14693433545601442 -0.14697074611180883 -0.14700715581571355 -0.14704356456746615 -0.14707997236680503 -0.14711637921346998 -0.1471527851071972 -0.1471891900477278 -0.1472255940347975 -0.14726199706814436 -0.14729839914750853 -0.1473348002726267 -0.14737120044323682 -0.14740759965907824 -0.14744399791988716 -0.14748039522540157 -0.14751679157535946 -0.14755318696949837 -0.14758958140755718 -0.14762597488926987 -0.14766236741437666 -0.14769875898261597 -0.14773514959372225 -0.14777153924743214 -0.1478079279434863 -0.14784431568162004 -0.1478807024615687 -0.1479170882830707 -0.14795347314586182 -0.14798985704968182 -0.1480262399942629 -0.14806262197934617 -0.14809900300466383 -0.1481353830699561 -0.14817176217495653 -0.1482081403194031 -0.1482445175030307 -0.14828089372557685 -0.14831726898677688 -0.14835364328636658 -0.14839001662408302 -0.1484263889996602 -0.14846276041283657 -0.1484991308633452 -0.14853550035092322 -0.1485718688753046 -0.14860823643622734 -0.14864460303342542 -0.1486809686666346 -0.14871733333558845 -0.1487536970400245 -0.14879005977967852 -0.14882642155428227 -0.1488627823635711 -0.1488991422072834 -0.14893550108515186 -0.1489718589969109 -0.14900821594229585 -0.14904457192104115 -0.14908092693288122 -0.14911728097755095 -0.14915363405478388 -0.14918998616431578 -0.14922633730587975 -0.14926268747920934 -0.14929903668404076 -0.14933538492010667 -0.14937173218714017 -0.14940807848487658 -0.14944442381305034 -0.1494807681713941 -0.14951711155964142 -0.14955345397752584 -0.1495897954247809 -0.1496261359011397 -0.14966247540633804 -0.14969881394010676 -0.1497351515021803 -0.14977148809228957 -0.14980782371017254 -0.1498441583555561 -0.14988049202817733 -0.14991682472776713 -0.1499531564540595 -0.14998948720678706 -0.15002581698568207 -0.1500621457904776 -0.15009847362090456 -0.1501348004766978 -0.15017112635758778 -0.15020745126330848 -0.1502437751935899 -0.15028009814816512 -0.1503164201267677 -0.15035274112912633 -0.15038906115497808 -0.15042538020404894 -0.1504616982760738 -0.15049801537078578 -0.15053433148791306 -0.15057064662718833 -0.1506069607883438 -0.1506432739711121 -0.15067958617522148 -0.15071589740040547 -0.15075220764639452 -0.1507885169129204 -0.15082482519971308 -0.15086113250650302 -0.15089743883302198 -0.15093374417900307 -0.15097004854417273 -0.1510063519282645 -0.1510426543310075 -0.15107895575213437 -0.15111525619137334 -0.15115155564845573 -0.15118785412311153 -0.15122415161507075 -0.1512604481240638 -0.15129674364982115 -0.15133303819207145 -0.15136933175054734 -0.15140562432497617 -0.15144191591508838 -0.15147820652061394 -0.15151449614128243 -0.15155078477682427 -0.15158707242696812 -0.15162335909144176 -0.1516596447699765 -0.15169592946230237 -0.15173221316814578 -0.15176849588723806 -0.15180477761930877 -0.15184105836408524 -0.15187733812129478 -0.1519136168906714 -0.15194989467193887 -0.15198617146482896 -0.1520224472690681 -0.1520587220843863 -0.1520949959105109 -0.15213126874717098 -0.15216754059409565 -0.15220381145101136 -0.1522400813176481 -0.15227635019373187 -0.1523126180789922 -0.15234888497315646 -0.15238515087595284 -0.1524214157871091 -0.1524576797063526 -0.15249394263341198 -0.1525302045680137 -0.1525664655098855 -0.15260272545875386 -0.15263898441434787 -0.1526752423763944 -0.15271149934461992 -0.15274775531875218 -0.15278401029851763 -0.15282026428364315 -0.15285651727385785 -0.15289276926888506 -0.15292902026845434 -0.15296527027229034 -0.15300151928012085 -0.15303776729167273 -0.1530740143066711 -0.15311026032484376 -0.15314650534591578 -0.15318274936961407 -0.1532189923956646 -0.1532552344237943 -0.15329147545372646 -0.15332771548519109 -0.15336395451791107 -0.15340019255161197 -0.15343642958602333 -0.15347266562086537 -0.1535089006558663 -0.1535451346907526 -0.15358136772524844 -0.1536175997590803 -0.1536538307919706 -0.15369006082364756 -0.15372628985383452 -0.15376251788225792 -0.15379874490864065 -0.15383497093271092 -0.1538711959541903 -0.15390741997280522 -0.1539436429882799 -0.15397986500033944 -0.1540160860087063 -0.15405230601310738 -0.15408852501326642 -0.15412474300890766 -0.15416095999975354 -0.15419717598553095 -0.15423339096596278 -0.15426960494077324 -0.15430581790968478 -0.15434202987242474 -0.154378240828712 -0.15441445077827431 -0.15445065972083416 -0.15448686765611397 -0.15452307458383885 -0.1545592805037308 -0.15459548541551493 -0.15463168931891058 -0.1546678922136464 -0.15470409409944086 -0.15474029497602038 -0.15477649484310563 -0.1548126937004204 -0.1548488915476871 -0.1548850883846291 -0.1549212842109684 -0.1549574790264283 -0.1549936728307304 -0.15502986562359666 -0.15506605740475177 -0.15510224817391594 -0.15513843793081117 -0.1551746266751608 -0.1552108144066877 -0.15524700112511214 -0.1552831868301543 -0.15531937152154018 -0.15535555519898958 -0.1553917378622236 -0.15542791951096468 -0.15546410014493306 -0.1555002797638525 -0.15553645836744368 -0.15557263595542548 -0.1556088125275208 -0.15564498808345206 -0.15568116262293907 -0.15571733614570205 -0.15575350865146387 -0.15578968013994343 -0.15582585061086363 -0.15586202006394245 -0.1558981884989019 -0.15593435591546445 -0.15597052231334763 -0.1560066876922721 -0.15604285205196033 -0.15607901539213076 -0.15611517771250272 -0.15615133901279954 -0.15618749929273923 -0.15622365855204112 -0.15625981679042678 -0.1562959740076133 -0.1563321302033236 -0.1563682853772752 -0.1564044395291897 -0.15644059265878285 -0.15647674476577755 -0.1565128958498927 -0.15654904591084762 -0.15658519494835899 -0.15662134296214836 -0.1566574899519333 -0.1566936359174349 -0.1567297808583703 -0.15676592477445883 -0.15680206766541982 -0.1568382095309695 -0.1568743503708303 -0.1569104901847176 -0.15694662897235068 -0.1569827667334489 -0.1570189034677294 -0.15705503917491193 -0.15709117385471139 -0.1571273075068489 -0.15716344013104155 -0.1571995717270065 -0.1572357022944626 -0.1572718318331292 -0.157307960342719 -0.1573440878229544 -0.1573802142735512 -0.15741633969422697 -0.15745246408469704 -0.15748858744468208 -0.15752470977389832 -0.15756083107206242 -0.15759695133889107 -0.15763307057410048 -0.15766918877740999 -0.15770530594853538 -0.15774142208719333 -0.1577775371931005 -0.15781365126597358 -0.15784976430552833 -0.15788587631148232 -0.15792198728355178 -0.15795809722145204 -0.15799420612490023 -0.15803031399361256 -0.15806642082730527 -0.15810252662569413 -0.15813863138849404 -0.15817473511542346 -0.1582108378061946 -0.15824693946052637 -0.15828304007813365 -0.15831913965873 -0.15835523820203345 -0.15839133570775754 -0.15842743217561983 -0.15846352760533255 -0.15849962199661283 -0.15853571534917643 -0.15857180766273649 -0.15860789893700789 -0.1586439891717082 -0.15868007836655007 -0.15871616652124887 -0.15875225363551726 -0.15878833970907325 -0.1588244247416286 -0.15886050873290003 -0.15889659168259884 -0.15893267359044216 -0.1589687544561431 -0.15900483427941525 -0.15904091305997392 -0.1590769907975309 -0.15911306749180154 -0.15914914314250028 -0.15918521774934158 -0.15922129131203544 -0.15925736383029898 -0.15929343530384266 -0.1593295057323849 -0.15936557511563176 -0.15940164345330254 -0.15943771074510815 -0.1594737769907617 -0.15950984218997677 -0.15954590634246602 -0.15958196944794256 -0.15961803150611908 -0.1596540925167087 -0.15969015247942187 -0.15972621139397436 -0.15976226926007664 -0.15979832607744182 -0.15983438184578258 -0.1598704365648107 -0.15990649023423886 -0.15994254285377707 -0.15997859442314066 -0.16001464494204054 -0.1600506944101876 -0.16008674282729318 -0.16012279019306996 -0.16015883650723062 -0.16019488176948604 -0.16023092597954713 -0.16026696913712613 -0.16030301124193258 -0.16033905229368006 -0.16037509229207947 -0.16041113123683992 -0.16044716912767454 -0.16048320596429377 -0.16051924174640853 -0.1605552764737288 -0.1605913101459664 -0.16062734276283175 -0.16066337432403488 -0.16069940482928713 -0.16073543427829806 -0.16077146267077858 -0.16080749000643912 -0.16084351628498927 -0.16087954150614037 -0.1609155656695993 -0.16095158877508098 -0.16098761082229274 -0.16102363181094237 -0.161059651740743 -0.16109567061140195 -0.1611316884226306 -0.1611677051741376 -0.16120372086563295 -0.1612397354968249 -0.16127574906742215 -0.161311761577136 -0.1613477730256747 -0.1613837834127474 -0.16141979273806184 -0.16145580100132984 -0.1614918082022574 -0.16152781434055363 -0.161563819415929 -0.16159982342808998 -0.161635826376747 -0.16167182826160564 -0.1617078290823768 -0.1617438288387696 -0.1617798275304887 -0.1618158251572459 -0.16185182171874635 -0.16188781721469958 -0.1619238116448143 -0.16195980500879648 -0.16199579730635483 -0.16203178853719535 -0.16206777870102762 -0.16210376779755897 -0.1621397558264963 -0.16217574278754654 -0.16221172868041878 -0.1622477135048177 -0.162283697260452 -0.16231967994702856 -0.1623556615642543 -0.1623916421118361 -0.16242762158948 -0.1624635999968942 -0.1624995773337834 -0.1625355535998554 -0.1625715287948184 -0.16260750291837534 -0.16264347597023487 -0.16267944795010214 -0.16271541885768492 -0.16275138869268702 -0.16278735745481576 -0.1628233251437785 -0.16285929175927816 -0.16289525730102294 -0.16293122176871755 -0.16296718516206798 -0.16300314748077804 -0.16303910872455596 -0.16307506889310552 -0.1631110279861332 -0.16314698600334188 -0.1631829429444407 -0.16321889880913165 -0.16325485359712033 -0.1632908073081114 -0.16332675994181045 -0.16336271149792436 -0.16339866197615294 -0.16343461137620396 -0.16347055969778168 -0.1635065069405912 -0.1635424531043359 -0.16357839818871955 -0.1636143421934464 -0.163650285118222 -0.16368622696275148 -0.16372216772673553 -0.16375810740987973 -0.16379404601188918 -0.16382998353246503 -0.16386591997131328 -0.16390185532813684 -0.1639377896026386 -0.1639737227945215 -0.16400965490349195 -0.16404558592924978 -0.164081515871501 -0.16411744472994627 -0.1641533725042903 -0.16418929919423642 -0.16422522479948443 -0.16426114931974212 -0.16429707275470928 -0.16433299510408705 -0.16436891636758144 -0.16440483654489402 -0.16444075563572635 -0.16447667363978047 -0.16451259055675926 -0.1645485063863652 -0.16458442112830163 -0.1646203347822679 -0.1646562473479678 -0.1646921588251038 -0.1647280692133748 -0.16476397851248636 -0.16479988672213697 -0.1648357938420295 -0.1648716998718669 -0.16490760481134714 -0.16494350866017582 -0.16497941141804962 -0.1650153130846741 -0.16505121365974817 -0.16508711314297253 -0.16512301153405007 -0.16515890883267925 -0.1651948050385612 -0.1652307001513984 -0.16526659417089107 -0.16530248709673856 -0.16533837892864156 -0.1653742696663021 -0.16541015930941816 -0.16544604785769268 -0.16548193531082322 -0.16551782166851092 -0.16555370693045734 -0.16558959109636007 -0.16562547416591933 -0.16566135613883715 -0.16569723701481065 -0.16573311679353964 -0.16576899547472612 -0.16580487305806724 -0.16584074954326233 -0.1658766249300121 -0.16591249921801454 -0.1659483724069699 -0.16598424449657623 -0.16602011548653373 -0.16605598537653998 -0.16609185416629435 -0.16612772185549662 -0.1661635884438426 -0.16619945393103608 -0.1662353183167702 -0.16627118160074472 -0.16630704378266126 -0.16634290486221426 -0.16637876483910308 -0.16641462371302662 -0.1664504814836838 -0.1664863381507682 -0.16652219371398358 -0.16655804817302444 -0.16659390152758835 -0.16662975377737466 -0.16666560492207871 -0.16670145496139943 -0.16673730389503483 -0.16677315172268026 -0.16680899844403552 -0.16684484405879552 -0.16688068856665872 -0.1669165319673218 -0.16695237426048237 -0.16698821544583486 -0.16702405552307864 -0.16705989449191083 -0.16709573235202502 -0.1671315691031201 -0.16716740474489278 -0.16720323927703706 -0.16723907269925142 -0.16727490501123166 -0.16731073621267445 -0.1673465663032747 -0.16738239528272914 -0.16741822315073307 -0.1674540499069832 -0.16748987555117445 -0.1675257000830026 -0.16756152350216436 -0.16759734580835373 -0.1676331670012674 -0.16766898708059852 -0.16770480604604598 -0.16774062389730293 -0.16777644063406338 -0.16781225625602403 -0.16784807076287978 -0.1678838841543242 -0.167919696430054 -0.1679555075897632 -0.16799131763314534 -0.1680271265598967 -0.16806293436970954 -0.1680987410622814 -0.16813454663730276 -0.16817035109447254 -0.16820615443347942 -0.16824195665402186 -0.1682777577557939 -0.16831355773848555 -0.1683493566017935 -0.1683851543454118 -0.16842095096903353 -0.16845674647235231 -0.16849254085506127 -0.16852833411685397 -0.168564126257424 -0.16859991727646495 -0.1686357071736686 -0.16867149594873077 -0.1687072836013428 -0.16874307013119738 -0.16877885553798855 -0.16881463982140765 -0.16885042298114783 -0.1688862050169031 -0.1689219859283635 -0.16895776571522436 -0.16899354437717662 -0.16902932191391296 -0.16906509832512473 -0.16910087361050596 -0.16913664776974757 -0.16917242080254002 -0.16920819270857912 -0.1692439634875531 -0.16927973313915556 -0.1693155016630774 -0.16935126905901088 -0.1693870353266469 -0.16942280046567815 -0.16945856447579422 -0.1694943273566878 -0.16953008910805023 -0.16956584972957156 -0.16960160922094225 -0.16963736758185455 -0.16967312481200025 -0.16970888091106895 -0.16974463587875022 -0.16978038971473675 -0.16981614241871856 -0.16985189399038658 -0.16988764442942994 -0.16992339373553955 -0.16995914190840633 -0.16999488894771853 -0.17003063485316883 -0.17006637962444504 -0.17010212326123986 -0.17013786576323975 -0.17017360713013563 -0.17020934736161886 -0.17024508645737768 -0.17028082441710124 -0.17031656124048045 -0.17035229692720222 -0.17038803147695836 -0.17042376488943667 -0.1704594971643254 -0.1704952283013177 -0.17053095830009868 -0.1705666871603584 -0.17060241488178463 -0.17063814146406697 -0.1706738669068959 -0.1707095912099561 -0.17074531437293938 -0.17078103639553222 -0.17081675727742374 -0.1708524770183022 -0.17088819561785584 -0.17092391307577337 -0.1709596293917408 -0.17099534456544774 -0.17103105859657974 -0.17106677148482907 -0.1711024832298782 -0.1711381938314207 -0.17117390328913817 -0.1712096116027202 -0.17124531877185456 -0.1712810247962282 -0.1713167296755289 -0.17135243340944406 -0.17138813599765923 -0.17142383743986178 -0.17145953773573996 -0.17149523688497936 -0.17153093488726556 -0.17156663174228814 -0.1716023274497318 -0.17163802200928302 -0.17167371542062826 -0.1717094076834531 -0.17174509879744582 -0.1717807887622902 -0.17181647757767537 -0.17185216524328428 -0.17188785175880383 -0.1719235371239205 -0.17195922133831854 -0.1719949044016853 -0.17203058631370505 -0.17206626707406514 -0.17210194668244894 -0.17213762513854292 -0.17217330244203044 -0.1722089785926002 -0.1722446535899338 -0.17228032743371813 -0.17231600012363746 -0.17235167165937737 -0.17238734204062123 -0.1724230112670564 -0.172458679338364 -0.17249434625423188 -0.17253001201434204 -0.17256567661837963 -0.17260134006602845 -0.1726370023569741 -0.17267266349089905 -0.17270832346748843 -0.1727439822864265 -0.1727796399473953 -0.17281529645007998 -0.1728509517941652 -0.17288660597933259 -0.1729222590052668 -0.1729579108716508 -0.17299356157816836 -0.17302921112450242 -0.1730648595103368 -0.17310050673535438 -0.17313615279923722 -0.17317179770167046 -0.1732074414423348 -0.17324308402091493 -0.17327872543709066 -0.17331436569054848 -0.1733500047809673 -0.17338564270803403 -0.17342127947142716 -0.17345691507082828 -0.17349254950592474 -0.1735281827763937 -0.17356381488191985 -0.1735994458221839 -0.1736350755968683 -0.17367070420565556 -0.1737063316482268 -0.1737419579242636 -0.17377758303344626 -0.1738132069754581 -0.17384882974998206 -0.17388445135669572 -0.17392007179528157 -0.17395569106542252 -0.17399130916679884 -0.17402692609908899 -0.174062541861979 -0.1740981564551456 -0.17413376987827167 -0.17416938213103528 -0.17420499321311933 -0.17424060312420453 -0.17427621186396847 -0.17431181943209628 -0.1743474258282638 -0.1743830310521548 -0.17441863510344513 -0.17445423798181814 -0.17448983968695364 -0.17452544021853056 -0.1745610395762287 -0.1745966377597279 -0.17463223476870793 -0.17466783060284818 -0.17470342526182847 -0.1747390187453277 -0.17477461105302483 -0.17481020218460097 -0.1748457921397324 -0.17488138091809935 -0.1749169685193821 -0.1749525549432578 -0.17498814018940667 -0.1750237242575059 -0.17505930714723528 -0.1750948888582733 -0.17513046939029797 -0.1751660487429878 -0.17520162691602037 -0.1752372039090755 -0.1752727797218303 -0.1753083543539633 -0.17534392780515207 -0.1753795000750733 -0.1754150711634077 -0.17545064106983155 -0.17548620979402196 -0.17552177733565655 -0.17555734369441378 -0.17559290886996903 -0.17562847286200212 -0.1756640356701893 -0.1756995972942068 -0.17573515773373405 -0.17577071698844593 -0.1758062750580187 -0.17584183194213132 -0.17587738764045824 -0.1759129421526784 -0.17594849547846758 -0.17598404761750253 -0.17601959856945992 -0.1760551483340138 -0.17609069691084223 -0.17612624429962098 -0.17616179050002767 -0.17619733551173544 -0.1762328793344219 -0.1762684219677637 -0.1763039634114354 -0.17633950366511275 -0.17637504272846982 -0.17641058060118509 -0.1764461172829317 -0.1764816527733868 -0.17651718707222486 -0.17655272017911994 -0.1765882520937483 -0.17662378281578528 -0.17665931234490362 -0.17669484068078178 -0.17673036782309115 -0.17676589377150842 -0.17680141852570674 -0.17683694208536282 -0.17687246445014848 -0.17690798561973908 -0.17694350559380867 -0.1769790243720326 -0.1770145419540845 -0.17705005833963838 -0.17708557352836563 -0.17712108751994338 -0.17715660031404434 -0.17719211191034168 -0.17722762230850897 -0.1772631315082216 -0.1772986395091496 -0.17733414631096966 -0.17736965191335274 -0.1774051563159733 -0.17744065951850407 -0.1774761615206173 -0.17751166232198745 -0.1775471619222868 -0.1775826603211863 -0.17761815751836174 -0.1776536535134836 -0.17768914830622418 -0.17772464189625747 -0.17776013428325532 -0.1777956254668882 -0.17783111544682972 -0.17786660422275347 -0.17790209179432992 -0.17793757816122957 -0.17797306332312646 -0.17800854727969195 -0.17804403003059655 -0.1780795115755125 -0.17811499191411206 -0.17815047104606618 -0.17818594897104578 -0.17822142568872223 -0.1782569011987678 -0.1782923755008512 -0.17832784859464512 -0.1783633204798205 -0.17839879115604962 -0.17843426062299939 -0.1784697288803434 -0.17850519592775171 -0.17854066176489392 -0.1785761263914405 -0.17861158980706415 -0.17864705201143227 -0.17868251300421623 -0.17871797278508472 -0.1787534313537118 -0.17878888870976306 -0.178824344852909 -0.1788597997828214 -0.17889525349916768 -0.17893070600162053 -0.17896615728984555 -0.17900160736351456 -0.17903705622229626 -0.17907250386586115 -0.17910795029387572 -0.17914339550601177 -0.17917883950193536 -0.1792142822813183 -0.17924972384382798 -0.17928516418913265 -0.17932060331690325 -0.17935604122680582 -0.1793914779185104 -0.17942691339168437 -0.1794623476459969 -0.17949778068111533 -0.17953321249670884 -0.1795686430924439 -0.17960407246799015 -0.17963950062301492 -0.17967492755718695 -0.17971035327017137 -0.1797457777616387 -0.1797812010312554 -0.1798166230786884 -0.17985204390360554 -0.1798874635056733 -0.17992288188456085 -0.17995829903993332 -0.17999371497146033 -0.1800291296788048 -0.1800645431616381 -0.1800999554196241 -0.1801353664524301 -0.18017077625972266 -0.18020618484116957 -0.18024159219643598 -0.18027699832518795 -0.18031240322709374 -0.18034780690181895 -0.1803832093490274 -0.18041861056838782 -0.18045401055956445 -0.18048940932222424 -0.18052480685603323 -0.18056020316065435 -0.18059559823575722 -0.18063099208100475 -0.18066638469606477 -0.18070177608059979 -0.1807371662342767 -0.18077255515676072 -0.1808079428477165 -0.18084332930680835 -0.1808787145337023 -0.18091409852806306 -0.1809494812895558 -0.18098486281784432 -0.18102024311259335 -0.18105562217346938 -0.18109100000013267 -0.18112637659225062 -0.18116175194948791 -0.1811971260715084 -0.18123249895797366 -0.18126787060854843 -0.18130324102290096 -0.18133861020069064 -0.1813739781415813 -0.1814093448452394 -0.18144471031132703 -0.18148007453950754 -0.18151543752944344 -0.18155079928079987 -0.18158615979323844 -0.181621519066423 -0.1816568771000182 -0.1816922338936835 -0.18172758944708622 -0.18176294375988444 -0.18179829683174464 -0.18183364866232798 -0.18186899925129696 -0.18190434859831361 -0.18193969670304133 -0.18197504356514393 -0.1820103891842808 -0.18204573356011267 -0.18208107669230733 -0.18211641858052285 -0.1821517592244204 -0.1821870986236629 -0.18222243677791328 -0.18225777368683138 -0.18229310935008058 -0.18232844376732027 -0.18236377693821204 -0.18239910886242017 -0.1824344395396018 -0.18246976896942035 -0.18250509715153562 -0.182540424085611 -0.18257574977130409 -0.1826110742082787 -0.18264639739619204 -0.18268171933470878 -0.182717040023487 -0.1827523594621865 -0.18278767765047021 -0.18282299458799534 -0.182858310274423 -0.18289362470941617 -0.1829289378926311 -0.1829642498237285 -0.18299956050237132 -0.18303486992821405 -0.18307017810091963 -0.18310548502014834 -0.18314079068555866 -0.1831760950968082 -0.18321139825355948 -0.18324670015546873 -0.18328200080219847 -0.18331730019340498 -0.18335259832874717 -0.18338789520788534 -0.18342319083047842 -0.18345848519618402 -0.18349377830466151 -0.1835290701555672 -0.18356436074856353 -0.18359965008330725 -0.1836349381594542 -0.18367022497666685 -0.18370551053460105 -0.1837407948329144 -0.18377607787126493 -0.18381135964931117 -0.18384664016670982 -0.1838819194231207 -0.18391719741819967 -0.18395247415160476 -0.18398774962299358 -0.1840230238320224 -0.18405829677835017 -0.1840935684616336 -0.18412883888152765 -0.1841641080376939 -0.1841993759297833 -0.18423464255745747 -0.18426990792037223 -0.18430517201818208 -0.18434043485054552 -0.18437569641711749 -0.18441095671755647 -0.18444621575151832 -0.1844814735186584 -0.18451673001863256 -0.1845519852510984 -0.18458723921570908 -0.1846224919121231 -0.1846577433399963 -0.18469299349898316 -0.18472824238873953 -0.18476349000892078 -0.1847987363591832 -0.18483398143918128 -0.1848692252485704 -0.18490446778700598 -0.1849397090541438 -0.18497494904963707 -0.18501018777314293 -0.18504542522431366 -0.18508066140280865 -0.18511589630827663 -0.18515112994037564 -0.18518636229875884 -0.18522159338308297 -0.1852568231930003 -0.18529205172816443 -0.1853272789882312 -0.18536250497285378 -0.18539772968168622 -0.18543295311438346 -0.18546817527059822 -0.1855033961499828 -0.18553861575219388 -0.18557383407688333 -0.18560905112370518 -0.18564426689231217 -0.1856794813823579 -0.18571469459349554 -0.18574990652537782 -0.1857851171776579 -0.18582032654999026 -0.1858555346420263 -0.18589074145341833 -0.18592594698381948 -0.18596115123288293 -0.18599635420025962 -0.18603155588560583 -0.18606675628856717 -0.18610195540880214 -0.18613715324596036 -0.18617234979969366 -0.18620754506965564 -0.18624273905549638 -0.18627793175686858 -0.1863131231734223 -0.18634831330481338 -0.18638350215068789 -0.18641868971070163 -0.18645387598450425 -0.1864890609717449 -0.1865242446720794 -0.1865594270851565 -0.18659460821062535 -0.18662978804814 -0.18666496659734966 -0.18670014385790612 -0.186735319829459 -0.1867704945116584 -0.18680566790415432 -0.18684084000660128 -0.18687601081864536 -0.1869111803399397 -0.18694634857013126 -0.1869815155088732 -0.18701668115581338 -0.18705184551060183 -0.1870870085728913 -0.18712217034232692 -0.187157330818561 -0.18719249000124272 -0.18722764789002255 -0.18726280448454657 -0.18729795978446795 -0.18733311378943318 -0.18736826649909322 -0.18740341791309545 -0.18743856803108816 -0.18747371685272407 -0.18750886437764835 -0.18754401060550974 -0.18757915553596005 -0.18761429916864403 -0.18764944150321083 -0.18768458253931009 -0.18771972227659228 -0.1877548607146977 -0.18778999785328265 -0.18782513369199139 -0.18786026823047086 -0.18789540146837158 -0.1879305334053396 -0.18796566404102233 -0.18800079337506936 -0.1880359214071241 -0.18807104813683706 -0.18810617356385562 -0.1881412976878245 -0.18817642050839378 -0.18821154202520862 -0.18824666223791686 -0.18828178114616412 -0.18831689874959645 -0.18835201504786347 -0.18838713004060947 -0.18842224372748184 -0.18845735610812664 -0.18849246718219037 -0.1885275769493182 -0.18856268540915755 -0.18859779256135534 -0.18863289840555364 -0.18866800294140118 -0.18870310616854447 -0.1887382080866269 -0.18877330869529674 -0.18880840799419696 -0.18884350598297361 -0.18887860266127277 -0.18891369802873914 -0.18894879208501836 -0.1889838848297547 -0.18901897626259245 -0.18905406638317768 -0.18908915519115643 -0.18912424268617167 -0.1891593288678668 -0.18919441373588963 -0.1892294972898827 -0.18926457952949027 -0.1892996604543553 -0.18933474006412476 -0.1893698183584429 -0.18940489533695004 -0.18943997099929266 -0.1894750453451146 -0.1895101183740593 -0.18954519008577098 -0.18958026047989218 -0.18961532955606453 -0.18965039731393674 -0.18968546375314688 -0.18972052887334012 -0.1897555926741603 -0.1897906551552495 -0.18982571631625111 -0.18986077615680896 -0.1898958346765638 -0.18993089187515766 -0.18996594775223574 -0.19000100230743966 -0.19003605554041147 -0.19007110745079192 -0.1901061580382266 -0.19014120730235495 -0.1901762552428199 -0.19021130185926483 -0.1902463471513287 -0.19028139111865539 -0.19031643376088514 -0.1903514750776618 -0.19038651506862259 -0.19042155373341574 -0.19045659107167667 -0.1904916270830488 -0.19052666176717192 -0.19056169512369037 -0.1905967271522413 -0.1906317578524681 -0.19066678722400976 -0.19070181526650876 -0.1907368419796054 -0.19077186736293772 -0.19080689141615137 -0.1908419141388813 -0.19087693553076956 -0.1909119555914578 -0.19094697432058583 -0.1909819917177913 -0.19101700778271624 -0.1910520225149992 -0.19108703591428133 -0.19112204798020205 -0.19115705871239985 -0.1911920681105146 -0.19122707617418522 -0.19126208290305247 -0.19129708829675396 -0.19133209235492998 -0.1913670950772195 -0.19140209646325967 -0.1914370965126917 -0.19147209522515274 -0.19150709260028176 -0.1915420886377177 -0.1915770833371 -0.19161207669806313 -0.19164706872025006 -0.1916820594032962 -0.19171704874684048 -0.19175203675052233 -0.1917870234139767 -0.1918220087368443 -0.1918569927187619 -0.19189197535936486 -0.19192695665829396 -0.1919619366151868 -0.19199691522967788 -0.1920318925014075 -0.1920668684300102 -0.1921018430151249 -0.1921368162563879 -0.19217178815343816 -0.19220675870590886 -0.19224172791343852 -0.19227669577566608 -0.19231166229222207 -0.19234662746275077 -0.19238159128688403 -0.1924165537642577 -0.19245151489451118 -0.19248647467727675 -0.19252143311219383 -0.19255639019889603 -0.19259134593702054 -0.19262630032620187 -0.19266125336607764 -0.19269620505628193 -0.19273115539645103 -0.19276610438621855 -0.19280105202522435 -0.19283599831309806 -0.1928709432494773 -0.19290588683399834 -0.19294082906629484 -0.1929757699460013 -0.19301070947275312 -0.19304564764618704 -0.19308058446593135 -0.19311551993162768 -0.19315045404290787 -0.19318538679940467 -0.19322031820075436 -0.19325524824659102 -0.19329017693654515 -0.19332510427025618 -0.1933600302473537 -0.19339495486747582 -0.19342987813025214 -0.19346480003531719 -0.1934997205823059 -0.19353463977085106 -0.19356955760058536 -0.19360447407114245 -0.1936393891821555 -0.1936743029332586 -0.19370921532408314 -0.19374412635426186 -0.19377903602343016 -0.19381394433121812 -0.19384885127725893 -0.1938837568611853 -0.1939186610826309 -0.19395356394122665 -0.19398846543660353 -0.19402336556839606 -0.19405826433623607 -0.1940931617397541 -0.19412805777858289 -0.1941629524523556 -0.19419784576070143 -0.1942327377032549 -0.1942676282796425 -0.19430251748950145 -0.1943374053324618 -0.1943722918081514 -0.1944071769162048 -0.19444206065625114 -0.1944769430279223 -0.19451182403084966 -0.1945467036646633 -0.19458158192899377 -0.19461645882347245 -0.19465133434772897 -0.19468620850139562 -0.19472108128410026 -0.19475595269547297 -0.19479082273514736 -0.19482569140275086 -0.19486055869791352 -0.19489542462026455 -0.19493028916943622 -0.19496515234505818 -0.19500001414675516 -0.19503487457416302 -0.19506973362690783 -0.19510459130461966 -0.19513944760692592 -0.19517430253345935 -0.19520915608384648 -0.19524400825771782 -0.19527885905470033 -0.19531370847442542 -0.19534855651651917 -0.1953834031806112 -0.1954182484663307 -0.19545309237330555 -0.19548793490116267 -0.1955227760495326 -0.1955576158180432 -0.195592454206321 -0.19562729121399558 -0.19566212684069395 -0.19569696108604395 -0.19573179394967477 -0.1957666254312107 -0.19580145553028316 -0.19583628424651645 -0.1958711115795393 -0.1959059375289791 -0.19594076209446243 -0.1959755852756162 -0.19601040707206874 -0.19604522748344477 -0.1960800465093726 -0.1961148641494792 -0.19614968040339154 -0.196184495270733 -0.19621930875113414 -0.1962541208442179 -0.19628893154961213 -0.19632374086694293 -0.1963585487958368 -0.19639335533591806 -0.19642816048681455 -0.19646296424815057 -0.19649776661955087 -0.1965325676006442 -0.19656736719105394 -0.1966021653904071 -0.19663696219832705 -0.19667175761443856 -0.19670655163836948 -0.19674134426974188 -0.19677613550818407 -0.1968109253533168 -0.19684571380476878 -0.19688050086216213 -0.19691528652512158 -0.19695007079327542 -0.19698485366624174 -0.1970196351436484 -0.19705441522512057 -0.19708919391027813 -0.19712397119875114 -0.19715874709015946 -0.1971935215841274 -0.19722829468028014 -0.19726306637823798 -0.1972978366776288 -0.1973326055780742 -0.1973673730791976 -0.19740213918062066 -0.197436903881969 -0.19747166718286557 -0.1975064290829316 -0.19754118958179134 -0.19757594867906736 -0.19761070637438127 -0.19764546266735827 -0.19768021755761955 -0.1977149710447863 -0.19774972312848416 -0.1977844738083303 -0.19781922308395083 -0.19785397095496782 -0.197888717421002 -0.19792346248167414 -0.19795820613660897 -0.19799294838542725 -0.19802768922774971 -0.19806242866319712 -0.19809716669139332 -0.19813190331195596 -0.19816663852451155 -0.1982013723286764 -0.19823610472407482 -0.19827083571032666 -0.19830556528705223 -0.19834029345387272 -0.19837502021040798 -0.19840974555628144 -0.19844446949110983 -0.19847919201451658 -0.19851391312612066 -0.19854863282554147 -0.198583351112402 -0.19861806798631942 -0.19865278344691362 -0.19868749749380754 -0.1987222101266184 -0.1987569213449656 -0.19879163114847076 -0.19882633953675155 -0.19886104650942782 -0.19889575206611854 -0.198930456206444 -0.1989651589300232 -0.1989998602364733 -0.19903456012541643 -0.19906925859646885 -0.19910395564924865 -0.1991386512833766 -0.1991733454984712 -0.19920803829414968 -0.19924272967003187 -0.1992774196257341 -0.19931210816087574 -0.19934679527507493 -0.19938148096794928 -0.19941616523911687 -0.1994508480881958 -0.19948552951480325 -0.19952020951855687 -0.19955488809907518 -0.19958956525597493 -0.199624240988872 -0.19965891529738666 -0.1996935881811326 -0.1997282596397305 -0.19976292967279452 -0.19979759827994314 -0.19983226546079225 -0.19986693121495858 -0.199901595542058 -0.19993625844170992 -0.199970919913528 -0.20000557995712898 -0.2000402385721305 -0.20007489575814574 -0.20010955151479415 -0.2001442058416889 -0.2001788587384481 -0.2002135102046867 -0.20024816024001968 -0.20028280884406247 -0.20031745601643225 -0.20035210175674179 -0.20038674606461004 -0.20042138893964712 -0.20045603038147242 -0.20049067038969914 -0.2005253089639445 -0.200559946103819 -0.20059458180894074 -0.20062921607892292 -0.2006638489133814 -0.20069848031192805 -0.20073311027417962 -0.20076773879974796 -0.20080236588825162 -0.20083699153930112 -0.200871615752511 -0.2009062385274949 -0.20094085986386645 -0.20097547976124197 -0.20101009821923066 -0.2010447152374497 -0.2010793308155101 -0.20111394495302726 -0.20114855764961126 -0.20118316890487975 -0.20121777871844193 -0.2012523870899119 -0.2012869940189037 -0.20132159950502793 -0.20135620354789907 -0.20139080614712856 -0.20142540730232916 -0.20146000701311317 -0.20149460527909424 -0.201529202099882 -0.20156379747509012 -0.20159839140433045 -0.2016329838872135 -0.2016675749233534 -0.20170216451236023 -0.20173675265384716 -0.20177133934742342 -0.2018059245927022 -0.20184050838929357 -0.20187509073681031 -0.20190967163486162 -0.2019442510830607 -0.20197882908101672 -0.20201340562834202 -0.20204798072464536 -0.20208255436953948 -0.20211712656263225 -0.20215169730353866 -0.20218626659186434 -0.2022208344272216 -0.20225540080922189 -0.20228996573747304 -0.20232452921158695 -0.2023590912311719 -0.2023936517958389 -0.20242821090519625 -0.20246276855885492 -0.20249732475642368 -0.20253187949751306 -0.20256643278173003 -0.20260098460868692 -0.20263553497799025 -0.20267008388925056 -0.20270463134207617 -0.20273917733607716 -0.20277372187085962 -0.20280826494603543 -0.20284280656121112 -0.2028773467159941 -0.20291188540999627 -0.20294642264282325 -0.2029809584140838 -0.20301549272338582 -0.20305002557033802 -0.20308455695454786 -0.20311908687562363 -0.2031536153331719 -0.2031881423268005 -0.2032226678561191 -0.20325719192073244 -0.20329171452024886 -0.20332623565427577 -0.20336075532242104 -0.20339527352428988 -0.20342979025948882 -0.20346430552762884 -0.20349881932831249 -0.20353333166114806 -0.20356784252574078 -0.20360235192169984 -0.20363685984862867 -0.20367136630613603 -0.20370587129382667 -0.20374037481130758 -0.2037748768581844 -0.2038093774340628 -0.20384387653854796 -0.20387837417124555 -0.20391287033176297 -0.20394736501970367 -0.20398185823467507 -0.20401634997628193 -0.20405084024412812 -0.20408532903781884 -0.20411981635696197 -0.20415430220116004 -0.2041887865700165 -0.2042232694631383 -0.2042577508801302 -0.20429223082059744 -0.2043267092841421 -0.20436118627036937 -0.20439566177888535 -0.20443013580929215 -0.20446460836119362 -0.20449907943419499 -0.20453354902789966 -0.20456801714191242 -0.20460248377583445 -0.20463694892927053 -0.20467141260182675 -0.20470587479310387 -0.20474033550270487 -0.2047747947302332 -0.20480925247529358 -0.2048437087374877 -0.20487816351641808 -0.20491261681168993 -0.20494706862290313 -0.2049815189496602 -0.20501596779156817 -0.2050504151482233 -0.20508486101923173 -0.20511930540419554 -0.20515374830271638 -0.20518818971439412 -0.2052226296388353 -0.20525706807563804 -0.20529150502440574 -0.20532594048473918 -0.20536037445624045 -0.20539480693850987 -0.2054292379311522 -0.20546366743376465 -0.20549809544595155 -0.2055325219673123 -0.20556694699744638 -0.20560137053595984 -0.20563579258244724 -0.20567021313651423 -0.20570463219775892 -0.2057390497657816 -0.20577346584018352 -0.20580788042056675 -0.2058422935065276 -0.2058767050976691 -0.20591111519358973 -0.2059455237938912 -0.20597993089817157 -0.20601433650603074 -0.20604874061707035 -0.20608314323088717 -0.20611754434708374 -0.20615194396525682 -0.20618634208500497 -0.20622073870593072 -0.20625513382763172 -0.20628952744970386 -0.20632391957175056 -0.20635831019336992 -0.20639269931415694 -0.20642708693371414 -0.20646147305163742 -0.2064958576675271 -0.2065302407809808 -0.2065646223915949 -0.206599002498971 -0.20663338110270368 -0.20666775820239236 -0.20670213379763647 -0.20673650788803055 -0.20677088047317405 -0.20680525155266327 -0.206839621126099 -0.20687398919307443 -0.20690835575318767 -0.2069427208060386 -0.20697708435122042 -0.20701144638833302 -0.20704580691697183 -0.20708016593673273 -0.20711452344721382 -0.20714887944801186 -0.20718323393872184 -0.20721758691894365 -0.2072519383882665 -0.2072862883462938 -0.20732063679261747 -0.2073549837268347 -0.20738932914854225 -0.20742367305733422 -0.20745801545280518 -0.20749235633455454 -0.20752669570217508 -0.20756103355526356 -0.20759536989341232 -0.20762970471622078 -0.2076640380232817 -0.20769836981418965 -0.20773270008853872 -0.20776702884592657 -0.2078013560859464 -0.20783568180819145 -0.20787000601226024 -0.20790432869774111 -0.20793864986423394 -0.20797296951132926 -0.20800728763862253 -0.20804160424570828 -0.20807591933217973 -0.20811023289763053 -0.2081445449416548 -0.20817885546384662 -0.20821316446379878 -0.20824747194110405 -0.20828177789535784 -0.2083160823261503 -0.20835038523307725 -0.20838468661572973 -0.20841898647370272 -0.20845328480658765 -0.20848758161397685 -0.20852187689546442 -0.20855617065064136 -0.20859046287910088 -0.20862475358043486 -0.2086590427542374 -0.20869333040009774 -0.2087276165176104 -0.20876190110636417 -0.2087961841659558 -0.20883046569597274 -0.20886474569600866 -0.2088990241656532 -0.20893330110449915 -0.20896757651213838 -0.20900185038816144 -0.20903612273215977 -0.20907039354372392 -0.20910466282244533 -0.20913893056791455 -0.20917319677972301 -0.2092074614574595 -0.20924172460071588 -0.20927598620908405 -0.20931024628215278 -0.2093445048195104 -0.20937876182075188 -0.20941301728546247 -0.20944727121323536 -0.2094815236036589 -0.2095157744563232 -0.209550023770817 -0.2095842715467322 -0.20961851778365537 -0.2096527624811788 -0.20968700563888998 -0.20972124725637764 -0.20975548733323235 -0.20978972586904332 -0.20982396286339622 -0.20985819831588337 -0.20989243222609222 -0.20992666459361065 -0.20996089541802876 -0.2099951246989331 -0.21002935243591425 -0.21006357862855696 -0.21009780327645267 -0.2101320263791866 -0.2101662479363493 -0.21020046794752645 -0.21023468641230814 -0.2102689033302796 -0.2103031187010287 -0.21033733252414244 -0.21037154479921005 -0.21040575552581853 -0.21043996470355264 -0.2104741723319994 -0.2105083784107502 -0.21054258293938632 -0.21057678591749918 -0.21061098734466954 -0.21064518722048975 -0.21067938554454457 -0.2107135823164179 -0.21074777753569807 -0.21078197120197073 -0.2108161633148229 -0.21085035387383844 -0.21088454287860348 -0.210918730328705 -0.2109529162237278 -0.2109871005632571 -0.2110212833468803 -0.21105546457418 -0.2110896442447423 -0.2111238223581533 -0.21115799891399734 -0.21119217391186007 -0.21122634735132317 -0.21126051923197586 -0.21129468955339936 -0.21132885831517978 -0.21136302551690012 -0.2113971911581487 -0.21143135523850232 -0.21146551775755196 -0.21149967871487885 -0.21153383811006732 -0.21156799594270037 -0.21160215221236278 -0.21163630691863755 -0.211670460061109 -0.21170461163935972 -0.21173876165297223 -0.2117729101015322 -0.21180705698462 -0.2118412023018199 -0.21187534605271452 -0.21190948823688815 -0.21194362885392115 -0.21197776790339784 -0.21201190538490078 -0.2120460412980103 -0.2120801756423112 -0.2121143084173842 -0.2121484396228106 -0.21218256925817602 -0.21221669732305815 -0.21225082381704174 -0.21228494873970538 -0.21231907209063605 -0.2123531938694092 -0.21238731407560962 -0.2124214327088172 -0.21245554976861536 -0.21248966525458268 -0.2125237791663004 -0.21255789150335147 -0.21259200226531494 -0.21262611145177202 -0.2126602190623026 -0.2126943250964879 -0.21272842955391003 -0.21276253243414578 -0.21279663373677593 -0.21283073346138437 -0.212864831607547 -0.21289892817484501 -0.21293302316285967 -0.21296711657116774 -0.21300120839935044 -0.21303529864698723 -0.21306938731365843 -0.21310347439894173 -0.21313755990241656 -0.21317164382366371 -0.21320572616225997 -0.2132398069177852 -0.21327388608981934 -0.2133079636779378 -0.21334203968172272 -0.21337611410075086 -0.2134101869345999 -0.21344425818284973 -0.2134783278450767 -0.2135123959208629 -0.21354646240978115 -0.2135805273114122 -0.21361459062533372 -0.21364865235112207 -0.2136827124883549 -0.21371677103661169 -0.21375082799546874 -0.21378488336450285 -0.2138189371432917 -0.2138529893314116 -0.21388703992844071 -0.213921088933954 -0.21395513634753094 -0.21398918216874607 -0.2140232263971762 -0.2140572690323994 -0.21409131007399074 -0.21412534952152518 -0.2141593873745813 -0.21419342363273408 -0.21422745829555945 -0.21426149136263284 -0.21429552283353015 -0.2143295527078286 -0.21436358098510144 -0.21439760766492721 -0.2144316327468765 -0.2144656562305287 -0.21449967811545667 -0.21453369840123804 -0.2145677170874456 -0.2146017341736517 -0.21463574965943755 -0.21466976354437284 -0.21470377582803257 -0.21473778650999265 -0.21477179558982717 -0.21480580306711206 -0.21483980894141608 -0.2148738132123178 -0.2149078158793909 -0.21494181694220593 -0.21497581640034014 -0.21500981425336718 -0.21504381050085764 -0.21507780514238606 -0.2151117981775279 -0.21514578960585373 -0.215179779426939 -0.21521376764035338 -0.21524775424567277 -0.21528173924246907 -0.21531572263031418 -0.21534970440878176 -0.21538368457744417 -0.21541766313587463 -0.21545164008364148 -0.21548561542032196 -0.21551958914548486 -0.21555356125870473 -0.21558753175955037 -0.2156215006475959 -0.21565546792241275 -0.2156894335835715 -0.2157233976306432 -0.215757360063201 -0.21579132088081598 -0.2158252800830569 -0.21585923766949922 -0.2158931936397086 -0.21592714799326007 -0.2159611007297233 -0.21599505184866663 -0.21602900134966374 -0.21606294923228342 -0.21609689549609667 -0.21613084014067407 -0.2161647831655844 -0.21619872457039824 -0.2162326643546857 -0.21626660251801733 -0.21630053905996238 -0.21633447398008965 -0.2163684072779697 -0.2164023389531704 -0.2164362690052637 -0.21647019743381657 -0.2165041242383987 -0.2165380494185798 -0.2165719729739286 -0.21660589490401216 -0.21663981520840236 -0.216673733886664 -0.2167076509383694 -0.21674156636308428 -0.21677548016037784 -0.21680939232981844 -0.21684330287097353 -0.21687721178341235 -0.21691111906670146 -0.21694502472040877 -0.21697892874410263 -0.21701283113735093 -0.21704673189971802 -0.21708063103077668 -0.21711452853008995 -0.21714842439722615 -0.21718231863175275 -0.2172162112332372 -0.2172501022012443 -0.21728399153534106 -0.21731787923509716 -0.21735176530007605 -0.21738564972984564 -0.21741953252397117 -0.2174534136820201 -0.21748729320355809 -0.21752117108814994 -0.21755504733536313 -0.2175889219447642 -0.21762279491591574 -0.21765666624838653 -0.21769053594174004 -0.21772440399554238 -0.2177582704093597 -0.21779213518275675 -0.21782599831529703 -0.21785985980654665 -0.21789371965607218 -0.21792757786343486 -0.21796143442820304 -0.2179952893499384 -0.21802914262820705 -0.2180629942625738 -0.21809684425260034 -0.21813069259785367 -0.21816453929789503 -0.21819838435229144 -0.2182322277606059 -0.21826606952240102 -0.21829990963724066 -0.2183337481046883 -0.2183675849243083 -0.2184014200956632 -0.2184352536183174 -0.21846908549183164 -0.21850291571576985 -0.21853674428969638 -0.2185705712131738 -0.21860439648576335 -0.2186382201070285 -0.2186720420765318 -0.21870586239383538 -0.2187396810585014 -0.2187734980700924 -0.2188073134281714 -0.21884112713229698 -0.21887493918203482 -0.21890874957694528 -0.21894255831659049 -0.2189763654005299 -0.2190101708283283 -0.21904397459954295 -0.21907777671373818 -0.21911157717047614 -0.2191453759693136 -0.21917917310981538 -0.2192129685915405 -0.21924676241405017 -0.21928055457690432 -0.21931434507966507 -0.219348133921891 -0.21938192110314425 -0.2194157066229825 -0.2194494904809674 -0.21948327267666068 -0.21951705320961867 -0.21955083207940396 -0.21958460928557555 -0.21961838482769158 -0.21965215870531285 -0.21968593091799793 -0.21971970146530717 -0.21975347034679915 -0.2197872375620329 -0.21982100311056696 -0.21985476699196127 -0.2198885292057735 -0.21992228975156314 -0.21995604862888696 -0.2199898058373062 -0.22002356137637724 -0.2200573152456582 -0.2200910674447072 -0.22012481797308459 -0.22015856683034452 -0.22019231401604644 -0.22022605952974983 -0.22025980337101014 -0.22029354553938418 -0.22032728603443186 -0.22036102485570908 -0.22039476200277308 -0.22042849747517934 -0.22046223127248776 -0.22049596339425337 -0.22052969384003296 -0.22056342260938466 -0.22059714970186306 -0.22063087511702495 -0.22066459885442802 -0.22069832091362684 -0.22073204129417734 -0.22076575999563852 -0.22079947701756186 -0.22083319235950727 -0.220866906021028 -0.22090061800168082 -0.22093432830102033 -0.22096803691860112 -0.22100174385397953 -0.22103544910671236 -0.2210691526763502 -0.22110285456245382 -0.22113655476457428 -0.22117025328226703 -0.2212039501150853 -0.22123764526258682 -0.22127133872432259 -0.22130503049985117 -0.22133872058872361 -0.2213724089904927 -0.2214060957047148 -0.22143978073094406 -0.22147346406873458 -0.22150714571763652 -0.22154082567720712 -0.22157450394699874 -0.22160818052656506 -0.2216418554154589 -0.22167552861323436 -0.22170920011944162 -0.22174286993363657 -0.2217765380553698 -0.22181020448419808 -0.22184386921966803 -0.22187753226133822 -0.22191119360875566 -0.22194485326147717 -0.22197851121905154 -0.22201216748103425 -0.2220458220469732 -0.22207947491642388 -0.22211312608893596 -0.22214677556406093 -0.2221804233413529 -0.22221406942036115 -0.22224771380063757 -0.2222813564817323 -0.22231499746319905 -0.22234863674458527 -0.22238227432544466 -0.22241591020532825 -0.2224495443837835 -0.2224831768603659 -0.222516807634622 -0.22255043670610375 -0.22258406407436127 -0.2226176897389438 -0.22265131369940372 -0.2226849359552885 -0.22271855650614958 -0.2227521753515358 -0.2227857924909964 -0.22281940792408328 -0.22285302165034349 -0.22288663366932626 -0.22292024398058397 -0.22295385258366185 -0.22298745947811094 -0.22302106466348004 -0.22305466813931707 -0.22308826990517128 -0.22312186996059058 -0.22315546830512512 -0.2231890649383219 -0.22322265985972933 -0.22325625306889618 -0.22328984456537082 -0.22332343434869895 -0.2233570224184298 -0.2233906087741122 -0.22342419341529185 -0.22345777634151753 -0.2234913575523363 -0.2235249370472947 -0.22355851482594158 -0.22359209088782306 -0.22362566523248528 -0.22365923785947617 -0.2236928087683432 -0.2237263779586307 -0.22375994542988664 -0.2237935111816598 -0.22382707521349143 -0.22386063752493213 -0.2238941981155249 -0.22392775698481726 -0.2239613141323562 -0.22399486955768566 -0.22402842326035222 -0.22406197523990068 -0.22409552549587808 -0.2241290740278279 -0.2241626208352976 -0.22419616591782798 -0.2242297092749701 -0.2242632509062652 -0.2242967908112572 -0.224330328989494 -0.22436386544051867 -0.22439740016387688 -0.224430933159109 -0.2244644644257634 -0.22449799396338221 -0.22453152177151114 -0.22456504784969367 -0.2245985721974737 -0.2246320948143934 -0.22466561569999666 -0.22469913485383142 -0.22473265227543449 -0.22476616796435334 -0.224799681920131 -0.2248331941423083 -0.22486670463043046 -0.2249002133840392 -0.22493372040267712 -0.22496722568589034 -0.22500072923321524 -0.22503423104419884 -0.2250677311183824 -0.2251012294553063 -0.22513472605451712 -0.22516822091555344 -0.22520171403795697 -0.22523520542127073 -0.2252686950650351 -0.22530218296879356 -0.22533566913208736 -0.22536915355445597 -0.22540263623544154 -0.2254361171745889 -0.2254695963714317 -0.2255030738255166 -0.22553654953638347 -0.22557002350357136 -0.22560349572662242 -0.22563696620507656 -0.22567043493847327 -0.22570390192635426 -0.22573736716826032 -0.22577083066373005 -0.22580429241230293 -0.22583775241351978 -0.22587121066692228 -0.22590466717204594 -0.22593812192843377 -0.2259715749356226 -0.2260050261931532 -0.22603847570056468 -0.2260719234573978 -0.22610536946318582 -0.22613881371747668 -0.22617225621980008 -0.22620569696969994 -0.22623913596671397 -0.22627257321037897 -0.22630600870023443 -0.22633944243582027 -0.22637287441667198 -0.22640630464232858 -0.2264397331123278 -0.22647315982620642 -0.22650658478350616 -0.22654000798375984 -0.22657342942650605 -0.22660684911128337 -0.22664026703762952 -0.22667368320507952 -0.22670709761317243 -0.22674051026144504 -0.2267739211494315 -0.22680733027667133 -0.22684073764269952 -0.2268741432470538 -0.22690754708927008 -0.2269409491688843 -0.22697434948543238 -0.22700774803845158 -0.2270411448274774 -0.2270745398520435 -0.22710793311168853 -0.22714132460594705 -0.22717471433435543 -0.2272081022964465 -0.22724148849175885 -0.2272748729198253 -0.22730825558017953 -0.22734163647236194 -0.22737501559590223 -0.22740839295033632 -0.22744176853520015 -0.22747514235002742 -0.22750851439435227 -0.22754188466771064 -0.22757525316963312 -0.22760861989965742 -0.22764198485731635 -0.22767534804214273 -0.2277087094536716 -0.22774206909143535 -0.22777542695497033 -0.2278087830438067 -0.22784213735747816 -0.22787548989551976 -0.22790884065746253 -0.22794218964284108 -0.2279755368511882 -0.22800888228203586 -0.2280422259349164 -0.2280755678093631 -0.2281089079049079 -0.22814224622108314 -0.2281755827574221 -0.22820891751345584 -0.2282422504887176 -0.2282755816827362 -0.22830891109504536 -0.22834223872517878 -0.22837556457266484 -0.22840888863703634 -0.2284422109178248 -0.22847553141456078 -0.22850885012677535 -0.22854216705400043 -0.22857548219576662 -0.22860879555160274 -0.22864210712104205 -0.2286754169036147 -0.22870872489884908 -0.22874203110627844 -0.22877533552543072 -0.2288086381558383 -0.2288419389970291 -0.2288752380485337 -0.2289085353098801 -0.22894183078060193 -0.2289751244602245 -0.2290084163482815 -0.2290417064442991 -0.22907499474780657 -0.22910828125833582 -0.22914156597541302 -0.22917484889856832 -0.2292081300273301 -0.22924140936122672 -0.22927468689978703 -0.22930796264254116 -0.22934123658901528 -0.22937450873873644 -0.229407779091237 -0.2294410476460409 -0.22947431440267918 -0.22950757936067623 -0.22954084251956397 -0.22957410387886634 -0.22960736343811083 -0.22964062119682982 -0.2296738771545419 -0.22970713131078213 -0.229740383665074 -0.22977363421694408 -0.22980688296592078 -0.22984012991152936 -0.2298733750532973 -0.22990661839075033 -0.22993985992341548 -0.2299730996508189 -0.23000633757248679 -0.23003957368794348 -0.23007280799671692 -0.2301060404983324 -0.23013927119231425 -0.2301725000781909 -0.23020572715548493 -0.23023895242372383 -0.23027217588243198 -0.23030539753113333 -0.23033861736935402 -0.23037183539661887 -0.23040505161245362 -0.23043826601638084 -0.23047147860792583 -0.23050468938661428 -0.2305378983519697 -0.23057110550351467 -0.23060431084077804 -0.23063751436327928 -0.2306707160705428 -0.23070391596209427 -0.23073711403745545 -0.23077031029615114 -0.23080350473770395 -0.23083669736163914 -0.230869888167478 -0.23090307715474268 -0.23093626432295933 -0.23096944967164834 -0.2310026332003332 -0.23103581490853742 -0.2310689947957827 -0.23110217286159118 -0.23113534910548506 -0.23116852352698825 -0.2312016961256198 -0.231234866900905 -0.23126803585236377 -0.23130120297951828 -0.23133436828189113 -0.23136753175900227 -0.23140069341037472 -0.23143385323552712 -0.23146701123398383 -0.23150016740526524 -0.23153332174888996 -0.23156647426438193 -0.2315996249512593 -0.231632773809046 -0.2316659208372589 -0.23169906603542012 -0.23173220940305095 -0.2317653509396691 -0.23179849064479807 -0.23183162851795336 -0.2318647645586589 -0.2318978987664324 -0.2319310311407934 -0.231964161681264 -0.2319972903873584 -0.23203041725860185 -0.23206354229450987 -0.2320966654946024 -0.2321297868583967 -0.2321629063854158 -0.23219602407517348 -0.23222913992719363 -0.2322622539409891 -0.23229536611608204 -0.23232847645199106 -0.2323615849482321 -0.23239469160432336 -0.23242779641978473 -0.23246089939413306 -0.23249400052688474 -0.2325270998175588 -0.23256019726567345 -0.23259329287074415 -0.23262638663228863 -0.23265947854982594 -0.2326925686228707 -0.2327256568509397 -0.23275874323355383 -0.23279182777022367 -0.23282491046047094 -0.23285799130380846 -0.23289107029975575 -0.23292414744782652 -0.2329572227475385 -0.23299029619840717 -0.23302336779994848 -0.23305643755167615 -0.23308950545310925 -0.23312257150376237 -0.23315563570315057 -0.23318869805078846 -0.23322175854619154 -0.2332548171888762 -0.2332878739783566 -0.23332092891414646 -0.23335398199576263 -0.23338703322271925 -0.23342008259452873 -0.2334531301107079 -0.23348617577077002 -0.23351921957423016 -0.2335522615206016 -0.2335853016093994 -0.23361833984013547 -0.233651376212324 -0.23368441072548185 -0.23371744337911737 -0.2337504741727492 -0.23378350310588525 -0.23381653017804283 -0.2338495553887343 -0.23388257873747031 -0.23391560022376678 -0.2339486198471339 -0.2339816376070858 -0.234014653503134 -0.23404766753479223 -0.23408067970157198 -0.23411369000298476 -0.2341466984385443 -0.23417970500775942 -0.23421270971014518 -0.23424571254521265 -0.23427871351247243 -0.23431171261143469 -0.23434470984161493 -0.2343777052025211 -0.23441069869366338 -0.23444369031455725 -0.234476680064708 -0.2345096679436316 -0.2345426539508355 -0.23457563808583126 -0.23460862034813035 -0.2346416007372394 -0.234674579252673 -0.23470755589394 -0.2347405306605479 -0.23477350355201043 -0.23480647456783377 -0.23483944370752985 -0.2348724109706084 -0.23490537635657605 -0.23493833986494428 -0.23497130149522416 -0.23500426124692142 -0.2350372191195449 -0.23507017511260608 -0.2351031292256116 -0.23513608145807074 -0.23516903180949322 -0.23520198027938521 -0.2352349268672551 -0.23526787157261442 -0.2353008143949662 -0.2353337553338224 -0.23536669438868874 -0.23539963155907317 -0.2354325668444841 -0.23546550024442814 -0.2354984317584119 -0.23553136138594555 -0.23556428912653393 -0.2355972149796819 -0.23563013894490226 -0.23566306102169632 -0.2356959812095729 -0.23572889950803821 -0.23576181591659928 -0.23579473043476096 -0.23582764306203297 -0.2358605537979166 -0.23589346264192068 -0.2359263695935505 -0.23595927465231137 -0.23599217781771076 -0.23602507908925086 -0.2360579784664396 -0.2360908759487832 -0.23612377153578157 -0.23615666522694578 -0.23618955702177757 -0.2362224469197831 -0.23625533492046635 -0.23628822102333125 -0.23632110522788352 -0.2363539875336258 -0.23638686794006514 -0.23641974644670194 -0.2364526230530437 -0.2364854977585935 -0.23651837056285352 -0.23655124146532724 -0.2365841104655222 -0.23661697756293565 -0.236649842757076 -0.236682706047445 -0.23671556743354483 -0.23674842691487763 -0.23678128449094915 -0.23681414016125935 -0.2368469939253135 -0.23687984578261156 -0.23691269573265705 -0.23694554377495214 -0.2369783899089981 -0.23701123413429803 -0.2370440764503554 -0.23707691685666887 -0.23710975535274015 -0.23714259193807408 -0.23717542661216884 -0.23720825937452839 -0.23724109022465178 -0.23727391916203988 -0.23730674618619618 -0.2373395712966202 -0.23737239449281278 -0.23740521577427298 -0.23743803514050255 -0.2374708525910041 -0.23750366812527357 -0.2375364817428145 -0.23756929344312594 -0.23760210322570785 -0.23763491109005974 -0.23766771703568113 -0.2377005210620715 -0.23773332316873175 -0.23776612335516 -0.23779892162085492 -0.23783171796531688 -0.2378645123880445 -0.2378973048885369 -0.23793009546629262 -0.23796288412081035 -0.23799567085158735 -0.23802845565812447 -0.23806123853991856 -0.23809401949646736 -0.23812679852726948 -0.238159575631824 -0.23819235080962642 -0.23822512406017626 -0.23825789538297082 -0.23829066477750693 -0.23832343224328323 -0.23835619777979566 -0.23838896138654198 -0.238421723063019 -0.23845448280872272 -0.23848724062315174 -0.23851999650580158 -0.23855275045616908 -0.23858550247375065 -0.2386182525580418 -0.2386510007085425 -0.23868374692474248 -0.23871649120614347 -0.2387492335522361 -0.23878197396252032 -0.23881471243648988 -0.23884744897364119 -0.23888018357346974 -0.23891291623546973 -0.23894564695913623 -0.23897837574396608 -0.23901110258945124 -0.239043827495089 -0.23907655046037313 -0.23910927148479688 -0.23914199056785757 -0.23917470770904758 -0.23920742290786112 -0.2392401361637928 -0.23927284747633637 -0.239305556844986 -0.23933826426923455 -0.23937096974857708 -0.23940367328250556 -0.23943637487051372 -0.23946907451209576 -0.23950177220674407 -0.23953446795395106 -0.23956716175321136 -0.23959985360401603 -0.23963254350585883 -0.2396652314582317 -0.23969791746062574 -0.23973060151253645 -0.23976328361345578 -0.23979596376287216 -0.2398286419602802 -0.23986131820517187 -0.2398939924970369 -0.2399266648353704 -0.23995933521965984 -0.2399920036494012 -0.24002467012408024 -0.24005733464319245 -0.2400899972062258 -0.2401226578126745 -0.24015531646202737 -0.24018797315377372 -0.24022062788740683 -0.24025328066241425 -0.24028593147829014 -0.2403185803345207 -0.2403512272305992 -0.24038387216601276 -0.2404165151402533 -0.24044915615280882 -0.24048179520317303 -0.24051443229082903 -0.240547067415271 -0.24057970057598466 -0.24061233177246377 -0.24064496100419186 -0.24067758827066132 -0.24071021357136102 -0.2407428369057789 -0.24077545827340296 -0.24080807767372026 -0.2408406951062232 -0.24087331057039618 -0.24090592406572942 -0.24093853559170952 -0.24097114514782403 -0.24100375273356311 -0.2410363583484103 -0.241068961991858 -0.24110156366338842 -0.2411341633624926 -0.24116676108865676 -0.24119935684136573 -0.24123195062011016 -0.24126454242437445 -0.24129713225364302 -0.24132972010740783 -0.24136230598515018 -0.24139488988635893 -0.24142747181051938 -0.2414600517571177 -0.241492629725641 -0.24152520571557412 -0.24155777972640058 -0.24159035175760923 -0.24162292180868494 -0.24165548987911212 -0.24168805596837473 -0.24172062007595985 -0.2417531822013519 -0.24178574234403705 -0.24181830050349573 -0.24185085667921769 -0.24188341087068377 -0.24191596307738106 -0.2419485132987913 -0.24198106153439936 -0.24201360778369052 -0.24204615204614655 -0.24207869432125362 -0.2421112346084926 -0.24214377290735056 -0.24217630921730748 -0.24220884353784689 -0.24224137586845496 -0.24227390620861122 -0.24230643455780232 -0.24233896091550688 -0.2423714852812089 -0.24240400765439274 -0.24243652803454152 -0.2424690464211321 -0.24250156281365198 -0.24253407721158204 -0.24256658961440314 -0.2425991000215979 -0.24263160843264808 -0.24266411484703454 -0.2426966192642399 -0.24272912168374328 -0.24276162210502905 -0.24279412052757676 -0.2428266169508677 -0.24285911137438054 -0.2428916037976001 -0.24292409422000372 -0.24295658264107312 -0.24298906906028694 -0.24302155347712961 -0.24305403589107755 -0.24308651630161204 -0.2431189947082144 -0.2431514711103615 -0.24318394550753508 -0.24321641789921422 -0.24324888828487667 -0.24328135666400597 -0.24331382303607585 -0.2433462874005694 -0.24337874975696394 -0.24341121010473943 -0.24344366844337362 -0.24347612477234515 -0.24350857909113222 -0.24354103139921346 -0.24357348169606796 -0.2436059299811726 -0.24363837625400464 -0.24367082051404498 -0.24370326276076826 -0.24373570299365266 -0.24376814121217816 -0.2438005774158185 -0.24383301160405413 -0.2438654437763601 -0.24389787393221418 -0.24393030207109145 -0.24396272819247322 -0.24399515229583102 -0.24402757438064526 -0.24405999444639015 -0.2440924124925421 -0.24412482851857797 -0.2441572425239733 -0.24418965450820496 -0.24422206447074668 -0.24425447241107623 -0.2442868783286687 -0.2443192822229987 -0.24435168409354313 -0.24438408393977573 -0.2444164817611698 -0.24444887755720535 -0.24448127132735342 -0.24451366307108913 -0.24454605278788666 -0.24457844047722244 -0.24461082613856977 -0.24464320977140241 -0.24467559137519634 -0.24470797094942265 -0.24474034849355597 -0.24477272400707095 -0.24480509748944046 -0.24483746894013914 -0.24486983835863985 -0.24490220574441635 -0.24493457109693928 -0.24496693441568373 -0.24499929570012258 -0.24503165494972867 -0.2450640121639731 -0.2450963673423301 -0.24512872048427115 -0.24516107158926959 -0.24519342065679517 -0.2452257676863221 -0.2452581126773219 -0.2452904556292661 -0.24532279654162714 -0.24535513541387477 -0.24538747224548096 -0.24541980703591948 -0.2454521397846583 -0.2454844704911685 -0.24551679915492342 -0.2455491257753919 -0.24558145035204548 -0.24561377288435526 -0.2456460933717901 -0.24567841181382244 -0.24571072820991935 -0.24574304255955326 -0.24577535486219393 -0.24580766511731156 -0.24583997332437324 -0.2458722794828514 -0.24590458359221534 -0.24593688565193306 -0.24596918566147252 -0.2460014836203066 -0.2460337795279015 -0.24606607338372743 -0.24609836518725148 -0.24613065493794295 -0.24616294263527205 -0.2461952282787041 -0.2462275118677093 -0.24625979340175697 -0.24629207288031152 -0.24632435030284316 -0.246356625668819 -0.24638889897770788 -0.24642117022897514 -0.24645343942208964 -0.24648570655651714 -0.24651797163172873 -0.24655023464718573 -0.24658249560235967 -0.24661475449671366 -0.24664701132971611 -0.24667926610083413 -0.24671151880953524 -0.24674376945528165 -0.24677601803754223 -0.2468082645557823 -0.24684050900946852 -0.2468727513980653 -0.24690499172104063 -0.24693722997785716 -0.24696946616798332 -0.24700170029087998 -0.24703393234601823 -0.24706616233285716 -0.24709839025086433 -0.24713061609950548 -0.24716283987824506 -0.24719506158654658 -0.24722728122387316 -0.247259498789691 -0.24729171428346408 -0.24732392770465728 -0.24735613905273324 -0.24738834832715462 -0.24742055552738673 -0.247452760652894 -0.24748496370313777 -0.24751716467758245 -0.24754936357569113 -0.24758156039692603 -0.24761375514075068 -0.24764594780662907 -0.24767813839402208 -0.24771032690239236 -0.24774251333120345 -0.24777469767991578 -0.24780687994799422 -0.2478390601349001 -0.24787123824009294 -0.2479034142630372 -0.24793558820319328 -0.24796776006002252 -0.2479999298329889 -0.2480320975215493 -0.24806426312516905 -0.248096426643305 -0.24812858807542337 -0.2481607474209806 -0.24819290467943933 -0.24822505985026044 -0.24825721293290126 -0.24828936392682577 -0.24832151283149395 -0.24835365964636358 -0.2483858043708964 -0.24841794700455155 -0.248450087546789 -0.24848222599706649 -0.2485143623548467 -0.2485464966195874 -0.24857862879074633 -0.2486107588677844 -0.24864288685016067 -0.24867501273733295 -0.24870713652875986 -0.24873925822390053 -0.2487713778222127 -0.24880349532315682 -0.24883561072618843 -0.24886772403076707 -0.2488998352363505 -0.24893194434239563 -0.24896405134836153 -0.24899615625370464 -0.24902825905788362 -0.24906035976035446 -0.24909245836057492 -0.24912455485800233 -0.2491566492520927 -0.24918874154230375 -0.2492208317280915 -0.2492529198089124 -0.24928500578422552 -0.24931708965348331 -0.24934917141614532 -0.24938125107166265 -0.24941332861949794 -0.24944540405910187 -0.2494774773899331 -0.24950954861144536 -0.2495416177230947 -0.2495736847243375 -0.24960574961462623 -0.24963781239341953 -0.24966987306016764 -0.24970193161433052 -0.24973398805536018 -0.24976604238271127 -0.24979809459583713 -0.24983014469419595 -0.24986219267723753 -0.24989423854441783 -0.24992628229519154 -0.2499583239290093 -0.24999036344532932 -0.2500224008436023 -0.25005443612328193 -0.2500864692838225 -0.250118500324676 -0.25015052924529657 -0.25018255604513584 -0.2502145807236489 -0.2502466032802837 -0.25027862371449805 -0.2503106420257435 -0.2503426582134689 -0.25037467227712984 -0.25040668421617607 -0.25043869403006136 -0.25047070171823727 -0.25050270728015356 -0.250534710715264 -0.2505667120230193 -0.2505987112028687 -0.25063070825426736 -0.25066270317666417 -0.250694695969508 -0.25072668663225395 -0.25075867516434913 -0.250790661565246 -0.25082264583439207 -0.25085462797124247 -0.25088660797524165 -0.2509185858458456 -0.2509505615825005 -0.25098253518465663 -0.2510145066517637 -0.2510464759832707 -0.25107844317862993 -0.25111040823728636 -0.251142371158692 -0.2511743319422952 -0.2512062905875432 -0.2512382470938874 -0.2512702014607764 -0.25130215368765496 -0.2513341037739756 -0.25136605171918447 -0.2513979975227314 -0.25142994118406126 -0.25146188270262515 -0.25149382207786886 -0.25152575930924126 -0.2515576943961899 -0.25158962733815926 -0.2516215581346004 -0.2516534867849578 -0.25168541328868077 -0.2517173376452133 -0.2517492598540034 -0.2517811799145 -0.2518130978261466 -0.25184501358838984 -0.251876927200676 -0.2519088386624522 -0.2519407479731637 -0.2519726551322563 -0.25200456013917627 -0.25203646299336846 -0.2520683636942782 -0.2521002622413522 -0.2521321586340335 -0.2521640528717688 -0.25219594495400255 -0.2522278348801801 -0.25225972264974494 -0.2522916082621429 -0.2523234917168167 -0.2523553730132124 -0.2523872521507733 -0.25241912912894326 -0.252451003947169 -0.2524828766048888 -0.25251474710155053 -0.2525466154365974 -0.2525784816094716 -0.25261034561961493 -0.25264220746647537 -0.25267406714949026 -0.25270592466810715 -0.25273778002176517 -0.25276963320990964 -0.2528014842319819 -0.25283333308742595 -0.25286517977568046 -0.25289702429619076 -0.2529288666483982 -0.2529607068317423 -0.25299254484566713 -0.2530243806896162 -0.2530562143630255 -0.25308804586534217 -0.253119875196004 -0.2531517023544523 -0.2531835273401293 -0.2532153501524741 -0.25324717079092895 -0.2532789892549343 -0.2533108055439306 -0.25334261965735694 -0.25337443159465467 -0.2534062413552647 -0.2534380489386243 -0.25346985434417535 -0.2535016575713578 -0.2535334586196085 -0.2535652574883711 -0.25359705417708245 -0.25362884868518076 -0.2536606410121065 -0.25369243115729834 -0.2537242191201967 -0.2537560049002354 -0.25378778849685757 -0.2538195699095005 -0.25385134913760155 -0.2538831261805998 -0.2539149010379327 -0.2539466737090379 -0.2539784441933546 -0.25401021249031785 -0.25404197859936817 -0.2540737425199411 -0.25410550425147305 -0.2541372637934032 -0.2541690211451675 -0.25420077630620197 -0.2542325292759453 -0.25426428005383217 -0.25429602863930123 -0.25432777503178583 -0.2543595192307251 -0.25439126123555234 -0.2544230010457058 -0.25445473866062107 -0.25448647407973235 -0.2545182073024761 -0.2545499383282883 -0.25458166715660324 -0.25461339378685643 -0.2546451182184817 -0.2546768404509181 -0.254708560483595 -0.25474027831595025 -0.25477199394741845 -0.25480370737743385 -0.25483541860542847 -0.2548671276308383 -0.25489883445309713 -0.25493053907163876 -0.2549622414858965 -0.2549939416953051 -0.2550256396992978 -0.2550573354973076 -0.2550890290887664 -0.2551207204731081 -0.2551524096497677 -0.25518409661817554 -0.2552157813777649 -0.2552474639279687 -0.25527914426822074 -0.2553108223979508 -0.25534249831659084 -0.2553741720235756 -0.2554058435183353 -0.2554375128003028 -0.2554691798689088 -0.25550084472358314 -0.2555325073637613 -0.2555641677888718 -0.25559582599834574 -0.2556274819916151 -0.2556591357681093 -0.255690787327262 -0.2557224366685009 -0.2557540837912571 -0.2557857286949603 -0.2558173713790448 -0.25584901184293507 -0.25588065008606664 -0.255912286107864 -0.25594391990776 -0.255975551485184 -0.25600718083956275 -0.2560388079703295 -0.2560704328769119 -0.25610205555873744 -0.2561336760152373 -0.256165294245839 -0.2561969102499724 -0.25622852402706275 -0.2562601355765426 -0.25629174489783857 -0.25632335199037826 -0.25635495685358833 -0.2563865594869017 -0.2564181598897397 -0.2564497580615348 -0.25648135400171146 -0.2565129477096999 -0.2565445391849246 -0.256576128426814 -0.2566077154347939 -0.2566393002082932 -0.2566708827467368 -0.2567024630495509 -0.25673404111616493 -0.2567656169460011 -0.25679719053848915 -0.2568287618930518 -0.2568603310091193 -0.256891897886113 -0.25692346252346 -0.25695502492058697 -0.2569865850769184 -0.2570181429918783 -0.257049698664896 -0.2570812520953907 -0.25711280328279207 -0.257144352226522 -0.2571758989260058 -0.2572074433806675 -0.2572389855899333 -0.2572705255532264 -0.2573020632699681 -0.2573335987395864 -0.2573651319615031 -0.2573966629351432 -0.25742819165992836 -0.25745971813528223 -0.25749124236062926 -0.25752276433539345 -0.25755428405899483 -0.2575858015308574 -0.2576173167504052 -0.25764882971706005 -0.2576803404302428 -0.25771184888937926 -0.257743355093889 -0.2577748590431961 -0.2578063607367196 -0.2578378601738831 -0.2578693573541089 -0.2579008522768165 -0.25793234494142947 -0.2579638353473679 -0.25799532349405263 -0.25802680938090594 -0.25805829300734917 -0.2580897743727997 -0.25812125347668147 -0.2581527303184137 -0.2581842048974168 -0.25821567721311167 -0.2582471472649175 -0.25827861505225647 -0.2583100805745442 -0.2583415438312042 -0.2583730048216535 -0.2584044635453129 -0.25843592000160287 -0.25846737418993815 -0.2584988261097432 -0.25853027576043264 -0.2585617231414292 -0.2585931682521476 -0.2586246110920092 -0.2586560516604304 -0.25868748995683033 -0.25871892598062685 -0.25875035973123905 -0.25878179120808253 -0.25881322041057775 -0.2588446473381407 -0.2588760719901875 -0.2589074943661389 -0.25893891446540884 -0.2589703322874155 -0.25900174783157714 -0.25903316109730623 -0.25906457208402545 -0.25909598079114726 -0.2591273872180899 -0.25915879136426767 -0.25919019322909653 -0.2592215928119965 -0.2592529901123788 -0.2592843851296607 -0.2593157778632582 -0.25934716831258786 -0.25937855647706254 -0.25940994235609827 -0.2594413259491115 -0.25947270725551475 -0.259504086274724 -0.25953546300615393 -0.25956683744921927 -0.2595982096033347 -0.2596295794679122 -0.2596609470423683 -0.2596923123261168 -0.25972367531857055 -0.2597550360191452 -0.25978639442725004 -0.2598177505423025 -0.25984910436371367 -0.25988045589089825 -0.2599118051232687 -0.2599431520602371 -0.2599744967012181 -0.2600058390456219 -0.26003717909286284 -0.2600685168423529 -0.2600998522935041 -0.26013118544572844 -0.26016251629843756 -0.260193844851043 -0.2602251711029586 -0.26025649505359416 -0.26028781670235945 -0.26031913604866963 -0.2603504530919327 -0.2603817678315634 -0.26041308026696797 -0.2604443903975575 -0.2604756982227463 -0.26050700374194324 -0.26053830695455815 -0.2605696078600004 -0.2606009064576824 -0.2606322027470114 -0.26066349672739886 -0.26069478839825555 -0.2607260777589877 -0.26075736480900735 -0.2607886495477234 -0.2608199319745439 -0.2608512120888782 -0.2608824898901352 -0.2609137653777247 -0.2609450385510561 -0.260976309409533 -0.26100757795256824 -0.2610388441795699 -0.2610701080899438 -0.2611013696830997 -0.26113262895844347 -0.2611638859153844 -0.26119514055332926 -0.26122639287168603 -0.26125764286986053 -0.26128889054726256 -0.2613201359032953 -0.26135137893736893 -0.2613826196488884 -0.2614138580372618 -0.261445094101894 -0.2614763278421921 -0.26150755925756064 -0.26153878834740807 -0.2615700151111402 -0.2616012395481593 -0.261632461657876 -0.26166368143969043 -0.2616948988930128 -0.26172611401724577 -0.2617573268117952 -0.26178853727606644 -0.2618197454094613 -0.2618509512113887 -0.26188215468124953 -0.26191335581844966 -0.26194455462239574 -0.2619757510924883 -0.2620069452281326 -0.26203813702873324 -0.2620693264936924 -0.26210051362241593 -0.2621316984143047 -0.2621628808687628 -0.2621940609851956 -0.26222523876300263 -0.26225641420158885 -0.26228758730035695 -0.2623187580587092 -0.2623499264760478 -0.262381092551776 -0.2624122562852955 -0.26244341767600776 -0.2624745767233163 -0.26250573342662076 -0.2625368877853247 -0.2625680397988295 -0.2625991894665347 -0.262630336787844 -0.26266148176215776 -0.2626926243888752 -0.26272376466739944 -0.2627549025971292 -0.26278603817746804 -0.26281717140781335 -0.26284830228756606 -0.2628794308161293 -0.26291055699289867 -0.2629416808172773 -0.26297280228866304 -0.2630039214064568 -0.26303503817005724 -0.2630661525788649 -0.2630972646322758 -0.2631283743296935 -0.2631594816705145 -0.2631905866541362 -0.2632216892799599 -0.26325278954738485 -0.2632838874558061 -0.2633149830046251 -0.26334607619323513 -0.2633771670210394 -0.2634082554874335 -0.2634393415918175 -0.2634704253335851 -0.26350150671213557 -0.2635325857268658 -0.26356366237717355 -0.26359473666245803 -0.26362580858211127 -0.2636568781355342 -0.26368794532211925 -0.26371901014126786 -0.2637500725923716 -0.2637811326748296 -0.2638121903880375 -0.2638432457313922 -0.26387429870428614 -0.26390534930611853 -0.26393639753628273 -0.26396744339417655 -0.26399848687919025 -0.2640295279907243 -0.26406056672817124 -0.26409160309092794 -0.2641226370783847 -0.26415366868994017 -0.264184697924986 -0.26421572478291866 -0.2642467492631302 -0.2642777713650175 -0.26430879108797267 -0.2643398084313886 -0.2643708233946591 -0.2644018359771798 -0.26443284617834095 -0.26446385399753947 -0.2644948594341625 -0.264525862487611 -0.264556863157269 -0.26458786144253743 -0.26461885734280255 -0.2646498508574582 -0.26468084198589814 -0.26471183072751403 -0.26474281708169745 -0.26477380104784043 -0.2648047826253319 -0.2648357618135675 -0.2648667386119383 -0.2648977130198302 -0.264928685036641 -0.26495965466175875 -0.2649906218945741 -0.26502158673447695 -0.2650525491808584 -0.26508350923311186 -0.2651144668906231 -0.26514542215278425 -0.2651763750189855 -0.26520732548861714 -0.26523827356106766 -0.2652692192357273 -0.26530016251198507 -0.2653311033892294 -0.2653620418668523 -0.26539297794424055 -0.2654239116207844 -0.2654548428958692 -0.2654857717688883 -0.26551669823922674 -0.2655476223062747 -0.2655785439694185 -0.2656094632280479 -0.26564038008155233 -0.2656712945293149 -0.2657022065707273 -0.2657331162051739 -0.2657640234320455 -0.26579492825072615 -0.2658258306606047 -0.26585673066106796 -0.2658876282515017 -0.26591852343129263 -0.2659494161998306 -0.26598030655649696 -0.26601119450068067 -0.2660420800317671 -0.2660729631491443 -0.2661038438521941 -0.26613472214030454 -0.2661655980128623 -0.26619647146925063 -0.26622734250885616 -0.2662582111310621 -0.26628907733525686 -0.2663199411208219 -0.26635080248714216 -0.2663816614336052 -0.26641251795959153 -0.2664433720644883 -0.26647422374768004 -0.26650507300854853 -0.2665359198464774 -0.266566764260852 -0.26659760625105555 -0.2666284458164716 -0.2666592829564838 -0.26669011767047346 -0.266720949957826 -0.26675177981792286 -0.2667826072501458 -0.26681343225387977 -0.26684425482850527 -0.26687507497340546 -0.26690589268796394 -0.2669367079715612 -0.26696752082357733 -0.26699833124339767 -0.2670291392304014 -0.2670599447839712 -0.2670907479034872 -0.2671215485883325 -0.26715234683788536 -0.2671831426515303 -0.2672139360286452 -0.2672447269686118 -0.26727551547081063 -0.2673063015346204 -0.26733708515942434 -0.26736786634460064 -0.26739864508953026 -0.2674294213935906 -0.2674601952561626 -0.2674909666766285 -0.26752173565436443 -0.2675525021887495 -0.26758326627916373 -0.2676140279249877 -0.2676447871255969 -0.2676755438803724 -0.26770629818869196 -0.26773705004993475 -0.26776779946347684 -0.26779854642869827 -0.26782929094497687 -0.2678600330116896 -0.2678907726282156 -0.2679215097939296 -0.2679522445082143 -0.2679829767704396 -0.268013706579989 -0.2680444339362342 -0.2680751588385588 -0.26810588128633217 -0.2681366012789348 -0.26816731881574185 -0.26819803389613206 -0.26822874651947837 -0.26825945668515816 -0.2682901643925466 -0.26832086964102064 -0.268351572429955 -0.2683822727587253 -0.26841297062670755 -0.2684436660332743 -0.26847435897780336 -0.26850504945966813 -0.26853573747824333 -0.26856642303290457 -0.26859710612302523 -0.26862778674798005 -0.26865846490714285 -0.2686891405998879 -0.26871981382558996 -0.2687504845836197 -0.2687811528733528 -0.2688118186941635 -0.2688424820454256 -0.268873142926509 -0.26890380133678926 -0.26893445727563803 -0.2689651107424287 -0.2689957617365333 -0.2690264102573261 -0.26905705630417653 -0.2690876998764584 -0.2691183409735429 -0.2691489795948039 -0.2691796157396107 -0.2692102494073345 -0.26924088059735185 -0.2692715093090272 -0.26930213554173577 -0.269332759294846 -0.2693633805677318 -0.26939399935976205 -0.2694246156703084 -0.26945522949873935 -0.2694858408444265 -0.26951644970674105 -0.2695470560850515 -0.2695776599787272 -0.26960826138713845 -0.26963886030965734 -0.2696694567456488 -0.26970005069448577 -0.2697306421555359 -0.2697612311281681 -0.2697918176117535 -0.26982240160565585 -0.269852983109248 -0.2698835621218967 -0.2699141386429713 -0.2699447126718377 -0.26997528420786754 -0.2700058532504257 -0.2700364197988807 -0.27006698385260197 -0.27009754541095266 -0.2701281044733048 -0.2701586610390221 -0.2701892151074734 -0.27021976667802505 -0.2702503157500433 -0.27028086232289583 -0.2703114063959471 -0.27034194796856514 -0.2703724870401176 -0.2704030236099668 -0.2704335576774808 -0.2704640892420245 -0.27049461830296506 -0.2705251448596653 -0.2705556689114923 -0.27058619045781196 -0.2706167094979852 -0.27064722603138325 -0.2706777400573661 -0.2707082515752983 -0.2707387605845466 -0.27076926708447413 -0.270799771074445 -0.2708302725538241 -0.27086077152197374 -0.2708912679782589 -0.27092176192204187 -0.270952253352688 -0.2709827422695583 -0.27101322867201727 -0.27104371255942805 -0.27107419393115206 -0.27110467278655515 -0.2711351491249956 -0.2711656229458379 -0.27119609424844393 -0.2712265630321786 -0.2712570292963985 -0.2712874930404716 -0.27131795426375405 -0.27134841296561074 -0.2713788691454009 -0.271409322802489 -0.2714397739362324 -0.27147022254599484 -0.27150066863113587 -0.27153111219101733 -0.27156155322499664 -0.2715919917324374 -0.2716224277126984 -0.2716528611651414 -0.27168329208912434 -0.2717137204840072 -0.27174414634915056 -0.271774569683914 -0.2718049904876554 -0.2718354087597361 -0.271865824499514 -0.2718962377063483 -0.27192664837959724 -0.27195705651861957 -0.27198746212277447 -0.2720178651914207 -0.2720482657239147 -0.2720786637196153 -0.27210905917788253 -0.2721394520980702 -0.27216984247954024 -0.27220023032164553 -0.27223061562374706 -0.2722609983852009 -0.272291378605364 -0.27232175628359245 -0.27235213141924497 -0.27238250401167674 -0.2724128740602443 -0.2724432415643032 -0.2724736065232123 -0.27250396893632534 -0.272534328802998 -0.27256468612258855 -0.27259504089444864 -0.27262539311793654 -0.2726557427924088 -0.272686089917217 -0.27271643449171723 -0.27274677651526735 -0.27277711598721766 -0.2728074529069269 -0.2728377872737453 -0.2728681190870299 -0.27289844834613497 -0.2729287750504139 -0.2729590991992188 -0.27298942079190613 -0.27301973982782757 -0.2730500563063383 -0.27308037022678944 -0.27311068158853624 -0.273140990390929 -0.2731712966333233 -0.2732016003150717 -0.27323190143552445 -0.2732621999940341 -0.27329249598995586 -0.27332278942263954 -0.27335308029143635 -0.2733833685956992 -0.27341365433478115 -0.2734439375080311 -0.273474218114802 -0.2735044961544455 -0.273534771626311 -0.2735650445297506 -0.2735953148641146 -0.2736255826287546 -0.2736558478230191 -0.27368611044626023 -0.2737163704978278 -0.2737466279770713 -0.2737768828833409 -0.2738071352159861 -0.27383738497435717 -0.2738676321578035 -0.27389787676567323 -0.27392811879731704 -0.2739583582520826 -0.2739885951293206 -0.27401882942837874 -0.2740490611486037 -0.2740792902893472 -0.274109516849955 -0.27413974082977743 -0.2741699622281599 -0.27420018104445276 -0.2742303972780009 -0.2742606109281551 -0.27429082199426125 -0.27432103047566514 -0.27435123637171754 -0.2743814396817612 -0.27441164040514643 -0.27444183854121684 -0.27447203408931964 -0.2745022270488042 -0.2745324174190138 -0.27456260519929554 -0.2745927903889931 -0.2746229729874563 -0.2746531529940288 -0.27468333040805337 -0.2747135052288816 -0.27474367745585226 -0.27477384708831387 -0.2748040141256096 -0.2748341785670858 -0.2748643404120865 -0.27489449965995805 -0.27492465631004004 -0.27495481036168057 -0.27498496181422194 -0.2750151106670087 -0.2750452569193844 -0.27507540057069146 -0.275105541620277 -0.2751356800674789 -0.2751658159116448 -0.27519594915211476 -0.2752260797882329 -0.27525620781934235 -0.2752863332447837 -0.2753164560639014 -0.27534657627603787 -0.2753766938805331 -0.2754068088767303 -0.2754369212639718 -0.2754670310415972 -0.27549713820895017 -0.2755272427653712 -0.2755573447102009 -0.27558744404278146 -0.27561754076245215 -0.2756476348685566 -0.2756777263604313 -0.27570781523742083 -0.2757379014988621 -0.27576798514409795 -0.2757980661724675 -0.2758281445833086 -0.27585822037596364 -0.27588829354977085 -0.2759183641040699 -0.2759484320382004 -0.2759784973515007 -0.2760085600433113 -0.2760386201129683 -0.27606867755981357 -0.27609873238318094 -0.27612878458241497 -0.27615883415684994 -0.27618888110582507 -0.27621892542867554 -0.276248967124745 -0.276279006193366 -0.2763090426338768 -0.27633907644561617 -0.2763691076279198 -0.2763991361801268 -0.2764291621015724 -0.27645918539159364 -0.276489206049527 -0.2765192240747085 -0.2765492394664748 -0.2765792522241628 -0.2766092623471059 -0.2766392698346447 -0.2766692746861108 -0.27669927690084073 -0.27672927647817014 -0.2767592734174338 -0.27678926771796775 -0.27681925937910545 -0.2768492484001821 -0.276879234780536 -0.27690921851949524 -0.27693919961639857 -0.2769691780705785 -0.2769991538813694 -0.2770291270481051 -0.2770590975701195 -0.27708906544674505 -0.27711903067731836 -0.2771489932611697 -0.2771789531976325 -0.277208910486042 -0.27723886512572626 -0.2772688171160236 -0.27729876645626295 -0.27732871314577734 -0.2773586571839006 -0.2773885985699618 -0.277418537303296 -0.27744847338323364 -0.27747840680910496 -0.27750833758024473 -0.2775382656959815 -0.2775681911556447 -0.27759811395857037 -0.27762803410408754 -0.2776579515915256 -0.2776878664202145 -0.2777177785894871 -0.27774768809867334 -0.2777775949471013 -0.2778074991341022 -0.27783740065900764 -0.27786729952114353 -0.27789719571984284 -0.27792708925443144 -0.27795698012424186 -0.27798686832860264 -0.2780167538668392 -0.278046636738285 -0.2780765169422663 -0.27810639447811214 -0.27813626934515057 -0.27816614154270836 -0.2781960110701167 -0.2782258779267033 -0.27825574211178994 -0.278285603624711 -0.27831546246479055 -0.27834531863135625 -0.2783751721237371 -0.27840502294125713 -0.2784348710832454 -0.27846471654902594 -0.27849455933793 -0.2785243994492794 -0.27855423688240055 -0.27858407163662235 -0.2786139037112698 -0.2786437331056666 -0.2786735598191403 -0.2787033838510138 -0.27873320520061684 -0.2787630238672705 -0.2787928398503028 -0.2788226531490352 -0.2788524637627945 -0.2788822716909056 -0.27891207693269227 -0.27894187948747806 -0.27897167935458755 -0.2790014765333453 -0.27903127102307357 -0.2790610628230987 -0.2790908519327404 -0.2791206383513254 -0.2791504220781733 -0.27918020311261094 -0.2792099814539597 -0.2792397571015415 -0.27926953005467725 -0.2792993003126947 -0.2793290678749125 -0.2793588327406513 -0.2793885949092352 -0.27941835437998597 -0.27944811115222556 -0.2794778652252736 -0.27950761659845336 -0.27953736527108486 -0.27956711124248956 -0.27959685451198846 -0.27962659507890164 -0.2796563329425501 -0.2796860681022548 -0.27971580055733547 -0.27974553030711213 -0.27977525735090447 -0.27980498168803214 -0.2798347033178157 -0.27986442223957786 -0.2798941384526281 -0.2799238519562959 -0.27995356274989414 -0.2799832708327452 -0.2800129762041643 -0.28004267886347467 -0.28007237880999236 -0.2801020760430326 -0.2801317705619195 -0.2801614623659665 -0.28019115145449236 -0.28022083782681584 -0.28025052148225393 -0.2802802024201232 -0.2803098806397415 -0.28033955614042716 -0.2803692289214941 -0.28039889898226233 -0.2804285663220454 -0.2804582309401624 -0.2804878928359269 -0.280517552008658 -0.2805472084576697 -0.2805768621822784 -0.28060651318179985 -0.2806361614555497 -0.2806658070028418 -0.28069544982299366 -0.2807250899153191 -0.28075472727913287 -0.2807843619137498 -0.28081399381848504 -0.2808436229926521 -0.2808732494355666 -0.28090287314654194 -0.2809324941248921 -0.2809621123699304 -0.28099172788097126 -0.2810213406573272 -0.28105095069831343 -0.28108055800324117 -0.2811101625714252 -0.2811397644021767 -0.2811693634948087 -0.2811989598486342 -0.28122855346296616 -0.2812581443371176 -0.2812877324703993 -0.281317317862122 -0.2813469005115996 -0.28137648041814334 -0.2814060575810631 -0.2814356319996727 -0.2814652036732834 -0.28149477260120515 -0.2815243387827473 -0.281553902217222 -0.2815834629039409 -0.28161302084221296 -0.281642576031349 -0.2816721284706585 -0.2817016781594526 -0.2817312250970403 -0.2817607692827315 -0.2817903107158357 -0.28181984939566185 -0.2818493853215198 -0.28187891849271907 -0.28190844890856637 -0.28193797656837294 -0.28196750147144556 -0.28199702361709367 -0.2820265430046236 -0.282056059633347 -0.28208557350256847 -0.2821150846115974 -0.2821445929597419 -0.2821740985463075 -0.28220360137060396 -0.2822331014319359 -0.2822625987296128 -0.28229209326294 -0.28232158503122484 -0.2823510740337749 -0.282380560269893 -0.28241004373888856 -0.28243952444006704 -0.2824690023727334 -0.28249847753619495 -0.28252794992975705 -0.28255741955272384 -0.28258688640440033 -0.28261635048409417 -0.2826458117911095 -0.2826752703247499 -0.2827047260843192 -0.2827341790691249 -0.28276362927846943 -0.2827930767116591 -0.282822521367994 -0.28285196324678097 -0.2828814023473254 -0.2829108386689265 -0.2829402722108907 -0.2829697029725202 -0.28299913095311924 -0.28302855615198785 -0.2830579785684324 -0.2830873982017552 -0.2831168150512564 -0.2831462291162401 -0.2831756403960082 -0.2832050488898603 -0.2832344545971024 -0.2832638575170341 -0.2832932576489564 -0.2833226549921739 -0.2833520495459827 -0.2833814413096878 -0.28341083028258973 -0.2834402164639864 -0.283469599853182 -0.2834989804494761 -0.2835283582521675 -0.28355773326055767 -0.2835871054739454 -0.283616474891633 -0.2836458415129166 -0.283675205337099 -0.2837045663634772 -0.2837339245913535 -0.2837632800200218 -0.2837926326487876 -0.28382198247694346 -0.28385132950379166 -0.28388067372862924 -0.28391001515075587 -0.2839393537694668 -0.2839686895840634 -0.28399802259384055 -0.28402735279809876 -0.2840566801961324 -0.28408600478724244 -0.28411532657072236 -0.2841446455458718 -0.28417396171198517 -0.2842032750683625 -0.2842325856142982 -0.28426189334908836 -0.28429119827203 -0.28432050038241785 -0.2843497996795503 -0.2843790961627213 -0.28440838983122774 -0.28443768068436404 -0.2844669687214245 -0.28449625394170663 -0.28452553634450384 -0.28455481592911136 -0.2845840926948213 -0.28461336664093384 -0.28464263776673926 -0.28467190607153325 -0.2847011715546066 -0.284730434215259 -0.2847596940527799 -0.28478895106646274 -0.2848182052556023 -0.2848474566194925 -0.2848767051574237 -0.2849059508686915 -0.28493519375258813 -0.28496443380840475 -0.2849936710354357 -0.2850229054329727 -0.28505213700030696 -0.28508136573673104 -0.2851105916415375 -0.2851398147140163 -0.2851690349534599 -0.28519825235915963 -0.285227466930408 -0.28525667866649096 -0.28528588756670725 -0.2853150936303419 -0.2853442968566866 -0.28537349724503347 -0.28540269479466884 -0.28543188950488707 -0.2854610813749763 -0.2854902704042255 -0.28551945659192546 -0.285548639937363 -0.2855778204398325 -0.2856069980986202 -0.285636172913013 -0.285665344882303 -0.2856945140057765 -0.2857236802827239 -0.2857528437124319 -0.28578200429419054 -0.28581116202728474 -0.28584031691100575 -0.28586946894463905 -0.2858986181274732 -0.28592776445879586 -0.2859569079378925 -0.2859860485640513 -0.28601518633655987 -0.28604432125470325 -0.28607345331777045 -0.2861025825250434 -0.28613170887581507 -0.2861608323693656 -0.28618995300498407 -0.28621907078195497 -0.28624818569956245 -0.28627729775709554 -0.2863064069538366 -0.2863355132890737 -0.2863646167620879 -0.28639371737216823 -0.2864228151185957 -0.2864519100006575 -0.28648100201763516 -0.2865100911688159 -0.2865391774534811 -0.28656826087091725 -0.2865973414204035 -0.2866264191012302 -0.28665549391267486 -0.28668456585402513 -0.2867136349245598 -0.28674270112356526 -0.28677176445032027 -0.28680082490411296 -0.2868298824842199 -0.28685893718992705 -0.2868879890205158 -0.28691703797526813 -0.28694608405346456 -0.2869751272543897 -0.28700416757732095 -0.28703320502154384 -0.28706223958633315 -0.28709127127097833 -0.2871203000747542 -0.2871493259969413 -0.28717834903682427 -0.28720736919368184 -0.2872363864667902 -0.2872654008554343 -0.28729441235889297 -0.28732342097644414 -0.28735242670736705 -0.28738142955094403 -0.28741042950645257 -0.287439426573171 -0.2874684207503799 -0.28749741203735724 -0.28752640043337996 -0.28755538593772956 -0.2875843685496817 -0.2876133482685157 -0.28764232509350807 -0.2876712990239394 -0.2877002700590845 -0.2877292381982226 -0.2877582034406285 -0.28778716578558194 -0.287816125232359 -0.2878450817802358 -0.2878740354284912 -0.28790298617639865 -0.2879319340232369 -0.2879608789682804 -0.28798982101080517 -0.28801876015008787 -0.28804769638540506 -0.2880766297160311 -0.288105560141239 -0.288134487660308 -0.28816341227251163 -0.2881923339771246 -0.2882212527734205 -0.2882501686606753 -0.2882790816381626 -0.2883079917051572 -0.2883368988609334 -0.2883658031047638 -0.2883947044359232 -0.2884236028536842 -0.28845249835732156 -0.2884813909461075 -0.28851028061931405 -0.2885391673762179 -0.288568051216088 -0.28859693213819737 -0.2886258101418204 -0.2886546852262284 -0.28868355739069296 -0.2887124266344867 -0.28874129295688045 -0.2887701563571454 -0.28879901683455733 -0.28882787438838164 -0.2888567290178936 -0.28888558072236137 -0.2889144295010584 -0.28894327535325237 -0.2889721182782159 -0.2890009582752189 -0.28902979534353035 -0.28905862948242333 -0.28908746069116376 -0.28911628896902464 -0.2891451143152719 -0.289173936729179 -0.28920275621001235 -0.2892315727570409 -0.2892603863695342 -0.28928919704676215 -0.2893180047879911 -0.28934680959249093 -0.28937561145952895 -0.2894044103883746 -0.28943320637829295 -0.28946199942855566 -0.28949078953842555 -0.28951957670717476 -0.2895483609340661 -0.2895771422183717 -0.2896059205593531 -0.28963469595628055 -0.2896634684084196 -0.2896922379150362 -0.2897210044753957 -0.28974976808876685 -0.28977852875441545 -0.28980728647160436 -0.28983604123960083 -0.2898647930576712 -0.28989354192507877 -0.28992228784109075 -0.28995103080496953 -0.2899797708159815 -0.2900085078733925 -0.2900372419764641 -0.29006597312446214 -0.2900947013166517 -0.2901234265522943 -0.29015214883065665 -0.29018086815099897 -0.2902095845125876 -0.29023829791468536 -0.29026700835655284 -0.29029571583745595 -0.29032442035665706 -0.2903531219134172 -0.290381820507001 -0.29041051613667035 -0.2904392088016836 -0.29046789850130805 -0.29049658523480293 -0.2905252690014297 -0.29055394980045124 -0.29058262763112763 -0.29061130249271905 -0.29063997438449096 -0.2906686433056995 -0.29069730925560755 -0.2907259722334743 -0.29075463223856035 -0.2907832892701272 -0.29081194332743365 -0.2908405944097394 -0.2908692425163064 -0.2908978876463886 -0.2909265297992527 -0.2909551689741532 -0.29098380517035105 -0.2910124383871029 -0.29104106862366885 -0.29106969587930864 -0.2910983201532784 -0.29112694144483786 -0.2911555597532436 -0.29118417507775574 -0.29121278741762957 -0.2912413967721248 -0.2912700031404962 -0.2912986065220031 -0.2913272069159021 -0.29135580432145014 -0.29138439873790345 -0.29141299016451816 -0.2914415786005522 -0.29147016404526127 -0.2914987464979002 -0.291527325957726 -0.291555902423994 -0.2915844758959598 -0.2916130463728783 -0.29164161385400655 -0.2916701783385971 -0.2916987398259061 -0.2917272983151893 -0.2917558538057001 -0.2917844062966921 -0.2918129557874205 -0.2918415022771401 -0.2918700457651031 -0.29189858625056475 -0.2919271237327772 -0.2919556582109961 -0.29198418968447193 -0.29201271815245944 -0.29204124361421124 -0.2920697660689795 -0.2920982855160186 -0.2921268019545784 -0.2921553153839107 -0.2921838258032725 -0.2922123332119124 -0.2922408376090786 -0.2922693389940294 -0.29229783736601167 -0.2923263327242789 -0.29235482506808097 -0.2923833143966683 -0.2924118007092935 -0.29244028400520694 -0.292468764283655 -0.2924972415438938 -0.29252571578517017 -0.29255418700673497 -0.29258265520783633 -0.29261112038772596 -0.2926395825456516 -0.2926680416808649 -0.2926964977926114 -0.2927249508801424 -0.2927534009427051 -0.2927818479795512 -0.2928102919899267 -0.2928387329730797 -0.2928671709282584 -0.29289560585471186 -0.2929240377516864 -0.29295246661842933 -0.292980892454191 -0.29300931525821516 -0.29303773502975083 -0.29306615176804396 -0.2930945654723427 -0.29312297614189253 -0.29315138377593764 -0.2931797883737288 -0.2932081899345098 -0.293236588457527 -0.2932649839420254 -0.2932933763872496 -0.2933217657924483 -0.2933501521568642 -0.293378535479742 -0.2934069157603294 -0.29343529299786697 -0.29346366719160333 -0.2934920383407804 -0.2935204064446437 -0.2935487715024365 -0.29357713351340253 -0.2936054924767868 -0.2936338483918304 -0.2936622012577792 -0.29369055107387654 -0.29371889783936345 -0.29374724155348453 -0.29377558221547995 -0.2938039198245961 -0.2938322543800713 -0.29386058588115294 -0.29388891432707664 -0.29391723971709016 -0.2939455620504319 -0.2939738813263446 -0.2940021975440681 -0.29403051070284514 -0.2940588208019168 -0.29408712784052193 -0.2941154318179051 -0.2941437327333025 -0.2941720305859574 -0.29420032537511 -0.2942286170999977 -0.2942569057598643 -0.2942851913539437 -0.2943134738814819 -0.29434175334171586 -0.2943700297338827 -0.29439830305722303 -0.29442657331097566 -0.29445484049438075 -0.29448310460667404 -0.2945113656470948 -0.29453962361488273 -0.2945678785092727 -0.29459613032950793 -0.2946243790748211 -0.2946526247444514 -0.2946808673376342 -0.2947091068536105 -0.2947373432916147 -0.2947655766508843 -0.29479380693065727 -0.2948220341301653 -0.29485025824865163 -0.2948784792853467 -0.2949066972394907 -0.2949349121103153 -0.2949631238970589 -0.2949913325989564 -0.29501953821524296 -0.29504774074515483 -0.2950759401879246 -0.2951041365427889 -0.2951323298089821 -0.29516051998573767 -0.2951887070722914 -0.29521689106787585 -0.29524507197172634 -0.295273249783075 -0.29530142450115626 -0.29532959612520493 -0.2953577646544536 -0.29538593008813274 -0.29541409242547845 -0.2954422516657238 -0.29547040780809697 -0.2954985608518368 -0.29552671079616877 -0.29555485764033174 -0.29558300138355165 -0.2956111420250638 -0.2956392795640972 -0.2956674139998867 -0.2956955453316614 -0.29572367355865214 -0.2957517986800897 -0.29577992069520587 -0.29580803960322966 -0.29583615540339503 -0.29586426809492616 -0.2958923776770588 -0.2959204841490193 -0.2959485875100385 -0.2959766877593486 -0.29600478489617377 -0.2960328789197453 -0.296060969829294 -0.2960890576240476 -0.29611714230323294 -0.29614522386608044 -0.29617330231181915 -0.2962013776396759 -0.29622944984887845 -0.29625751893865493 -0.29628558490823487 -0.29631364775684155 -0.29634170748370625 -0.2963697640880545 -0.29639781756911177 -0.2964258679261089 -0.2964539151582679 -0.2964819592648178 -0.29651000024498453 -0.2965380380979967 -0.296566072823075 -0.29659410441944756 -0.29662213288634076 -0.296650158222981 -0.2966781804285903 -0.2967061995023954 -0.29673421544362233 -0.296762228251493 -0.2967902379252356 -0.29681824446407257 -0.29684624786722713 -0.2968742481339248 -0.2969022452633894 -0.29693023925484496 -0.29695823010751266 -0.2969862178206184 -0.2970142023933846 -0.297042183825035 -0.29707016211478976 -0.2970981372618753 -0.2971261092655113 -0.2971540781249207 -0.29718204383932756 -0.2972100064079517 -0.2972379658300133 -0.29726592210474 -0.29729387523134676 -0.2973218252090595 -0.297349772037097 -0.29737771571467997 -0.2974056562410299 -0.2974335936153687 -0.2974615278369157 -0.2974894589048884 -0.29751738681851236 -0.29754531157700415 -0.29757323317958306 -0.2976011516254684 -0.2976290669138839 -0.29765697904404265 -0.2976848880151701 -0.29771279382647897 -0.29774069647719204 -0.2977685959665264 -0.29779649229370175 -0.2978243854579339 -0.2978522754584416 -0.2978801622944438 -0.29790804596515796 -0.29793592646980205 -0.29796380380759135 -0.2979916779777443 -0.29801954897947747 -0.29804741681200975 -0.29807528147455464 -0.298103142966331 -0.2981310012865537 -0.29815885643443796 -0.2981867084092036 -0.2982145572100623 -0.2982424028362334 -0.29827024528692725 -0.2982980845613641 -0.2983259206587552 -0.29835375357831895 -0.298381583319268 -0.2984094098808163 -0.2984372332621801 -0.2984650534625728 -0.29849287048120754 -0.29852068431729917 -0.2985484949700643 -0.2985763024387085 -0.2986041067224545 -0.2986319078205075 -0.29865970573208456 -0.29868750045640047 -0.29871529199266433 -0.2987430803400888 -0.2987708654978869 -0.2987986474652713 -0.2988264262414533 -0.29885420182564504 -0.29888197421705787 -0.2989097434149053 -0.29893750941839414 -0.29896527222673885 -0.2989930318391494 -0.29902078825483835 -0.29904854147301263 -0.2990762914928857 -0.29910403831366583 -0.29913178193456336 -0.29915952235479004 -0.29918725957355363 -0.29921499359006454 -0.2992427244035314 -0.29927045201316416 -0.29929817641816925 -0.29932589761776063 -0.29935361561114293 -0.2993813303975248 -0.2994090419761175 -0.29943675034612616 -0.29946445550675893 -0.29949215745722313 -0.2995198561967305 -0.2995475517244852 -0.2995752440396928 -0.2996029331415637 -0.299630619029303 -0.2996583017021175 -0.29968598115921496 -0.2997136573998014 -0.29974133042308226 -0.29976900022826314 -0.2997966668145513 -0.2998243301811514 -0.29985199032726984 -0.29987964725211036 -0.29990730095487894 -0.2999349514347833 -0.2999625986910228 -0.2999902427228043 -0.3000178835293359 -0.30004552110981875 -0.3000731554634548 -0.30010078658945183 -0.3001284144870118 -0.3001560391553393 -0.30018366059363544 -0.3002112788011053 -0.30023889377695223 -0.3002665055203777 -0.3002941140305859 -0.3003217193067784 -0.30034932134815584 -0.3003769201539259 -0.30040451572328486 -0.3004321080554364 -0.300459697149583 -0.30048728300492566 -0.3005148656206651 -0.30054244499600236 -0.30057002113014075 -0.30059759402227737 -0.3006251636716142 -0.3006527300773536 -0.3006802932386936 -0.3007078531548357 -0.30073540982497793 -0.3007629632483222 -0.30079051342406604 -0.30081806035140835 -0.3008456040295524 -0.3008731444576922 -0.30090068163503103 -0.3009282155607633 -0.30095574623408927 -0.30098327365420907 -0.30101079782031803 -0.30103831873161546 -0.30106583638729933 -0.3010933507865654 -0.30112086192861387 -0.3011483698126409 -0.3011758744378432 -0.3012033758034165 -0.30123087390855874 -0.3012583687524675 -0.3012858603343367 -0.30131334865336434 -0.30134083370874754 -0.3013683154996789 -0.30139579402535555 -0.30142326928497365 -0.3014507412777272 -0.30147821000281283 -0.3015056754594245 -0.3015331376467558 -0.3015605965640056 -0.3015880522103629 -0.3016155045850244 -0.3016429536871845 -0.3016703995160377 -0.3016978420707752 -0.3017252813505933 -0.30175271735468234 -0.3017801500822399 -0.30180757953245285 -0.3018350057045205 -0.30186242859763013 -0.30188984821097753 -0.30191726454375356 -0.3019446775951504 -0.30197208736436076 -0.3019994938505741 -0.3020268970529858 -0.30205429697078445 -0.3020816936031614 -0.3021090869493097 -0.3021364770084185 -0.30216386377967686 -0.30219124726227786 -0.3022186274554124 -0.30224600435826865 -0.3022733779700362 -0.3023007482899076 -0.3023281153170698 -0.3023554790507115 -0.30238283949002476 -0.3024101966341983 -0.30243755048242127 -0.3024649010338787 -0.30249224828776233 -0.3025195922432604 -0.30254693289956025 -0.30257427025585004 -0.3026016043113189 -0.3026289350651523 -0.30265626251653854 -0.3026835866646671 -0.30271090750872043 -0.3027382250478907 -0.3027655392813604 -0.3027928502083177 -0.3028201578279499 -0.30284746213944214 -0.30287476314198036 -0.302902060834751 -0.30292935521694053 -0.3029566462877318 -0.3029839340463121 -0.3030112184918683 -0.30303849962358065 -0.30306577744063734 -0.30309305194222347 -0.303120323127521 -0.30314759099571553 -0.3031748555459921 -0.3032021167775314 -0.3032293746895207 -0.3032566292811416 -0.3032838805515765 -0.3033111285000132 -0.3033383731256283 -0.30336561442760956 -0.30339285240513814 -0.30342008705739465 -0.3034473183835633 -0.303474546382827 -0.30350177105436504 -0.3035289923973612 -0.3035562104109957 -0.30358342509445224 -0.30361063644690844 -0.30363784446754716 -0.3036650491555508 -0.30369225051009874 -0.30371944853036936 -0.3037466432155469 -0.303773834564808 -0.3038010225773342 -0.30382820725230486 -0.3038553885889006 -0.3038825665862994 -0.303909741243682 -0.3039369125602258 -0.30396408053510937 -0.30399124516751463 -0.3040184064566147 -0.3040455644015929 -0.304072719001625 -0.3040998702558908 -0.304127018163566 -0.30415416272382734 -0.30418130393585585 -0.30420844179882556 -0.30423557631191533 -0.3042627074742996 -0.30428983528515774 -0.3043169597436668 -0.30434408084900033 -0.304371198600335 -0.3043983129968497 -0.30442542403771666 -0.30445253172211295 -0.30447963604921435 -0.3045067370181962 -0.3045338346282316 -0.3045609288784985 -0.3045880197681683 -0.30461510729641805 -0.30464219146242266 -0.30466927226535256 -0.30469634970438575 -0.30472342377869355 -0.30475049448745084 -0.3047775618298294 -0.30480462580500545 -0.30483168641214853 -0.30485874365043353 -0.304885797519034 -0.3049128480171204 -0.30493989514386755 -0.3049669388984442 -0.30499397928002603 -0.3050210162877809 -0.30504804992088363 -0.3050750801785047 -0.3051021070598159 -0.30512913056398716 -0.30515615069019075 -0.305183167437594 -0.3052101808053722 -0.30523719079269274 -0.30526419739872734 -0.3052912006226447 -0.30531820046361346 -0.3053451969208081 -0.30537218999339055 -0.305399179680538 -0.30542616598141503 -0.3054531488951908 -0.30548012842103445 -0.30550710455811503 -0.3055340773056012 -0.3055610466626586 -0.30558801262845847 -0.30561497520216774 -0.3056419343829515 -0.30566889016998067 -0.30569584256242166 -0.30572279155943916 -0.30574973716020315 -0.305776679363877 -0.3058036181696302 -0.30583055357663014 -0.30585748558403836 -0.3058844141910244 -0.30591133939675164 -0.30593826120038914 -0.3059651796010985 -0.3059920945980492 -0.3060190061904007 -0.30604591437732287 -0.3060728191579787 -0.30609972053153145 -0.3061266184971476 -0.30615351305399097 -0.30618040420122306 -0.3062072919380108 -0.3062341762635161 -0.3062610571769011 -0.3062879346773326 -0.3063148087639709 -0.3063416794359797 -0.30636854669252145 -0.3063954105327591 -0.30642227095585417 -0.30644912796097 -0.3064759815472682 -0.3065028317139089 -0.3065296784600555 -0.30655652178486914 -0.30658336168751 -0.3066101981671405 -0.3066370312229201 -0.3066638608540124 -0.30669068705957425 -0.3067175098387671 -0.30674432919075123 -0.3067711451146873 -0.3067979576097337 -0.30682476667505254 -0.3068515723097991 -0.3068783745131376 -0.3069051732842225 -0.30693196862221317 -0.306958760526272 -0.30698554899555486 -0.30701233402921746 -0.30703911562642316 -0.30706589378632776 -0.30709266850808836 -0.30711943979085987 -0.3071462076338056 -0.3071729720360783 -0.30719973299683634 -0.30722649051523465 -0.3072532445904348 -0.30727999522158767 -0.3073067424078535 -0.30733348614838496 -0.30736022644234184 -0.3073869632888755 -0.3074136966871457 -0.3074404266363042 -0.3074671531355091 -0.30749387618391166 -0.3075205957806708 -0.3075473119249388 -0.30757402461587 -0.307600733852619 -0.3076274396343406 -0.3076541419601866 -0.30768084082931413 -0.3077075362408723 -0.3077342281940183 -0.30776091668790384 -0.30778760172168074 -0.30781428329450344 -0.30784096140552153 -0.30786763605389167 -0.307894307238763 -0.30792097495928905 -0.3079476392146199 -0.30797430000390946 -0.3080009573263065 -0.308027611180965 -0.3080542615670332 -0.30808090848366687 -0.3081075519300094 -0.30813419190521874 -0.3081608284084405 -0.3081874614388256 -0.30821409099552355 -0.3082407170776875 -0.3082673396844626 -0.3082939588150011 -0.3083205744684516 -0.3083471866439633 -0.30837379534068265 -0.30840040055776274 -0.3084270022943474 -0.3084536005495897 -0.30848019532263304 -0.30850678661262876 -0.30853337441872286 -0.30855995874006137 -0.30858653957579607 -0.30861311692507076 -0.308639690787035 -0.30866626116083173 -0.3086928280456096 -0.3087193914405173 -0.3087459513446964 -0.3087725077572978 -0.3087990606774649 -0.30882561010434095 -0.30885215603707605 -0.308878698474814 -0.30890523741669806 -0.3089317728618757 -0.30895830480948927 -0.30898483325868487 -0.3090113582086058 -0.30903787965839946 -0.3090643976072043 -0.3090909120541694 -0.3091174229984355 -0.3091439304391477 -0.3091704343754462 -0.3091969348064785 -0.30922343173138467 -0.30924992514930594 -0.3092764150593892 -0.30930290146077155 -0.3093293843526004 -0.3093558637340146 -0.3093823396041566 -0.30940881196216674 -0.30943528080718785 -0.3094617461383615 -0.30948820795482757 -0.309514666255728 -0.3095411210402008 -0.30956757230738985 -0.3095940200564353 -0.30962046428647394 -0.30964690499664727 -0.30967334218609555 -0.30969977585395947 -0.30972620599937484 -0.30975263262148367 -0.30977905571942443 -0.30980547529233515 -0.3098318913393552 -0.30985830385962343 -0.3098847128522739 -0.30991111831645135 -0.30993752025128796 -0.30996391865592443 -0.3099903135294979 -0.31001670487114374 -0.3100430926800004 -0.3100694769552055 -0.3100958576958952 -0.31012223490120494 -0.31014860857027227 -0.31017497870223076 -0.3102013452962211 -0.3102277083513747 -0.3102540678668282 -0.3102804238417205 -0.31030677627518255 -0.3103331251663497 -0.31035947051435864 -0.3103858123183416 -0.31041215057743665 -0.31043848529077467 -0.3104648164574919 -0.3104911440767184 -0.31051746814759307 -0.31054378866924726 -0.31057010564081233 -0.3105964190614241 -0.3106227289302148 -0.3106490352463154 -0.3106753380088616 -0.31070163721698263 -0.3107279328698125 -0.3107542249664843 -0.31078051350612634 -0.31080679848787307 -0.3108330799108554 -0.3108593577742025 -0.310885632077047 -0.3109119028185203 -0.3109381699977538 -0.3109644336138766 -0.31099069366601784 -0.3110169501533089 -0.3110432030748793 -0.3110694524298605 -0.3110956982173798 -0.31112194043656816 -0.31114817908655157 -0.3111744141664641 -0.3112006456754295 -0.31122687361258095 -0.3112530979770418 -0.31127931876794435 -0.31130553598441635 -0.31133174962558163 -0.31135795969057245 -0.31138416617851394 -0.3114103690885335 -0.3114365684197584 -0.3114627641713157 -0.3114889563423331 -0.31151514493193533 -0.31154132993924755 -0.3115675113633998 -0.3115936892035154 -0.3116198634587186 -0.31164603412813996 -0.3116722012108992 -0.3116983647061238 -0.31172452461294053 -0.3117506809304711 -0.3117768336578437 -0.31180298279417773 -0.31182912833860277 -0.31185527029023774 -0.31188140864821046 -0.31190754341164384 -0.31193367457965904 -0.3119598021513825 -0.31198592612593323 -0.31201204650243985 -0.3120381632800182 -0.31206427645779655 -0.3120903860348938 -0.3121164920104329 -0.31214259438353675 -0.31216869315332696 -0.3121947883189229 -0.31222087987944747 -0.3122469678340236 -0.31227305218176893 -0.3122991329218059 -0.3123252100532561 -0.312351283575238 -0.31237735348687146 -0.3124034197872789 -0.31242948247557933 -0.31245554155089117 -0.31248159701233424 -0.31250764885902793 -0.3125336970900925 -0.31255974170464507 -0.31258578270180504 -0.31261182008069177 -0.312637853840422 -0.312663883980115 -0.3126899104988863 -0.3127159333958569 -0.3127419526701418 -0.31276796832086173 -0.31279398034712846 -0.3128199887480645 -0.312845993522783 -0.3128719946704015 -0.31289799219003633 -0.31292398608080463 -0.3129499763418204 -0.31297596297220087 -0.31300194597106135 -0.3130279253375181 -0.3130539010706861 -0.3130798731696771 -0.31310584163360966 -0.3131318064615982 -0.3131577676527564 -0.31318372520619686 -0.31320967912103637 -0.3132356293963876 -0.3132615760313646 -0.31328751902507923 -0.3133134583766477 -0.3133393940851801 -0.3133653261497935 -0.31339125456959493 -0.31341717934370017 -0.3134431004712237 -0.31346901795127247 -0.3134949317829614 -0.3135208419654032 -0.3135467484977075 -0.31357265137898693 -0.3135985506083512 -0.3136244461849129 -0.31365033810778264 -0.31367622637606996 -0.3137021109888858 -0.3137279919453406 -0.31375386924454496 -0.31377974288560617 -0.31380561286763653 -0.3138314791897443 -0.31385734185103953 -0.31388320085063093 -0.31390905618762677 -0.3139349078611353 -0.31396075587026706 -0.31398660021412894 -0.31401244089182967 -0.3140382779024762 -0.3140641112451763 -0.31408994091903786 -0.31411576692316867 -0.31414158925667435 -0.3141674079186645 -0.31419322290824336 -0.31421903422451836 -0.3142448418665964 -0.3142706458335818 -0.31429644612458274 -0.31432224273870313 -0.3143480356750503 -0.3143738249327299 -0.3143996105108444 -0.3144253924085003 -0.31445117062480366 -0.3144769451588565 -0.3145027160097644 -0.31452848317663307 -0.31455424665856535 -0.31458000645466333 -0.31460576256403394 -0.31463151498577835 -0.3146572637190004 -0.31468300876280386 -0.31470875011628996 -0.3147344877785625 -0.3147602217487244 -0.3147859520258769 -0.3148116786091215 -0.3148374014975621 -0.3148631206902994 -0.31488883618643326 -0.3149145479850688 -0.3149402560853032 -0.3149659604862407 -0.3149916611869785 -0.3150173581866196 -0.3150430514842646 -0.31506874107901117 -0.31509442696996226 -0.3151201091562168 -0.31514578763687107 -0.3151714624110289 -0.3151971334777883 -0.31522280083624477 -0.3152484644855025 -0.3152741244246555 -0.31529978065280595 -0.3153254331690487 -0.3153510819724836 -0.3153767270622083 -0.3154023684373204 -0.3154280060969157 -0.315453640040094 -0.31547927026595124 -0.31550489677358273 -0.31553051956208744 -0.3155561386305612 -0.31558175397809896 -0.315607365603797 -0.3156329735067538 -0.3156585776860612 -0.31568417814081684 -0.31570977487011653 -0.31573536787305256 -0.315760957148723 -0.3157865426962201 -0.3158121245146397 -0.3158377026030754 -0.31586327696062266 -0.31588884758637326 -0.3159144144794226 -0.31593997763886295 -0.31596553706378927 -0.3159910927532903 -0.3160166447064663 -0.31604219292240376 -0.3160677374001968 -0.31609327813893895 -0.31611881513772255 -0.3161443483956372 -0.3161698779117761 -0.31619540368523147 -0.3162209257150925 -0.31624644400045243 -0.31627195854040124 -0.31629746933402947 -0.3163229763804294 -0.31634847967868973 -0.31637397922789967 -0.3163994750271515 -0.3164249670755339 -0.3164504553721357 -0.31647593991604817 -0.3165014207063592 -0.3165268977421567 -0.3165523710225311 -0.3165778405465707 -0.3166033063133633 -0.3166287683219986 -0.31665422657156306 -0.31667968106114364 -0.31670513178983084 -0.3167305787567103 -0.31675602196086716 -0.31678146140139374 -0.3168068970773721 -0.3168323289878905 -0.31685775713203546 -0.31688318150889305 -0.3169086021175489 -0.3169340189570895 -0.3169594320266005 -0.3169848413251657 -0.31701024685187296 -0.3170356486058057 -0.3170610465860486 -0.31708644079168824 -0.31711183122180575 -0.31713721787548854 -0.31716260075181824 -0.31718797984988 -0.31721335516875815 -0.3172387267075343 -0.31726409446529225 -0.31728945844111545 -0.31731481863408817 -0.31734017504329115 -0.31736552766780735 -0.3173908765067184 -0.31741622155910676 -0.31744156282405633 -0.3174669003006447 -0.3174922339879571 -0.31751756388507246 -0.3175428899910733 -0.3175682123050394 -0.3175935308260529 -0.3176188455531923 -0.31764415648553923 -0.3176694636221735 -0.31769476696217414 -0.31772006650462314 -0.31774536224859773 -0.31777065419317907 -0.317795942337443 -0.31782122668047164 -0.31784650722134344 -0.3178717839591352 -0.3178970568929258 -0.31792232602179515 -0.31794759134481687 -0.31797285286107346 -0.31799811056964034 -0.3180233644695942 -0.3180486145600123 -0.3180738608399736 -0.31809910330855207 -0.3181243419648254 -0.3181495768078699 -0.3181748078367632 -0.3182000350505767 -0.31822525844839156 -0.3182504780292805 -0.318275693792319 -0.3183009057365811 -0.3183261138611453 -0.31835131816508255 -0.31837651864746697 -0.31840171530737793 -0.31842690814388375 -0.31845209715606426 -0.31847728234298645 -0.3185024637037288 -0.3185276412373632 -0.31855281494296106 -0.31857798481959776 -0.31860315086634516 -0.3186283130822751 -0.3186534714664617 -0.3186786260179737 -0.3187037767358878 -0.3187289236192723 -0.3187540666671995 -0.3187792058787413 -0.31880434125296775 -0.31882947278895024 -0.3188546004857602 -0.31887972434246636 -0.3189048443581406 -0.31892996053185385 -0.31895507286267355 -0.3189801813496711 -0.31900528599191524 -0.31903038678847695 -0.3190554837384223 -0.3190805768408236 -0.31910566609474644 -0.3191307514992623 -0.31915583305343764 -0.3191809107563399 -0.31920598460703875 -0.319231054604602 -0.3192561207480953 -0.3192811830365887 -0.3193062414691479 -0.3193312960448367 -0.31935634676272784 -0.319381393621883 -0.31940643662137136 -0.3194314757602563 -0.31945651103760575 -0.31948154245248617 -0.319506570003961 -0.31953159369109585 -0.3195566135129577 -0.31958162946861 -0.3196066415571157 -0.31963164977754444 -0.3196566541289556 -0.3196816546104153 -0.3197066512209865 -0.3197316439597344 -0.31975663282572064 -0.31978161781800996 -0.31980659893566576 -0.3198315761777484 -0.31985654954332476 -0.31988151903145257 -0.3199064846411974 -0.3199314463716214 -0.3199564042217835 -0.3199813581907489 -0.3200063082775766 -0.3200312544813291 -0.320056196801068 -0.3200811352358519 -0.320106069784746 -0.3201310004468043 -0.3201559272210912 -0.32018085010666786 -0.3202057691025919 -0.320230684207921 -0.3202555954217199 -0.3202805027430422 -0.32030540617095316 -0.3203303057045046 -0.32035520134276174 -0.3203800930847782 -0.32040498092961567 -0.3204298648763313 -0.32045474492398096 -0.32047962107162364 -0.320504493318317 -0.32052936166311774 -0.320554226105084 -0.32057908664327206 -0.32060394327673825 -0.32062879600453753 -0.3206536448257289 -0.32067848973936774 -0.32070333074450774 -0.3207281678402083 -0.3207530010255213 -0.320777830299503 -0.32080265566121025 -0.3208274771096935 -0.32085229464401355 -0.32087710826321914 -0.320901917966367 -0.32092672375251086 -0.32095152562070606 -0.3209763235700027 -0.32100111759945804 -0.32102590770812256 -0.32105069389504903 -0.3210754761592929 -0.3211002544999051 -0.3211250289159362 -0.32114979940644117 -0.321174565970471 -0.3211993286070767 -0.3212240873153118 -0.32124884209422566 -0.3212735929428696 -0.3212983398602969 -0.32132308284555533 -0.3213478218976964 -0.3213725570157715 -0.3213972881988303 -0.32142201544592064 -0.3214467387560953 -0.3214714581284017 -0.3214961735618904 -0.3215208850556097 -0.32154559260861015 -0.3215702962199378 -0.3215949958886437 -0.3216196916137739 -0.3216443833943794 -0.32166907122950494 -0.3216937551181993 -0.3217184350595108 -0.3217431110524869 -0.32176778309617227 -0.32179245118961486 -0.3218171153318643 -0.3218417755219649 -0.3218664317589597 -0.3218910840418996 -0.3219157323698272 -0.321940376741793 -0.3219650171568351 -0.321989653614005 -0.3220142861123443 -0.3220389146508995 -0.3220635392287141 -0.3220881598448333 -0.3221127764982996 -0.32213738918816137 -0.3221619979134571 -0.3221866026732325 -0.3222112034665323 -0.32223580029239773 -0.32226039314987354 -0.3222849820380014 -0.32230956695582647 -0.3223341479023847 -0.32235872487672346 -0.322383297877884 -0.3224078669049102 -0.32243243195683613 -0.32245699303271147 -0.3224815501315743 -0.3225061032524619 -0.3225306523944207 -0.3225551975564893 -0.32257973873770585 -0.3226042759371137 -0.3226288091537506 -0.32265333838665633 -0.32267786363487083 -0.3227023848974353 -0.3227269021733843 -0.3227514154617621 -0.3227759247616029 -0.32280043007194914 -0.3228249313918341 -0.3228494287202994 -0.32287392205638277 -0.32289841139912134 -0.3229228967475528 -0.3229473781007117 -0.3229718554576402 -0.3229963288173714 -0.3230207981789417 -0.3230452635413905 -0.3230697249037493 -0.32309418226506015 -0.32311863562435406 -0.3231430849806687 -0.32316753033303725 -0.32319197168049874 -0.3232164090220837 -0.32324084235683204 -0.3232652716837734 -0.32328969700194454 -0.3233141183103787 -0.32333853560811177 -0.3233629488941743 -0.3233873581676021 -0.3234117634274285 -0.32343616467268577 -0.32346056190240713 -0.3234849551156249 -0.3235093443113719 -0.3235337294886804 -0.3235581106465828 -0.3235824877841105 -0.3236068609002962 -0.32363122999416927 -0.3236555950647615 -0.3236799561111061 -0.32370431313223325 -0.32372866612716944 -0.323753015094951 -0.323777360034605 -0.32380170094516236 -0.32382603782565145 -0.3238503706751037 -0.32387469949254655 -0.32389902427701234 -0.32392334502752496 -0.3239476617431185 -0.3239719744228182 -0.3239962830656542 -0.3240205876706539 -0.3240448882368443 -0.3240691847632542 -0.3240934772489119 -0.3241177656928431 -0.3241420500940748 -0.32416633045163623 -0.32419060676455214 -0.3242148790318482 -0.32423914725255365 -0.32426341142569104 -0.3242876715502887 -0.32431192762537275 -0.3243361796499653 -0.32436042762309425 -0.32438467154378525 -0.32440891141106 -0.3244331472239472 -0.3244573789814664 -0.3244816066826486 -0.32450583032651004 -0.3245300499120787 -0.3245542654383775 -0.3245784769044322 -0.3246026843092604 -0.3246268876518905 -0.3246510869313415 -0.32467528214663854 -0.3246994732968016 -0.32472366038085587 -0.3247478433978195 -0.32477202234671676 -0.32479619722656894 -0.32482036803639636 -0.32484453477522024 -0.3248686974420618 -0.32489285603594187 -0.3249170105558803 -0.32494116100089876 -0.3249653073700154 -0.3249894496622505 -0.32501358787662404 -0.32503772201215586 -0.32506185206786364 -0.3250859780427682 -0.325110099935888 -0.32513421774623996 -0.32515833147284345 -0.32518244111471795 -0.32520654667087934 -0.32523064814034575 -0.32525474552213485 -0.32527883881526476 -0.3253029280187518 -0.32532701313161416 -0.32535109415286634 -0.32537517108152647 -0.3253992439166091 -0.325423312657132 -0.3254473773021105 -0.3254714378505592 -0.3254954943014958 -0.32551954665393446 -0.3255435949068879 -0.32556763905937336 -0.32559167911040676 -0.32561571505899956 -0.32563974690416586 -0.3256637746449229 -0.32568779828027905 -0.3257118178092546 -0.32573583323085664 -0.3257598445441019 -0.32578385174800184 -0.32580785484157193 -0.32583185382382096 -0.3258558486937613 -0.3258798394504079 -0.3259038260927709 -0.3259278086198618 -0.32595178703069116 -0.3259757613242731 -0.32599973149961636 -0.326023697555732 -0.3260476594916315 -0.32607161730632317 -0.32609557099882025 -0.32611952056813154 -0.32614346601326494 -0.32616740733323013 -0.3261913445270408 -0.3262152775937004 -0.3262392065322208 -0.32626313134161045 -0.3262870520208776 -0.32631096856902975 -0.32633488098507835 -0.3263587892680264 -0.3263826934168841 -0.3264065934306588 -0.3264304893083576 -0.3264543810489875 -0.32647826865155505 -0.3265021521150655 -0.32652603143852943 -0.32654990662094807 -0.32657377766133067 -0.3265976445586807 -0.32662150731200645 -0.326645365920311 -0.3266692203825987 -0.326693070697877 -0.3267169168651507 -0.32674075888342013 -0.326764596751695 -0.32678843046897565 -0.326812260034266 -0.32683608544657217 -0.3268599067048963 -0.3268837238082396 -0.32690753675560824 -0.326931345546003 -0.3269551501784269 -0.3269789506518834 -0.3270027469653729 -0.32702653911789703 -0.32705032710846016 -0.3270741109360631 -0.32709789059970396 -0.32712166609838755 -0.32714543743111246 -0.3271692045968799 -0.3271929675946912 -0.32721672642354616 -0.3272404810824443 -0.32726423157038553 -0.32728797788637154 -0.3273117200293978 -0.3273354579984664 -0.3273591917925742 -0.32738292141072245 -0.32740664685190835 -0.3274303681151305 -0.32745408519938657 -0.3274777981036743 -0.3275015068269922 -0.3275252113683371 -0.3275489117267054 -0.327572607901097 -0.3275962998905051 -0.32761998769392964 -0.3276436713103661 -0.3276673507388086 -0.3276910259782544 -0.3277146970277003 -0.32773836388614086 -0.32776202655257203 -0.3277856850259888 -0.3278093393053845 -0.32783298938975536 -0.32785663527809694 -0.32788027696940114 -0.327903914462663 -0.32792754775687705 -0.3279511768510375 -0.32797480174413485 -0.32799842243516375 -0.3280220389231183 -0.3280456512069918 -0.32806925928577524 -0.3280928631584583 -0.32811646282403917 -0.3281400582815053 -0.3281636495298512 -0.3281872365680667 -0.32821081939514185 -0.3282343980100708 -0.3282579724118433 -0.3282815425994472 -0.32830510857187845 -0.3283286703281214 -0.3283522278671702 -0.32837578118801325 -0.32839933028963975 -0.32842287517103896 -0.3284464158312015 -0.3284699522691139 -0.32849348448376814 -0.3285170124741503 -0.32854053623924795 -0.32856405577805203 -0.3285875710895474 -0.3286110821727246 -0.32863458902656895 -0.3286580916500683 -0.3286815900422093 -0.32870508420197986 -0.3287285741283652 -0.32875205982035416 -0.32877554127692843 -0.3287990184970786 -0.3288224914797877 -0.32884596022404144 -0.3288694247288255 -0.3288928849931252 -0.3289163410159257 -0.32893979279621144 -0.3289632403329663 -0.32898668362517425 -0.3290101226718205 -0.32903355747188767 -0.3290569880243597 -0.32908041432821866 -0.3291038363824521 -0.3291272541860395 -0.32915066773796253 -0.3291740770372056 -0.32919748208275124 -0.32922088287358076 -0.3292442794086745 -0.32926767168701776 -0.32929105970758865 -0.3293144434693711 -0.32933782297134284 -0.32936119821248777 -0.32938456919178405 -0.32940793590821427 -0.3294312983607566 -0.32945465654839134 -0.3294780104701003 -0.3295013601248602 -0.3295247055116506 -0.32954804662945225 -0.32957138347724335 -0.3295947160540025 -0.32961804435870734 -0.3296413683903352 -0.3296646881478651 -0.3296880036302783 -0.32971131483654625 -0.3297346217656507 -0.3297579244165667 -0.32978122278827104 -0.329804516879741 -0.3298278066899547 -0.32985109221788544 -0.32987437346250914 -0.32989765042280705 -0.3299209230977471 -0.3299441914863084 -0.32996745558746765 -0.32999071540019687 -0.33001397092347284 -0.3300372221562702 -0.33006046909756037 -0.33008371174632156 -0.3301069501015239 -0.3301301841621429 -0.3301534139271505 -0.330176639395523 -0.3301998605662315 -0.3302230774382475 -0.33024629001054473 -0.3302694982820973 -0.3302927022518749 -0.33031590191884996 -0.3303390972819944 -0.33036228834028103 -0.3303854750926787 -0.33040865753815885 -0.3304318356756948 -0.3304550095042549 -0.3304781790228075 -0.33050134423032906 -0.33052450512578435 -0.330547661708144 -0.3305708139763799 -0.3305939619294582 -0.33061710556634916 -0.3306402448860215 -0.33066337988744454 -0.33068651056958753 -0.3307096369314162 -0.3307327589719007 -0.33075587669000717 -0.3307789900847049 -0.3308020991549605 -0.330825203899741 -0.33084830431801215 -0.33087140040874363 -0.33089449217089895 -0.33091757960344514 -0.33094066270534794 -0.3309637414755757 -0.3309868159130911 -0.33100988601686154 -0.331032951785851 -0.33105601321902345 -0.3310790703153468 -0.3311021230737814 -0.33112517149329523 -0.3311482155728518 -0.33117125531141234 -0.33119429070794126 -0.33121732176140695 -0.3312403484707658 -0.3312633708349839 -0.33128638885302353 -0.33130940252384855 -0.3313324118464198 -0.33135541681969993 -0.3313784174426506 -0.33140141371423315 -0.3314244056334097 -0.3314473931991406 -0.33147037641038857 -0.33149335526611434 -0.331516329765277 -0.3315392999068365 -0.33156226568975455 -0.33158522711299065 -0.33160818417550475 -0.331631136876255 -0.33165408521420225 -0.3316770291883038 -0.3316999687975204 -0.3317229040408103 -0.3317458349171316 -0.331768761425443 -0.3317916835647008 -0.33181460133386276 -0.33183751473188927 -0.3318604237577363 -0.3318833284103575 -0.33190622868871467 -0.3319291245917624 -0.3319520161184575 -0.3319749032677537 -0.33199778603861185 -0.3320206644299839 -0.33204353844082535 -0.33206640807009435 -0.3320892733167429 -0.33211213417972907 -0.332134990658004 -0.3321578427505245 -0.3321806904562443 -0.3322035337741158 -0.3322263727030963 -0.3322492072421368 -0.33227203739019195 -0.33229486314621237 -0.33231768450915355 -0.332340501477967 -0.33236331405160735 -0.33238612222902253 -0.3324089260091694 -0.3324317253909954 -0.33245452037345524 -0.3324773109554986 -0.33250009713607653 -0.3325228789141432 -0.3325456562886453 -0.3325684292585338 -0.3325911978227625 -0.3326139619802766 -0.33263672173003034 -0.33265947707096943 -0.33268222800204494 -0.3327049745222066 -0.33272771663040324 -0.33275045432558326 -0.33277318760669417 -0.3327959164726879 -0.33281864092250757 -0.3328413609551033 -0.33286407656942263 -0.3328867877644144 -0.3329094945390234 -0.33293219689219766 -0.3329548948228833 -0.3329775883300288 -0.33300027741257887 -0.3330229620694789 -0.3330456422996759 -0.33306831810211435 -0.3330909894757421 -0.3331136564195032 -0.33313631893234064 -0.3331589770132011 -0.33318163066102935 -0.33320427987476675 -0.33322692465336257 -0.33324956499575675 -0.33327220090089327 -0.33329483236771695 -0.33331745939517043 -0.3333400819821959 -0.3333627001277386 -0.33338531383073544 -0.3334079230901352 -0.33343052790487704 -0.33345312827390217 -0.33347572419615323 -0.3334983156705733 -0.3335209026961006 -0.3335434852716772 -0.33356606339624406 -0.333588637068742 -0.33361120628810914 -0.33363377105328995 -0.33365633136322126 -0.33367888721684347 -0.333701438613093 -0.3337239855509142 -0.3337465280292431 -0.33376906604701784 -0.3337915996031806 -0.33381412869666516 -0.3338366533264132 -0.3338591734913594 -0.3338816891904437 -0.33390420042260294 -0.3339267071867762 -0.3339492094818959 -0.33397170730690284 -0.3339942006607308 -0.33401668954231845 -0.3340391739506008 -0.3340616538845129 -0.3340841293429917 -0.3341066003249722 -0.33412906682939036 -0.3341515288551795 -0.33417398640127693 -0.33419643946661326 -0.3342188880501258 -0.33424133215074825 -0.33426377176741484 -0.3342862068990571 -0.33430863754460916 -0.33433106370300747 -0.33435348537317955 -0.3343759025540627 -0.33439831524458796 -0.33442072344368645 -0.334443127150291 -0.3344655263633354 -0.33448792108174796 -0.33451031130446207 -0.3345326970304088 -0.3345550782585196 -0.33457745498772207 -0.33459982721695125 -0.3346221949451338 -0.33464455817120164 -0.334666916894085 -0.3346892711127132 -0.3347116208260119 -0.33473396603291583 -0.3347563067323529 -0.3347786429232489 -0.3348009746045335 -0.33482330177513653 -0.3348456244339859 -0.33486794258000785 -0.3348902562121281 -0.33491256532927993 -0.33493486993038557 -0.3349571700143721 -0.334979465580171 -0.3350017566267032 -0.3350240431528966 -0.3350463251576792 -0.3350686026399745 -0.33509087559871054 -0.3351131440328108 -0.33513540794119834 -0.3351576673228047 -0.33517992217654635 -0.33520217250135387 -0.3352244182961477 -0.3352466595598558 -0.3352688962913981 -0.33529112848969955 -0.3353133561536841 -0.33533557928227475 -0.335357797874396 -0.3353800119289656 -0.33540222144491105 -0.3354244264211501 -0.33544662685660853 -0.33546882275020895 -0.3354910141008678 -0.3355132009075108 -0.33553538316905707 -0.33555756088442834 -0.33557973405254415 -0.3356019026723267 -0.3356240667426942 -0.33564622626256657 -0.3356683812308665 -0.33569053164651086 -0.3357126775084205 -0.3357348188155118 -0.3357569555667057 -0.33577908776092125 -0.33580121539707664 -0.3358233384740896 -0.33584545699087576 -0.33586757094635766 -0.3358896803394491 -0.33591178516906783 -0.3359338854341325 -0.33595598113355907 -0.33597807226626264 -0.33600015883116185 -0.33602224082717225 -0.336044318253208 -0.33606639110818826 -0.3360884593910263 -0.3361105231006345 -0.33613258223593334 -0.3361546367958339 -0.3361766867792517 -0.3361987321851032 -0.336220773012299 -0.33624280925975336 -0.33626484092638265 -0.3362868680110993 -0.33630889051281576 -0.336330908430444 -0.33635292176290044 -0.33637493050909306 -0.33639693466793696 -0.33641893423834235 -0.33644092921922386 -0.3364629196094908 -0.33648490540805476 -0.3365068866138272 -0.33652886322571973 -0.3365508352426425 -0.3365728026635053 -0.33659476548721967 -0.33661672371269624 -0.3366386773388408 -0.3366606263645675 -0.33668257078878305 -0.33670451061039897 -0.336726445828321 -0.3367483764414603 -0.33677030244872475 -0.3367922238490215 -0.3368141406412608 -0.3368360528243457 -0.3368579603971895 -0.3368798633586976 -0.3369017617077743 -0.3369236554433299 -0.33694554456426795 -0.3369674290694995 -0.33698930895792456 -0.33701118422845555 -0.3370330548799929 -0.3370549209114446 -0.33707678232171645 -0.3370986391097097 -0.33712049127433286 -0.33714233881449207 -0.33716418172908735 -0.33718602001702447 -0.33720785367720607 -0.33722968270854015 -0.33725150710992446 -0.337273326880267 -0.3372951420184682 -0.3373169525234321 -0.3373387583940599 -0.33736055962925393 -0.33738235622791724 -0.3374041481889498 -0.337425935511257 -0.33744771819373653 -0.33746949623529154 -0.33749126963482157 -0.3375130383912297 -0.3375348025034133 -0.33755656197027495 -0.3375783167907125 -0.33760006696362854 -0.33762181248792134 -0.3376435533624873 -0.33766528958623043 -0.3376870211580485 -0.33770874807683704 -0.33773047034149783 -0.33775218795092643 -0.3377739009040237 -0.33779560919968565 -0.3378173128368087 -0.337839011814292 -0.3378607061310328 -0.33788239578592494 -0.3379040807778688 -0.3379257611057582 -0.33794743676849137 -0.3379691077649629 -0.3379907740940684 -0.33801243575470163 -0.3380340927457621 -0.338055745066141 -0.33807739271473514 -0.33809903569043787 -0.3381206739921456 -0.33814230761874864 -0.33816393656914423 -0.3381855608422244 -0.33820718043688247 -0.3382287953520118 -0.33825040558650654 -0.3382720111392574 -0.33829361200915953 -0.33831520819510263 -0.3383367996959774 -0.33835838651067984 -0.33837996863809927 -0.33840154607712725 -0.3384231188266553 -0.33844468688557194 -0.33846625025277044 -0.33848780892714014 -0.3385093629075735 -0.3385309121929554 -0.33855245678218004 -0.33857399667413457 -0.33859553186770963 -0.33861706236179456 -0.3386385881552778 -0.33866010924704426 -0.3386816256359877 -0.3387031373209939 -0.3387246443009504 -0.3387461465747452 -0.33876764414126637 -0.33878913699939917 -0.3388106251480325 -0.3388321085860535 -0.3388535873123453 -0.3388750613257976 -0.33889653062529623 -0.33891799520972477 -0.33893945507796985 -0.3389609102289173 -0.3389823606614537 -0.3390038063744605 -0.33902524736682293 -0.3390466836374282 -0.339068115185158 -0.33908954200889774 -0.3391109641075305 -0.3391323814799403 -0.3391537941250089 -0.33917520204161944 -0.3391966052286568 -0.3392180036850023 -0.3392393974095378 -0.33926078640114765 -0.33928217065870925 -0.3393035501811088 -0.3393249249672259 -0.3393462950159405 -0.33936766032613797 -0.33938902089669165 -0.3394103767264891 -0.3394317278144072 -0.33945307415932513 -0.3394744157601255 -0.3394957526156879 -0.3395170847248874 -0.3395384120866063 -0.33955973469972456 -0.33958105256311866 -0.3396023656756668 -0.3396236740362495 -0.3396449776437427 -0.3396662764970251 -0.33968757059497356 -0.33970885993646505 -0.3397301445203782 -0.33975142434558814 -0.33977269941097177 -0.33979396971540554 -0.3398152352577668 -0.339836496036928 -0.33985775205177005 -0.3398790033011623 -0.33990024978398425 -0.3399214914991102 -0.3399427284454135 -0.33996396062177103 -0.3399851880270517 -0.3400064106601368 -0.34002762851989443 -0.3400488416052001 -0.3400700499149285 -0.3400912534479503 -0.3401124522031389 -0.34013364617936803 -0.3401548353755097 -0.34017601979043555 -0.34019719942301796 -0.34021837427212853 -0.34023954433663883 -0.3402607096154191 -0.3402818701073418 -0.34030302581127714 -0.3403241767260945 -0.340345322850665 -0.34036646418386063 -0.34038760072454854 -0.34040873247159853 -0.3404298594238808 -0.3404509815802639 -0.34047209893961927 -0.340493211500811 -0.34051431926271114 -0.3405354222241863 -0.34055652038410456 -0.3405776137413352 -0.34059870229474276 -0.3406197860431983 -0.340640864985565 -0.3406619391207104 -0.34068300844750476 -0.34070407296481076 -0.34072513267149285 -0.34074618756642305 -0.34076723764846095 -0.3407882829164759 -0.340809323369331 -0.34083035900589254 -0.3408513898250227 -0.3408724158255896 -0.340893437006454 -0.34091445336648185 -0.3409354649045371 -0.3409564716194824 -0.3409774735101814 -0.34099847057549626 -0.34101946281429063 -0.3410404502254285 -0.34106143280776946 -0.34108241056017663 -0.34110338348151403 -0.3411243515706408 -0.34114531482641786 -0.34116627324770876 -0.34118722683337355 -0.34120817558227223 -0.3412291194932653 -0.34125005856521584 -0.3412709927969786 -0.34129192218741755 -0.34131284673539053 -0.34133376643975843 -0.3413546812993786 -0.34137559131311024 -0.3413964964798124 -0.3414173967983434 -0.3414382922675614 -0.3414591828863238 -0.34148006865348934 -0.341500949567914 -0.34152182562845557 -0.3415426968339723 -0.3415635631833198 -0.34158442467535455 -0.34160528130893164 -0.3416261330829098 -0.3416469799961428 -0.3416678220474867 -0.3416886592357953 -0.341709491559929 -0.3417303190187373 -0.34175114161107434 -0.34177195933579974 -0.34179277219176285 -0.3418135801778188 -0.34183438329282456 -0.3418551815356281 -0.34187597490508725 -0.3418967634000518 -0.34191754701937516 -0.34193832576191197 -0.3419590996265116 -0.3419798686120292 -0.34200063271731196 -0.3420213919412176 -0.3420421462825938 -0.34206289574029114 -0.34208364031316085 -0.34210438000005405 -0.3421251147998223 -0.34214584471131415 -0.342166569733378 -0.34218728986486857 -0.3422080051046308 -0.3422287154515167 -0.3422494209043716 -0.34227012146204894 -0.34229081712339227 -0.3423115078872545 -0.34233219375248103 -0.3423528747179203 -0.3423735507824186 -0.34239422194482705 -0.342414888203987 -0.3424355495587501 -0.34245620600796123 -0.34247685755046753 -0.34249750418511304 -0.34251814591074536 -0.3425387827262121 -0.3425594146303528 -0.34258004162201905 -0.34260066370005227 -0.34262128086329646 -0.34264189311060056 -0.34266250044080415 -0.3426831028527526 -0.3427037003452913 -0.3427242929172638 -0.3427448805675102 -0.3427654632948762 -0.3427860410982033 -0.34280661397633594 -0.34282718192811545 -0.3428477449523828 -0.342868303047982 -0.34288885621375353 -0.34290940444853923 -0.34292994775117824 -0.34295048612051504 -0.3429710195553879 -0.3429915480546373 -0.343012071617105 -0.3430325902416307 -0.34305310392705257 -0.3430736126722107 -0.34309411647594557 -0.3431146153370963 -0.3431351092544985 -0.3431555982269958 -0.343176082253422 -0.3431965613326171 -0.34321703546341853 -0.3432375046446654 -0.3432579688751942 -0.34327842815384013 -0.3432988824794436 -0.34331933185083807 -0.3433397762668631 -0.3433602157263502 -0.3433806502281409 -0.34340107977106804 -0.3434215043539668 -0.34344192397567275 -0.34346233863502196 -0.34348274833084735 -0.3435031530619854 -0.34352355282727043 -0.34354394762553486 -0.3435643374556103 -0.34358472231633685 -0.3436051022065425 -0.34362547712506464 -0.34364584707073 -0.34366621204237857 -0.3436865720388358 -0.343706927058939 -0.3437272771015172 -0.34374762216540233 -0.3437679622494292 -0.34378829735242267 -0.34380862747322105 -0.3438289526106497 -0.34384927276354027 -0.3438695879307234 -0.3438898981110312 -0.3439102033032886 -0.3439305035063307 -0.3439507987189816 -0.34397108894007467 -0.34399137416843706 -0.34401165440289594 -0.344031929642282 -0.344052199885422 -0.3440724651311431 -0.3440927253782746 -0.34411298062564377 -0.34413323087207726 -0.34415347611640046 -0.34417371635744143 -0.3441939515940273 -0.34421418182498353 -0.3442344070491363 -0.34425462726531286 -0.34427484247233364 -0.34429505266902805 -0.34431525785422146 -0.3443354580267366 -0.34435565318539885 -0.34437584332903226 -0.3443960284564609 -0.34441620856651056 -0.3444363836580018 -0.34445655372975814 -0.3444767187806046 -0.34449687880936253 -0.34451703381485554 -0.3445371837959055 -0.34455732875133416 -0.3445774686799634 -0.3445976035806173 -0.3446177334521119 -0.3446378582932752 -0.3446579781029224 -0.3446780928798776 -0.3446982026229586 -0.34471830733098807 -0.3447384070027848 -0.3447585016371679 -0.3447785912329584 -0.34479867578897583 -0.3448187553040363 -0.3448388297769598 -0.34485889920656776 -0.3448789635916749 -0.3448990229311004 -0.3449190772236639 -0.34493912646817915 -0.34495917066346715 -0.3449792098083426 -0.34499924390162384 -0.3450192729421264 -0.34503929692866775 -0.345059315860063 -0.3450793297351278 -0.3450993385526795 -0.34511934231153063 -0.3451393410104999 -0.3451593346484003 -0.34517932322404477 -0.34519930673625243 -0.34521928518383405 -0.34523925856560256 -0.34525922688037536 -0.34527919012696273 -0.34529914830417896 -0.345319101410837 -0.34533904944575156 -0.34535899240773293 -0.3453789302955941 -0.3453988631081444 -0.34541879084420035 -0.3454387135025714 -0.3454586310820682 -0.34547854358150243 -0.34549845099968435 -0.34551835333542646 -0.3455382505875364 -0.3455581427548262 -0.34557802983610575 -0.3455979118301822 -0.34561778873586846 -0.34563766055197087 -0.3456575272773015 -0.3456773889106648 -0.3456972454508729 -0.3457170968967316 -0.3457369432470494 -0.34575678450063485 -0.34577662065629466 -0.3457964517128347 -0.3458162776690661 -0.34583609852379205 -0.3458559142758193 -0.34587572492395546 -0.34589553046700505 -0.3459153309037757 -0.34593512623307054 -0.3459549164536977 -0.3459747015644594 -0.3459944815641611 -0.34601425645161044 -0.34603402622560697 -0.3460537908849579 -0.346073550428466 -0.3460933048549366 -0.34611305416316895 -0.3461327983519702 -0.3461525374201422 -0.34617227136648543 -0.34619200018980445 -0.3462117238889011 -0.3462314424625772 -0.3462511559096355 -0.3462708642288739 -0.34629056741909725 -0.34631026547910393 -0.34632995840769754 -0.34634964620367414 -0.3463693288658378 -0.34638900639298775 -0.3464086787839231 -0.3464283460374422 -0.3464480081523469 -0.3464676651274323 -0.34648731696150215 -0.3465069636533511 -0.3465266052017788 -0.346546241605584 -0.34656587286356144 -0.3465854989745121 -0.3466051199372311 -0.34662473575051944 -0.34664434641316744 -0.3466639519239765 -0.34668355228174175 -0.34670314748525755 -0.3467227375333213 -0.3467423224247299 -0.34676190215827596 -0.34678147673275506 -0.34680104614696505 -0.3468206103996976 -0.34684016948974605 -0.3468597234159092 -0.34687927217697645 -0.34689881577174253 -0.34691835419900263 -0.3469378874575475 -0.3469574155461719 -0.3469769384636665 -0.346996456208827 -0.34701596878044105 -0.34703547617730335 -0.34705497839820687 -0.3470744754419406 -0.347093967307297 -0.3471134539930665 -0.34713293549803925 -0.34715241182100876 -0.34717188296075996 -0.34719134891608716 -0.34721080968577933 -0.3472302652686241 -0.34724971566341356 -0.347269160868934 -0.3472886008839762 -0.34730803570732816 -0.34732746533777714 -0.3473468897741103 -0.3473663090151198 -0.3473857230595887 -0.3474051319063065 -0.34742453555405994 -0.34744393400163576 -0.3474633272478189 -0.34748271529139974 -0.3475020981311605 -0.347521475765888 -0.34754084819436715 -0.34756021541538695 -0.3475795774277284 -0.3475989342301786 -0.3476182858215213 -0.3476376322005388 -0.34765697336602086 -0.34767630931674587 -0.34769564005149967 -0.347714965569065 -0.34773428586822597 -0.3477536009477653 -0.3477729108064658 -0.3477922154431097 -0.347811514856478 -0.347830809045353 -0.3478500980085171 -0.3478693817447529 -0.3478886602528384 -0.3479079335315567 -0.34792720157968926 -0.34794646439601484 -0.34796572197931397 -0.34798497432836717 -0.34800422144195453 -0.3480234633188539 -0.34804269995784587 -0.3480619313577087 -0.34808115751722113 -0.3481003784351624 -0.34811959411031124 -0.3481388045414433 -0.34815800972734 -0.3481772096667739 -0.3481964043585264 -0.34821559380137357 -0.34823477799409064 -0.34825395693545547 -0.3482731306242455 -0.3482922990592332 -0.3483114622391974 -0.3483306201629137 -0.34834977282915514 -0.34836892023669996 -0.34838806238431896 -0.34840719927078956 -0.3484263308948865 -0.3484454572553819 -0.34846457835105094 -0.34848369418066527 -0.348502804743001 -0.3485219100368293 -0.3485410100609232 -0.3485601048140574 -0.34857919429500095 -0.3485982785025272 -0.34861735743541145 -0.3486364310924186 -0.34865549947232477 -0.34867456257390117 -0.3486936203959159 -0.34871267293714237 -0.34873172019635 -0.34875076217230605 -0.34876979886378523 -0.3487888302695543 -0.3488078563883832 -0.34882687721904215 -0.34884589276029754 -0.34886490301092055 -0.34888390796967883 -0.34890290763534004 -0.3489219020066727 -0.34894089108244275 -0.34895987486142044 -0.34897885334237255 -0.3489978265240632 -0.34901679440526134 -0.3490357569847333 -0.3490547142612437 -0.3490736662335632 -0.34909261290045057 -0.34911155426067575 -0.34913049031300236 -0.3491494210561963 -0.3491683464890216 -0.34918726661024424 -0.3492061814186256 -0.34922509091293197 -0.34924399509192705 -0.3492628939543718 -0.3492817874990317 -0.34930067572466905 -0.3493195586300497 -0.34933843621393024 -0.34935730847507696 -0.34937617541224997 -0.3493950370242125 -0.3494138933097273 -0.34943274426755133 -0.349451589896447 -0.34947043019517743 -0.34948926516250145 -0.3495080947971787 -0.3495269190979733 -0.34954573806363864 -0.349564551692938 -0.3495833599846314 -0.3496021629374746 -0.34962096055022984 -0.3496397528216528 -0.34965853975050454 -0.34967732133554064 -0.34969609757551945 -0.3497148684691993 -0.3497336340153372 -0.3497523942126892 -0.3497711490600137 -0.34978989855606546 -0.3498086426996032 -0.3498273814893804 -0.34984611492415585 -0.3498648430026816 -0.34988356572371426 -0.3499022830860099 -0.34992099508832286 -0.34993970172940614 -0.3499584030080167 -0.3499770989229076 -0.3499957894728305 -0.35001447465654234 -0.3500331544727948 -0.35005182892034137 -0.3500704979979328 -0.35008916170432514 -0.35010782003826835 -0.35012647299851496 -0.35014512058381664 -0.35016376279292594 -0.3501823996245941 -0.3502010310775705 -0.350219657150606 -0.3502382778424553 -0.35025689315186304 -0.35027550307758304 -0.3502941076183643 -0.35031270677295634 -0.35033130054010675 -0.3503498889185672 -0.3503684719070854 -0.3503870495044099 -0.3504056217092897 -0.35042418852047064 -0.3504427499367049 -0.3504613059567365 -0.35047985657931147 -0.3504984018031827 -0.35051694162709124 -0.35053547604978696 -0.35055400507001533 -0.3505725286865222 -0.35059104689805265 -0.3506095597033547 -0.3506280671011708 -0.35064656909024805 -0.35066506566933153 -0.3506835568371627 -0.35070204259248916 -0.3507205229340551 -0.35073899786060236 -0.350757467370876 -0.35077593146361785 -0.3507943901375734 -0.35081284339148366 -0.35083129122409096 -0.35084973363413985 -0.35086817062037046 -0.35088660218152423 -0.3509050283163444 -0.35092344902357153 -0.3509418643019466 -0.3509602741502116 -0.3509786785671065 -0.3509970775513698 -0.35101547110174547 -0.35103385921696884 -0.3510522418957822 -0.3510706191369244 -0.35108899093913637 -0.35110735730115383 -0.35112571822171734 -0.3511440736995639 -0.3511624237334332 -0.35118076832206224 -0.35119910746418803 -0.35121744115854847 -0.351235769403881 -0.3512540921989231 -0.35127240954240957 -0.3512907214330774 -0.35130902786966356 -0.3513273288509051 -0.35134562437553374 -0.3513639144422882 -0.35138219904989976 -0.3514004781971085 -0.3514187518826448 -0.3514370201052466 -0.351455282863645 -0.3514735401565736 -0.3514917919827689 -0.3515100383409613 -0.3515282792298846 -0.3515465146482737 -0.35156474459486065 -0.3515829690683754 -0.3516011880675509 -0.35161940159112026 -0.35163760963781465 -0.35165581220636444 -0.35167400929550263 -0.3516922009039569 -0.35171038703046165 -0.3517285676737445 -0.35174674283253626 -0.3517649125055655 -0.35178307669156617 -0.3518012353892641 -0.35181938859738837 -0.3518375363146662 -0.35185567853983013 -0.351873815271607 -0.351891946508724 -0.35191007224990845 -0.3519281924938906 -0.35194630723939424 -0.35196441648515053 -0.35198252022988274 -0.35200061847231856 -0.3520187112111852 -0.3520367984452073 -0.3520548801731107 -0.35207295639362357 -0.3520910271054687 -0.35210909230737064 -0.35212715199805533 -0.35214520617624867 -0.35216325484067257 -0.35218129799005204 -0.35219933562311034 -0.3522173677385725 -0.3522353943351608 -0.35225341541159727 -0.3522714309666073 -0.352289440998911 -0.35230744550723125 -0.35232544449029035 -0.3523434379468098 -0.35236142587551234 -0.35237940827511816 -0.3523973851443478 -0.35241535648192457 -0.35243332228656454 -0.3524512825569919 -0.3524692372919249 -0.3524871864900838 -0.35250513015018736 -0.35252306827095614 -0.3525410008511094 -0.35255892788936327 -0.3525768493844379 -0.35259476533505296 -0.3526126757399237 -0.3526305805977694 -0.35264847990730797 -0.35266637366725684 -0.3526842618763295 -0.352702144533247 -0.352720021636725 -0.35273789318547744 -0.3527557591782222 -0.35277361961367637 -0.3527914744905494 -0.3528093238075658 -0.3528271675634316 -0.3528450057568655 -0.35286283838658417 -0.3528806654512975 -0.3528984869497207 -0.3529163028805695 -0.3529341132425565 -0.35295191803439385 -0.35296971725479365 -0.3529875109024707 -0.3530052989761372 -0.35302308147450523 -0.35304085839628474 -0.35305862974018964 -0.3530763955049303 -0.353094155689218 -0.35311191029176436 -0.35312965931128026 -0.35314740274647427 -0.35316514059605764 -0.3531828728587403 -0.35320059953323213 -0.35321832061824265 -0.35323603611247956 -0.35325374601465365 -0.3532714503234726 -0.3532891490376442 -0.3533068421558778 -0.35332452967688033 -0.35334221159935986 -0.3533598879220228 -0.3533775586435772 -0.35339522376273136 -0.3534128832781893 -0.3534305371886579 -0.35344818549284396 -0.35346582818945427 -0.3534834652771921 -0.3535010967547647 -0.3535187226208758 -0.35353634287422997 -0.35355395751353313 -0.3535715665374899 -0.35358916994480305 -0.35360676773417543 -0.3536243599043143 -0.3536419464539189 -0.35365952738169515 -0.3536771026863432 -0.35369467236656815 -0.3537122364210705 -0.35372979484855316 -0.353747347647718 -0.35376489481726603 -0.3537824363559001 -0.35379997226231774 -0.35381750253522304 -0.35383502717331394 -0.35385254617529327 -0.35387005953985806 -0.35388756726571247 -0.3539050693515522 -0.35392256579607606 -0.3539400565979851 -0.3539575417559786 -0.35397502126875313 -0.3539924951350071 -0.35400996335343793 -0.3540274259227454 -0.3540448828416274 -0.35406233410877785 -0.35407977972289517 -0.3540972196826777 -0.3541146539868194 -0.3541320826340173 -0.35414950562296843 -0.3541669229523663 -0.3541843346209079 -0.3542017406272877 -0.3542191409702018 -0.35423653564834456 -0.35425392466040906 -0.3542713080050892 -0.3542886856810812 -0.35430605768707446 -0.354323424021767 -0.35434078468385 -0.3543581396720179 -0.3543754889849584 -0.35439283262137034 -0.3544101705799405 -0.354427502859362 -0.35444482945833 -0.3544621503755314 -0.3544794656096597 -0.3544967751594035 -0.3545140790234549 -0.35453137720050654 -0.35454866968924303 -0.35456595648835876 -0.35458323759653965 -0.3546005130124792 -0.35461778273486333 -0.35463504676238244 -0.3546523050937225 -0.3546695577275738 -0.35468680466262503 -0.354704045897563 -0.35472128143107406 -0.35473851126184686 -0.3547557353885673 -0.3547729538099236 -0.35479016652460116 -0.35480737353128733 -0.3548245748286658 -0.3548417704154234 -0.3548589602902461 -0.3548761444518189 -0.3548933228988256 -0.35491049562995247 -0.35492766264388376 -0.3549448239393036 -0.35496197951489394 -0.3549791293693412 -0.35499627350132634 -0.35501341190953317 -0.3550305445926454 -0.3550476715493458 -0.3550647927783164 -0.35508190827823727 -0.3550990180477931 -0.35511612208566534 -0.3551332203905324 -0.35515031296107935 -0.35516739979598455 -0.3551844808939273 -0.3552015562535913 -0.3552186258736536 -0.3552356897527966 -0.35525274788969696 -0.355269800283037 -0.3552868469314938 -0.3553038878337458 -0.3553209229884726 -0.35533795239435273 -0.3553549760500627 -0.3553719939542823 -0.35538900610568724 -0.3554060125029559 -0.3554230131447631 -0.3554400080297886 -0.35545699715670676 -0.35547398052419465 -0.355490958130928 -0.3555079299755812 -0.3555248960568318 -0.355541856373355 -0.3555588109238248 -0.3555757597069138 -0.35559270272129995 -0.35560963996565587 -0.3556265714386537 -0.3556434971389715 -0.3556604170652773 -0.35567733121625 -0.35569423959055557 -0.35571114218687283 -0.3557280390038722 -0.35574493004022356 -0.3557618152945996 -0.35577869476567425 -0.3557955684521166 -0.35581243635259874 -0.35582929846578937 -0.3558461547903611 -0.35586300532498427 -0.355879850068328 -0.35589668901906313 -0.3559135221758596 -0.35593034953738245 -0.35594717110230567 -0.35596398686929565 -0.3559807968370219 -0.3559976010041508 -0.3560143993693514 -0.3560311919312915 -0.35604797868863924 -0.35606475964006057 -0.3560815347842241 -0.3560983041197927 -0.3561150676454372 -0.35613182535982224 -0.356148577261612 -0.35616532334947504 -0.35618206362207383 -0.3561987980780743 -0.35621552671614287 -0.3562322495349428 -0.35624896653313964 -0.3562656777093962 -0.3562823830623767 -0.3562990825907435 -0.3563157762931617 -0.35633246416829323 -0.3563491462148023 -0.35636582243135173 -0.3563824928165986 -0.35639915736921246 -0.3564158160878512 -0.3564324689711751 -0.3564491160178478 -0.3564657572265286 -0.3564823925958791 -0.35649902212456164 -0.3565156458112315 -0.35653226365455426 -0.3565488756531847 -0.3565654818057862 -0.35658208211101483 -0.35659867656753175 -0.356615265173994 -0.3566318479290618 -0.3566484248313908 -0.3566649958796413 -0.3566815610724694 -0.3566981204085331 -0.35671467388649036 -0.3567312215049947 -0.35674776326270674 -0.35676429915828134 -0.356780829190372 -0.35679735335763807 -0.35681387165873435 -0.35683038409231527 -0.35684689065703656 -0.3568633913515513 -0.3568798861745166 -0.3568963751245846 -0.35691285820040886 -0.356929335400646 -0.3569458067239477 -0.35696227216896714 -0.35697873173435735 -0.3569951854187714 -0.3570116332208606 -0.3570280751392776 -0.35704451117267544 -0.357060941319705 -0.3570773655790185 -0.35709378394926494 -0.35711019642909614 -0.35712660301716426 -0.3571430037121166 -0.35715939851260625 -0.3571757874172823 -0.3571921704247929 -0.35720854753378894 -0.3572249187429186 -0.35724128405083144 -0.3572576434561734 -0.357273996957598 -0.35729034455374853 -0.35730668624327455 -0.3573230220248229 -0.35733935189704136 -0.3573556758585772 -0.3573719939080773 -0.3573883060441867 -0.3574046122655532 -0.35742091257082054 -0.3574372069586369 -0.35745349542764693 -0.3574697779764944 -0.35748605460382654 -0.35750232530828674 -0.3575185900885187 -0.35753484894316667 -0.357551101870877 -0.3575673488702886 -0.3575835899400488 -0.35759982507879995 -0.35761605428518406 -0.357632277557844 -0.3576484948954217 -0.35766470629655966 -0.3576809117598998 -0.3576971112840823 -0.35771330486774966 -0.35772949250954333 -0.35774567420810355 -0.35776184996207094 -0.35777801977008306 -0.3577941836307841 -0.357810341542812 -0.3578264935048061 -0.35784263951540307 -0.35785877957324574 -0.35787491367697166 -0.3578910418252179 -0.35790716401662337 -0.3579232802498278 -0.35793939052346424 -0.3579554948361743 -0.35797159318659455 -0.357987685573359 -0.3580037719951057 -0.3580198524504721 -0.3580359269380944 -0.3580519954566066 -0.3580680580046445 -0.3580841145808433 -0.35810016518384025 -0.358116209812267 -0.3581322484647602 -0.35814828113995345 -0.35816430783647846 -0.3581803285529723 -0.3581963432880668 -0.3582123520403946 -0.35822835480859094 -0.3582443515912863 -0.3582603423871129 -0.35827632719470515 -0.35829230601269035 -0.35830827883970606 -0.3583242456743787 -0.3583402065153418 -0.3583561613612263 -0.3583721102106612 -0.3583880530622774 -0.35840398991470623 -0.35841992076657636 -0.3584358456165182 -0.35845176446315685 -0.35846767730512674 -0.3584835841410543 -0.35849948496956774 -0.35851537978929704 -0.3585312685988664 -0.3585471513969072 -0.35856302818204444 -0.35857889895290684 -0.3585947637081217 -0.3586106224463137 -0.35862647516610924 -0.358642321866137 -0.3586581625450198 -0.35867399720138504 -0.35868982583385867 -0.3587056484410627 -0.3587214650216253 -0.3587372755741698 -0.35875308009731866 -0.35876887858969786 -0.3587846710499316 -0.35880045747664147 -0.3588162378684525 -0.35883201222398675 -0.3588477805418657 -0.358863542820715 -0.3588792990591534 -0.3588950492558043 -0.358910793409291 -0.3589265315182306 -0.35894226358124914 -0.35895798959696545 -0.35897370956399666 -0.3589894234809696 -0.35900513134649925 -0.35902083315920796 -0.35903652891771376 -0.35905221862063774 -0.3590679022665966 -0.3590835798542118 -0.3590992513821001 -0.35911491684887853 -0.3591305762531678 -0.3591462295935832 -0.3591618768687437 -0.3591775180772676 -0.35919315321776857 -0.35920878228886544 -0.3592244052891749 -0.3592400222173122 -0.3592556330718928 -0.3592712378515328 -0.35928683655484894 -0.35930242918045474 -0.35931801572696287 -0.35933359619299265 -0.35934917057715543 -0.3593647388780665 -0.35938030109433683 -0.35939585722458345 -0.3594114072674177 -0.3594269512214536 -0.35944248908530163 -0.35945802085757883 -0.35947354653689123 -0.3594890661218555 -0.3595045796110816 -0.35952008700318183 -0.35953558829676613 -0.35955108349044584 -0.3595665725828301 -0.35958205557253153 -0.3595975324581606 -0.3596130032383247 -0.3596284679116346 -0.3596439264767004 -0.3596593789321294 -0.3596748252765307 -0.3596902655085148 -0.3597056996266881 -0.35972112762965924 -0.3597365495160343 -0.3597519652844223 -0.359767374933432 -0.3597827784616663 -0.359798175867736 -0.3598135671502445 -0.35982895230779866 -0.3598443313390054 -0.35985970424246894 -0.3598750710167966 -0.35989043166059087 -0.3599057861724577 -0.3599211345510027 -0.35993647679482743 -0.35995181290253964 -0.3599671428727409 -0.3599824667040341 -0.3599977843950235 -0.36001309594431063 -0.36002840135050196 -0.3600437006121955 -0.36005899372799677 -0.3600742806965056 -0.36008956151632265 -0.36010483618605216 -0.36012010470429523 -0.36013536706964944 -0.360150623280719 -0.3601658733361024 -0.36018111723439805 -0.36019635497420843 -0.3602115865541329 -0.3602268119727694 -0.3602420312287187 -0.3602572443205778 -0.36027245124694574 -0.3602876520064213 -0.36030284659760126 -0.36031803501908355 -0.36033321726946754 -0.36034839334734725 -0.3603635632513229 -0.36037872697998763 -0.3603938845319412 -0.3604090359057768 -0.360424181100091 -0.3604393201134819 -0.3604544529445408 -0.3604695795918653 -0.36048470005404987 -0.3604998143296898 -0.3605149224173769 -0.3605300243157057 -0.3605451200232723 -0.36056020953866774 -0.36057529286048684 -0.36059036998732097 -0.3606054409177637 -0.36062050565040815 -0.36063556418384435 -0.3606506165166654 -0.36066566264746314 -0.3606807025748293 -0.3606957362973531 -0.3607107638136271 -0.3607257851222414 -0.36074080022178556 -0.3607558091108509 -0.36077081178802617 -0.3607858082519009 -0.36080079850106506 -0.3608157825341065 -0.3608307603496139 -0.3608457319461764 -0.3608606973223818 -0.36087565647681874 -0.3608906094080724 -0.36090555611473496 -0.3609204965953885 -0.36093543084862256 -0.3609503588730236 -0.3609652806671759 -0.3609801962296677 -0.36099510555908454 -0.3610100086540111 -0.36102490551303124 -0.361039796134734 -0.3610546805177002 -0.36106955866051527 -0.3610844305617653 -0.3610992962200319 -0.3611141556338997 -0.3611290088019512 -0.3611438557227715 -0.36115869639494 -0.3611735308170436 -0.361188358987663 -0.36120318090537795 -0.36121799656877185 -0.3612328059764276 -0.361247609126925 -0.36126240601884474 -0.36127719665076885 -0.36129198102127624 -0.3613067591289485 -0.3613215309723632 -0.36133629655010413 -0.3613510558607471 -0.36136580890287284 -0.36138055567505845 -0.36139529617588506 -0.3614100304039307 -0.3614247583577699 -0.36143948003598503 -0.36145419543715196 -0.36146890455984604 -0.36148360740264796 -0.3614983039641304 -0.36151299424287364 -0.36152767823745124 -0.36154235594644035 -0.3615570273684141 -0.36157169250195276 -0.36158635134562767 -0.3616010038980142 -0.3616156501576886 -0.3616302901232231 -0.36164492379319446 -0.36165955116617443 -0.36167417224073617 -0.3616887870154537 -0.3617033954889006 -0.36171799765964874 -0.3617325935262721 -0.36174718308734066 -0.3617617663414281 -0.3617763432871053 -0.3617909139229445 -0.36180547824751486 -0.3618200362593891 -0.36183458795713763 -0.3618491333393288 -0.36186367240453743 -0.36187820515132785 -0.36189273157827273 -0.36190725168394033 -0.3619217654669016 -0.36193627292572206 -0.36195077405897313 -0.36196526886521996 -0.3619797573430321 -0.3619942394909801 -0.36200871530762546 -0.3620231847915414 -0.36203764794129034 -0.3620521047554415 -0.36206655523255904 -0.3620809993712113 -0.3620954371699616 -0.36210986862737826 -0.36212429374202504 -0.3621387125124662 -0.3621531249372678 -0.3621675310149932 -0.3621819307442098 -0.3621963241234769 -0.3622107111513624 -0.36222509182642604 -0.3622394661472308 -0.36225383411234446 -0.3622681957203251 -0.3622825509697365 -0.3622968998591425 -0.362311242387102 -0.3623255785521775 -0.3623399083529306 -0.36235423178792203 -0.3623685488557129 -0.36238285955486393 -0.3623971638839336 -0.36241146184148487 -0.3624257534260753 -0.3624400386362643 -0.36245431747061074 -0.36246858992767494 -0.3624828560060145 -0.3624971157041883 -0.362511369020754 -0.3625256159542687 -0.3625398565032918 -0.36255409066638 -0.36256831844208826 -0.36258253982897637 -0.3625967548255984 -0.3626109634305119 -0.36262516564227054 -0.362639361459435 -0.3626535508805553 -0.3626677339041895 -0.36268191052889165 -0.3626960807532167 -0.36271024457571777 -0.36272440199495026 -0.36273855300946867 -0.36275269761782436 -0.3627668358185714 -0.36278096761026424 -0.3627950929914534 -0.3628092119606925 -0.3628233245165333 -0.36283743065752816 -0.36285153038223017 -0.36286562368918673 -0.36287971057695234 -0.3628937910440766 -0.36290786508911 -0.3629219327106048 -0.36293599390710796 -0.36295004867717173 -0.36296409701934396 -0.36297813893217423 -0.36299217441421305 -0.3630062034640069 -0.36302022608010454 -0.3630342422610573 -0.3630482520054086 -0.36306225531170844 -0.3630762521785047 -0.36309024260434297 -0.3631042265877711 -0.36311820412733464 -0.3631321752215819 -0.36314613986905675 -0.36316009806830607 -0.3631740498178737 -0.3631879951163075 -0.36320193396215217 -0.3632158663539493 -0.3632297922902459 -0.3632437117695857 -0.3632576247905135 -0.3632715313515704 -0.36328543145130254 -0.363299325088251 -0.36331321226095925 -0.36332709296797017 -0.3633409672078254 -0.36335483497906873 -0.3633686962802396 -0.3633825511098796 -0.3633963994665308 -0.3634102413487348 -0.3634240767550314 -0.3634379056839614 -0.36345172813406323 -0.36346554410387943 -0.36347935359194716 -0.3634931565968076 -0.36350695311699877 -0.36352074315105964 -0.3635345266975296 -0.36354830375494673 -0.3635620743218473 -0.36357583839676977 -0.3635895959782536 -0.36360334706483277 -0.36361709165504674 -0.36363082974742955 -0.3636445613405215 -0.36365828643285436 -0.3636720050229667 -0.36368571710939346 -0.36369942269067 -0.36371312176533044 -0.36372681433191056 -0.3637405003889449 -0.3637541799349684 -0.363767852968512 -0.3637815194881111 -0.36379517949230156 -0.36380883297961253 -0.3638224799485794 -0.3638361203977327 -0.3638497543256083 -0.3638633817307353 -0.363877002611646 -0.36389061696687053 -0.3639042247949438 -0.36391782609439494 -0.3639314208637541 -0.36394500910155214 -0.36395859080631965 -0.3639721659765862 -0.3639857346108806 -0.36399929670773323 -0.36401285226567337 -0.3640264012832306 -0.36403994375893056 -0.36405347969130464 -0.3640670090788789 -0.36408053192018297 -0.364094048213742 -0.36410755795808525 -0.36412106115173826 -0.36413455779322934 -0.36414804788108235 -0.36416153141382557 -0.3641750083899846 -0.36418847880808514 -0.36420194266665096 -0.3642153999642095 -0.36422885069928457 -0.36424229487039916 -0.3642557324760789 -0.3642691635148494 -0.3642825879852314 -0.36429600588575006 -0.3643094172149284 -0.3643228219712884 -0.36433622015335443 -0.36434961175964853 -0.3643629967886901 -0.3643763752390048 -0.364389747109112 -0.36440311239753376 -0.3644164711027891 -0.36442982322340267 -0.36444316875789173 -0.364456507704777 -0.3644698400625801 -0.36448316582981866 -0.3644964850050143 -0.3645097975866842 -0.3645231035733487 -0.3645364029635245 -0.36454969575573104 -0.36456298194848724 -0.36457626154030986 -0.36458953452971654 -0.364602800915224 -0.3646160606953508 -0.3646293138686123 -0.3646425604335266 -0.3646558003886069 -0.3646690337323726 -0.36468226046333596 -0.3646954805800138 -0.36470869408092366 -0.364721900964577 -0.36473510122948793 -0.36474829487417404 -0.3647614818971472 -0.364774662296921 -0.3647878360720105 -0.36480100322092834 -0.3648141637421851 -0.3648273176342971 -0.3648404648957735 -0.36485360552513013 -0.364866739520874 -0.3648798668815214 -0.3648929876055802 -0.36490610169156446 -0.36491920913798337 -0.3649323099433457 -0.36494540410616416 -0.36495849162494887 -0.36497157249820766 -0.3649846467244515 -0.36499771430218875 -0.36501077522992853 -0.3650238295061796 -0.36503687712944943 -0.3650499180982485 -0.36506295241108155 -0.36507598006645825 -0.3650890010628842 -0.3651020153988678 -0.3651150230729159 -0.3651280240835346 -0.3651410184292292 -0.3651540061085057 -0.36516698711987194 -0.3651799614618296 -0.3651929291328875 -0.36520589013154847 -0.36521884445631825 -0.36523179210569845 -0.36524473307819694 -0.365257667372314 -0.3652705949865558 -0.3652835159194239 -0.36529643016942215 -0.36530933773505136 -0.3653222386148163 -0.3653351328072185 -0.3653480203107602 -0.3653609011239416 -0.36537377524526393 -0.36538664267322973 -0.3653995034063384 -0.36541235744309164 -0.36542520478198925 -0.3654380454215307 -0.3654508793602167 -0.36546370659654626 -0.3654765271290179 -0.3654893409561306 -0.36550214807638426 -0.3655149484882747 -0.36552774219030404 -0.365540529180965 -0.36555330945875886 -0.3655660830221801 -0.3655788498697312 -0.36559160999990237 -0.3656043634111943 -0.3656171101020984 -0.3656298500711177 -0.3656425833167418 -0.3656553098374684 -0.36566802963179157 -0.3656807426982085 -0.3656934490352124 -0.36570614864129514 -0.3657188415149548 -0.3657315276546824 -0.3657442070589738 -0.3657568797263191 -0.3657695456552128 -0.36578220484414814 -0.3657948572916161 -0.3658075029961112 -0.3658201419561222 -0.36583277417014237 -0.36584539963666396 -0.36585801835417486 -0.3658706303211692 -0.3658832355361352 -0.36589583399756487 -0.36590842570394777 -0.3659210106537718 -0.36593358884552796 -0.365946160277705 -0.3659587249487921 -0.3659712828572772 -0.36598383400164947 -0.36599637838039545 -0.36600891599200525 -0.3660214468349636 -0.3660339709077607 -0.3660464882088825 -0.36605899873681347 -0.3660715024900427 -0.3660839994670546 -0.366096489666337 -0.36610897308637336 -0.36612144972565197 -0.3661339195826536 -0.36614638265586796 -0.3661588389437749 -0.36617128844486135 -0.3661837311576108 -0.3661961670805072 -0.36620859621203383 -0.3662210185506738 -0.36623343409490916 -0.36624584284322426 -0.36625824479409985 -0.3662706399460198 -0.3662830282974623 -0.36629540984691245 -0.36630778459285196 -0.3663201525337594 -0.3663325136681168 -0.36634486799440324 -0.3663572155111008 -0.36636955621668754 -0.36638189010964517 -0.36639421718845133 -0.3664065374515859 -0.36641885089752657 -0.3664311575247541 -0.36644345733174477 -0.3664557503169772 -0.3664680364789308 -0.3664803158160814 -0.3664925883269041 -0.36650485400987964 -0.36651711286348254 -0.3665293648861909 -0.366541610076478 -0.3665538484328219 -0.3665660799536985 -0.36657830463758057 -0.36659052248294577 -0.36660273348826733 -0.3666149376520216 -0.36662713497267996 -0.3666393254487179 -0.36665150907860955 -0.3666636858608281 -0.366675855793845 -0.3666880188761361 -0.36670017510617203 -0.3667123244824233 -0.3667244670033658 -0.3667366026674692 -0.3667487314732054 -0.36676085341904585 -0.3667729685034602 -0.36678507672492033 -0.36679717808189727 -0.3668092725728602 -0.366821360196278 -0.3668334409506224 -0.36684551483436145 -0.3668575818459634 -0.3668696419838997 -0.36688169524663605 -0.3668937416326412 -0.36690578114038397 -0.36691781376833443 -0.3669298395149547 -0.3669418583787145 -0.3669538703580826 -0.36696587545152237 -0.3669778736575027 -0.3669898649744874 -0.3670018494009435 -0.3670138269353358 -0.36702579757613085 -0.36703776132179255 -0.3670497181707879 -0.3670616681215759 -0.36707361117262627 -0.3670855473224006 -0.36709747656936287 -0.36710939891197514 -0.36712131434870265 -0.3671332228780062 -0.3671451244983497 -0.36715701920819477 -0.3671689070060036 -0.3671807878902378 -0.36719266185935906 -0.3672045289118273 -0.3672163890461051 -0.3672282422606523 -0.36724008855392887 -0.36725192792439554 -0.3672637603705118 -0.36727558589073794 -0.3672874044835326 -0.36729921614735384 -0.3673110208806616 -0.3673228186819131 -0.36733460954956865 -0.3673463934820842 -0.3673581704779183 -0.3673699405355286 -0.3673817036533702 -0.36739345982990246 -0.36740520906358 -0.36741695135285957 -0.36742868669619844 -0.3674404150920507 -0.3674521365388723 -0.36746385103511914 -0.36747555857924485 -0.3674872591697036 -0.3674989528049526 -0.3675106394834433 -0.3675223192036312 -0.3675339919639682 -0.3675456577629088 -0.36755731659890456 -0.3675689684704109 -0.3675806133758779 -0.3675922513137584 -0.3676038822825034 -0.3676155062805657 -0.36762712330639813 -0.36763873335844854 -0.3676503364351693 -0.367661932535011 -0.36767352165642464 -0.36768510379785857 -0.36769667895776337 -0.3677082471345883 -0.36771980832678297 -0.3677313625327958 -0.3677429097510756 -0.367754449980072 -0.36776598321823073 -0.36777750946400056 -0.36778902871582897 -0.36780054097216475 -0.36781204623145225 -0.36782354449214116 -0.3678350357526754 -0.3678465200115011 -0.36785799726706614 -0.3678694675178158 -0.36788093076219397 -0.3678923869986459 -0.36790383622561906 -0.3679152784415556 -0.3679267136448994 -0.3679381418340948 -0.3679495630075875 -0.36796097716381837 -0.3679723843012326 -0.36798378441827095 -0.3679951775133774 -0.3680065635849945 -0.3680179426315653 -0.3680293146515292 -0.36804067964332976 -0.3680520376054077 -0.368063388536203 -0.36807473243415734 -0.36808606929771104 -0.36809739912530404 -0.36810872191537625 -0.36812003766636714 -0.36813134637671663 -0.3681426480448655 -0.36815394266924883 -0.36816523024830694 -0.36817651078047886 -0.36818778426420185 -0.36819905069791403 -0.3682103100800518 -0.3682215624090537 -0.36823280768335565 -0.3682440459013958 -0.3682552770616083 -0.3682665011624304 -0.36827771820229893 -0.36828892817964753 -0.3683001310929117 -0.3683113269405274 -0.36832251572093 -0.3683336974325515 -0.3683448720738287 -0.3683560396431935 -0.36836720013908186 -0.36837835355992476 -0.3683894999041568 -0.3684006391702095 -0.3684117713565165 -0.36842289646151016 -0.36843401448362156 -0.36844512542128305 -0.3684562292729261 -0.36846732603698085 -0.368478415711881 -0.36848949829605404 -0.3685005737879319 -0.36851164218594334 -0.3685227034885208 -0.3685337576940908 -0.36854480480108487 -0.3685558448079318 -0.36856687771305907 -0.3685779035148955 -0.3685889222118708 -0.3685999338024115 -0.36861093828494296 -0.36862193565789614 -0.3686329259196981 -0.3686439090687741 -0.3686548851035516 -0.368665854022455 -0.3686768158239122 -0.3686877705063476 -0.3686987180681882 -0.3687096585078584 -0.36872059182378525 -0.36873151801438864 -0.3687424370780965 -0.368753349013331 -0.36876425381851874 -0.36877515149208007 -0.3687860420324389 -0.368796925438021 -0.3688078017072445 -0.36881867083853725 -0.3688295328303184 -0.36884038768100735 -0.3688512353890312 -0.3688620759528063 -0.36887290937075834 -0.36888373564130505 -0.3688945547628659 -0.3689053667338653 -0.36891617155272005 -0.3689269692178496 -0.3689377597276766 -0.3689485430806174 -0.3689593192750902 -0.3689700883095157 -0.3689808501823131 -0.36899160489189864 -0.3690023524366901 -0.3690130928151043 -0.36902382602556116 -0.3690345520664753 -0.3690452709362644 -0.36905598263334527 -0.36906668715613344 -0.3690773845030444 -0.3690880746724945 -0.3690987576629001 -0.3691094334726741 -0.3691201021002315 -0.3691307635439891 -0.3691414178023589 -0.36915206487375496 -0.36916270475659374 -0.3691733374492854 -0.3691839629502449 -0.3691945812578843 -0.3692051923706172 -0.36921579628685386 -0.3692263930050088 -0.36923698252349313 -0.36924756484071697 -0.36925813995509316 -0.3692687078650323 -0.369279268568945 -0.3692898220652414 -0.3693003683523326 -0.36931090742862605 -0.36932143929253547 -0.3693319639424666 -0.36934248137683 -0.3693529915940337 -0.36936349459248863 -0.36937399037059837 -0.3693844789267766 -0.36939496025942686 -0.36940543436695794 -0.369415901247776 -0.3694263609002908 -0.36943681332290623 -0.36944725851402893 -0.3694576964720655 -0.36946812719542166 -0.3694785506825031 -0.3694889669317143 -0.3694993759414622 -0.3695097777101499 -0.36952017223618183 -0.3695305595179619 -0.36954093955389444 -0.3695513123423839 -0.3695616778818325 -0.36957203617064316 -0.3695823872072195 -0.36959273098996315 -0.3696030675172777 -0.369613396787563 -0.36962371879922484 -0.36963403355066005 -0.36964434104027033 -0.3696546412664601 -0.36966493422762525 -0.36967521992217023 -0.3696854983484932 -0.3696957695049945 -0.36970603339007235 -0.3697162900021276 -0.36972653933955657 -0.36973678140076327 -0.3697470161841401 -0.36975724368808915 -0.3697674639110051 -0.3697776768512906 -0.36978788250733796 -0.3697980808775454 -0.3698082719603111 -0.3698184557540318 -0.3698286322571005 -0.36983880146791703 -0.3698489633848765 -0.3698591180063717 -0.36986926533079867 -0.36987940535655595 -0.3698895380820324 -0.36989966350562664 -0.3699097816257302 -0.369919892440739 -0.36992999594904363 -0.36994009214904056 -0.3699501810391195 -0.3699602626176768 -0.36997033688310355 -0.36998040383378905 -0.3699904634681279 -0.3700005157845112 -0.3700105607813313 -0.37002059845697666 -0.37003062880984094 -0.3700406518383135 -0.37005066754078353 -0.37006067591564173 -0.3700706769612778 -0.3700806706760815 -0.3700906570584417 -0.3701006361067467 -0.370110607819385 -0.37012057219474803 -0.3701305292312185 -0.3701404789271878 -0.37015042128104403 -0.3701603562911715 -0.3701702839559582 -0.3701802042737925 -0.37019011724305795 -0.3702000228621425 -0.3702099211294332 -0.37021981204331267 -0.37022969560216756 -0.3702395718043827 -0.37024944064834653 -0.3702593021324363 -0.37026915625504175 -0.37027900301454597 -0.37028884240932936 -0.37029867443778075 -0.370308499098277 -0.370318316389207 -0.37032812630894973 -0.37033792885588745 -0.3703477240284041 -0.3703575118248801 -0.37036729224369713 -0.37037706528323655 -0.3703868309418792 -0.37039658921800633 -0.37040634010999707 -0.3704160836162327 -0.37042581973509137 -0.37043554846495574 -0.3704452698042022 -0.3704549837512112 -0.37046469030436047 -0.37047438946202904 -0.370484081222596 -0.37049376558443825 -0.3705034425459335 -0.37051311210545856 -0.3705227742613926 -0.37053242901210925 -0.370542076355989 -0.37055171629140515 -0.37056134881673497 -0.37057097393035443 -0.37058059163063684 -0.3705902019159595 -0.370599804784697 -0.37060940023522493 -0.37061898826591566 -0.3706285688751447 -0.37063814206128365 -0.3706477078227093 -0.37065726615779226 -0.37066681706490856 -0.37067636054242925 -0.3706858965887241 -0.37069542520216947 -0.3707049463811365 -0.3707144601239949 -0.3707239664291171 -0.37073346529487416 -0.37074295671963853 -0.37075244070177726 -0.37076191723966323 -0.3707713863316666 -0.3707808479761554 -0.37079030217150066 -0.3707997489160699 -0.3708091882082347 -0.3708186200463599 -0.3708280444288179 -0.37083746135397355 -0.37084687082019663 -0.3708562728258551 -0.3708656673693138 -0.3708750544489421 -0.3708844340631048 -0.3708938062101699 -0.3709031708885049 -0.3709125280964707 -0.37092187783243835 -0.37093122009477053 -0.370940554881833 -0.3709498821919892 -0.3709592020236059 -0.3709685143750452 -0.37097781924467244 -0.3709871166308525 -0.3709964065319471 -0.371005688946318 -0.371014963872331 -0.3710242313083487 -0.3710334912527302 -0.37104274370384127 -0.3710519886600441 -0.37106122611969505 -0.3710704560811604 -0.37107967854279833 -0.3710888935029715 -0.3710981009600398 -0.3711073009123629 -0.37111649335829977 -0.3711256782962131 -0.3711348557244607 -0.3711440256413998 -0.37115318804539177 -0.37116234293479433 -0.3711714903079639 -0.37118063016326097 -0.3711897624990437 -0.3711988873136671 -0.3712080046054895 -0.3712171143728682 -0.3712262166141591 -0.37123531132772003 -0.37124439851190516 -0.37125347816507137 -0.37126255028557287 -0.37127161487176696 -0.3712806719220074 -0.3712897214346502 -0.37129876340804824 -0.3713077978405557 -0.3713168247305281 -0.3713258440763161 -0.37133485587627657 -0.37134386012876197 -0.37135285683212027 -0.3713618459847119 -0.37137082758488305 -0.3713798016309888 -0.3713887681213781 -0.37139772705440555 -0.37140667842842223 -0.3714156222417757 -0.37142455849281975 -0.3714334871799019 -0.3714424083013763 -0.37145132185558927 -0.37146022784089183 -0.3714691262556311 -0.3714780170981604 -0.37148690036682464 -0.3714957760599731 -0.3715046441759555 -0.3715135047131177 -0.3715223576698099 -0.37153120304437515 -0.371540040835165 -0.3715488710405239 -0.3715576936588012 -0.3715665086883373 -0.37157531612748507 -0.37158411597458496 -0.37159290822798496 -0.3716016928860295 -0.3716104699470635 -0.37161923940943264 -0.371628001271481 -0.3716367555315512 -0.37164550218798853 -0.3716542412391344 -0.3716629726833345 -0.3716716965189315 -0.3716804127442659 -0.3716891213576843 -0.37169782235752447 -0.37170651574213176 -0.3717152015098466 -0.37172387965900855 -0.37173255018796203 -0.3717412130950435 -0.3717498683785969 -0.3717585160369623 -0.37176715606847743 -0.3717757884714872 -0.3717844132443249 -0.3717930303853314 -0.37180163989284853 -0.3718102417652118 -0.3718188360007617 -0.37182742259783463 -0.3718360015547679 -0.37184457286990336 -0.3718531365415707 -0.37186169256811485 -0.3718702409478669 -0.3718787816791673 -0.371887314760349 -0.37189584018974964 -0.3719043579657053 -0.3719128680865502 -0.3719213705506186 -0.37192986535624817 -0.371938352501771 -0.3719468319855226 -0.3719553038058345 -0.371963767961045 -0.3719722244494843 -0.371980673269487 -0.37198911441938387 -0.3719975478975095 -0.3720059737021959 -0.37201439183177554 -0.37202280228457907 -0.3720312050589394 -0.37203960015318716 -0.37204798756565305 -0.3720563672946673 -0.372064739338561 -0.3720731036956657 -0.37208146036430945 -0.3720898093428233 -0.37209815062953533 -0.3721064842227757 -0.3721148101208729 -0.37212312832215355 -0.3721314388249488 -0.3721397416275871 -0.37214803672839336 -0.3721563241256973 -0.37216460381782346 -0.372172875803102 -0.3721811400798569 -0.3721893966464176 -0.37219764550110535 -0.37220588664225085 -0.3722141200681781 -0.372222345777212 -0.37223056376767616 -0.3722387740378994 -0.37224697658620176 -0.37225517141091036 -0.3722633585103474 -0.3722715378828365 -0.37227970952670164 -0.3722878734402695 -0.37229602962185604 -0.372304178069788 -0.37231231878238846 -0.37232045175797523 -0.3723285769948754 -0.3723366944914068 -0.372344804245893 -0.3723529062566513 -0.37236100052200616 -0.3723690870402767 -0.3723771658097834 -0.3723852368288427 -0.3723933000957804 -0.37240135560891074 -0.37240940336655504 -0.37241744336703064 -0.3724254756086589 -0.37243350008975407 -0.3724415168086379 -0.3724495257636251 -0.3724575269530348 -0.3724655203751839 -0.3724735060283888 -0.3724814839109656 -0.3724894540212329 -0.3724974163575032 -0.3725053709180952 -0.372513317701324 -0.3725212567055025 -0.3725291879289485 -0.3725371113699767 -0.3725450270268995 -0.3725529348980334 -0.37256083498168824 -0.37256872727618173 -0.37257661177982504 -0.3725844884909333 -0.37259235740781715 -0.3726002185287891 -0.3726080718521638 -0.3726159173762511 -0.3726237550993621 -0.372631585019811 -0.37263940713590626 -0.37264722144596085 -0.3726550279482841 -0.3726628266411862 -0.37267061752297836 -0.37267840059196855 -0.37268617584646835 -0.3726939432847858 -0.3727017029052302 -0.3727094547061105 -0.37271719868573516 -0.3727249348424113 -0.3727326631744483 -0.3727403836801533 -0.3727480963578338 -0.3727558012057961 -0.3727634982223482 -0.3727711874057946 -0.3727788687544433 -0.3727865422666006 -0.3727942079405704 -0.37280186577466123 -0.37280951576717536 -0.372817157916419 -0.37282479222069664 -0.3728324186783132 -0.3728400372875713 -0.3728476480467764 -0.37285525095423155 -0.3728628460082395 -0.37287043320710245 -0.3728780125491249 -0.3728855840326091 -0.37289314765585857 -0.3729007034171703 -0.37290825131485184 -0.37291579134720054 -0.37292332351252 -0.3729308478091098 -0.3729383642352708 -0.37294587278930225 -0.37295337346950586 -0.37296086627418257 -0.3729683512016275 -0.3729758282501443 -0.3729832974180285 -0.37299075870358145 -0.372998212105101 -0.3730056576208849 -0.3730130952492301 -0.3730205249884344 -0.3730279468367965 -0.37303536079261335 -0.37304276685418225 -0.37305016501979704 -0.3730575552877551 -0.3730649376563542 -0.3730723121238868 -0.37307967868865166 -0.37308703734894255 -0.3730943881030533 -0.3731017309492817 -0.37310906588591797 -0.37311639291126086 -0.37312371202359795 -0.37313102322122793 -0.37313832650244283 -0.3731456218655351 -0.37315290930879863 -0.37316018883052493 -0.37316746042900606 -0.37317472410253405 -0.3731819798493996 -0.37318922766789653 -0.3731964675563142 -0.3732036995129433 -0.3732109235360763 -0.3732181396240022 -0.3732253477750094 -0.3732325479873886 -0.3732397402594323 -0.3732469245894263 -0.3732541009756596 -0.37326126941642324 -0.3732684299100031 -0.3732755824546885 -0.37328272704876797 -0.3732898636905291 -0.3732969923782572 -0.3733041131102408 -0.3733112258847662 -0.3733183307001213 -0.3733254275545921 -0.3733325164464616 -0.37333959737401745 -0.37334667033554725 -0.37335373532933414 -0.37336079235366215 -0.3733678414068162 -0.3733748824870813 -0.3733819155927436 -0.37338894072208406 -0.373395957873385 -0.3734029670449348 -0.37340996823501094 -0.3734169614419005 -0.3734239466638831 -0.3734309238992415 -0.37343789314625875 -0.37344485440321495 -0.3734518076683919 -0.3734587529400728 -0.37346569021653586 -0.3734726194960629 -0.37347954077693224 -0.3734864540574274 -0.3734933593358263 -0.37350025661040887 -0.3735071458794521 -0.3735140271412378 -0.37352090039404473 -0.37352776563614976 -0.3735346228658307 -0.3735414720813668 -0.3735483132810349 -0.3735551464631133 -0.37356197162587756 -0.37356878876760513 -0.37357559788657246 -0.37358239898105694 -0.37358919204933416 -0.37359597708967796 -0.37360275410036525 -0.37360952307967077 -0.373616284025871 -0.3736230369372384 -0.3736297818120504 -0.3736365186485755 -0.3736432474450937 -0.3736499681998744 -0.3736566809111941 -0.3736633855773226 -0.3736700821965342 -0.37367677076710315 -0.3736834512872993 -0.3736901237553947 -0.3736967881696609 -0.3737034445283709 -0.37371009282979584 -0.3737167330722033 -0.37372336525386896 -0.3737299893730581 -0.37373660542804377 -0.3737432134170966 -0.37374981333848245 -0.3737564051904747 -0.37376298897133875 -0.37376956467934663 -0.3737761323127651 -0.3737826918698608 -0.37378924334890584 -0.3737957867481625 -0.37380232206590236 -0.3738088493003904 -0.37381536844989594 -0.37382187951268264 -0.3738283824870172 -0.37383487737116816 -0.3738413641633973 -0.3738478428619749 -0.3738543134651615 -0.37386077597122513 -0.37386723037842895 -0.3738736766850397 -0.3738801148893196 -0.373886544989531 -0.3738929669839406 -0.37389938087080976 -0.37390578664840257 -0.37391218431498086 -0.3739185738688078 -0.37392495530814607 -0.373931328631258 -0.37393769383640363 -0.3739440509218457 -0.373950399885846 -0.37395674072666285 -0.3739630734425594 -0.3739693980317962 -0.37397571449263145 -0.37398202282332527 -0.37398832302213947 -0.373994615087331 -0.3740008990171595 -0.3740071748098859 -0.37401344246376356 -0.3740197019770566 -0.3740259533480206 -0.37403219657491293 -0.37403843165599016 -0.37404465858951097 -0.37405087737373144 -0.37405708800690984 -0.37406329048730047 -0.3740694848131598 -0.3740756709827453 -0.37408184899430985 -0.37408801884611176 -0.374094180536404 -0.37410033406344123 -0.37410647942547914 -0.37411261662077244 -0.37411874564757097 -0.37412486650413523 -0.3741309791887124 -0.3741370836995581 -0.3741431800349275 -0.37414926819306915 -0.37415534817223817 -0.3741614199706844 -0.3741674835866635 -0.3741735390184213 -0.3741795862642143 -0.3741856253222915 -0.37419165619090444 -0.3741976788683017 -0.37420369335273485 -0.37420969964245243 -0.37421569773570695 -0.3742216876307447 -0.3742276693258173 -0.37423364281917326 -0.3742396081090593 -0.3742455651937271 -0.3742515140714193 -0.37425745474038896 -0.3742633871988801 -0.37426931144514386 -0.3742752274774239 -0.37428113529396745 -0.37428703489302206 -0.37429292627283406 -0.3742988094316475 -0.3743046843677109 -0.3743105510792675 -0.374316409564563 -0.3743222598218421 -0.37432810184934784 -0.3743339356453279 -0.3743397612080255 -0.3743455785356824 -0.3743513876265432 -0.37435718847885324 -0.37436298109085087 -0.3743687654607841 -0.37437454158689043 -0.3743803094674161 -0.37438606910060157 -0.3743918204846879 -0.3743975636179169 -0.3744032984985304 -0.3744090251247676 -0.3744147434948717 -0.37442045360707965 -0.37442615545963465 -0.3744318490507741 -0.3744375343787385 -0.3744432114417684 -0.37444888023810075 -0.3744545407659756 -0.3744601930236313 -0.3744658370093057 -0.37447147272123615 -0.37447710015765967 -0.3744827193168163 -0.3744883301969417 -0.3744939327962733 -0.37449952711304535 -0.37450511314549884 -0.37451069089186495 -0.374516260350382 -0.3745218215192865 -0.3745273743968105 -0.37453291898119057 -0.37453845527066365 -0.3745439832634587 -0.3745495029578163 -0.3745550143519676 -0.3745605174441451 -0.37456601223258446 -0.37457149871551776 -0.3745769768911762 -0.37458244675779584 -0.37458790831360655 -0.3745933615568404 -0.37459880648572996 -0.3746042430985055 -0.3746096713934022 -0.3746150913686477 -0.37462050302247274 -0.37462590635310766 -0.37463130135878453 -0.374636688037731 -0.3746420663881791 -0.3746474364083574 -0.37465279809649443 -0.37465815145082004 -0.37466349646956143 -0.37466883315094757 -0.37467416149320565 -0.37467948149456687 -0.3746847931532553 -0.3746900964675013 -0.374695391435528 -0.3747006780555644 -0.37470595632583725 -0.3747112262445724 -0.3747164878099958 -0.3747217410203332 -0.3747269858738096 -0.37473222236865267 -0.3747374505030825 -0.37474267027532804 -0.3747478816836112 -0.3747530847261564 -0.3747582794011892 -0.3747634657069314 -0.374768643641608 -0.3747738132034395 -0.3747789743906518 -0.37478412720146403 -0.37478927163410125 -0.37479440768678485 -0.3747995353577358 -0.3748046546451751 -0.37480976554732637 -0.3748148680624088 -0.3748199621886412 -0.374825047924249 -0.37483012526744686 -0.37483519421645806 -0.3748402547695018 -0.3748453069247959 -0.37485035068056005 -0.37485538603501567 -0.3748604129863766 -0.3748654315328652 -0.37487044167269756 -0.37487544340409196 -0.37488043672526583 -0.37488542163443617 -0.3748903981298213 -0.3748953662096346 -0.37490032587209665 -0.37490527711541954 -0.3749102199378229 -0.37491515433752065 -0.37492008031272794 -0.37492499786166 -0.3749299069825329 -0.37493480767355924 -0.3749396999329542 -0.37494458375893336 -0.3749494591497071 -0.3749543261034938 -0.374959184618501 -0.37496403469294703 -0.37496887632504183 -0.37497370951299747 -0.37497853425502825 -0.37498335054934273 -0.374988158394157 -0.3749929577876787 -0.3749977487281222 -0.375002531213696 -0.37500730524260995 -0.37501207081307797 -0.37501682792330815 -0.3750215765715095 -0.3750263167558918 -0.3750310484746655 -0.3750357717260395 -0.37504048650822375 -0.3750451928194245 -0.37504989065784944 -0.3750545800217089 -0.37505926090920916 -0.3750639333185597 -0.37506859724796415 -0.3750732526956333 -0.37507789965977034 -0.3750825381385856 -0.3750871681302814 -0.37509178963306633 -0.3750964026451453 -0.37510100716472206 -0.37510560319000374 -0.3751101907191936 -0.3751147697504993 -0.3751193402821218 -0.37512390231226567 -0.3751284558391359 -0.3751330008609357 -0.3751375373758683 -0.3751420653821369 -0.37514658487794383 -0.375151095861491 -0.37515559833098155 -0.375160092284617 -0.3751645777205992 -0.3751690546371296 -0.3751735230324096 -0.37517798290464066 -0.37518243425202247 -0.37518687707275467 -0.3751913113650387 -0.3751957371270742 -0.37520015435706044 -0.3752045630531957 -0.3752089632136828 -0.37521335483671603 -0.3752177379204973 -0.3752221124632231 -0.37522647846309054 -0.37523083591830053 -0.3752351848270492 -0.37523952518753223 -0.37524385699794705 -0.37524818025649154 -0.37525249496136315 -0.37525680111075443 -0.37526109870286417 -0.375265387735888 -0.37526966820802077 -0.3752739401174563 -0.3752782034623925 -0.37528245824102013 -0.3752867044515362 -0.37529094209213554 -0.37529517116101063 -0.3752993916563532 -0.37530360357636106 -0.3753078069192224 -0.37531200168313283 -0.3753161878662863 -0.3753203654668713 -0.3753245344830809 -0.3753286949131085 -0.3753328467551449 -0.37533699000738086 -0.37534112466800806 -0.37534525073521596 -0.3753493682071971 -0.37535347708213784 -0.37535757735823294 -0.37536166903366963 -0.37536575210663603 -0.3753698265753238 -0.3753738924379202 -0.3753779496926155 -0.3753819983375948 -0.37538603837105056 -0.37539006979116696 -0.3753940925961321 -0.37539810678413543 -0.3754021123533633 -0.37540610930200113 -0.37541009762823707 -0.3754140773302552 -0.3754180484062424 -0.3754220108543871 -0.37542596467287126 -0.37542990985988167 -0.3754338464136051 -0.37543777433222214 -0.37544169361392 -0.3754456042568819 -0.3754495062592933 -0.3754533996193343 -0.37545728433519177 -0.3754611604050493 -0.37546502782708613 -0.3754688865994873 -0.37547273672043735 -0.375476578188112 -0.3754804110007006 -0.37548423515637896 -0.3754880506533329 -0.37549185748973857 -0.37549565566378273 -0.3754994451736402 -0.37550322601749375 -0.37550699819352484 -0.3755107616999105 -0.3755145165348326 -0.3755182626964695 -0.3755220001829982 -0.37552572899260106 -0.37552944912345376 -0.37553316057373687 -0.3755368633416265 -0.37554055742530057 -0.37554424282293697 -0.37554791953271227 -0.37555158755280393 -0.37555524688138986 -0.3755588975166435 -0.3755625394567441 -0.37556617269986514 -0.3755697972441854 -0.3755734130878752 -0.37557702022911377 -0.37558061866607373 -0.3755842083969343 -0.3755877894198618 -0.37559136173303687 -0.37559492533463024 -0.3755984802228154 -0.3756020263957698 -0.3756055638516611 -0.3756090925886646 -0.37561261260495327 -0.3756161238986975 -0.3756196264680711 -0.37562312031124545 -0.37562660542639126 -0.37563008181168067 -0.3756335494652845 -0.3756370083853722 -0.3756404585701163 -0.37564390001768455 -0.3756473327262486 -0.3756507566939806 -0.37565417191904427 -0.37565757839961167 -0.3756609761338532 -0.3756643651199356 -0.37566774535602754 -0.37567111684029797 -0.37567447957091415 -0.37567783354604245 -0.3756811787638519 -0.375684515222511 -0.375687842920184 -0.37569116185503626 -0.3756944720252391 -0.3756977734289535 -0.3757010660643485 -0.37570434992958823 -0.37570762502283994 -0.3757108913422651 -0.37571414888603183 -0.37571739765230294 -0.375720637639243 -0.37572386884501663 -0.37572709126778703 -0.375730304905717 -0.3757335097569725 -0.3757367058197132 -0.3757398930921032 -0.3757430715723067 -0.37574624125848244 -0.3757494021487955 -0.3757525542414051 -0.3757556975344749 -0.3757588320261642 -0.3757619577146363 -0.3757650745980503 -0.37576818267456646 -0.37577128194234444 -0.37577437239954614 -0.37577745404432994 -0.3757805268748542 -0.37578359088927904 -0.37578664608576595 -0.37578969246246974 -0.37579273001755054 -0.3757957587491667 -0.37579877865547484 -0.37580178973463285 -0.3758047919847991 -0.37580778540412885 -0.37581076999078267 -0.37581374574291315 -0.37581671265867866 -0.375819670736234 -0.3758226199737362 -0.37582556036934234 -0.3758284919212036 -0.37583141462747705 -0.3758343284863179 -0.37583723349588105 -0.375840129654319 -0.3758430169597893 -0.37584589541044044 -0.37584876500443043 -0.3758516257399105 -0.3758544776150359 -0.37585732062795474 -0.375860154776825 -0.3758629800597957 -0.37586579647501894 -0.37586860402064737 -0.3758714026948313 -0.37587419249572385 -0.37587697342147486 -0.37587974547023384 -0.3758825086401534 -0.37588526292938385 -0.3758880083360725 -0.3758907448583715 -0.37589347249442806 -0.3758961912423944 -0.37589890110041635 -0.37590160206664613 -0.3759042941392292 -0.37590697731631506 -0.3759096515960496 -0.37591231697658456 -0.3759149734560636 -0.37591762103263493 -0.3759202597044462 -0.3759228894696429 -0.37592551032637145 -0.3759281222727795 -0.375930725307013 -0.3759333194272152 -0.37593590463153337 -0.37593848091811166 -0.3759410482850978 -0.375943606730631 -0.37594615625285943 -0.3759486968499264 -0.3759512285199764 -0.3759537512611537 -0.37595626507159885 -0.375958769949456 -0.3759612658928697 -0.37596375289997885 -0.3759662309689298 -0.375968700097864 -0.3759711602849225 -0.3759736115282455 -0.3759760538259749 -0.37597848717625393 -0.37598091157722147 -0.3759833270270194 -0.3759857335237857 -0.375988131065661 -0.375990519650788 -0.37599289927730384 -0.3759952699433473 -0.37599763164705724 -0.375999984386576 -0.376002328160038 -0.3760046629655842 -0.3760069888013522 -0.3760093056654772 -0.37601161355610024 -0.3760139124713575 -0.3760162024093847 -0.37601848336831933 -0.3760207553462984 -0.37602301834145724 -0.3760252723519337 -0.3760275173758618 -0.37602975341137634 -0.3760319804566148 -0.376034198509712 -0.3760364075688005 -0.37603860763201835 -0.3760407986974963 -0.3760429807633692 -0.37604515382777226 -0.37604731788883816 -0.37604947294470037 -0.37605161899349104 -0.3760537560333428 -0.37605588406239 -0.3760580030787639 -0.3760601130805936 -0.3760622140660166 -0.3760643060331601 -0.3760663889801563 -0.3760684629051365 -0.3760705278062315 -0.3760725836815717 -0.3760746305292879 -0.37607666834750786 -0.3760786971343646 -0.37608071688798406 -0.37608272760649886 -0.3760847292880367 -0.37608672193072445 -0.3760887055326947 -0.3760906800920716 -0.3760926456069851 -0.37609460207556156 -0.3760965494959305 -0.3760984878662166 -0.3761004171845501 -0.37610233744905486 -0.3761042486578603 -0.3761061508090875 -0.37610804390086905 -0.3761099279313247 -0.37611180289858526 -0.3761136688007709 -0.37611552563601025 -0.3761173734024257 -0.37611921209814314 -0.37612104172128813 -0.3761228622699817 -0.37612467374234804 -0.37612647613651173 -0.37612826945059563 -0.3761300536827239 -0.3761318288310176 -0.3761335948936 -0.3761353518685917 -0.37613709975411824 -0.3761388385482962 -0.37614056824925335 -0.37614228885510625 -0.3761440003639773 -0.3761457027739872 -0.37614739608325687 -0.37614908028990524 -0.3761507553920529 -0.3761524213878209 -0.3761540782753281 -0.37615572605269154 -0.3761573647180332 -0.37615899426947186 -0.3761606147051224 -0.3761622260231072 -0.37616382822154115 -0.3761654212985457 -0.37616700525223346 -0.37616858008072684 -0.37617014578213803 -0.37617170235458586 -0.3761732497961887 -0.37617478810505967 -0.37617631727931844 -0.37617783731707677 -0.3761793482164517 -0.3761808499755599 -0.3761823425925148 -0.37618382606543177 -0.37618530039242604 -0.3761867655716107 -0.3761882216010992 -0.37618966847900603 -0.37619110620344687 -0.3761925347725317 -0.37619395418437573 -0.3761953644370921 -0.37619676552879033 -0.37619815745758567 -0.37619954022158897 -0.3762009138189115 -0.37620227824766594 -0.3762036335059644 -0.376204979591916 -0.3762063165036329 -0.37620764423922504 -0.37620896279680327 -0.3762102721744762 -0.37621157237035474 -0.37621286338254967 -0.37621414520916785 -0.37621541784832013 -0.37621668129811425 -0.3762179355566593 -0.3762191806220665 -0.3762204164924383 -0.37622164316588647 -0.3762228606405178 -0.3762240689144396 -0.37622526798575784 -0.376226457852582 -0.3762276385130172 -0.3762288099651685 -0.3762299722071454 -0.3762311252370498 -0.37623226905298957 -0.37623340365307056 -0.37623452903539745 -0.37623564519807395 -0.3762367521392065 -0.3762378498568988 -0.3762389383492546 -0.3762400176143781 -0.3762410876503739 -0.3762421484553431 -0.3762432000273903 -0.3762442423646215 -0.3762452754651333 -0.376246299327033 -0.37624731394842037 -0.37624831932739955 -0.37624931546207074 -0.3762503023505337 -0.3762512799908935 -0.37625224838124804 -0.37625320751970026 -0.3762541574043481 -0.37625509803329393 -0.3762560294046371 -0.37625695151647953 -0.376257864366917 -0.3762587679540501 -0.37625966227597907 -0.37626054733080005 -0.3762614231166159 -0.3762622896315224 -0.37626314687361617 -0.37626399484099826 -0.37626483353176177 -0.37626566294400954 -0.37626648307583643 -0.37626729392533687 -0.3762680954906088 -0.3762688877697511 -0.3762696707608568 -0.3762704444620222 -0.37627120887134513 -0.37627196398691964 -0.3762727098068406 -0.376273446329201 -0.3762741735520989 -0.37627489147362825 -0.37627560009188077 -0.37627629940495355 -0.376276989410937 -0.3762776701079287 -0.37627834149401673 -0.37627900356729826 -0.3762796563258637 -0.3762802997678083 -0.3762809338912185 -0.3762815586941928 -0.3762821741748197 -0.37628278033119056 -0.37628337716139804 -0.3762839646635312 -0.3762845428356836 -0.3762851116759438 -0.37628567118240186 -0.3762862213531495 -0.37628676218627444 -0.376287293679868 -0.3762878158320184 -0.37628832864081607 -0.3762888321043478 -0.37628932622070366 -0.3762898109879713 -0.37629028640423945 -0.3762907524675967 -0.3762912091761281 -0.37629165652792373 -0.3762920945210695 -0.3762925231536536 -0.3762929424237602 -0.3762933523294776 -0.3762937528688908 -0.376294144040088 -0.3762945258411521 -0.37629489827016993 -0.3762952613252275 -0.37629561500440856 -0.3762959593057982 -0.37629629422748057 -0.37629661976754125 -0.3762969359240622 -0.3762972426951299 -0.3762975400788262 -0.37629782807323364 -0.3762981066764364 -0.37629837588651727 -0.3762986357015592 -0.37629888611964235 -0.3762991271388536 -0.3762993587572687 -0.37629958097297367 -0.37629979378404865 -0.3762999971885739 -0.37630019118463265 -0.3763003757703025 -0.3763005509436659 -0.3763007167028021 -0.3763008730457926 -0.3763010199707151 -0.37630115747564963 -0.3763012855586769 -0.3763014042178723 -0.3763015134513199 -0.3763016132570942 -0.37630170363327586 -0.3763017845779393 -0.37630185608916733 -0.3763019181650331 -0.3763019708036168 -0.3763020140029947 -0.37630204776124154 -0.37630207207643673 -0.37630208694665734 -0.376302092369976 -0.37630208834447165 -0.3763020748682173 -0.3763020519392919 -0.3763020195557667 -0.3763019777157188 -0.3763019264172236 -0.37630186565835366 -0.3763017954371848 -0.3763017157517905 -0.37630162660024435 -0.3763015279806181 -0.37630141989098975 -0.3763013023294275 -0.37630117529400664 -0.37630103878279764 -0.3763008927938776 -0.3763007373253129 -0.37630057237517933 -0.376300397941546 -0.3763002140224856 -0.3763000206160694 -0.37629981772036647 -0.37629960533345086 -0.37629938345338987 -0.37629915207825526 -0.376298911206117 -0.37629866083504426 -0.37629840096310607 -0.37629813158837333 -0.37629785270891425 -0.37629756432279615 -0.37629726642808947 -0.376296959022862 -0.376296642105181 -0.3762963156731174 -0.3762959797247354 -0.3762956342581023 -0.37629527927128636 -0.3762949147623553 -0.37629454072937385 -0.37629415717041237 -0.376293764083532 -0.3762933614668005 -0.3762929493182843 -0.37629252763605026 -0.3762920964181604 -0.37629165566268163 -0.3762912053676781 -0.376290745531215 -0.37629027615135735 -0.3762897972261663 -0.37628930875370736 -0.3762888107320448 -0.37628830315924233 -0.37628778603336244 -0.3762872593524671 -0.3762867231146205 -0.3762861773178834 -0.37628562196032034 -0.37628505703998893 -0.3762844825549574 -0.3762838985032828 -0.3762833048830254 -0.3762827016922503 -0.3762820889290137 -0.37628146659138073 -0.3762808346774098 -0.3762801931851594 -0.376279542112691 -0.3762788814580631 -0.37627821121933724 -0.37627753139457276 -0.3762768419818241 -0.37627614297915546 -0.37627543438462174 -0.3762747161962823 -0.37627398841219506 -0.3762732510304181 -0.37627250404900847 -0.3762717474660251 -0.3762709812795215 -0.3762702054875575 -0.3762694200881893 -0.37626862507947223 -0.3762678204594634 -0.3762670062262181 -0.3762661823777931 -0.37626534891224317 -0.37626450582762105 -0.37626365312198473 -0.37626279079339087 -0.3762619188398886 -0.37626103725953497 -0.3762601460503858 -0.3762592452104925 -0.37625833473790804 -0.37625741463068874 -0.3762564848868841 -0.3762555455045504 -0.37625459648173676 -0.37625363781649934 -0.37625266950688996 -0.3762516915509577 -0.3762507039467553 -0.37624970669233493 -0.3762486997857488 -0.37624768322504565 -0.376246657008279 -0.3762456211334979 -0.37624457559875246 -0.3762435204020931 -0.3762424555415689 -0.3762413810152312 -0.3762402968211287 -0.37623920295731006 -0.37623809942182573 -0.3762369862127226 -0.37623586332805026 -0.3762347307658551 -0.376233588524189 -0.37623243660109695 -0.37623127499462683 -0.3762301037028264 -0.3762289227237434 -0.3762277320554235 -0.37622653169591436 -0.3762253216432616 -0.37622410189551303 -0.37622287245071284 -0.37622163330690617 -0.37622038446214123 -0.3762191259144618 -0.3762178576619126 -0.37621657970253874 -0.3762152920343862 -0.376213994655497 -0.3762126875639167 -0.37621137075768907 -0.3762100442348584 -0.3762087079934666 -0.376207362031558 -0.3762060063471764 -0.3762046409383628 -0.3762032658031602 -0.3762018809396106 -0.37620048634575953 -0.3761990820196446 -0.37619766795930953 -0.3761962441627946 -0.3761948106281423 -0.3761933673533915 -0.37619191433658505 -0.37619045157576325 -0.3761889790689681 -0.376187496814234 -0.37618600480960573 -0.37618450305312123 -0.3761829915428194 -0.37618147027674054 -0.3761799392529248 -0.37617839846940715 -0.3761768479242291 -0.37617528761542696 -0.3761737175410409 -0.3761721376991076 -0.37617054808766426 -0.3761689487047475 -0.3761673395483971 -0.3761657206166471 -0.3761640919075333 -0.37616245341909815 -0.37616080514937167 -0.3761591470963932 -0.3761574792581972 -0.37615580163281814 -0.37615411421829315 -0.3761524170126562 -0.3761507100139445 -0.376148993220188 -0.37614726662942743 -0.376145530239691 -0.37614378404901583 -0.3761420280554346 -0.37614026225698227 -0.37613848665169014 -0.3761367012375927 -0.3761349060127217 -0.3761331009751103 -0.3761312861227921 -0.3761294614537971 -0.37612762696615887 -0.3761257826579074 -0.376123928527075 -0.37612206457169384 -0.37612019078979575 -0.37611830717940853 -0.37611641373856397 -0.37611451046529387 -0.3761125973576269 -0.37611067441359314 -0.376108741631223 -0.3761067990085447 -0.37610484654359055 -0.3761028842343843 -0.37610091207895824 -0.3760989300753419 -0.37609693822156176 -0.37609493651564696 -0.37609292495562396 -0.37609090353952146 -0.37608887226536636 -0.3760868311311869 -0.37608478013501 -0.37608271927486214 -0.3760806485487702 -0.37607856795475847 -0.3760764774908556 -0.3760743771550872 -0.37607226694547746 -0.3760701468600538 -0.37606801689684044 -0.37606587705386074 -0.37606372732914384 -0.3760615677207091 -0.37605939822658563 -0.37605721884479415 -0.37605502957336157 -0.3760528304103081 -0.37605062135365896 -0.3760484024014379 -0.37604617355166736 -0.3760439348023703 -0.3760416861515701 -0.3760394275972865 -0.3760371591375451 -0.37603488077036573 -0.37603259249376997 -0.3760302943057807 -0.37602798620441824 -0.3760256681877041 -0.3760233402536586 -0.37602100240030234 -0.37601865462565476 -0.37601629692774097 -0.3760139293045732 -0.3760115517541771 -0.3760091642745689 -0.376006766863771 -0.37600435951979927 -0.37600194224067485 -0.375999515024414 -0.37599707786903824 -0.37599463077256345 -0.37599217373300764 -0.3759897067483915 -0.3759872298167277 -0.375984742936037 -0.3759822461043374 -0.3759797393196411 -0.3759772225799689 -0.375974695883337 -0.37597215922775984 -0.3759696126112533 -0.37596705603183755 -0.37596448948752226 -0.3759619129763254 -0.37595932649626196 -0.3759567300453468 -0.3759541236215944 -0.3759515072230202 -0.37594888084763767 -0.37594624449346137 -0.375943598158504 -0.3759409418407813 -0.3759382755383034 -0.3759355992490865 -0.3759329129711424 -0.3759302167024843 -0.3759275104411235 -0.37592479418507274 -0.37592206793234517 -0.3759193316809526 -0.37591658542890594 -0.37591382917421656 -0.3759110629148954 -0.3759082866489556 -0.3759055003744054 -0.3759027040892544 -0.37589989779151667 -0.3758970814792013 -0.37589425515031616 -0.375891418802873 -0.37588857243488105 -0.3758857160443485 -0.375882849629285 -0.3758799731876996 -0.3758770867176007 -0.3758741902169973 -0.3758712836838969 -0.3758683671163081 -0.37586544051223925 -0.37586250386969633 -0.3758595571866863 -0.3758566004612178 -0.3758536336912992 -0.37585065687493247 -0.37584767001012986 -0.37584467309489433 -0.375841666127231 -0.37583864910514864 -0.3758356220266501 -0.3758325848897428 -0.37582953769242966 -0.3758264804327185 -0.3758234131086131 -0.37582033571811735 -0.375817248259235 -0.37581415072997393 -0.3758110431283326 -0.3758079254523192 -0.3758047976999346 -0.3758016598691847 -0.37579851195806846 -0.3757953539645911 -0.37579218588675767 -0.3757890077225654 -0.37578581947002254 -0.3757826211271258 -0.3757794126918812 -0.37577619416228547 -0.37577296553634465 -0.3757697268120572 -0.3757664779874248 -0.3757632190604485 -0.3757599500291282 -0.375756670891465 -0.37575338164545924 -0.3757500822891111 -0.37574677282041735 -0.3757434532373809 -0.3757401235379976 -0.37573678372026986 -0.37573343378219537 -0.3757300737217726 -0.375726703537 -0.37572332322587476 -0.3757199327863967 -0.375716532216563 -0.37571312151436853 -0.37570970067781584 -0.3757062697048985 -0.3757028285936146 -0.37569937734195813 -0.3756959159479294 -0.3756924444095242 -0.3756889627247384 -0.3756854708915651 -0.37568196890800376 -0.3756784567720457 -0.3756749344816912 -0.375671402034933 -0.3756678594297642 -0.37566430666418205 -0.37566074373617964 -0.3756571706437506 -0.37565358738489074 -0.3756499939575928 -0.3756463903598508 -0.37564277658965795 -0.37563915264500736 -0.3756355185238909 -0.3756318742243021 -0.3756282197442351 -0.37562455508168036 -0.37562088023463147 -0.3756171952010794 -0.3756134999790146 -0.37560979456643073 -0.3756060789613178 -0.3756023531616677 -0.3755986171654717 -0.37559487097071864 -0.3755911145754003 -0.3755873479775067 -0.3755835711750293 -0.3755797841659554 -0.37557598694827643 -0.37557217951998023 -0.37556836187905773 -0.3755645340234981 -0.3755606959512878 -0.37555684766041786 -0.3755529891488756 -0.3755491204146497 -0.37554524145572765 -0.3755413522700972 -0.37553745285574713 -0.375533543210663 -0.3755296233328327 -0.3755256932202453 -0.37552175287088296 -0.3755178022827361 -0.3755138414537891 -0.37550987038203054 -0.375505889065443 -0.37550189750201524 -0.3754978956897319 -0.375493883626576 -0.3754898613105353 -0.37548582873959324 -0.37548178591173587 -0.375477732824947 -0.3754736694772114 -0.3754695958665124 -0.3754655119908339 -0.37546141784816056 -0.3754573134364736 -0.3754531987537604 -0.3754490737979994 -0.3754449385671772 -0.3754407930592727 -0.37543663727227283 -0.37543247120415657 -0.37542829485290774 -0.3754241082165062 -0.3754199112929353 -0.37541570408017755 -0.37541148657621104 -0.37540725877901826 -0.37540302068657994 -0.37539877229687857 -0.37539451360789133 -0.3753902446176012 -0.37538596532398616 -0.37538167572502834 -0.3753773758187058 -0.37537306560299966 -0.37536874507588536 -0.37536441423534583 -0.3753600730793569 -0.3753557216058989 -0.37535135981294987 -0.3753469876984892 -0.37534260526049446 -0.37533821249694066 -0.37533380940580763 -0.3753293959850752 -0.3753249722327179 -0.3753205381467115 -0.37531609372503416 -0.375311638965663 -0.3753071738665734 -0.3753026984257435 -0.37529821264114727 -0.3752937165107624 -0.375289210032562 -0.3752846932045233 -0.3752801660246212 -0.3752756284908312 -0.375271080601125 -0.37526652235348346 -0.37526195374587346 -0.37525737477627574 -0.3752527854426613 -0.37524818574300234 -0.37524357567527566 -0.37523895523745354 -0.3752343244275087 -0.3752296832434143 -0.37522503168314314 -0.3752203697446683 -0.3752156974259626 -0.37521101472499696 -0.37520632163974366 -0.375201618168175 -0.37519690430826325 -0.3751921800579776 -0.3751874454152935 -0.3751827003781769 -0.3751779449446033 -0.3751731791125392 -0.37516840287995734 -0.3751636162448264 -0.3751588192051192 -0.37515401175880436 -0.3751491939038498 -0.3751443656382265 -0.37513952695990316 -0.3751346778668503 -0.3751298183570353 -0.3751249484284269 -0.37512006807899434 -0.3751151773067045 -0.37511027610952885 -0.37510536448543164 -0.3751004424323816 -0.37509550994834706 -0.3750905670312945 -0.3750856136791909 -0.3750806498900032 -0.3750756756616984 -0.3750706909922443 -0.37506569587960614 -0.37506069032174727 -0.3750556743166382 -0.3750506478622433 -0.37504561095652633 -0.3750405635974543 -0.3750355057829924 -0.3750304375111049 -0.3750253587797565 -0.37502026958691115 -0.3750151699305353 -0.3750100598085915 -0.375004939219044 -0.374999808159858 -0.37499466662899517 -0.3749895146244202 -0.37498435214409653 -0.37497917918598445 -0.3749739957480491 -0.374968801828254 -0.3749635974245593 -0.37495838253492897 -0.374953157157325 -0.3749479212897078 -0.37494267493004063 -0.3749374180762839 -0.37493215072640007 -0.37492687287834947 -0.37492158453009283 -0.3749162856795909 -0.37491097632480397 -0.37490565646369367 -0.37490032609421897 -0.37489498521433884 -0.37488963382201623 -0.37488427191520834 -0.37487889949187503 -0.3748735165499757 -0.37486812308746664 -0.3748627191023113 -0.3748573045924668 -0.37485187955588994 -0.37484644399054057 -0.3748409978943741 -0.3748355412653517 -0.374830074101431 -0.3748245964005661 -0.37481910816071773 -0.37481360937984043 -0.3748081000558945 -0.3748025801868309 -0.3747970497706121 -0.37479150880519096 -0.3747859572885255 -0.37478039521857154 -0.3747748225932819 -0.37476923941061546 -0.3747636456685268 -0.37475804136497004 -0.3747524264979023 -0.37474680106527547 -0.37474116506504807 -0.3747355184951702 -0.3747298613536003 -0.374724193638289 -0.3747185153471917 -0.37471282647826243 -0.3747071270294531 -0.3747014169987186 -0.37469569638401135 -0.37468996518328535 -0.37468422339449425 -0.3746784710155855 -0.37467270804451624 -0.3746669344792375 -0.37466115031770153 -0.3746553555578598 -0.3746495501976632 -0.3746437342350646 -0.37463790766801575 -0.37463207049446323 -0.3746262227123638 -0.37462036431966395 -0.3746144953143169 -0.3746086156942714 -0.3746027254574793 -0.37459682460188715 -0.374590913125449 -0.37458499102611187 -0.37457905830182536 -0.37457311495053913 -0.3745671609702024 -0.37456119635876517 -0.3745552211141727 -0.37454923523437555 -0.374543238717322 -0.37453723156095986 -0.3745312137632384 -0.3745251853221041 -0.37451914623550486 -0.37451309650138676 -0.374507036117699 -0.3745009650823876 -0.37449488339339876 -0.37448879104868116 -0.37448268804617957 -0.3744765743838405 -0.3744704500596092 -0.37446431507143485 -0.3744581694172586 -0.3744520130950302 -0.37444584610269205 -0.3744396684381903 -0.37443348009947064 -0.37442728108447776 -0.3744210713911542 -0.3744148510174483 -0.3744086199612995 -0.37440237822065514 -0.37439612579345916 -0.37438986267765495 -0.3743835888711855 -0.37437730437199335 -0.37437100917802457 -0.3743647032872177 -0.3743583866975211 -0.37435205940687366 -0.3743457214132162 -0.3743393727144957 -0.37433301330865154 -0.37432664319362496 -0.37432026236736027 -0.37431387082779644 -0.37430746857287867 -0.37430105560054283 -0.3742946319087337 -0.37428819749538933 -0.37428175235845407 -0.3742752964958651 -0.37426882990556365 -0.37426235258549134 -0.3742558645335867 -0.37424936574778966 -0.3742428562260396 -0.3742363359662768 -0.3742298049664394 -0.37422326322446686 -0.37421671073829854 -0.37421014750587256 -0.37420357352512745 -0.37419698879400176 -0.374190393310434 -0.37418378707236233 -0.3741771700777212 -0.3741705423244528 -0.374163903810492 -0.3741572545337788 -0.3741505944922472 -0.3741439236838353 -0.3741372421064786 -0.374130549758116 -0.37412384663668297 -0.3741171327401145 -0.3741104080663482 -0.3741036726133191 -0.3740969263789644 -0.374090169361216 -0.37408340155801456 -0.37407662296728805 -0.37406983358697765 -0.37406303341501745 -0.37405622244933845 -0.37404940068787873 -0.37404256812857195 -0.37403572476935043 -0.37402887060814916 -0.3740220056429022 -0.3740151298715424 -0.37400824329200466 -0.37400134590221956 -0.37399443770012253 -0.3739875186836459 -0.3739805888507215 -0.3739736481992826 -0.3739666967272619 -0.37395973443259134 -0.3739527613132019 -0.37394577736702717 -0.3739387825919973 -0.37393177698604374 -0.3739247605470988 -0.37391773327309386 -0.37391069516195863 -0.373903646211625 -0.373896586420023 -0.3738895157850832 -0.3738824343047358 -0.37387534197690986 -0.3738682387995391 -0.37386112477054967 -0.3738539998878707 -0.37384686414943413 -0.3738397175531696 -0.37383256009700183 -0.37382539177886454 -0.3738182125966847 -0.3738110225483897 -0.37380382163191017 -0.3737966098451726 -0.3737893871861049 -0.3737821536526371 -0.3737749092426945 -0.37376765395420497 -0.37376038778509724 -0.3737531107332983 -0.3737458227967343 -0.37373852397333174 -0.37373121426101896 -0.37372389365772074 -0.3737165621613663 -0.37370921976987725 -0.3737018664811824 -0.37369450229320966 -0.3736871272038802 -0.3736797412111237 -0.3736723443128618 -0.3736649365070219 -0.37365751779152756 -0.3736500881643052 -0.37364264762328014 -0.3736351961663744 -0.3736277337915146 -0.37362026049662234 -0.37361277627962464 -0.3736052811384414 -0.3735977750710009 -0.3735902580752244 -0.37358273014903354 -0.3735751912903531 -0.3735676414971083 -0.3735600807672177 -0.37355250909860693 -0.37354492648919857 -0.3735373329369134 -0.373529728439673 -0.37352211299540317 -0.37351448660202013 -0.3735068492574505 -0.37349920095961275 -0.3734915417064304 -0.37348387149582285 -0.37347619032571133 -0.37346849819401795 -0.37346079509866126 -0.37345308103756336 -0.3734453560086455 -0.3734376200098253 -0.3734298730390253 -0.3734221150941641 -0.3734143461731607 -0.373406566273935 -0.3733987753944077 -0.37339097353249695 -0.3733831606861213 -0.3733753368531998 -0.37336750203165403 -0.3733596562193968 -0.37335179941435115 -0.37334393161443424 -0.37333605281756377 -0.37332816302165783 -0.37332026222463277 -0.37331235042440847 -0.37330442761890037 -0.37329649380602703 -0.373288548983703 -0.37328059314984907 -0.37327262630238023 -0.37326464843921325 -0.37325665955826315 -0.3732486596574476 -0.37324064873468243 -0.37323262678788405 -0.37322459381496786 -0.3732165498138502 -0.37320849478244433 -0.3732004287186679 -0.37319235162043407 -0.3731842634856597 -0.3731761643122584 -0.3731680540981439 -0.37315993284123383 -0.37315180053944097 -0.373143657190679 -0.37313550279286245 -0.3731273373439037 -0.37311916084171903 -0.3731109732842204 -0.37310277466932096 -0.37309456499493443 -0.37308634425897536 -0.3730781124593525 -0.37306986959398225 -0.3730616156607778 -0.37305335065764744 -0.3730450745825089 -0.37303678743326874 -0.3730284892078446 -0.3730201799041426 -0.37301185952007776 -0.37300352805356285 -0.37299518550250443 -0.3729868318648184 -0.37297846713841354 -0.3729700913211995 -0.37296170441109133 -0.37295330640599555 -0.37294489730382363 -0.3729364771024848 -0.37292804579989225 -0.3729196033939539 -0.3729111498825781 -0.37290268526367765 -0.37289420953515906 -0.3728857226949325 -0.3728772247409089 -0.372868715670994 -0.3728601954830997 -0.37285166417513427 -0.3728431217450061 -0.3728345681906209 -0.37282600350988915 -0.3728174277007197 -0.3728088407610186 -0.37280024268869383 -0.372791633481655 -0.3727830131378065 -0.3727743816550593 -0.3727657390313177 -0.37275708526448925 -0.3727484203524809 -0.372739744293201 -0.3727310570845517 -0.3727223587244448 -0.37271364921078254 -0.37270492854147363 -0.3726961967144211 -0.37268745372753376 -0.372678699578715 -0.3726699342658719 -0.3726611577869088 -0.37265237013972996 -0.3726435713222429 -0.37263476133235063 -0.3726259401679579 -0.37261710782696955 -0.37260826430729166 -0.37259940960682414 -0.37259054372347533 -0.3725816666551478 -0.3725727783997459 -0.3725638789551726 -0.372554968319331 -0.37254604649012535 -0.3725371134654565 -0.37252816924323096 -0.37251921382135 -0.3725102471977162 -0.3725012693702321 -0.3724922803368016 -0.37248328009532417 -0.3724742686437059 -0.3724652459798463 -0.3724562121016466 -0.372447167007008 -0.3724381106938348 -0.37242904316002656 -0.3724199644034867 -0.3724108744221133 -0.3724017732138094 -0.37239266077647404 -0.37238353710800975 -0.3723744022063178 -0.3723652560692945 -0.3723560986948429 -0.37234693008086506 -0.3723377502252574 -0.37232855912592067 -0.37231935678075656 -0.3723101431876614 -0.3723009183445365 -0.372291682249279 -0.37228243489979107 -0.3722731762939717 -0.3722639064297155 -0.3722546253049255 -0.3722453329174984 -0.37223602926533195 -0.3722267143463247 -0.37221738815837435 -0.3722080506993817 -0.3721987019672395 -0.37218934195984854 -0.37217997067510655 -0.372170588110909 -0.37216119426515615 -0.3721517891357409 -0.37214237272056394 -0.3721329450175208 -0.37212350602450606 -0.3721140557394187 -0.37210459416015507 -0.3720951212846093 -0.3720856371106782 -0.3720761416362599 -0.3720666348592463 -0.37205711677753683 -0.3720475873890243 -0.3720380466916047 -0.3720284946831729 -0.3720189313616258 -0.3720093567248548 -0.3719997707707585 -0.37199017349722974 -0.3719805649021626 -0.3719709449834512 -0.3719613137389919 -0.3719516711666748 -0.3719420172643977 -0.37193235203005504 -0.3719226754615348 -0.3719129875567364 -0.37190328831355046 -0.3718935777298693 -0.37188385580358885 -0.37187412253259966 -0.37186437791479676 -0.3718546219480703 -0.3718448546303126 -0.37183507595941734 -0.3718252859332791 -0.3718154845497863 -0.371805671806833 -0.3717958477023089 -0.3717860122341077 -0.37177616540011993 -0.37176630719823756 -0.371756437626352 -0.3717465566823548 -0.37173666436413555 -0.3717267606695849 -0.3717168455965951 -0.37170691914305687 -0.3716969813068567 -0.3716870320858918 -0.3716770714780462 -0.3716670994812139 -0.3716571160932838 -0.37164712131214284 -0.37163711513568476 -0.37162709756179657 -0.3716170685883675 -0.37160702821328817 -0.37159697643444867 -0.3715869132497347 -0.3715768386570364 -0.3715667526542452 -0.3715566552392464 -0.37154654640992746 -0.3715364261641798 -0.37152629449989005 -0.3715161514149461 -0.3715059969072372 -0.37149583097464944 -0.37148565361507124 -0.3714754648263896 -0.37146526460649154 -0.3714550529532654 -0.3714448298645996 -0.3714345953383775 -0.3714243493724867 -0.37141409196481723 -0.3714038231132508 -0.3713935428156785 -0.3713832510699824 -0.37137294787405084 -0.37136263322577223 -0.37135230712302825 -0.3713419695637068 -0.3713316205456927 -0.37132126006687116 -0.3713108881251297 -0.37130050471835174 -0.3712901098444199 -0.37127970350122474 -0.3712692856866475 -0.3712588563985735 -0.37124841563488786 -0.3712379633934759 -0.37122749967221846 -0.3712170244690034 -0.37120653778171153 -0.3711960396082312 -0.37118552994644327 -0.3711750087942307 -0.3711644761494801 -0.37115393201007185 -0.3711433763738894 -0.3711328092388193 -0.37112223060273974 -0.3711116404635364 -0.3711010388190932 -0.3710904256672909 -0.37107980100601123 -0.37106916483313857 -0.37105851714655413 -0.3710478579441414 -0.37103718722378076 -0.37102650498335477 -0.37101581122074423 -0.37100510593383174 -0.37099438912050076 -0.37098366077862943 -0.37097292090609857 -0.3709621695007925 -0.3709514065605908 -0.3709406320833759 -0.37092984606702606 -0.3709190485094216 -0.3709082394084442 -0.3708974187619756 -0.3708865865678934 -0.370875742824079 -0.3708648875284135 -0.37085402067877604 -0.3708431422730465 -0.3708322523091012 -0.3708213507848237 -0.3708104376980934 -0.3707995130467894 -0.37078857682878885 -0.3707776290419713 -0.37076666968421534 -0.37075569875340353 -0.3707447162474091 -0.3707337221641134 -0.3707227165013953 -0.3707116992571331 -0.37070067042920263 -0.37068963001548294 -0.37067857801385395 -0.37066751442219026 -0.37065643923837266 -0.37064535246027663 -0.3706342540857803 -0.3706231441127623 -0.37061202253909853 -0.37060088936266444 -0.3705897445813373 -0.37057858819299927 -0.37056742019552047 -0.37055624058678216 -0.37054504936465626 -0.3705338465270218 -0.3705226320717556 -0.37051140599673316 -0.3705001682998299 -0.3704889189789222 -0.37047765803188604 -0.37046638545659727 -0.37045510125092873 -0.37044380541275945 -0.3704324979399649 -0.3704211788304157 -0.3704098480819922 -0.3703985056925667 -0.37038715166001257 -0.370375785982207 -0.37036440865702414 -0.37035301968233725 -0.37034161905602225 -0.37033020677595196 -0.37031878284000364 -0.37030734724604697 -0.370295899991957 -0.3702844410756101 -0.3702729704948764 -0.3702614882476323 -0.3702499943317492 -0.3702384887451018 -0.37022697148556194 -0.37021544255100514 -0.3702039019393024 -0.37019234964832526 -0.3701807856759496 -0.37016921002004644 -0.3701576226784864 -0.3701460236491454 -0.37013441292989446 -0.3701227905186051 -0.37011115641314873 -0.3700995106114 -0.37008785311122816 -0.3700761839105051 -0.37006450300710547 -0.3700528103988958 -0.3700411060837503 -0.3700293900595413 -0.3700176623241376 -0.37000592287541156 -0.3699941717112343 -0.36998240882947586 -0.36997063422800647 -0.36995884790469935 -0.369947049857422 -0.3699352400840459 -0.3699234185824416 -0.36991158535047886 -0.3698997403860287 -0.36988788368696035 -0.36987601525114133 -0.36986413507644533 -0.36985224316073895 -0.36984033950189366 -0.36982842409777694 -0.3698164969462616 -0.3698045580452116 -0.3697926073925011 -0.3697806449859957 -0.3697686708235639 -0.369756684903078 -0.36974468722240506 -0.3697326777794103 -0.3697206565719662 -0.36970862359793877 -0.36969657885519824 -0.36968452234161076 -0.3696724540550451 -0.36966037399336926 -0.36964828215445067 -0.3696361785361577 -0.36962406313635654 -0.3696119359529155 -0.3695997969837026 -0.3695876462265848 -0.36957548367942783 -0.36956330934010007 -0.3695511232064672 -0.36953892527639676 -0.3695267155477553 -0.3695144940184103 -0.3695022606862275 -0.3694900155490748 -0.36947775860481524 -0.36946548985131855 -0.36945320928644687 -0.3694409169080708 -0.36942861271405203 -0.36941629670225806 -0.3694039688705555 -0.3693916292168091 -0.36937927773888335 -0.3693669144346461 -0.3693545393019608 -0.3693421523386915 -0.36932975354270514 -0.3693173429118657 -0.3693049204440384 -0.36929248613708987 -0.3692800399888809 -0.36926758199727727 -0.3692551121601446 -0.36924263047534867 -0.3692301369407498 -0.3692176315542146 -0.3692051143136075 -0.3691925852167901 -0.3691800442616291 -0.36916749144598615 -0.36915492676772477 -0.36914235022470976 -0.36912976181480506 -0.3691171615358715 -0.36910454938577475 -0.36909192536237745 -0.36907928946354174 -0.36906664168713066 -0.36905398203100814 -0.36904131049303635 -0.369028627071077 -0.3690159317629944 -0.36900322456664947 -0.3689905054799052 -0.3689777745006242 -0.36896503162666816 -0.36895227685589793 -0.3689395101861779 -0.3689267316153675 -0.3689139411413307 -0.3689011387619283 -0.3688883244750225 -0.3688754982784732 -0.368862660170143 -0.36884981014789364 -0.36883694820958324 -0.3688240743530766 -0.36881118857623285 -0.36879829087691274 -0.3687853812529789 -0.36877245970229167 -0.3687595262227106 -0.36874658081209644 -0.36873362346831007 -0.3687206541892083 -0.3687076729726577 -0.36869467981651427 -0.3686816747186388 -0.3686686576768916 -0.3686556286891318 -0.368642587753222 -0.368629534867019 -0.36861647002838227 -0.3686033932351722 -0.3685903044852479 -0.3685772037764705 -0.3685640911066974 -0.36855096647378627 -0.3685378298755988 -0.3685246813099936 -0.3685115207748306 -0.36849834826796446 -0.3684851637872568 -0.3684719673305654 -0.3684587588957511 -0.36844553848066974 -0.36843230608318 -0.36841906170114136 -0.3684058053324093 -0.36839253697484553 -0.36837925662630466 -0.36836596428464663 -0.3683526599477287 -0.3683393436134068 -0.36832601527954223 -0.36831267494399045 -0.36829932260460874 -0.36828595825925436 -0.36827258190578327 -0.3682591935420563 -0.36824579316592887 -0.368232380775257 -0.3682189563678975 -0.36820551994170936 -0.3681920714945477 -0.36817861102426797 -0.3681651385287288 -0.3681516540057852 -0.3681381574532936 -0.36812464886911256 -0.36811112825109804 -0.3680975955971033 -0.36808405090498475 -0.36807049417260185 -0.36805692539780654 -0.3680433445784579 -0.3680297517124105 -0.3680161467975176 -0.36800252983163695 -0.3679889008126249 -0.36797525973833567 -0.36796160660662425 -0.36794794141534526 -0.36793426416235553 -0.36792057484550833 -0.36790687346266093 -0.3678931600116666 -0.3678794344903804 -0.36786569689665694 -0.36785194722835035 -0.3678381854833175 -0.3678244116594098 -0.3678106257544833 -0.36779682776639255 -0.36778301769298993 -0.3677691955321323 -0.3677553612816715 -0.36774151493946317 -0.3677276565033596 -0.3677137859712163 -0.3676999033408843 -0.3676860086102196 -0.3676721017770763 -0.3676581828393073 -0.36764425179476534 -0.36763030864130286 -0.367616353376774 -0.3676023859990343 -0.3675884065059334 -0.36757441489532683 -0.36756041116506477 -0.36754639531300315 -0.36753236733699435 -0.36751832723488764 -0.3675042750045394 -0.3674902106438007 -0.3674761341505248 -0.3674620455225641 -0.3674479447577701 -0.3674338318539965 -0.3674197068090912 -0.3674055696209111 -0.36739142028730853 -0.36737725880613237 -0.36736308517523497 -0.3673488993924705 -0.36733470145568736 -0.3673204913627397 -0.3673062691114781 -0.36729203469975413 -0.36727778812542056 -0.3672635293863262 -0.36724925848032486 -0.3672349754052666 -0.3672206801590021 -0.36720637273938195 -0.3671920531442594 -0.3671777213714842 -0.36716337741890603 -0.3671490212843782 -0.36713465296575043 -0.3671202724608711 -0.3671058797675917 -0.3670914748837655 -0.36707705780724176 -0.36706262853586846 -0.36704818706749665 -0.36703373339997913 -0.367019267531163 -0.3670047894588997 -0.3669902991810394 -0.36697579669543234 -0.36696128199992506 -0.3669467550923713 -0.36693221597062164 -0.36691766463252273 -0.36690310107592383 -0.3668885252986742 -0.36687393729862716 -0.36685933707362883 -0.3668447246215303 -0.36683009994017945 -0.3668154630274234 -0.36680081388111496 -0.36678615249910296 -0.36677147887923356 -0.36675679301935693 -0.3667420949173241 -0.3667273845709822 -0.3667126619781782 -0.36669792713676275 -0.36668318004458333 -0.36666842069949057 -0.36665364909932885 -0.3666388652419501 -0.3666240691252005 -0.3666092607469307 -0.36659444010498543 -0.3665796071972167 -0.3665647620214716 -0.3665499045755949 -0.36653503485743855 -0.36652015286484785 -0.3665052585956712 -0.36649035204775515 -0.36647543321894904 -0.3664605021071017 -0.3664455587100566 -0.3664306030256661 -0.36641563505177377 -0.36640065478622663 -0.36638566222687574 -0.36637065737156727 -0.36635564021814515 -0.36634061076445956 -0.36632556900835533 -0.36631051494768085 -0.3662954485802845 -0.36628036990401025 -0.366265278916706 -0.36625017561621753 -0.36623506000039363 -0.3662199320670796 -0.3662047918141216 -0.3661896392393671 -0.3661744743406623 -0.36615929711585293 -0.3661441075627847 -0.36612890567930645 -0.3661136914632639 -0.3660984649124983 -0.3660832260248621 -0.36606797479819697 -0.3660527112303522 -0.3660374353191709 -0.36602214706250047 -0.3660068464581858 -0.365991533504074 -0.3659762081980076 -0.3659608705378363 -0.3659455205214033 -0.36593015814655505 -0.36591478341113515 -0.3658993963129902 -0.36588399684996586 -0.3658685850199075 -0.36585316082066166 -0.36583772425006833 -0.3658222753059781 -0.36580681398623405 -0.3657913402886801 -0.36577585421116376 -0.36576035575152943 -0.3657448449076184 -0.3657293216772777 -0.3657137860583535 -0.3656982380486897 -0.36568267764612994 -0.36566710484851894 -0.36565151965370113 -0.3656359220595222 -0.3656203120638257 -0.3656046896644565 -0.3655890548592571 -0.36557340764607416 -0.3655577480227512 -0.3655420759871313 -0.36552639153705924 -0.36551069467037944 -0.36549498538493674 -0.365479263678572 -0.3654635295491313 -0.3654477829944591 -0.3654320240123976 -0.36541625260079025 -0.3654004687574828 -0.3653846724803178 -0.3653688637671393 -0.3653530426157885 -0.36533720902411426 -0.3653213629899539 -0.3653055045111535 -0.3652896335855558 -0.36527375021100594 -0.36525785438534575 -0.3652419461064196 -0.36522602537207005 -0.36521009218013756 -0.36519414652846827 -0.36517818841490435 -0.36516221783728975 -0.3651462347934671 -0.3651302392812754 -0.365114231298564 -0.36509821084317196 -0.36508217791294184 -0.36506613250571673 -0.36505007461933925 -0.36503400425165466 -0.3650179214004998 -0.36500182606372356 -0.36498571823916537 -0.3649695979246661 -0.3649534651180706 -0.364937319817221 -0.36492116201995684 -0.3649049917241243 -0.36488880892756415 -0.36487261362811596 -0.3648564058236272 -0.36484018551193564 -0.3648239526908843 -0.3648077073583167 -0.36479144951207143 -0.3647751791499947 -0.3647588962699251 -0.36474260086970656 -0.3647262929471795 -0.3647099725001852 -0.36469363952656764 -0.3646772940241676 -0.36466093599082594 -0.36464456542438173 -0.3646281823226838 -0.36461178668356586 -0.36459537850487456 -0.36457895778445026 -0.3645625245201334 -0.3645460787097661 -0.36452962035118786 -0.3645131494422409 -0.36449666598076824 -0.36448016996460986 -0.36446366139160524 -0.3644471402595988 -0.36443060656642956 -0.3644140603099393 -0.3643975014879688 -0.3643809300983585 -0.36436434613894964 -0.36434774960758354 -0.3643311405021019 -0.3643145188203425 -0.36429788456014967 -0.3642812377193634 -0.3642645782958214 -0.3642479062873689 -0.36423122169184197 -0.3642145245070867 -0.3641978147309386 -0.36418109236124074 -0.36416435739583397 -0.3641476098325578 -0.364130849669253 -0.3641140769037592 -0.36409729153391845 -0.3640804935575699 -0.3640636829725543 -0.36404685977671125 -0.3640300239678824 -0.36401317554390644 -0.36399631450262593 -0.36397944084187817 -0.3639625545595049 -0.3639456556533456 -0.3639287441212411 -0.3639118199610314 -0.3638948831705564 -0.3638779337476561 -0.36386097169017084 -0.36384399699593706 -0.3638270096628 -0.363810009688597 -0.3637929970711675 -0.3637759718083533 -0.3637589338979912 -0.36374188333792334 -0.3637248201259875 -0.3637077442600263 -0.3636906557378765 -0.3636735545573795 -0.3636564407163747 -0.36363931421270035 -0.3636221750441968 -0.36360502320870447 -0.3635878587040615 -0.3635706815281097 -0.3635534916786862 -0.3635362891536307 -0.36351907395078387 -0.3635018460679835 -0.36348460550307093 -0.3634673522538834 -0.3634500863182608 -0.3634328076940436 -0.36341551637906955 -0.3633982123711803 -0.3633808956682132 -0.36336356626800503 -0.3633462241683998 -0.36332886936723563 -0.36331150186234806 -0.36329412165157837 -0.3632767287327683 -0.36325932310375375 -0.3632419047623716 -0.3632244737064667 -0.36320702993387277 -0.36318957344243374 -0.3631721042299856 -0.363154622294366 -0.36313712763341544 -0.363119620244976 -0.3631021001268797 -0.36308456727697 -0.36306702169308513 -0.3630494633730641 -0.3630318923147464 -0.3630143085159676 -0.36299671197456895 -0.3629791026883895 -0.3629614806552657 -0.3629438458730374 -0.3629261983395442 -0.3629085380526238 -0.3628908650101157 -0.3628731792098576 -0.36285548064968864 -0.36283776932744827 -0.36282004524097333 -0.36280230838810335 -0.36278455876667515 -0.36276679637453 -0.36274902120950525 -0.36273123326943857 -0.3627134325521699 -0.3626956190555388 -0.36267779277737766 -0.3626599537155313 -0.36264210186783696 -0.362624237232132 -0.3626063598062541 -0.3625884695880415 -0.36257056657533493 -0.36255265076597043 -0.36253472215779015 -0.36251678074862514 -0.3624988265363207 -0.36248085951871234 -0.3624628796936369 -0.36244488705893607 -0.3624268816124463 -0.3624088633520053 -0.36239083227545166 -0.3623727883806227 -0.36235473166536014 -0.3623366621274986 -0.3623185797648776 -0.36230048457533615 -0.3622823765567098 -0.3622642557068403 -0.36224612202356177 -0.3622279755047151 -0.3622098161481393 -0.36219164395166903 -0.3621734589131451 -0.3621552610304066 -0.36213705030128907 -0.3621188267236324 -0.3621005902952721 -0.36208234101404724 -0.3620640788777978 -0.36204580388436236 -0.36202751603157646 -0.3620092153172769 -0.36199090173930637 -0.3619725752955003 -0.36195423598369647 -0.36193588380173125 -0.36191751874744593 -0.3618991408186778 -0.36188075001326503 -0.36186234632904357 -0.3618439297638507 -0.36182550031552907 -0.3618070579819155 -0.36178860276084635 -0.36177013465015806 -0.3617516536476906 -0.3617331597512843 -0.3617146529587707 -0.3616961332679933 -0.36167760067678945 -0.3616590551829968 -0.36164049678445176 -0.36162192547899163 -0.36160334126445726 -0.3615847441386868 -0.3615661340995149 -0.361547511144781 -0.36152887527232425 -0.3615102264799823 -0.3614915647655925 -0.3614728901269939 -0.36145420256202065 -0.36143550206851405 -0.36141678864431315 -0.36139806228725435 -0.36137932299517583 -0.36136057076591355 -0.3613418055973092 -0.3613230274871988 -0.36130423643342 -0.36128543243380884 -0.3612666154862083 -0.36124778558845483 -0.36122894273838213 -0.3612100869338337 -0.361191218172642 -0.36117233645265223 -0.3611534417716946 -0.3611345341276131 -0.36111561351824273 -0.3610966799414217 -0.36107773339498905 -0.36105877387678387 -0.36103980138464076 -0.36102081591640145 -0.36100181746990057 -0.36098280604297717 -0.36096378163347165 -0.36094474423921996 -0.3609256938580603 -0.3609066304878308 -0.3608875541263692 -0.360868464771515 -0.36084936242110555 -0.36083024707297673 -0.36081111872496985 -0.3607919773749231 -0.3607728230206728 -0.36075365566005857 -0.36073447529091496 -0.3607152819110846 -0.36069607551840344 -0.3606768561107119 -0.36065762368584364 -0.36063837824164313 -0.36061911977594185 -0.3605998482865824 -0.3605805637714008 -0.36056126622823736 -0.3605419556549294 -0.3605226320493138 -0.36050329540923043 -0.3604839457325175 -0.360464583017015 -0.36044520726055795 -0.36042581846098587 -0.3604064166161369 -0.36038700172384797 -0.36036757378196205 -0.36034813278831423 -0.3603286787407436 -0.3603092116370865 -0.3602897314751847 -0.36027023825287685 -0.3602507319679962 -0.36023121261838753 -0.36021168020188465 -0.36019213471632705 -0.36017257615955645 -0.360153004529407 -0.36013341982371916 -0.3601138220403324 -0.36009421117708484 -0.36007458723181296 -0.360054950202358 -0.36003530008655904 -0.3600156368822529 -0.3599959605872787 -0.35997627119947495 -0.35995656871667947 -0.35993685313673396 -0.3599171244574735 -0.35989738267673976 -0.3598776277923692 -0.3598578598022031 -0.35983807870407825 -0.35981828449583375 -0.35979847717531044 -0.3597786567403447 -0.3597588231887765 -0.3597389765184458 -0.3597191167271898 -0.35969924381284724 -0.35967935777325755 -0.35965945860626203 -0.35963954630969797 -0.3596196208814031 -0.35959968231921824 -0.35957973062098203 -0.35955976578453264 -0.35953978780771 -0.3595197966883532 -0.3594997924243044 -0.35947977501339823 -0.3594597444534764 -0.35943970074237663 -0.35941964387793934 -0.35939957385800225 -0.3593794906804093 -0.35935939434299424 -0.35933928484359967 -0.3593191621800633 -0.35929902635022604 -0.3592788773519282 -0.35925871518300845 -0.3592385398413023 -0.3592183513246541 -0.35919814963090424 -0.3591779347578892 -0.35915770670344926 -0.359137465465424 -0.3591172110416534 -0.3590969434299782 -0.359076662628238 -0.3590563686342705 -0.3590360614459178 -0.35901574106101997 -0.3589954074774129 -0.3589750606929427 -0.35895470070544366 -0.35893432751275745 -0.358913941112728 -0.35889354150319175 -0.3588731286819895 -0.3588527026469581 -0.35883226339594243 -0.3588118109267797 -0.3587913452373108 -0.3587708663253779 -0.35875037418881783 -0.35872986882547275 -0.35870935023318706 -0.3586888184097954 -0.3586682733531372 -0.3586477150610561 -0.3586271435313928 -0.358606558761986 -0.3585859607506796 -0.3585653494953087 -0.35854472499372037 -0.3585240872437514 -0.35850343624323777 -0.358482771990031 -0.35846209448196387 -0.3584414037168795 -0.35842069969262047 -0.3583999824070241 -0.35837925185793207 -0.3583585080431875 -0.3583377509606316 -0.35831698060810346 -0.3582961969834422 -0.35827540008449343 -0.35825458990909675 -0.35823376645509253 -0.3582129297203216 -0.35819207970262434 -0.3581712163998443 -0.3581503398098227 -0.3581294499304013 -0.3581085467594187 -0.358087630294718 -0.3580667005341418 -0.3580457574755296 -0.35802480111672397 -0.3580038314555689 -0.35798284848990036 -0.3579618522175645 -0.3579408426364017 -0.35791981974425546 -0.35789878353896576 -0.3578777340183743 -0.35785667118032505 -0.3578355950226553 -0.3578145055432125 -0.3577934027398366 -0.35777228661036853 -0.3577511571526504 -0.3577300143645279 -0.3577088582438388 -0.3576876887884288 -0.3576665059961379 -0.35764530986481 -0.35762410039228687 -0.3576028775764093 -0.3575816414150239 -0.35756039190597066 -0.3575391290470926 -0.35751785283622883 -0.35749656327122903 -0.3574752603499296 -0.35745394407017805 -0.3574326144298152 -0.35741127142668194 -0.35738991505862394 -0.3573685453234834 -0.35734716221910245 -0.35732576574332864 -0.3573043558939979 -0.35728293266895905 -0.3572614960660543 -0.35724004608312443 -0.3572185827180139 -0.35719710596856746 -0.3571756158326287 -0.35715411230803973 -0.35713259539264364 -0.3571110650842848 -0.3570895213808094 -0.3570679642800565 -0.3570463937798727 -0.3570248098781006 -0.35700321257258505 -0.35698160186117134 -0.3569599777417003 -0.3569383402120172 -0.356916689269966 -0.3568950249133933 -0.35687334714013996 -0.35685165594805435 -0.35682995133497597 -0.3568082332987492 -0.35678650183722205 -0.3567647569482366 -0.3567429986296391 -0.356721226879273 -0.3566994416949849 -0.35667764307461525 -0.35665583101601284 -0.3566340055170212 -0.3566121665754838 -0.3565903141892486 -0.35656844835615953 -0.3565465690740588 -0.356524676340793 -0.3565027701542105 -0.3564808505121544 -0.35645891741246727 -0.35643697085299886 -0.35641501083159266 -0.35639303734609307 -0.356371050394348 -0.356349049974201 -0.3563270360834996 -0.35630500872008897 -0.35628296788181135 -0.35626091356651957 -0.35623884577205356 -0.3562167644962604 -0.35619466973698977 -0.3561725614920843 -0.3561504397593911 -0.3561283045367536 -0.35610615582202465 -0.3560839936130429 -0.3560618179076638 -0.3560396287037255 -0.3560174259990778 -0.3559952097915686 -0.355972980079045 -0.35595073685935086 -0.3559284801303324 -0.35590620988984245 -0.3558839261357205 -0.3558616288658176 -0.35583931807797997 -0.35581699377005593 -0.35579465593989124 -0.35577230458533693 -0.3557499397042361 -0.3557275612944353 -0.3557051693537856 -0.35568276388013276 -0.35566034487132425 -0.35563791232520936 -0.3556154662396329 -0.3555930066124473 -0.35557053344149603 -0.35554804672462925 -0.3555255464596967 -0.35550303264454275 -0.3554805052770176 -0.35545796435497 -0.3554354098762489 -0.35541284183870125 -0.3553902602401737 -0.35536766507851825 -0.3553450563515814 -0.3553224340572134 -0.35529979819326174 -0.35527714875757876 -0.35525448574800755 -0.3552318091624014 -0.35520911899860774 -0.35518641525447725 -0.3551636979278596 -0.3551409670165997 -0.35511822251854985 -0.35509546443156337 -0.35507269275348197 -0.3550499074821616 -0.35502710861544884 -0.35500429615119566 -0.35498147008724645 -0.3549586304214585 -0.3549357771516819 -0.3549129102757602 -0.3548900297915467 -0.354867135696892 -0.35484422798964754 -0.3548213066676631 -0.3547983717287857 -0.3547754231708695 -0.35475246099176605 -0.35472948518932323 -0.354706495761393 -0.3546834927058291 -0.3546604760204759 -0.3546374457031902 -0.3546144017518218 -0.35459134416422033 -0.3545682729382391 -0.35454518807172697 -0.3545220895625385 -0.3544989774085239 -0.35447585160753503 -0.354452712157423 -0.354429559056038 -0.35440639230123594 -0.3543832118908652 -0.3543600178227799 -0.3543368100948312 -0.35431358870487273 -0.35429035365075645 -0.3542671049303312 -0.35424384254145425 -0.35422056648197664 -0.354197276749749 -0.35417397334262946 -0.35415065625846376 -0.3541273254951096 -0.3541039810504163 -0.3540806229222424 -0.35405725110843767 -0.35403386560685357 -0.3540104664153465 -0.35398705353176796 -0.353963626953977 -0.3539401866798175 -0.3539167327071495 -0.3538932650338267 -0.35386978365770316 -0.3538462885766305 -0.353822779788465 -0.3537992572910613 -0.35377572108226873 -0.35375217115994806 -0.35372860752194724 -0.3537050301661253 -0.35368143909033956 -0.3536578342924397 -0.35363421577028076 -0.35361058352172003 -0.35358693754461035 -0.35356327783680985 -0.35353960439617094 -0.35351591722055 -0.3534922163078016 -0.3534685016557826 -0.3534447732623467 -0.35342103112535295 -0.3533972752426511 -0.35337350561210146 -0.35334972223156225 -0.35332592509888494 -0.35330211421192814 -0.35327828956854557 -0.3532544511665954 -0.3532305990039357 -0.35320673307842076 -0.3531828533879069 -0.3531589599302505 -0.3531350527033128 -0.3531111317049467 -0.35308719693300894 -0.35306324838535774 -0.3530392860598499 -0.3530153099543458 -0.3529913200666974 -0.3529673163947664 -0.3529432989364083 -0.35291926768948567 -0.3528952226518478 -0.35287116382135775 -0.3528470911958732 -0.35282300477325634 -0.3527989045513569 -0.35277479052804006 -0.3527506627011583 -0.35272652106857993 -0.3527023656281525 -0.35267819637774034 -0.3526540133152034 -0.3526298164383972 -0.3526056057451843 -0.3525813812334211 -0.3525571429009666 -0.35253289074568395 -0.3525086247654272 -0.35248434495806125 -0.3524600513214451 -0.35243574385343424 -0.3524114225518922 -0.35238708741467883 -0.3523627384396546 -0.35233837562467674 -0.35231399896761273 -0.3522896084663132 -0.35226520411864604 -0.35224078592246544 -0.3522163538756389 -0.3521919079760245 -0.35216744822148405 -0.3521429746098783 -0.3521184871390659 -0.3520939858069152 -0.35206947061128124 -0.35204494155002175 -0.3520203986210113 -0.3519958418221041 -0.3519712711511582 -0.3519466866060412 -0.3519220881846161 -0.35189747588473885 -0.3518728497042809 -0.3518482096410982 -0.35182355569305335 -0.35179888785801117 -0.3517742061338338 -0.3517495105183852 -0.3517248010095284 -0.35170007760512245 -0.35167534030303793 -0.35165058910112723 -0.35162582399726583 -0.35160104498931144 -0.3515762520751289 -0.35155144525258164 -0.3515266245195341 -0.3515017898738484 -0.3514769413133916 -0.3514520788360276 -0.351427202439619 -0.35140231212203155 -0.3513774078811309 -0.35135248971478195 -0.3513275576208472 -0.3513026115971898 -0.351277651641682 -0.3512526777521825 -0.35122768992656095 -0.35120268816267997 -0.35117767245841014 -0.3511526428116123 -0.35112759922014947 -0.35110254168189625 -0.3510774701947126 -0.3510523847564664 -0.35102728536502514 -0.35100217201825634 -0.3509770447140208 -0.35095190345019045 -0.3509267482246319 -0.35090157903521035 -0.3508763958797938 -0.35085119875624704 -0.35082598766244155 -0.35080076259624393 -0.35077552355552033 -0.3507502705381409 -0.3507250035419682 -0.3506997225648756 -0.35067442760472955 -0.3506491186593972 -0.3506237957267482 -0.3505984588046509 -0.35057310789097196 -0.3505477429835828 -0.35052236408035364 -0.350496971179147 -0.35047156427784065 -0.35044614337429847 -0.3504207084663902 -0.35039525955198725 -0.3503697966289576 -0.35034431969517055 -0.35031882874849796 -0.35029332378681 -0.3502678048079737 -0.3502422718098628 -0.35021672479034516 -0.3501911637472954 -0.3501655886785793 -0.35013999958207176 -0.3501143964556408 -0.35008877929716054 -0.35006314810449757 -0.3500375028755296 -0.35001184360812276 -0.34998617030014945 -0.34996048294948556 -0.3499347815539986 -0.34990906611156136 -0.3498833366200471 -0.34985759307733044 -0.34983183548127883 -0.3498060638297664 -0.34978027812067136 -0.34975447835185935 -0.349728664521205 -0.3497028366265842 -0.3496769946658649 -0.349651138636931 -0.34962526853764286 -0.34959938436588445 -0.349573486119525 -0.3495475737964404 -0.3495216473945013 -0.34949570691158716 -0.34946975234556676 -0.34944378369431917 -0.3494178009557194 -0.3493918041276376 -0.34936579320795147 -0.34933976819453827 -0.3493137290852677 -0.3492876758780188 -0.3492616085706679 -0.34923552716109185 -0.3492094316471608 -0.3491833220267577 -0.3491571982977546 -0.3491310604580269 -0.34910490850545317 -0.3490787424379054 -0.34905256225326786 -0.34902636794941566 -0.34900015952422025 -0.3489739369755638 -0.3489477003013217 -0.3489214494993691 -0.3488951845675907 -0.3488689055038572 -0.3488426123060493 -0.34881630497204297 -0.34878998349972035 -0.34876364788695646 -0.3487372981316299 -0.34871093423162147 -0.34868455618480887 -0.3486581639890707 -0.3486317576422828 -0.348605337142331 -0.34857890248709067 -0.3485524536744413 -0.3485259907022651 -0.3484995135684361 -0.3484730222708401 -0.3484465168073547 -0.3484199971758608 -0.3483934633742405 -0.3483669154003697 -0.3483403532521314 -0.3483137769274096 -0.3482871864240811 -0.3482605817400293 -0.3482339628731328 -0.34820732982127867 -0.34818068258233925 -0.348154021154206 -0.3481273455347602 -0.34810065572187643 -0.34807395171343947 -0.3480472335073377 -0.34802050110144833 -0.3479937544936549 -0.3479669936818417 -0.34794021866388647 -0.3479134294376789 -0.347886626001102 -0.34785980835203567 -0.34783297648836653 -0.34780613040797626 -0.3477792701087501 -0.3477523955885711 -0.3477255068453253 -0.34769860387689455 -0.347671686681168 -0.3476447552560269 -0.34761780959935606 -0.34759084970903853 -0.34756387558296753 -0.34753688721901854 -0.3475098846150848 -0.3474828677690498 -0.347455836678797 -0.3474287913422147 -0.3474017317571909 -0.3473746579216068 -0.3473475698333539 -0.347320467490317 -0.3472933508903866 -0.3472662200314436 -0.34723907491137673 -0.3472119155280722 -0.34718474187942583 -0.34715755396331716 -0.3471303517776363 -0.3471031353202707 -0.347075904589111 -0.34704865958204056 -0.34702140029695716 -0.3469941267317411 -0.3469668388842817 -0.3469395367524708 -0.3469122203341981 -0.3468848896273533 -0.346857544629823 -0.3468301853394977 -0.34680281175426764 -0.34677542387202687 -0.34674802169065977 -0.3467206052080596 -0.34669317442211645 -0.3466657293307187 -0.34663826993176405 -0.3466107962231395 -0.346583308202733 -0.3465558058684395 -0.3465282892181514 -0.3465007582497588 -0.3464732129611563 -0.34644565335022914 -0.3464180794148777 -0.3463904911529929 -0.34636288856246056 -0.3463352716411836 -0.34630764038704775 -0.3462799947979467 -0.3462523348717821 -0.34622466060643564 -0.34619697199980815 -0.3461692690497906 -0.3461415517542812 -0.34611382011116953 -0.34608607411835113 -0.34605831377372276 -0.346030539075175 -0.34600275002061 -0.3459749466079143 -0.3459471288349878 -0.3459192966997282 -0.345891450200027 -0.3458635893337809 -0.3458357140988886 -0.34580782449324277 -0.3457799205147407 -0.34575200216128144 -0.34572406943075906 -0.3456961223210713 -0.3456681608301162 -0.3456401849557893 -0.34561219469599 -0.34558419004861607 -0.34555617101155844 -0.34552813758272727 -0.3455000897600109 -0.34547202754131323 -0.34544395092453106 -0.3454158599075612 -0.34538775448830794 -0.34535963466466457 -0.34533150043453276 -0.34530335179581284 -0.3452751887464056 -0.34524701128420787 -0.34521881940711907 -0.3451906131130422 -0.34516239239987634 -0.345134157265524 -0.3451059077078842 -0.3450776437248595 -0.3450493653143476 -0.3450210724742555 -0.34499276520248134 -0.3449644434969237 -0.34493610735548996 -0.3449077567760792 -0.3448793917565993 -0.3448510122949435 -0.3448226183890224 -0.34479421003673716 -0.3447657872359846 -0.34473734998467975 -0.3447088982807123 -0.3446804321219994 -0.344651951506433 -0.3446234564319268 -0.3445949468963785 -0.3445664228976968 -0.34453788443378386 -0.3445093315025467 -0.34448076410188655 -0.34445218222971397 -0.3444235858839293 -0.3443949750624422 -0.3443663497631566 -0.3443377099839755 -0.3443090557228117 -0.34428038697756636 -0.34425170374614966 -0.34422300602646505 -0.3441942938164231 -0.34416556711392676 -0.34413682591688666 -0.3441080702232102 -0.34407930003080045 -0.3440505153375759 -0.34402171614143295 -0.3439929024402888 -0.3439640742320451 -0.3439352315146196 -0.343906374285913 -0.34387750254383587 -0.34384861628629837 -0.34381971551121104 -0.34379080021648667 -0.3437618704000318 -0.3437329260597539 -0.3437039671935711 -0.34367499379938593 -0.34364600587511296 -0.34361700341866364 -0.34358798642794763 -0.3435589549008764 -0.3435299088353636 -0.3435008482293229 -0.34347177308065824 -0.34344268338728856 -0.34341357914712534 -0.3433844603580809 -0.3433553270180685 -0.34332617912500174 -0.3432970166767899 -0.3432678396713511 -0.343238648106595 -0.3432094419804419 -0.34318022129080017 -0.3431509860355866 -0.34312173621271125 -0.3430924718200963 -0.34306319285565134 -0.34303389931729544 -0.34300459120294136 -0.34297526851050275 -0.3429459312378995 -0.34291657938304665 -0.34288721294386226 -0.34285783191825425 -0.3428284363041487 -0.34279902609945756 -0.34276960130210066 -0.34274016190999657 -0.3427107079210563 -0.3426812393332037 -0.3426517561443547 -0.3426222583524283 -0.34259274595533995 -0.3425632189510126 -0.3425336773373586 -0.3425041211123019 -0.3424745502737654 -0.3424449648196597 -0.34241536474791046 -0.3423857500564371 -0.34235612074315913 -0.34232647680599415 -0.34229681824286384 -0.34226714505169165 -0.3422374572303979 -0.3422077547768998 -0.34217803768912125 -0.34214830596498924 -0.3421185596024179 -0.3420887985993324 -0.34205902295365576 -0.3420292326633083 -0.34199942772621394 -0.34196960814029165 -0.3419397739034755 -0.341909925013681 -0.3418800614688302 -0.34185018326684924 -0.3418202904056651 -0.3417903828832003 -0.34176046069737387 -0.34173052384611946 -0.3417005723273565 -0.341670606139012 -0.34164062527900985 -0.341610629745277 -0.3415806195357378 -0.3415505946483228 -0.3415205550809528 -0.3414905008315574 -0.34146043189806363 -0.3414303482783958 -0.3414002499704831 -0.34137013697225527 -0.341340009281633 -0.34130986689655085 -0.34127970981493316 -0.3412495380347109 -0.34121935155381555 -0.34118915037016784 -0.3411589344817023 -0.3411287038863464 -0.34109845858202936 -0.3410681985666817 -0.3410379238382375 -0.3410076343946211 -0.34097733023376176 -0.3409470113535966 -0.3409166777520536 -0.34088632942706365 -0.340855966376556 -0.34082558859846257 -0.34079519609072007 -0.34076478885125727 -0.34073436687800385 -0.34070393016890144 -0.3406734787218699 -0.34064301253485274 -0.3406125316057751 -0.3405820359325791 -0.3405515255131917 -0.34052100034555055 -0.34049046042758846 -0.3404599057572417 -0.3404293363324391 -0.34039875215112225 -0.3403681532112244 -0.34033753951067824 -0.34030691104742283 -0.3402762678193936 -0.34024560982452323 -0.3402149370607517 -0.3401842495260139 -0.3401535472182484 -0.3401228301353938 -0.3400920982753828 -0.3400613516361539 -0.34003059021564885 -0.33999981401179946 -0.33996902302254606 -0.3399382172458303 -0.3399073966795907 -0.33987656132176447 -0.33984571117029105 -0.33981484622310854 -0.33978396647815856 -0.33975307193338367 -0.3397221625867153 -0.3396912384361048 -0.33966029947948684 -0.33962934571479897 -0.33959837713999264 -0.33956739375299927 -0.33953639555176895 -0.3395053825342371 -0.3394743546983481 -0.33944331204204614 -0.3394122545632743 -0.33938118225996927 -0.3393500951300803 -0.3393189931715517 -0.33928787638232105 -0.3392567447603394 -0.3392255983035444 -0.3391944370098834 -0.3391632608773043 -0.33913206990374833 -0.3391008640871629 -0.3390696434254896 -0.3390384079166777 -0.33900715755867017 -0.33897589234941794 -0.33894461228686135 -0.3389133173689527 -0.33888200759363585 -0.3388506829588622 -0.3388193434625757 -0.3387879891027179 -0.33875661987725003 -0.33872523578410973 -0.3386938368212493 -0.33866242298661753 -0.3386309942781658 -0.33859955069383973 -0.33856809223159035 -0.3385366188893668 -0.3385051306651228 -0.33847362755680166 -0.3384421095623571 -0.3384105766797427 -0.33837902890690863 -0.3383474662418031 -0.3383158886823807 -0.33828429622659195 -0.3382526888723918 -0.338221066617725 -0.33818942946055186 -0.3381577773988207 -0.3381261104304909 -0.3380944285535117 -0.33806273176583446 -0.3380310200654173 -0.33799929345020896 -0.3379675519181715 -0.33793579546725505 -0.337904024095415 -0.3378722378006067 -0.3378404365807839 -0.337808620433909 -0.33777678935793176 -0.33774494335080885 -0.3377130824105019 -0.3376812065349615 -0.3376493157221465 -0.3376174099700169 -0.33758548927652887 -0.33755355363964235 -0.3375216030573114 -0.3374896375274954 -0.3374576570481529 -0.3374256616172491 -0.33739365123273446 -0.337361625892576 -0.33732958559472825 -0.33729753033715015 -0.33726546011781044 -0.33723337493466055 -0.3372012747856683 -0.3371691596687878 -0.33713702958198866 -0.3371048845232276 -0.3370727244904632 -0.3370405494816673 -0.33700835949479524 -0.3369761545278118 -0.336943934578676 -0.3369116996453614 -0.33687944972582207 -0.3368471848180259 -0.3368149049199345 -0.33678261002951704 -0.33675030014473384 -0.3367179752635501 -0.33668563538393537 -0.3366532805038527 -0.3366209106212641 -0.33658852573414144 -0.3365561258404486 -0.33652371093815114 -0.3364912810252201 -0.33645883609961746 -0.33642637615931337 -0.3363939012022761 -0.33636141122647345 -0.33632890622987155 -0.3362963862104462 -0.33626385116615554 -0.33623130109497934 -0.3361987359948775 -0.3361661558638267 -0.3361335606997926 -0.3361009505007475 -0.33606832526466324 -0.33603568498950853 -0.3360030296732561 -0.33597035931387564 -0.3359376739093398 -0.3359049734576236 -0.33587225795669484 -0.33583952740452583 -0.33580678179909507 -0.33577402113836996 -0.3357412454203281 -0.3357084546429383 -0.3356756488041772 -0.3356428279020225 -0.33560999193444285 -0.33557714089941904 -0.3355442747949202 -0.33551139361892446 -0.3354784973694107 -0.33544558604434904 -0.33541265964172107 -0.33537971815949863 -0.335346761595662 -0.3353137899481906 -0.3352808032150567 -0.3352478013942397 -0.33521478448372033 -0.3351817524814713 -0.33514870538547736 -0.3351156431937161 -0.3350825659041634 -0.33504947351480263 -0.3350163660236105 -0.33498324342856733 -0.3349501057276605 -0.3349169529188587 -0.3348837850001516 -0.3348506019695181 -0.3348174038249381 -0.3347841905643971 -0.33475096218587597 -0.33471771868735667 -0.33468446006682173 -0.33465118632225144 -0.3346178974516363 -0.33458459345295477 -0.3345512743241925 -0.3345179400633307 -0.33448459066835756 -0.3344512261372543 -0.33441784646801276 -0.3343844516586105 -0.3343510417070399 -0.3343176166112829 -0.33428417636932606 -0.3342507209791581 -0.33421725043876727 -0.33418376474613654 -0.3341502638992524 -0.3341167478961111 -0.33408321673469077 -0.3340496704129885 -0.3340161089289855 -0.3339825322806784 -0.3339489404660494 -0.33391533348309244 -0.3338817113297976 -0.33384807400415184 -0.33381442150415275 -0.33378075382778105 -0.33374707097303524 -0.3337133729379054 -0.33367965972038327 -0.333645931318463 -0.33361218773013324 -0.3335784289533854 -0.33354465498621977 -0.3335108658266228 -0.3334770614725935 -0.3334432419221196 -0.3334094071732001 -0.33337555722382994 -0.3333416920720018 -0.3333078117157102 -0.3332739161529563 -0.33324000538172793 -0.33320607940002755 -0.3331721382058448 -0.33313818179718613 -0.33310421017204206 -0.3330702233284102 -0.333036221264289 -0.33300220397767744 -0.33296817146657354 -0.3329341237289771 -0.33290006076288714 -0.3328659825662994 -0.3328318891372133 -0.3327977804736344 -0.3327636565735599 -0.33272951743498913 -0.33269536305592107 -0.33266119343436307 -0.3326270085683123 -0.3325928084557721 -0.33255859309474944 -0.3325243624832348 -0.3324901166192413 -0.33245585550076573 -0.33242157912581405 -0.33238728749239366 -0.3323529805985026 -0.3323186584421509 -0.3322843210213362 -0.33224996833406806 -0.3322156003783543 -0.3321812171521934 -0.33214681865360207 -0.33211240488057525 -0.3320779758311261 -0.3320435315032553 -0.3320090718949791 -0.33197459700430043 -0.33194010682922936 -0.33190560136777014 -0.331871080617931 -0.3318365445777278 -0.3318019932451608 -0.33176742661825065 -0.33173284469499453 -0.33169824747341137 -0.33166363495150897 -0.33162900712729915 -0.3315943639987875 -0.33155970556399605 -0.33152503182092685 -0.33149034276759837 -0.3314556384020211 -0.33142091872220636 -0.33138618372617445 -0.33135143341192475 -0.33131666777748103 -0.3312818868208587 -0.3312470905400664 -0.3312122789331231 -0.33117745199804194 -0.33114260973283915 -0.3311077521355337 -0.33107287920413553 -0.33103799093666453 -0.3310030873311365 -0.3309681683855712 -0.3309332340979818 -0.3308982844663868 -0.3308633194888122 -0.3308283391632614 -0.33079334348776834 -0.3307583324603427 -0.3307233060790087 -0.330688264341787 -0.33065320724669434 -0.3306181347917492 -0.33058304697497887 -0.3305479437943988 -0.3305128252480318 -0.3304776913339049 -0.3304425420500312 -0.33040737739443715 -0.3303721973651532 -0.3303370019601899 -0.33030179117758207 -0.3302665650153429 -0.33023132347150597 -0.3301960665440875 -0.3301607942311193 -0.33012550653063055 -0.33009020344063345 -0.33005488495916113 -0.33001955108423875 -0.3299842018138963 -0.3299488371461563 -0.32991345707904873 -0.32987806161059874 -0.32984265073884034 -0.32980722446179556 -0.3297717827774962 -0.3297363256839687 -0.3297008531792427 -0.3296653652613539 -0.32962986192832266 -0.32959434317818737 -0.3295588090089736 -0.32952325941871496 -0.3294876944054441 -0.32945211396719065 -0.3294165181019908 -0.32938090680786924 -0.3293452800828667 -0.3293096379250109 -0.32927398033233857 -0.3292383073028815 -0.32920261883467505 -0.32916691492575456 -0.3291311955741505 -0.32909546077790885 -0.32905971053505256 -0.3290239448436272 -0.3289881637016654 -0.32895236710720166 -0.3289165550582758 -0.3288807275529262 -0.3288448845891865 -0.32880902616509955 -0.3287731522786981 -0.32873726292802896 -0.3287013581111289 -0.3286654378260301 -0.328629502070783 -0.32859355084341857 -0.32855758414198366 -0.32852160196451674 -0.32848560430905804 -0.32844959117365047 -0.32841356255634047 -0.3283775184551674 -0.3283414588681719 -0.3283053837933956 -0.3282692932288871 -0.3282331871726858 -0.32819706562284345 -0.32816092857739454 -0.3281247760343944 -0.328088607991877 -0.32805242444789373 -0.3280162254004919 -0.3279800108477193 -0.327943780787614 -0.3279075352182348 -0.32787127413762196 -0.32783499754382595 -0.32779870543488876 -0.32776239780886973 -0.32772607466380954 -0.32768973599775997 -0.3276533818087697 -0.32761701209489225 -0.32758062685417455 -0.3275442260846684 -0.3275078097844246 -0.32747137795149417 -0.3274349305839359 -0.3273984676797892 -0.3273619892371169 -0.32732549525396726 -0.32728898572839604 -0.3272524606584537 -0.3272159200421978 -0.32717936387768054 -0.32714279216295905 -0.327106204896086 -0.3270696020751189 -0.32703298369811273 -0.3269963497631245 -0.32695970026820875 -0.32692303521142696 -0.32688635459083093 -0.32684965840447955 -0.32681294665043614 -0.32677621932675827 -0.32673947643149814 -0.32670271796272043 -0.3266659439184818 -0.32662915429684825 -0.32659234909587287 -0.3265555283136221 -0.3265186919481513 -0.32648183999752867 -0.3264449724598122 -0.3264080893330652 -0.3263711906153475 -0.32633427630472855 -0.3262973463992651 -0.32626040089702446 -0.3262234397960726 -0.32618646309447064 -0.3261494707902832 -0.3261124628815777 -0.32607543936642136 -0.326038400242874 -0.32600134550901005 -0.3259642751628906 -0.3259271892025888 -0.32589008762616567 -0.32585297043169037 -0.32581583761723376 -0.32577868918086095 -0.3257415251206499 -0.32570434543466 -0.32566715012096603 -0.3256299391776407 -0.3255927126027496 -0.32555547039436394 -0.3255182125505591 -0.32548093906940245 -0.3254436499489719 -0.32540634518733613 -0.32536902478257 -0.3253316887327431 -0.3252943370359356 -0.3252569696902148 -0.3252195866936578 -0.32518218804434396 -0.3251447737403428 -0.3251073437797336 -0.3250698981605904 -0.32503243688098893 -0.32499495993901073 -0.3249574673327311 -0.324919959060221 -0.32488243511956894 -0.3248448955088472 -0.3248073402261378 -0.3247697692695155 -0.3247321826370668 -0.3246945803268644 -0.32465696233699326 -0.32461932866553234 -0.32458167931056625 -0.324544014270169 -0.32450633354243275 -0.3244686371254315 -0.32443092501725257 -0.3243931972159788 -0.3243554537196922 -0.32431769452647785 -0.3242799196344168 -0.32424212904160044 -0.3242043227461111 -0.3241665007460326 -0.3241286630394504 -0.3240908096244568 -0.3240529404991297 -0.32401505566156397 -0.3239771551098434 -0.32393923884205744 -0.32390130685629215 -0.3238633591506397 -0.32382539572318914 -0.32378741657202736 -0.3237494216952457 -0.3237114110909336 -0.3236733847571851 -0.3236353426920844 -0.32359728489373074 -0.3235592113602168 -0.32352112208962813 -0.3234830170800578 -0.3234448963296055 -0.3234067598363639 -0.3233686075984239 -0.3233304396138772 -0.32329225588082533 -0.32325405639735827 -0.32321584116157664 -0.3231776101715709 -0.3231393634254447 -0.3231011009212863 -0.3230628226571981 -0.3230245286312794 -0.3229862188416268 -0.32294789328633255 -0.322909551963507 -0.3228711948712455 -0.32283282200764285 -0.32279443337080016 -0.32275602895882605 -0.32271760876981004 -0.3226791728018643 -0.3226407210530793 -0.322602253521572 -0.32256377020543114 -0.3225252711027675 -0.32248675621168266 -0.32244822553027985 -0.32240967905666285 -0.3223711167889407 -0.32233253872521317 -0.3222939448635884 -0.3222553352021711 -0.3222167097390689 -0.32217806847238917 -0.32213941140023916 -0.3221007385207235 -0.3220620498319544 -0.32202334533203514 -0.32198462501908454 -0.32194588889119746 -0.3219071369464972 -0.3218683691830839 -0.32182958559907515 -0.3217907861925786 -0.32175197096170916 -0.32171313990457406 -0.3216742930192882 -0.32163543030396013 -0.32159655175670876 -0.3215576573756467 -0.32151874715887896 -0.32147982110453643 -0.32144087921072284 -0.3214019214755526 -0.3213629478971436 -0.3213239584736156 -0.3212849532030799 -0.32124593208365937 -0.32120689511346256 -0.3211678422906168 -0.32112877361323333 -0.321089689079435 -0.3210505886873354 -0.3210114724350621 -0.32097234032073185 -0.3209331923424581 -0.32089402849837345 -0.3208548487865919 -0.32081565320523575 -0.3207764417524217 -0.3207372144262872 -0.3206979712249396 -0.3206587121465141 -0.32061943718912733 -0.3205801463509039 -0.32054083962996804 -0.3205015170244536 -0.3204621785324777 -0.32042282415216405 -0.320383453881643 -0.32034406771904234 -0.32030466566248794 -0.3202652477101098 -0.3202258138600307 -0.32018636411038726 -0.32014689845930233 -0.3201074169049063 -0.32006791944533086 -0.32002840607870287 -0.3199888768031558 -0.31994933161682004 -0.31990977051782954 -0.31987019350431245 -0.3198306005744027 -0.31979099172623426 -0.3197513669579397 -0.31971172626765654 -0.31967206965351114 -0.31963239711364366 -0.3195927086461876 -0.3195530042492809 -0.3195132839210575 -0.31947354765965175 -0.3194337954632034 -0.3193940273298508 -0.31935424325773054 -0.3193144432449819 -0.3192746272897389 -0.31923479539014554 -0.3191949475443394 -0.31915508375046375 -0.31911520400664894 -0.31907530831105113 -0.3190353966618025 -0.3189954690570458 -0.31895552549491857 -0.3189155659735712 -0.318875590491146 -0.31883559904578185 -0.31879559163562865 -0.318755568258823 -0.31871552891351973 -0.31867547359785897 -0.31863540230998577 -0.3185953150480434 -0.31855521181018576 -0.3185150925945557 -0.31847495739930665 -0.318434806222577 -0.31839463906251675 -0.31835445591728595 -0.3183142567850208 -0.3182740416638814 -0.31823381055201105 -0.3181935634475619 -0.31815330034868694 -0.3181130212535348 -0.31807272616026117 -0.31803241506701907 -0.3179920879719629 -0.3179517448732385 -0.3179113857690088 -0.3178710106574183 -0.3178306195366294 -0.3177902124047951 -0.3177497892600747 -0.31770935010062074 -0.31766889492458583 -0.3176284237301368 -0.31758793651542616 -0.31754743327861146 -0.317506914017851 -0.3174663787313081 -0.31742582741713576 -0.31738526007349765 -0.3173446766985517 -0.31730407729046295 -0.3172634618473924 -0.31722283036749443 -0.3171821828489416 -0.3171415192898914 -0.31710083968850444 -0.3170601440429488 -0.31701943235138863 -0.3169787046119845 -0.31693796082290504 -0.31689720098231344 -0.31685642508837564 -0.3168156331392611 -0.3167748251331335 -0.31673400106816096 -0.3166931609425143 -0.31665230475435413 -0.3166114325018561 -0.3165705441831901 -0.31652963979652027 -0.31648871934001876 -0.3164477828118617 -0.31640683021021365 -0.316365861533245 -0.31632487677913357 -0.3162838759460498 -0.3162428590321662 -0.31620182603565095 -0.3161607769546868 -0.31611971178744147 -0.3160786305320973 -0.31603753318682415 -0.3159964197497982 -0.3159552902191969 -0.31591414459318923 -0.31587298286997 -0.31583180504770203 -0.3157906111245672 -0.3157494010987465 -0.31570817496841386 -0.31566693273175295 -0.31562567438694256 -0.31558439993216636 -0.3155431093656027 -0.31550180268543215 -0.31546047988983617 -0.31541914097700285 -0.315377785945107 -0.31533641479233987 -0.3152950275168771 -0.3152536241169108 -0.31521220459062116 -0.31517076893619356 -0.31512931715181436 -0.31508784923567434 -0.31504636518595364 -0.3150048650008461 -0.3149633486785315 -0.3149218162172067 -0.3148802676150537 -0.3148387028702615 -0.3147971219810235 -0.31475552494553183 -0.3147139117619697 -0.3146722824285315 -0.3146306369434124 -0.3145889753048001 -0.31454729751088806 -0.31450560355987234 -0.31446389344994463 -0.3144221671792957 -0.31438042474612793 -0.31433866614862405 -0.31429689138499306 -0.3142551004534204 -0.314213293352108 -0.31417147007925283 -0.3141296306330501 -0.3140877750116964 -0.31404590321339887 -0.314004015236343 -0.3139621110787356 -0.31392019073877764 -0.3138782542146714 -0.3138363015046126 -0.31379433260680134 -0.31375234751944303 -0.31371034624073957 -0.31366832876889505 -0.3136262951021118 -0.31358424523859085 -0.31354217917654026 -0.31350009691416414 -0.3134579984496666 -0.31341588378125396 -0.3133737529071343 -0.3133316058255118 -0.31328944253459223 -0.31324726303258865 -0.31320506731770426 -0.31316285538815114 -0.3131206272421374 -0.31307838287787426 -0.3130361222935707 -0.3129938454874308 -0.31295155245767914 -0.3129092432025167 -0.3128669177201626 -0.31282457600882685 -0.31278221806672457 -0.31273984389206566 -0.3126974534830631 -0.31265504683793965 -0.3126126239549074 -0.3125701848321767 -0.31252772946796714 -0.31248525786049486 -0.31244277000798704 -0.31240026590864467 -0.31235774556069495 -0.3123152089623602 -0.3122726561118516 -0.31223008700739285 -0.3121875016472111 -0.3121449000295127 -0.3121022821525288 -0.31205964801447816 -0.3120169976135849 -0.31197433094807225 -0.31193164801616247 -0.3118889488160801 -0.31184623334604256 -0.3118035016042846 -0.3117607535890303 -0.31171798929850425 -0.31167520873092247 -0.3116324118845277 -0.3115895987575432 -0.31154676934819214 -0.31150392365470747 -0.3114610616753182 -0.311418183408243 -0.3113752888517243 -0.3113323780039914 -0.3112894508632684 -0.31124650742779725 -0.31120354769579706 -0.3111605716655119 -0.3111175793351717 -0.31107457070300315 -0.3110315457672499 -0.3109885045261409 -0.31094544697791626 -0.3109023731208036 -0.3108592829530439 -0.3108161764728776 -0.31077305367853425 -0.3107299145682556 -0.31068675914028443 -0.31064358739284925 -0.3106003993241959 -0.3105571949325654 -0.31051397421619065 -0.31047073717332196 -0.3104274838021954 -0.3103842141010511 -0.3103409280681402 -0.3102976257016996 -0.31025430699996637 -0.3102109719611943 -0.31016762058362124 -0.31012425286549794 -0.31008086880506713 -0.3100374684005742 -0.3099940516502677 -0.3099506185523908 -0.3099071691051942 -0.3098637033069296 -0.3098202211558396 -0.3097767226501764 -0.309733207788188 -0.30968967656813096 -0.30964612898824573 -0.30960256504678485 -0.30955898474201105 -0.3095153880721653 -0.30947177503550716 -0.30942814563029053 -0.30938449985476346 -0.30934083770718024 -0.3092971591858036 -0.3092534642888851 -0.3092097530146831 -0.3091660253614448 -0.30912228132743547 -0.30907852091091526 -0.309034744110134 -0.3089909509233606 -0.30894714134884227 -0.3089033153848457 -0.3088594730296359 -0.30881561428146576 -0.30877173913859934 -0.30872784759929894 -0.3086839396618286 -0.30864001532444973 -0.3085960745854255 -0.3085521174430168 -0.3085081438954962 -0.3084641539411215 -0.30842014757815983 -0.30837612480488774 -0.3083320856195497 -0.3082880300204369 -0.30824395800580584 -0.3081998695739223 -0.30815576472305706 -0.30811164345148434 -0.308067505757474 -0.3080233516392883 -0.3079791810952037 -0.30793499412349457 -0.30789079072243375 -0.30784657089028267 -0.3078023346253236 -0.30775808192583476 -0.30771381279007803 -0.30766952721634055 -0.3076252252028877 -0.30758090674800664 -0.3075365718499614 -0.30749222050703473 -0.3074478527175084 -0.30740346847965627 -0.30735906779175615 -0.30731465065208674 -0.3072702170589312 -0.30722576701057003 -0.3071813005052797 -0.30713681754134425 -0.30709231811705306 -0.3070478022306742 -0.30700326988049964 -0.3069587210648055 -0.30691415578189174 -0.306869574030026 -0.30682497580750123 -0.30678036111260454 -0.3067357299436191 -0.3066910822988338 -0.3066464181765367 -0.30660173757501674 -0.30655704049255705 -0.3065123269274479 -0.3064675968779853 -0.3064228503424502 -0.30637808731914706 -0.30633330780635193 -0.30628851180236394 -0.3062436993054778 -0.3061988703139833 -0.30615402482617693 -0.3061091628403454 -0.3060642843547918 -0.30601938936780826 -0.30597447787768894 -0.3059295498827317 -0.3058846053812321 -0.30583964437148925 -0.30579466685180323 -0.3057496728204696 -0.3057046622757871 -0.3056596352160579 -0.3056145916395794 -0.30556953154465294 -0.3055244549295817 -0.30547936179266966 -0.30543425213221154 -0.3053891259465211 -0.3053439832338989 -0.3052988239926364 -0.30525364822105505 -0.30520845591744905 -0.305163247080134 -0.3051180217074081 -0.30507277979758074 -0.3050275213489666 -0.3049822463598617 -0.3049369548285772 -0.3048916467534326 -0.30484632213272445 -0.30480098096477626 -0.3047556232478912 -0.30471024898037946 -0.30466485816055533 -0.30461945078673347 -0.30457402685722945 -0.30452858637034774 -0.304483129324407 -0.3044376557177273 -0.30439216554861925 -0.3043466588153976 -0.3043011355163827 -0.30425559564989113 -0.3042100392142415 -0.30416446620774806 -0.3041188766287348 -0.30407327047552 -0.30402764774642055 -0.30398200843975776 -0.3039363525538574 -0.3038906800870351 -0.3038449910376202 -0.30379928540392864 -0.3037535631842876 -0.3037078243770215 -0.30366206898045656 -0.30361629699291015 -0.3035705084127187 -0.30352470323820313 -0.30347888146769275 -0.30343304309951113 -0.3033871881319894 -0.30334131656346 -0.3032954283922411 -0.3032495236166701 -0.3032036022350808 -0.30315766424579627 -0.30311170964715695 -0.30306573843748463 -0.3030197506151229 -0.3029737461783988 -0.30292772512565147 -0.30288168745520627 -0.3028356331654063 -0.3027895622545804 -0.30274347472107443 -0.3026973705632159 -0.30265124977934565 -0.3026051123678095 -0.3025589583269328 -0.3025127876550595 -0.3024666003505323 -0.30242039641169294 -0.3023741758368783 -0.3023279386244315 -0.30228168477269435 -0.3022354142800068 -0.3021891271447186 -0.30214282336516574 -0.30209650293970025 -0.3020501658666612 -0.3020038121444033 -0.3019574417712625 -0.30191105474558677 -0.3018646510657339 -0.30181823073003855 -0.3017717937368558 -0.3017253400845368 -0.30167886977142766 -0.3016323827958818 -0.301585879156248 -0.3015393588508761 -0.30149282187812343 -0.3014462682363388 -0.30139969792387555 -0.301353110939091 -0.30130650728033226 -0.30125988694596906 -0.3012132499343392 -0.3011665962438106 -0.30111992587273484 -0.30107323881947057 -0.3010265350823871 -0.30097981465982304 -0.30093307755015175 -0.30088632375172786 -0.300839553262914 -0.3007927660820702 -0.30074596220755634 -0.3006991416377396 -0.30065230437097945 -0.30060545040563813 -0.3005585797400858 -0.30051169237268427 -0.30046478830179435 -0.30041786752578314 -0.3003709300430222 -0.30032397585187676 -0.30027700495071086 -0.30023001733789556 -0.3001830130117997 -0.300135991970794 -0.3000889542132472 -0.3000418997375336 -0.29999482854201576 -0.29994774062507545 -0.299900635985078 -0.299853514620398 -0.299806376529411 -0.2997592217104952 -0.2997120501620185 -0.29966486188235786 -0.2996176568698914 -0.2995704351229995 -0.2995231966400511 -0.29947594141943323 -0.2994286694595174 -0.29938138075868626 -0.29933407531531353 -0.2992867531277885 -0.2992394141944916 -0.29919205851379704 -0.29914468608409184 -0.2990972969037613 -0.2990498909711854 -0.2990024682847485 -0.298955028842836 -0.2989075726438313 -0.2988600996861277 -0.29881260996810255 -0.29876510348814866 -0.29871758024464645 -0.2986700402359985 -0.29862248346058085 -0.2985749099167876 -0.29852731960300716 -0.2984797125176364 -0.29843208865905746 -0.298384448025673 -0.2983367906158656 -0.29828911642803746 -0.2982414254605752 -0.29819371771187564 -0.29814599318033563 -0.29809825186435424 -0.2980504937623212 -0.2980027188726351 -0.29795492719369543 -0.2979071187239022 -0.29785929346164686 -0.2978114514053405 -0.29776359255337237 -0.29771571690415266 -0.297667824456072 -0.29761991520753783 -0.2975719891569577 -0.297524046302732 -0.29747608664325664 -0.2974281101769485 -0.2973801169021999 -0.29733210681743083 -0.2972840799210372 -0.29723603621143146 -0.2971879756870197 -0.2971398983462059 -0.2970918041874038 -0.29704369320902124 -0.2969955654094667 -0.2969474207871583 -0.296899259340496 -0.29685108106790237 -0.2968028859677858 -0.29675467403855915 -0.2967064452786379 -0.2966581996864339 -0.29660993726036455 -0.29656165799884127 -0.2965133619002902 -0.2964650489631171 -0.2964167191857481 -0.2963683725665991 -0.2963200091040812 -0.29627162879663027 -0.29622323164265607 -0.2961748176405772 -0.29612638678882197 -0.29607793908580904 -0.2960294745299632 -0.29598099311970705 -0.2959324948534592 -0.29588397972964975 -0.29583544774670756 -0.2957868989030441 -0.2957383331971095 -0.2956897506273095 -0.2956411511920818 -0.2955925348898547 -0.2955439017190544 -0.295495251678108 -0.29544658476545926 -0.29539790097952556 -0.2953492003187397 -0.295300482781542 -0.2952517483663599 -0.2952029970716272 -0.29515422889577847 -0.2951054438372491 -0.2950566418944751 -0.2950078230658919 -0.2949589873499341 -0.2949101347450447 -0.29486126524965783 -0.29481237886221434 -0.29476347558115146 -0.2947145554049082 -0.29466561833193294 -0.2946166643606558 -0.29456769348952383 -0.2945187057169858 -0.29446970104147496 -0.294420679461441 -0.2943716409753234 -0.2943225855815754 -0.29427351327863516 -0.29422442406495675 -0.29417531793897966 -0.2941261948991558 -0.2940770549439313 -0.29402789807176033 -0.29397872428108984 -0.2939295335703669 -0.29388032593804203 -0.2938311013825792 -0.293781859902416 -0.2937326014960089 -0.29368332616181325 -0.2936340338982917 -0.29358472470388497 -0.2935353985770588 -0.29348605551626195 -0.2934366955199552 -0.29338731858659983 -0.29333792471464637 -0.29328851390256405 -0.293239086148799 -0.2931896414518196 -0.29314017981008744 -0.2930907012220598 -0.29304120568620284 -0.2929916932009773 -0.2929421637648506 -0.29289261737628225 -0.29284305403373345 -0.2927934737356752 -0.29274387648057676 -0.29269426226689976 -0.292644631093109 -0.2925949829576773 -0.2925453178590742 -0.29249563579576865 -0.2924459367662262 -0.2923962207689206 -0.2923464878023272 -0.29229673786491217 -0.2922469709551474 -0.2921971870715092 -0.2921473862124775 -0.2920975683765161 -0.2920477335621059 -0.29199788176772223 -0.29194801299184414 -0.2918981272329466 -0.29184822448950465 -0.2917983047600017 -0.2917483680429185 -0.2916984143367296 -0.2916484436399136 -0.2915984559509619 -0.2915484512683473 -0.2914984295905594 -0.29144839091608254 -0.29139833524339265 -0.2913482625709727 -0.29129817289731985 -0.29124806622091404 -0.2911979425402387 -0.2911478018537865 -0.29109764416004413 -0.2910474694574985 -0.29099727774464057 -0.2909470690199618 -0.29089684328194476 -0.29084660052909106 -0.2907963407598886 -0.29074606397283054 -0.29069577016640924 -0.29064545933912145 -0.2905951314894577 -0.2905447866159161 -0.2904944247169947 -0.29044404579118854 -0.290393649836989 -0.2903432368529071 -0.29029280683743197 -0.2902423597890653 -0.2901918957063052 -0.2901414145876564 -0.2900909164316192 -0.2900404012366935 -0.2899898690013889 -0.28993931972419995 -0.2898887534036403 -0.28983817003820045 -0.28978756962640473 -0.2897369521667432 -0.289686317657734 -0.2896356660978796 -0.2895849974856852 -0.28953431181966627 -0.2894836090983324 -0.28943288932018785 -0.28938215248374677 -0.28933139858752055 -0.2892806276300304 -0.2892298396097748 -0.28917903452527227 -0.2891282123750418 -0.2890773731575971 -0.2890265168714503 -0.2889756435151236 -0.2889247530871275 -0.28887384558598983 -0.2888229210102131 -0.28877197935833276 -0.2887210206288633 -0.28867004482031744 -0.2886190519312297 -0.28856804196011465 -0.28851701490549475 -0.2884659707658912 -0.28841490953983406 -0.2883638312258481 -0.2883127358224553 -0.28826162332817695 -0.2882104937415586 -0.2881593470611059 -0.28810818328535603 -0.28805700241283816 -0.28800580444208235 -0.2879545893716222 -0.2879033571999816 -0.28785210792569993 -0.28780084154729657 -0.28774955806331803 -0.28769825747229394 -0.287646939772753 -0.2875956049632382 -0.28754425304228315 -0.28749288400842543 -0.28744149786019557 -0.2873900945961436 -0.287338674214793 -0.287287236714695 -0.28723578209438827 -0.2871843103524081 -0.28713282148729613 -0.28708131549760507 -0.2870297923818641 -0.2869782521386224 -0.28692669476642685 -0.2868751202638178 -0.28682352862934213 -0.28677191986155215 -0.286720293958989 -0.286668650920197 -0.2866169907437275 -0.2865653134281354 -0.2865136189719619 -0.2864619073737642 -0.28641017863209317 -0.2863584327454958 -0.28630666971252605 -0.2862548895317403 -0.2862030922016867 -0.2861512777209301 -0.28609944608801596 -0.2860475973015082 -0.28599573135995904 -0.285943848261927 -0.28589194800597406 -0.2858400305906499 -0.2857880960145205 -0.28573614427615057 -0.2856841753740924 -0.28563218930691026 -0.2855801860731688 -0.28552816567143147 -0.285476128100262 -0.2854240733582287 -0.2853720014438865 -0.2853199123558072 -0.28526780609255775 -0.28521568265271124 -0.28516354203482974 -0.2851113842374784 -0.2850592092592348 -0.2850070170986667 -0.2849548077543358 -0.28490258122483425 -0.28485033750871525 -0.28479807660456435 -0.2847457985109503 -0.2846935032264488 -0.28464119074963445 -0.2845888610790763 -0.28453651421336446 -0.28448415015106887 -0.28443176889076227 -0.28437937043103956 -0.2843269547704672 -0.2842745219076317 -0.28422207184111015 -0.28416960456948415 -0.2841171200913464 -0.2840646184052633 -0.28401209950983164 -0.2839595634036298 -0.28390701008524744 -0.2838544395532643 -0.28380185180627526 -0.2837492468428655 -0.2836966246616184 -0.2836439852611221 -0.2835913286399805 -0.28353865479676355 -0.28348596373008306 -0.2834332554385144 -0.28338052992065377 -0.2833277871751032 -0.2832750272004474 -0.2832222499952879 -0.2831694555582156 -0.2831166438878254 -0.28306381498272515 -0.28301096884149546 -0.28295810546274414 -0.2829052248450701 -0.2828523269870775 -0.28279941188736 -0.2827464795445196 -0.28269352995715913 -0.2826405631238895 -0.28258757904329634 -0.28253457771400337 -0.2824815591346024 -0.28242852330369805 -0.2823754702199075 -0.28232239988182917 -0.28226931228807794 -0.28221620743725895 -0.28216308532797907 -0.2821099459588501 -0.282056789328486 -0.282003615435491 -0.28195042427848493 -0.28189721585607863 -0.28184399016688166 -0.2817907472095138 -0.2817374869825886 -0.2816842094847205 -0.2816309147145266 -0.2815776026706258 -0.28152427335163965 -0.2814709267561777 -0.2814175628828628 -0.2813641817303205 -0.2813107832971662 -0.2812573675820258 -0.28120393458351955 -0.2811504843002721 -0.28109701673091125 -0.28104353187404874 -0.2809900297283252 -0.2809365102923542 -0.28088297356477243 -0.2808294195442005 -0.2807758482292755 -0.2807222596186203 -0.28066865371086624 -0.2806150305046424 -0.2805613899985766 -0.2805077321913143 -0.2804540570814753 -0.2804003646676998 -0.2803466549486191 -0.2802929279228761 -0.2802391835890927 -0.28018542194591367 -0.28013164299198134 -0.2800778467259244 -0.28002403314638613 -0.2799702022520072 -0.2799163540414251 -0.27986248851328455 -0.27980860566622434 -0.27975470549888737 -0.2797007880099125 -0.2796468531979568 -0.27959290106165335 -0.27953893159965126 -0.27948494481059916 -0.279430940693139 -0.2793769192459221 -0.27932288046760334 -0.27926882435681666 -0.2792147509122276 -0.2791606601324754 -0.27910655201622303 -0.2790524265621115 -0.27899828376879876 -0.27894412363493926 -0.2788899461591887 -0.2788357513402002 -0.2787815391766273 -0.27872730966713766 -0.2786730628103724 -0.2786187986050006 -0.2785645170496829 -0.27851021814307453 -0.2784559018838366 -0.2784015682706342 -0.27834721730211953 -0.27829284897696693 -0.27823846329383617 -0.2781840602513861 -0.27812963984829286 -0.27807520208321623 -0.2780207469548177 -0.27796627446177213 -0.2779117846027499 -0.2778572773764161 -0.27780275278143396 -0.27774821081648327 -0.27769365148022773 -0.27763907477134797 -0.27758448068851216 -0.2775298692303916 -0.2774752403956624 -0.27742059418300613 -0.2773659305910896 -0.2773112496185872 -0.27725655126418625 -0.2772018355265602 -0.2771471024043817 -0.27709235189634596 -0.27703758400111944 -0.27698279871738984 -0.276927996043836 -0.2768731759791354 -0.27681833852197935 -0.2767634836710511 -0.2767086114250432 -0.2766537217826186 -0.2765988147424885 -0.27654389030332815 -0.27648894846382444 -0.27643398922266904 -0.276379012578551 -0.2763240185301661 -0.27626900707619484 -0.27621397821533655 -0.27615893194627894 -0.27610386826772526 -0.27604878717835524 -0.27599368867687923 -0.2759385727619761 -0.27588343943235794 -0.2758282886867165 -0.2757731205237448 -0.2757179349421448 -0.2756627319406171 -0.2756075115178622 -0.2755522736725826 -0.2754970184034802 -0.27544174570924973 -0.27538645558860875 -0.2753311480402534 -0.27527582306287934 -0.275220480655213 -0.27516512081594113 -0.2751097435437857 -0.27505434883744284 -0.2749989366956296 -0.2749435071170545 -0.2748880601004289 -0.2748325956444595 -0.27477711374786074 -0.27472161440934606 -0.27466609762763294 -0.27461056340142287 -0.27455501172944263 -0.2744994426104017 -0.2744438560430251 -0.27438825202602235 -0.27433263055811397 -0.27427699163802055 -0.27422133526445647 -0.2741656614361432 -0.2741099701518128 -0.2740542614101833 -0.2739985352099654 -0.2739427915498931 -0.27388703042869267 -0.2738312518450843 -0.27377545579779294 -0.2737196422855521 -0.2736638113070802 -0.27360796286111455 -0.2735520969463825 -0.2734962135616068 -0.27344031270552405 -0.2733843943768681 -0.2733284585743645 -0.27327250529675595 -0.2732165345427693 -0.2731605463111353 -0.27310454060060074 -0.27304851740988667 -0.27299247673774873 -0.2729364185829133 -0.27288034294411645 -0.2728242498201028 -0.2727681392096164 -0.2727120111113912 -0.27265586552417 -0.27259970244669907 -0.2725435218777186 -0.27248732381597396 -0.2724311082602129 -0.2723748752091746 -0.2723186246616067 -0.27226235661625786 -0.272206071071885 -0.27214976802722335 -0.2720934474810277 -0.2720371094320533 -0.27198075387904463 -0.27192438082075787 -0.27186799025593933 -0.27181158218335355 -0.2717551566017491 -0.2716987135098816 -0.2716422529065059 -0.2715857747903736 -0.27152927916025593 -0.27147276601490367 -0.2714162353530791 -0.27135968717353753 -0.2713031214750372 -0.2712465382563458 -0.2711899375162288 -0.27113331925343953 -0.2710766834667586 -0.2710200301549319 -0.27096335931672844 -0.27090667095092646 -0.27084996505628167 -0.2707932416315679 -0.2707365006755542 -0.27067974218700774 -0.27062296616469705 -0.2705661726074018 -0.27050936151387983 -0.2704525328829206 -0.27039568671328507 -0.27033882300375334 -0.27028194175310105 -0.2702250429601003 -0.2701681266235334 -0.27011119274217155 -0.27005424131479705 -0.2699972723401931 -0.2699402858171327 -0.26988328174440035 -0.26982626012077926 -0.2697692209450464 -0.2697121642159872 -0.2696550899323893 -0.2695979980930385 -0.2695408886967092 -0.26948376174220323 -0.2694266172282993 -0.26936945515378685 -0.2693122755174544 -0.2692550783180936 -0.26919786355449515 -0.26914063122544807 -0.26908338132974574 -0.269026113866186 -0.2689688288335499 -0.2689115262306414 -0.26885420605625887 -0.268796868309193 -0.2687395129882373 -0.26868214009220726 -0.26862474961987903 -0.268567341570066 -0.26850991594156115 -0.26845247273317385 -0.2683950119436993 -0.26833753357193757 -0.2682800376167056 -0.2682225240767946 -0.2681649929510188 -0.2681074442381792 -0.26804987793707813 -0.2679922940465316 -0.2679346925653432 -0.2678770734923317 -0.2678194368262945 -0.26776178256605077 -0.2677041107104077 -0.2676464212581795 -0.267588714208177 -0.2675309895592206 -0.2674732473101171 -0.2674154874596959 -0.26735771000675834 -0.2672999149501307 -0.2672421022886322 -0.26718427202107486 -0.26712642414628407 -0.26706855866307544 -0.2670106755702806 -0.26695277486671465 -0.2668948565512048 -0.26683692062256936 -0.26677896707963633 -0.26672099592123555 -0.2666630071461835 -0.26660500075331495 -0.2665469767414632 -0.2664889351094426 -0.26643087585610026 -0.26637279898025046 -0.2663147044807368 -0.266256592356382 -0.26619846260602964 -0.26614031522851 -0.26608215022264936 -0.26602396758729885 -0.26596576732127675 -0.26590754942344175 -0.2658493138926077 -0.2657910607276377 -0.26573278992735405 -0.265674501490607 -0.2656161954162326 -0.26555787170307843 -0.26549953034998053 -0.26544117135579004 -0.26538279471934345 -0.26532440043949057 -0.26526598851508165 -0.26520755894496073 -0.2651491117279803 -0.2650906468629812 -0.2650321643488156 -0.26497366418434165 -0.26491514636840074 -0.2648566108998476 -0.2647980577775422 -0.2647394870003259 -0.26468089856706767 -0.26462229247661684 -0.2645636687278232 -0.2645050273195566 -0.2644463682506655 -0.26438769152001074 -0.2643289971264542 -0.2642702850688621 -0.2642115553460851 -0.2641528079569877 -0.2640940429004388 -0.2640352601753002 -0.2639764597804324 -0.26391764171471177 -0.26385880597699307 -0.26379995256614164 -0.26374108148104325 -0.26368219272055127 -0.26362328628353726 -0.26356436216888035 -0.26350542037544633 -0.26344646090210544 -0.26338748374772836 -0.2633284889112004 -0.2632694763913892 -0.2632104461871769 -0.2631513982974307 -0.2630923327210284 -0.263033249456853 -0.26297414850378775 -0.26291502986070636 -0.2628558935264893 -0.2627967395000228 -0.2627375677801833 -0.2626783783658597 -0.2626191712559369 -0.26255994644929004 -0.2625007039448146 -0.26244144374139955 -0.2623821658379204 -0.2623228702332816 -0.26226355692635916 -0.2622042259160495 -0.2621448772012376 -0.26208551078082465 -0.2620261266536983 -0.2619667248187474 -0.2619073052748777 -0.26184786802097504 -0.26178841305594025 -0.2617289403786671 -0.2616694499880543 -0.26160994188300224 -0.2615504160624109 -0.2614908725251812 -0.2614313112702069 -0.26137173229639554 -0.26131213560265065 -0.261252521187878 -0.2611928890509838 -0.2611332391908592 -0.2610735716064232 -0.2610138862965856 -0.26095418326024333 -0.2608944624963172 -0.26083472400370455 -0.2607749677813236 -0.26071519382809116 -0.26065540214290683 -0.26059559272469013 -0.2605357655723619 -0.2604759206848253 -0.2604160580609989 -0.2603561776998031 -0.2602962796001549 -0.2602363637609697 -0.26017643018116665 -0.2601164788596724 -0.2600565097953984 -0.25999652298727316 -0.25993651843421395 -0.2598764961351514 -0.2598164560890046 -0.25975639829470243 -0.2596963227511666 -0.25963622945733 -0.2595761184121099 -0.25951598961444855 -0.25945584306326364 -0.2593956787574898 -0.2593354966960604 -0.25927529687790196 -0.25921507930195853 -0.25915484396715405 -0.2590945908724245 -0.25903432001671156 -0.2589740313989428 -0.2589137250180631 -0.25885340087300523 -0.2587930589627101 -0.25873269928612563 -0.25867232184216915 -0.2586119266298126 -0.25855151364797324 -0.2584910828956124 -0.258430634371662 -0.25837016807507496 -0.2583096840047987 -0.25824918215977055 -0.25818866253894646 -0.2581281251412726 -0.2580675699656938 -0.25800699701116514 -0.257946406276643 -0.2578857977610651 -0.2578251714633959 -0.25776452738258593 -0.2577038655175903 -0.25764318586736445 -0.2575824884308693 -0.2575217732070505 -0.2574610401948787 -0.2574002893933036 -0.2573395208012861 -0.25727873441779936 -0.2572179302417861 -0.2571571082722257 -0.2570962685080649 -0.25703541094828797 -0.25697453559184114 -0.25691364243770254 -0.256852731484833 -0.2567918027322036 -0.2567308561787809 -0.2566698918235355 -0.25660890966544025 -0.2565479097034644 -0.2564868919365755 -0.2564258563637498 -0.25636480298396336 -0.2563037317961889 -0.25624264279940645 -0.2561815359925883 -0.2561204113747064 -0.2560592689447527 -0.25599810870169604 -0.2559369306445163 -0.2558757347722005 -0.2558145210837255 -0.2557532895780774 -0.25569204025423664 -0.25563077311119287 -0.255569488147926 -0.2555081853634231 -0.2554468647566739 -0.2553855263266609 -0.2553241700723792 -0.2552627959928224 -0.2552014040869679 -0.2551399943538186 -0.2550785667923616 -0.2550171214015915 -0.2549556581805006 -0.25489417712808793 -0.2548326782433432 -0.2547711615252721 -0.25470962697286303 -0.2546480745851243 -0.25458650436104424 -0.25452491629963214 -0.25446331039988346 -0.25440168666081053 -0.25434004508140484 -0.25427838566067074 -0.25421670839762545 -0.25415501329126133 -0.2540933003405912 -0.25403156954461803 -0.25396982090235554 -0.25390805441281117 -0.25384627007499727 -0.2537844678879213 -0.2537226478505925 -0.25366080996203255 -0.2535989542212431 -0.25353708062724944 -0.25347518917906786 -0.25341327987570317 -0.25335135271618414 -0.25328940769952535 -0.2532274448247458 -0.25316546409085916 -0.25310346549689333 -0.25304144904186954 -0.2529794147248139 -0.25291736254474007 -0.25285529250068395 -0.25279320459165966 -0.2527310988167022 -0.252668975174835 -0.2526068336650873 -0.2525446742864865 -0.252482497038061 -0.2524203019188427 -0.25235808892786427 -0.2522958580641621 -0.2522336093267574 -0.2521713427146999 -0.25210905822701957 -0.25204675586274394 -0.2519844356209182 -0.25192209750058403 -0.25185974150077195 -0.2517973676205214 -0.2517349758588754 -0.251672566214876 -0.25161013868756754 -0.25154769327599436 -0.2514852299791941 -0.25142274879621285 -0.25136024972610693 -0.25129773276791 -0.2512351979206766 -0.25117264518345506 -0.25111007455529144 -0.25104748603524474 -0.2509848796223553 -0.25092225531567935 -0.2508596131142742 -0.25079695301719607 -0.2507342750234902 -0.25067157913221694 -0.25060886534243565 -0.25054613365320044 -0.25048338406356985 -0.2504206165726113 -0.2503578311793744 -0.2502950278829248 -0.2502322066823339 -0.25016936757664476 -0.2501065105649398 -0.2500436356462812 -0.2499807428197207 -0.24991783208433827 -0.2498549034392039 -0.24979195688337974 -0.24972899241593005 -0.24966601003593825 -0.24960300974246818 -0.24953999153459527 -0.24947695541138604 -0.2494139013719252 -0.24935082941527575 -0.24928773954051886 -0.2492246317467357 -0.24916150603300036 -0.24909836239838645 -0.24903520084198583 -0.24897202136286545 -0.24890882396011893 -0.2488456086328168 -0.24878237538004733 -0.24871912420090325 -0.2486558550944542 -0.24859256805979824 -0.2485292630960183 -0.2484659402021987 -0.24840259937742593 -0.24833924062080381 -0.2482758639314091 -0.24821246930834162 -0.24814905675068166 -0.2480856262575344 -0.24802217782799252 -0.24795871146114745 -0.24789522715610035 -0.2478317249119355 -0.24776820472777006 -0.24770466660268786 -0.24764111053579407 -0.24757753652618142 -0.2475139445729666 -0.24745033467524458 -0.24738670683211827 -0.24732306104268398 -0.24725939730606283 -0.24719571562134846 -0.24713201598765178 -0.24706829840408373 -0.24700456286974637 -0.24694080938375862 -0.2468770379452252 -0.24681324855325526 -0.2467494412069673 -0.24668561590547267 -0.2466217726478841 -0.24655791143332273 -0.24649403226090172 -0.24643013512973422 -0.2463662200389356 -0.24630228698763945 -0.24623833597495537 -0.24617436700000228 -0.2461103800619071 -0.246046375159783 -0.245982352292772 -0.24591831145998144 -0.24585425266054717 -0.24579017589359387 -0.24572608115824623 -0.24566196845362853 -0.2455978377788801 -0.24553368913312923 -0.2454695225154917 -0.24540533792511932 -0.24534113536113322 -0.24527691482267366 -0.24521267630887378 -0.2451484198188636 -0.24508414535179046 -0.24501985290678618 -0.24495554248297946 -0.24489121407952785 -0.2448268676955596 -0.2447625033302181 -0.2446981209826542 -0.24463372065199307 -0.24456930233740337 -0.24450486603800226 -0.2444404117529526 -0.24437593948140712 -0.24431144922249448 -0.24424694097538113 -0.244182414739206 -0.2441178705131235 -0.2440533082962859 -0.24398872808784322 -0.24392412988694856 -0.2438595136927595 -0.24379487950443002 -0.2437302273211146 -0.24366555714197835 -0.24360086896616062 -0.24353616279283674 -0.24347143862116472 -0.243406696450303 -0.24334193627941492 -0.2432771581076616 -0.2432123619342077 -0.24314754775821035 -0.24308271557884975 -0.24301786539527948 -0.24295299720667174 -0.24288811101219832 -0.24282320681103053 -0.24275828460232196 -0.2426933443852639 -0.2426283861590166 -0.24256340992275716 -0.2424984156756551 -0.24243340341689557 -0.24236837314564008 -0.24230332486107953 -0.2422382585623879 -0.24217317424873608 -0.24210807191931538 -0.2420429515732967 -0.24197781320985667 -0.24191265682819774 -0.24184748242749476 -0.24178229000691687 -0.24171707956566602 -0.2416518511029242 -0.24158660461788406 -0.24152134010972937 -0.24145605757763633 -0.24139075702081225 -0.241325438438448 -0.24126010182972024 -0.24119474719384026 -0.24112937452998873 -0.24106398383736138 -0.24099857511516243 -0.2409331483625885 -0.24086770357882248 -0.24080224076307122 -0.24073675991454513 -0.24067126103242886 -0.24060574411593283 -0.24054020916425278 -0.24047465617659913 -0.2404090851521734 -0.2403434960901798 -0.24027788898982116 -0.24021226385031103 -0.24014662067085002 -0.24008095945065566 -0.2400152801889348 -0.23994958288489165 -0.2398838675377477 -0.23981813414670894 -0.2397523827109933 -0.23968661322981966 -0.23962082570238996 -0.2395550201279275 -0.2394891965056556 -0.2394233548347855 -0.23935749511454008 -0.23929161734413906 -0.23922572152279997 -0.2391598076497563 -0.23909387572421936 -0.2390279257454142 -0.23896195771256856 -0.23889597162491016 -0.23882996748166985 -0.23876394528206735 -0.23869790502533794 -0.23863184671070936 -0.23856577033740267 -0.23849967590467092 -0.23843356341172584 -0.2383674328578107 -0.23830128424216523 -0.23823511756400784 -0.23816893282260043 -0.23810273001715965 -0.23803650914693053 -0.23797027021115325 -0.23790401320907062 -0.23783773813992592 -0.23777144500295178 -0.2377051337973901 -0.23763880452249753 -0.23757245717751063 -0.23750609176168513 -0.2374397082742643 -0.23737330671448342 -0.23730688708161107 -0.2372404493748812 -0.2371739935935544 -0.23710751973687216 -0.2370410278041022 -0.2369745177944913 -0.2369079897072881 -0.23684144354175984 -0.23677487929715735 -0.23670829697273588 -0.23664169656775558 -0.23657507808147882 -0.2365084415131693 -0.23644178686207695 -0.23637511412747214 -0.23630842330862123 -0.23624171440477548 -0.23617498741521992 -0.23610824233920802 -0.23604147917600926 -0.23597469792489134 -0.23590789858512462 -0.235841081155983 -0.23577424563672622 -0.2357073920266366 -0.23564052032499117 -0.2355736305310523 -0.235506722644097 -0.23543979666341253 -0.23537285258825946 -0.23530589041793482 -0.2352389101517014 -0.23517191178884556 -0.2351048953286421 -0.23503786077037692 -0.2349708081133426 -0.23490373735681658 -0.23483664850006836 -0.23476954154240381 -0.23470241648309775 -0.23463527332145562 -0.234568112056738 -0.23450093268825656 -0.2344337352152901 -0.23436651963713784 -0.23429928595309368 -0.23423203416243643 -0.23416476426447463 -0.2340974762585022 -0.23403017014380856 -0.23396284591969652 -0.23389550358546485 -0.23382814314041012 -0.23376076458382844 -0.23369336791503015 -0.23362595313331846 -0.23355852023798995 -0.23349106922834917 -0.23342360010370067 -0.2333561128633468 -0.23328860750660851 -0.23322108403278552 -0.2331535424411837 -0.23308598273111514 -0.23301840490189507 -0.23295080895283116 -0.23288319488323683 -0.2328155626924282 -0.23274791237971693 -0.2326802439444231 -0.23261255738585573 -0.23254485270333936 -0.23247712989619318 -0.23240938896373686 -0.2323416299052874 -0.23227385272016488 -0.23220605740769695 -0.23213824396720995 -0.23207041239801907 -0.23200256269945996 -0.23193469487085094 -0.23186680891152722 -0.23179890482081023 -0.23173098259803115 -0.23166304224252743 -0.23159508375361826 -0.2315271071306504 -0.23145911237294126 -0.23139109947983894 -0.23132306845067196 -0.23125501928477998 -0.2311869519814973 -0.23111886654016578 -0.23105076296012506 -0.23098264124070989 -0.23091450138127012 -0.23084634338113474 -0.23077816723966027 -0.23070997295618412 -0.23064176053005347 -0.23057352996061864 -0.2305052812472166 -0.23043701438920117 -0.230368729385928 -0.23030042623674074 -0.23023210494098878 -0.2301637654980273 -0.23009540790721106 -0.23002703216788412 -0.22995863827941454 -0.22989022624115307 -0.22982179605245667 -0.2297533477126854 -0.22968488122119224 -0.22961639657734212 -0.22954789378049334 -0.2294793728300144 -0.2294108337252645 -0.2293422764656019 -0.2292737010503978 -0.22920510747902023 -0.22913649575082617 -0.22906786586519257 -0.22899921782149057 -0.22893055161907938 -0.22886186725734525 -0.22879316473563938 -0.22872444405335068 -0.2286557052098499 -0.22858694820451397 -0.22851817303670918 -0.22844937970581602 -0.22838056821121588 -0.22831173855228748 -0.2282428907284122 -0.22817402473896609 -0.22810514058333275 -0.2280362382608958 -0.22796731777103352 -0.22789837911313882 -0.22782942228659753 -0.22776044729078304 -0.2276914541250994 -0.22762244278892974 -0.2275534132816639 -0.22748436560268548 -0.22741529975139274 -0.2273462157271835 -0.2272771135294529 -0.22720799315757745 -0.22713885461096517 -0.22706969788900988 -0.22700052299111073 -0.22693132991667309 -0.2268621186650841 -0.22679288923575447 -0.22672364162808245 -0.22665437584146497 -0.2265850918753176 -0.22651578972904085 -0.22644646940202584 -0.22637713089369527 -0.22630777420345094 -0.2262383993307049 -0.2261690062748709 -0.2260995950353477 -0.2260301656115571 -0.22596071800290973 -0.22589125220880835 -0.22582176822868139 -0.2257522660619391 -0.22568274570799485 -0.2256132071662722 -0.2255436504361894 -0.2254740755171616 -0.22540448240860922 -0.22533487110996653 -0.22526524162064154 -0.22519559394005562 -0.2251259280676443 -0.2250562440028343 -0.22498654174504118 -0.2249168212937005 -0.22484708264823938 -0.22477732580808762 -0.22470755077267368 -0.22463775754143311 -0.2245679461137957 -0.22449811648919216 -0.2244282686670629 -0.22435840264684037 -0.22428851842795927 -0.2242186160098636 -0.22414869539198268 -0.22407875657377252 -0.22400879955465625 -0.22393882433408185 -0.22386883091149867 -0.2237988192863396 -0.2237287894580522 -0.22365874142608977 -0.22358867518989234 -0.22351859074890745 -0.22344848810258533 -0.2233783672503744 -0.2233082281917227 -0.22323807092608572 -0.2231678954529186 -0.22309770177167287 -0.2230274898818081 -0.22295725978276293 -0.2228870114740129 -0.22281674495501091 -0.22274646022520717 -0.22267615728407408 -0.22260583613106144 -0.22253549676564122 -0.22246513918726363 -0.2223947633954051 -0.2223243693895247 -0.2222539571690909 -0.22218352673356678 -0.22211307808241987 -0.22204261121511415 -0.22197212613113448 -0.22190162282994175 -0.2218311013110119 -0.2217605615738134 -0.22169000361782398 -0.22161942744251384 -0.22154883304737183 -0.22147822043185084 -0.22140758959545082 -0.2213369405376402 -0.2212662732579047 -0.22119558775572035 -0.2211248840305724 -0.22105416208193818 -0.22098342190931808 -0.2209126635121721 -0.22084188689000595 -0.2207710920422974 -0.22070027896854283 -0.22062944766822046 -0.2205585981408258 -0.2204877303858508 -0.2204168444027923 -0.2203459401911232 -0.22027501775036384 -0.22020407708 -0.22013311817952053 -0.22006214104842803 -0.2199911456862247 -0.21992013209240469 -0.21984910026646665 -0.21977805020791497 -0.21970698191625493 -0.21963589539098827 -0.21956479063160472 -0.21949366763763845 -0.21942252640857118 -0.21935136694391844 -0.21928018924318948 -0.21920899330589894 -0.21913777913154675 -0.2190665467196533 -0.21899529606972168 -0.21892402718127402 -0.21885274005382316 -0.2187814346868806 -0.2187101110799623 -0.21863876923258996 -0.21856740914429107 -0.21849603081456648 -0.21842463424294456 -0.21835321942894925 -0.2182817863721036 -0.21821033507192755 -0.2181388655279468 -0.21806737773969198 -0.21799587170668655 -0.21792434742846334 -0.21785280490453252 -0.217781244134446 -0.21770966511772016 -0.2176380678538994 -0.21756645234249916 -0.21749481858307007 -0.2174231665751467 -0.2173514963182539 -0.2172798078119289 -0.21720810105572097 -0.21713637604916025 -0.21706463279178312 -0.2169928712831486 -0.2169210915227744 -0.21684929351022886 -0.21677747724503504 -0.21670564272674753 -0.216633789954916 -0.21656191892908305 -0.21649002964879216 -0.21641812211359612 -0.21634619632305085 -0.21627425227670338 -0.21620228997409852 -0.2161303094148086 -0.21605831059837044 -0.21598629352434573 -0.21591425819229304 -0.21584220460176695 -0.21577013275232293 -0.2156980426435311 -0.21562593427493937 -0.2155538076461152 -0.2154816627566194 -0.21540949960602385 -0.21533731819388402 -0.21526511851976293 -0.2151929005832427 -0.21512066438387034 -0.21504840992123464 -0.2149761371948835 -0.2149038462044115 -0.21483153694937318 -0.21475920942934978 -0.21468686364391054 -0.21461449959263623 -0.2145421172750952 -0.21446971669087356 -0.2143972978395423 -0.21432486072068135 -0.2142524053338719 -0.21417993167869875 -0.21410743975473823 -0.21403492956157288 -0.21396240109879505 -0.21388985436598684 -0.21381728936271927 -0.21374470608860818 -0.2136721045432166 -0.21359948472614754 -0.2135268466369853 -0.21345419027532797 -0.2133815156407617 -0.21330882273288898 -0.2132361115512884 -0.2131633820955634 -0.2130906343653196 -0.21301786836014447 -0.2129450840796432 -0.21287228152339877 -0.21279946069103284 -0.2127266215821404 -0.2126537641963231 -0.21258088853317902 -0.21250799459232717 -0.2124350823733594 -0.2123621518758836 -0.2122892030995156 -0.21221623604386508 -0.21214325070853457 -0.2120702470931377 -0.21199722519729836 -0.21192418502060706 -0.21185112656269212 -0.2117780498231654 -0.21170495480164897 -0.2116318414977547 -0.21155870991109849 -0.2114855600413028 -0.21141239188799377 -0.2113392054507881 -0.2112660007293008 -0.21119277772316414 -0.21111953643200598 -0.21104627685543775 -0.21097299899309618 -0.21089970284461446 -0.21082638840961598 -0.2107530556877215 -0.21067970467856956 -0.21060633538179685 -0.2105329477970299 -0.21045954192390637 -0.2103861177620563 -0.21031267531111597 -0.21023921457072747 -0.2101657355405262 -0.210092238220148 -0.21001872260924515 -0.2099451887074455 -0.20987163651439422 -0.20979806602973694 -0.2097244772531166 -0.20965087018418016 -0.20957724482257678 -0.20950360116794187 -0.20942993921993747 -0.20935625897821764 -0.20928256044240934 -0.2092088436121773 -0.20913510848718353 -0.20906135506706747 -0.20898758335149115 -0.20891379334011528 -0.2088399850325855 -0.2087661584285625 -0.20869231352771012 -0.2086184503296744 -0.20854456883414096 -0.20847066904074918 -0.2083967509491793 -0.2083228145590872 -0.20824885987013797 -0.20817488688198926 -0.2081008955943231 -0.20802688600680153 -0.20795285811908792 -0.20787881193087188 -0.20780474744180433 -0.20773066465156775 -0.20765656355983397 -0.20758244416626903 -0.20750830647056118 -0.207434150472388 -0.207359976171416 -0.20728578356733385 -0.20721157265981116 -0.2071373434485353 -0.2070630959331914 -0.20698883011345703 -0.20691454598902004 -0.20684024355956065 -0.20676592282476447 -0.20669158378432861 -0.20661722643792668 -0.20654285078526602 -0.20646845682602377 -0.20639404455988553 -0.20631961398656173 -0.20624516510572866 -0.20617069791709364 -0.20609621242034049 -0.20602170861518454 -0.20594718650129895 -0.20587264607840128 -0.20579808734618066 -0.20572351030434843 -0.20564891495259552 -0.2055743012906257 -0.205499669318149 -0.2054250190348701 -0.20535035044048966 -0.20527566353472082 -0.2052009583172718 -0.20512623478783754 -0.20505149294614355 -0.20497673279190431 -0.2049019543248165 -0.20482715754460523 -0.20475234245098006 -0.20467750904366344 -0.20460265732235827 -0.20452778728678656 -0.20445289893668317 -0.20437799227174924 -0.2043030672917152 -0.2042281239962911 -0.2041531623852162 -0.20407818245820053 -0.20400318421497365 -0.2039281676552651 -0.20385313277880668 -0.20377807958531413 -0.20370300807451303 -0.20362791824615512 -0.2035528100999513 -0.20347768363563823 -0.20340253885295612 -0.20332737575164117 -0.20325219433142028 -0.20317699459203498 -0.20310177653321881 -0.20302654015471022 -0.20295128545624896 -0.20287601243759035 -0.20280072109845992 -0.20272541143859746 -0.2026500834577547 -0.20257473715567897 -0.20249937253211714 -0.20242398958680452 -0.20234858831950842 -0.20227316872996637 -0.20219773081791503 -0.2021222745831306 -0.20204680002535103 -0.20197130714434586 -0.2018957959398473 -0.20182026641161865 -0.20174471855942233 -0.20166915238301586 -0.20159356788214122 -0.20151796505658748 -0.2014423439060935 -0.20136670443042526 -0.2012910466293527 -0.20121537050263028 -0.20113967605002347 -0.20106396327131382 -0.20098823216624817 -0.20091248273461115 -0.20083671497615763 -0.2007609288906682 -0.20068512447791376 -0.20060930173766245 -0.2005334606696909 -0.20045760127377177 -0.20038172354967854 -0.20030582749719184 -0.20022991311608873 -0.20015398040614718 -0.20007802936714336 -0.2000020599988721 -0.19992607230110426 -0.19985006627362 -0.19977404191621284 -0.19969799922865494 -0.19962193821073893 -0.19954585886226583 -0.19946976118301452 -0.19939364517276248 -0.19931751083130678 -0.199241358158448 -0.19916518715397347 -0.19908899781766953 -0.1990127901493488 -0.1989365641487879 -0.19886031981579766 -0.19878405715016 -0.19870777615168755 -0.19863147682018312 -0.19855515915543176 -0.1984788231572554 -0.1984024688254422 -0.198326096159803 -0.19824970516014284 -0.1981732958262623 -0.19809686815797933 -0.1980204221550963 -0.19794395781741736 -0.197867475144768 -0.19779097413693902 -0.19771445479376304 -0.19763791711504464 -0.19756136110060574 -0.19748478675025183 -0.19740819406380927 -0.19733158304108667 -0.19725495368191215 -0.1971783059860961 -0.1971016399534795 -0.19702495558386124 -0.19694825287708184 -0.1968715318329508 -0.1967947924513025 -0.19671803473197036 -0.1966412586747741 -0.19656446427954277 -0.1964876515461058 -0.1964108204742958 -0.19633397106394224 -0.196257103314883 -0.1961802172269418 -0.19610331279997073 -0.1960263900337953 -0.19594944892824673 -0.1958724894831736 -0.19579551169842313 -0.19571851557381503 -0.19564150110920275 -0.1955644683044273 -0.1954874171593297 -0.19541034767375942 -0.1953332598475641 -0.19525615368058347 -0.1951790291726696 -0.19510188632367553 -0.1950247251334445 -0.19494754560182814 -0.19487034772867773 -0.1947931315138569 -0.19471589695721425 -0.1946386440585961 -0.19456137281786834 -0.1944840832348853 -0.1944067753095151 -0.19432944904160232 -0.1942521044310137 -0.19417474147762048 -0.19409736018126944 -0.19401996054184423 -0.1939425425591903 -0.19386510623317843 -0.1937876515636887 -0.19371017855057415 -0.1936326871937184 -0.1935551774929758 -0.1934776494482291 -0.19340010305934818 -0.19332253832620072 -0.19324495524867658 -0.1931673538266372 -0.19308973405996266 -0.19301209594852953 -0.19293443949222588 -0.19285676469092072 -0.19277907154450613 -0.19270136005285066 -0.19262363021585038 -0.1925458820333894 -0.19246811550533893 -0.19239033063160083 -0.19231252741206095 -0.19223470584659097 -0.19215686593510473 -0.19207900767748232 -0.19200113107360384 -0.19192323612338535 -0.19184532282669853 -0.19176739118345587 -0.19168944119354592 -0.1916114728568652 -0.1915334861733129 -0.1914554811427931 -0.1913774577652001 -0.19129941604042955 -0.19122135596840373 -0.19114327754901073 -0.19106518078215684 -0.19098706566775236 -0.19090893220569827 -0.19083078039591594 -0.19075261023829793 -0.1906744217327594 -0.19059621487921508 -0.1905179896775726 -0.19043974612775783 -0.19036148422966814 -0.1902832039832285 -0.19020490538835588 -0.19012658844496144 -0.19004825315297147 -0.18996989951229493 -0.18989152752287364 -0.18981313718460946 -0.18973472849742157 -0.18965630146125534 -0.18957785607602196 -0.18949939234165303 -0.18942091025807573 -0.18934240982521455 -0.1892638910429909 -0.18918535391135594 -0.18910679843022837 -0.18902822459954294 -0.18894963241923035 -0.18887102188923288 -0.18879239300948347 -0.18871374577991373 -0.1886350802004717 -0.18855639627108634 -0.1884776939917039 -0.1883989733622622 -0.18832023438270706 -0.18824147705297856 -0.18816270137302427 -0.18808390734278246 -0.18800509496221451 -0.18792626423126002 -0.18784741514986258 -0.18776854771798268 -0.18768966193556436 -0.1876107578025592 -0.1875318353189206 -0.18745289448459923 -0.18737393529956847 -0.1872949577637666 -0.1872159618771585 -0.1871369476396989 -0.1870579150513474 -0.18697886411206488 -0.1868997948218194 -0.1868207071805701 -0.18674160118827476 -0.1866624768449019 -0.1865833341504226 -0.1865041731048045 -0.18642499370801247 -0.18634579596001366 -0.18626657986076944 -0.1861873454102816 -0.18610809260849592 -0.18602882145538802 -0.18594953195094543 -0.18587022409512644 -0.18579089788792613 -0.18571155332931344 -0.18563219041926704 -0.18555280915778027 -0.18547340954481184 -0.18539399158035152 -0.18531455526439577 -0.18523510059690507 -0.18515562757789628 -0.1850761362073281 -0.18499662648520543 -0.18491709841150383 -0.18483755198622642 -0.1847579872093541 -0.1846784040808882 -0.18459880260080475 -0.18451918276912238 -0.18443954458581535 -0.18435988805089965 -0.1842802131643464 -0.18420051992617692 -0.18412080833637923 -0.18404107839495687 -0.18396133010191962 -0.18388156345725992 -0.18380177846097645 -0.18372197511309363 -0.18364215341360257 -0.18356231336250683 -0.18348245495983528 -0.18340257820557637 -0.18332268309974653 -0.18324276964235997 -0.18316283783343223 -0.183082887672962 -0.18300291916099587 -0.18292293229751921 -0.18284292708255911 -0.18276290351612623 -0.18268286159824632 -0.18260280132894602 -0.18252272270824177 -0.18244262573614733 -0.18236251041269558 -0.18228237673790915 -0.18220222471181957 -0.18212205433443618 -0.1820418656058056 -0.18196165852593893 -0.1818814330948828 -0.1818011893126643 -0.18172092717930965 -0.18164064669484814 -0.1815603478593344 -0.18148003067277774 -0.18139969513522614 -0.18131934124672267 -0.1812389690073064 -0.1811585784169969 -0.18107816947585986 -0.18099774218392417 -0.18091729654123778 -0.18083683254783578 -0.180756350203779 -0.18067584950910076 -0.18059533046385123 -0.18051479306807927 -0.18043423732182884 -0.18035366322516655 -0.18027307077812926 -0.18019245998076716 -0.18011183083314908 -0.18003118333531987 -0.17995051748733504 -0.17986983328924788 -0.17978913074112945 -0.1797084098430326 -0.17962767059502038 -0.17954691299714565 -0.17946613704946746 -0.1793853427520684 -0.17930453010500935 -0.17922369910833202 -0.1791428497621288 -0.1790619820664574 -0.17898109602138623 -0.17890019162699478 -0.1788192688833412 -0.1787383277904966 -0.17865736834855683 -0.17857639055757168 -0.1784953944176242 -0.1784143799287965 -0.17833334709115878 -0.17825229590479275 -0.17817122636977123 -0.1780901384861946 -0.1780090322541228 -0.1779279076736544 -0.1778467647448707 -0.1777656034678441 -0.1776844238426869 -0.1776032258694542 -0.17752200954825614 -0.1774407748791802 -0.17735952186231208 -0.17727825049774237 -0.1771969607855719 -0.1771156527258877 -0.17703432631878124 -0.17695298156436223 -0.17687161846271104 -0.17679023701394492 -0.17670883721814246 -0.1766274190754218 -0.17654598258587928 -0.17646452774961485 -0.1763830545667231 -0.17630156303733235 -0.176220053161531 -0.17613852493942472 -0.17605697837112277 -0.17597541345675127 -0.1758938301964057 -0.1758122285901944 -0.1757306086382351 -0.17564897034064142 -0.17556731369752443 -0.17548563870900624 -0.17540394537520587 -0.17532223369622324 -0.175240503672196 -0.17515875530324276 -0.1750769885894825 -0.17499520353102538 -0.17491340012801126 -0.1748315783805543 -0.17474973828878015 -0.17466787985282295 -0.1745860030728026 -0.1745041079488514 -0.17442219448110707 -0.1743402626696886 -0.17425831251472124 -0.17417634401635063 -0.17409435717472022 -0.17401235198994902 -0.17393032846217293 -0.17384828659154472 -0.17376622637818295 -0.1736841478222515 -0.1736020509238645 -0.1735199356831818 -0.17343780210033666 -0.17335565017549026 -0.17327347990876385 -0.1731912913003142 -0.17310908435029626 -0.17302685905884152 -0.17294461542612094 -0.17286235345225975 -0.1727800731374347 -0.17269777448178614 -0.17261545748546503 -0.17253312214862726 -0.17245076847143093 -0.1723683964540399 -0.1722860060966065 -0.17220359739927593 -0.1721211703622374 -0.17203872498563033 -0.17195626126962393 -0.1718737792143883 -0.1717912788200775 -0.1717087600868572 -0.17162622301491393 -0.17154366760438844 -0.1714610938554606 -0.17137850176830938 -0.17129589134309153 -0.17121326257998515 -0.17113061547917408 -0.1710479500408204 -0.1709652662651009 -0.17088256415219583 -0.17079984370228285 -0.17071710491553516 -0.17063434779214282 -0.17055157233227902 -0.17046877853613385 -0.1703859664038756 -0.17030313593570456 -0.17022028713178994 -0.1701374199923369 -0.17005453451751906 -0.1699716307075363 -0.16988870856256932 -0.16980576808281045 -0.16972280926845684 -0.1696398321196897 -0.16955683663672394 -0.16947382281973233 -0.16939079066892138 -0.1693077401844958 -0.16922467136664743 -0.1691415842155628 -0.16905847873147106 -0.16897535491453963 -0.16889221276500077 -0.16880905228304544 -0.16872587346888857 -0.16864267632270824 -0.1685594608447465 -0.1684762270352005 -0.16839297489426697 -0.1683097044221693 -0.16822641561911977 -0.16814310848532354 -0.16805978302099955 -0.16797643922634986 -0.1678930771016116 -0.1678096966469944 -0.167726297862703 -0.16764288074897982 -0.16755944530601852 -0.16747599153406778 -0.167392519433331 -0.16730902900404088 -0.16722552024641857 -0.16714199316069323 -0.16705844774708734 -0.16697488400582872 -0.16689130193714652 -0.16680770154127744 -0.1667240828184462 -0.16664044576888104 -0.16655679039283466 -0.16647311669051845 -0.16638942466217976 -0.1663057143080584 -0.16622198562838797 -0.16613823862339938 -0.16605447329334044 -0.16597068963846073 -0.16588688765898985 -0.1658030673551707 -0.1657192287272511 -0.16563537177549037 -0.1655514965001048 -0.16546760290135776 -0.165383690979517 -0.16529976073480857 -0.16521581216748427 -0.16513184527780345 -0.1650478600660179 -0.16496385653238166 -0.16487983467715184 -0.16479579450057757 -0.16471173600292932 -0.164627659184454 -0.1645435640454056 -0.16445945058606704 -0.16437531880667988 -0.1642911687075137 -0.1642070002888345 -0.16412281355091674 -0.1640386084940011 -0.16395438511838067 -0.16387014342431083 -0.16378588341205713 -0.1637016050819069 -0.1636173084341137 -0.1635329934689569 -0.16344866018671178 -0.16336430858766038 -0.1632799386720638 -0.16319555044021206 -0.16311114389237247 -0.16302671902883548 -0.16294227584987642 -0.1628578143557684 -0.16277333454680853 -0.1626888364232717 -0.1626043199854501 -0.162519785233616 -0.16243523216806732 -0.16235066078909455 -0.162266071096977 -0.16218146309201087 -0.16209683677449727 -0.16201219214469997 -0.16192752920294318 -0.1618428479495022 -0.16175814838467328 -0.16167343050878147 -0.161588694322087 -0.16150393982489764 -0.1614191670175371 -0.16133437590027722 -0.16124956647343192 -0.1611647387373112 -0.16107989269220457 -0.16099502833843937 -0.16091014567630957 -0.1608252447061198 -0.16074032542817918 -0.16065538784279543 -0.16057043195029808 -0.16048545775097 -0.1604004652451505 -0.1603154544331411 -0.16023042531526732 -0.16014537789182448 -0.16006031216315186 -0.159975228129559 -0.15989012579135808 -0.15980500514889062 -0.15971986620245993 -0.15963470895239507 -0.15954953339902334 -0.15946433954266181 -0.15937912738365023 -0.15929389692230522 -0.1592086481589563 -0.1591233810939361 -0.1590380957275701 -0.15895279206019053 -0.1588674700921313 -0.15878212982373796 -0.15869677125534265 -0.158611394387266 -0.15852599921985844 -0.15844058575345032 -0.15835515398838496 -0.15826970392499318 -0.15818423556364003 -0.1580987489046577 -0.1580132439483779 -0.15792772069515992 -0.15784217914533727 -0.15775661929926166 -0.15767104115729502 -0.15758544471976021 -0.15749982998703782 -0.1574141969594498 -0.15732854563737053 -0.15724287602114684 -0.15715718811112867 -0.15707148190768283 -0.15698575741114906 -0.15690001462190306 -0.1568142535402841 -0.15672847416667546 -0.15664267650141905 -0.1565568605449008 -0.15647102629745557 -0.15638517375946037 -0.1562993029312829 -0.1562134138132878 -0.15612750640584983 -0.15604158070933627 -0.15595563672409485 -0.15586967445052569 -0.1557836938889987 -0.15569769503986253 -0.15561167790351726 -0.1555256424803133 -0.15543958877065656 -0.15535351677491027 -0.1552674264934506 -0.15518131792665502 -0.15509519107491476 -0.15500904593860199 -0.1549228825181017 -0.1548367008138123 -0.15475050082609654 -0.15466428255535414 -0.15457804600197544 -0.15449179116633927 -0.1544055180488324 -0.1543192266498652 -0.15423291696980845 -0.15414658900907385 -0.15406024276804242 -0.15397387824710407 -0.15388749544666958 -0.15380109436713196 -0.15371467500888425 -0.15362823737233056 -0.1535417814578559 -0.15345530726589107 -0.15336881479682507 -0.1532823040510607 -0.15319577502899273 -0.15310922773103552 -0.1530226621576105 -0.15293607830912048 -0.1528494761859478 -0.15276285578851923 -0.15267621711726642 -0.1525895601725793 -0.1525028849548753 -0.1524161914645763 -0.15232947970208022 -0.15224274966783424 -0.1521560013622234 -0.15206923478569712 -0.1519824499386595 -0.15189564682152534 -0.15180882543472274 -0.15172198577867713 -0.15163512785381794 -0.1515482516605644 -0.15146135719934817 -0.15137444447059156 -0.15128751347473068 -0.15120056421219097 -0.1511135966833912 -0.15102661088878566 -0.15093960682879848 -0.15085258450386263 -0.15076554391441244 -0.15067848506088577 -0.15059140794371695 -0.15050431256335806 -0.15041719892023275 -0.1503300670147918 -0.1502429168474695 -0.15015574841871526 -0.1500685617289763 -0.14998135677869584 -0.1498941335683086 -0.14980689209828135 -0.14971963236904706 -0.14963235438106093 -0.14954505813476926 -0.14945774363063258 -0.14937041086910385 -0.1492830598506334 -0.14919569057566706 -0.14910830304466804 -0.14902089725810752 -0.14893347321642647 -0.14884603092008764 -0.14875857036955198 -0.14867109156528047 -0.14858359450774605 -0.14849607919739416 -0.14840854563470662 -0.1483209938201444 -0.14823342375417337 -0.1481458354372549 -0.1480582288698673 -0.14797060405248752 -0.14788296098556986 -0.14779529966959393 -0.14770762010503402 -0.1476199222923693 -0.1475322062320723 -0.1474444719246133 -0.14735671937048167 -0.14726894857014816 -0.14718115952409905 -0.14709335223280906 -0.14700552669676092 -0.1469176829164427 -0.14682982089233843 -0.14674194062492996 -0.14665404211470667 -0.14656612536215174 -0.14647819036777232 -0.14639023713203336 -0.1463022656554407 -0.1462142759384859 -0.1461262679816535 -0.146038241785452 -0.14595019735036008 -0.14586213467687825 -0.14577405376552122 -0.14568595461675704 -0.14559783723111241 -0.14550970160908605 -0.14542154775116334 -0.1453333756578572 -0.14524518532967612 -0.1451569767671237 -0.14506874997069774 -0.14498050494090808 -0.14489224167826809 -0.1448039601832911 -0.14471566045646878 -0.14462734249833753 -0.14453900630938943 -0.1444506518901525 -0.14436227924114586 -0.1442738883628638 -0.14418547925583614 -0.14409705192058686 -0.14400860635762402 -0.14392014256747698 -0.14383166055066088 -0.14374316030770506 -0.1436546418391309 -0.14356610514545087 -0.14347755022722675 -0.14338897708494436 -0.1433003857191375 -0.14321177613035996 -0.14312314831912998 -0.14303450228596626 -0.1429458380314097 -0.14285715555599765 -0.14276845486027323 -0.14267973594476002 -0.14259099880998516 -0.14250224345650375 -0.14241346988484205 -0.14232467809554894 -0.14223586808917243 -0.14214703986623167 -0.1420581934272933 -0.1419693287728916 -0.14188044590356785 -0.14179154481987233 -0.14170262552235657 -0.14161368801156105 -0.14152473228804574 -0.14143575835234667 -0.14134676620504028 -0.14125775584665812 -0.1411687272777571 -0.1410796804988963 -0.1409906155106344 -0.1409015323135292 -0.14081243090813178 -0.1407233112950057 -0.14063417347471496 -0.14054501744780756 -0.14045584321486437 -0.14036665077644583 -0.14027744013310128 -0.1401882112854187 -0.14009896423395274 -0.14000969897926963 -0.13992041552194268 -0.13983111386254699 -0.1397417940016532 -0.13965245593981912 -0.13956309967763447 -0.13947372521567258 -0.13938433255449567 -0.13929492169470103 -0.13920549263684956 -0.1391160453815221 -0.13902657992930445 -0.13893709628079387 -0.13884759443653616 -0.1387580743971335 -0.13866853616318364 -0.13857897973525057 -0.13848940511393826 -0.1383998122998218 -0.1383102012934918 -0.13822057209554206 -0.13813092470656008 -0.1380412591271334 -0.1379515753578766 -0.13786187339935463 -0.13777215325219405 -0.1376824149169611 -0.13759265839426904 -0.13750288368471564 -0.13741309078888486 -0.13732327970740865 -0.13723345044086432 -0.13714360298986827 -0.13705373735501425 -0.13696385353691198 -0.1368739515361561 -0.13678403135337458 -0.13669409298916424 -0.1366041364441286 -0.13651416171889386 -0.13642416881406305 -0.13633415773024193 -0.13624412846805134 -0.13615408102811966 -0.13606401541102997 -0.135973931617428 -0.13588382964792434 -0.13579370950312786 -0.13570357118366827 -0.13561341469015886 -0.13552324002324134 -0.13543304718352145 -0.13534283617162046 -0.13525260698817831 -0.1351623596338123 -0.13507209410915078 -0.1349818104148306 -0.13489150855147658 -0.13480118851970646 -0.13471085032017793 -0.13462049395350784 -0.13453011942032633 -0.1344397267212858 -0.13434931585701015 -0.13425888682813714 -0.13416843963530178 -0.13407797427915558 -0.13398749076033 -0.13389698907947079 -0.1338064692372254 -0.13371593123423198 -0.13362537507113448 -0.13353480074856883 -0.13344420826721315 -0.13335359762767496 -0.13326296883063815 -0.13317232187674177 -0.13308165676662798 -0.13299097350096245 -0.13290027208039534 -0.13280955250556747 -0.1327188147771614 -0.13262805889581175 -0.13253728486218552 -0.1324464926769422 -0.1323556823407266 -0.13226485385423103 -0.13217400721808703 -0.1320831424329887 -0.13199225949956706 -0.13190135841849937 -0.13181043919045798 -0.13171950181611747 -0.1316285462961364 -0.1315375726311796 -0.13144658082193184 -0.13135557086905614 -0.13126454277321375 -0.13117349653510058 -0.13108243215538895 -0.13099134963475434 -0.13090024897385755 -0.1308091301733909 -0.13071799323403033 -0.13062683815645526 -0.13053566494135982 -0.1304444735894159 -0.130353264101291 -0.13026203647770762 -0.13017079071932125 -0.13007952682682777 -0.12998824480092086 -0.12989694464228219 -0.1298056263516112 -0.1297142899295851 -0.1296229353769136 -0.1295315626942748 -0.12944017188236678 -0.12934876294189435 -0.1292573358735467 -0.12916589067801887 -0.12907442735601382 -0.12898294590823633 -0.12889144633538097 -0.12879992863814405 -0.128708392817237 -0.12861683887336817 -0.12852526680723608 -0.1284336766195504 -0.12834206831101547 -0.12825044188233692 -0.12815879733423374 -0.1280671346674045 -0.12797545388257703 -0.127883754980453 -0.12779203796175365 -0.12770030282717038 -0.1276085495774475 -0.127516778213296 -0.12742498873542996 -0.1273331811445657 -0.12724135544142978 -0.1271495116267385 -0.12705764970121214 -0.12696576966558304 -0.12687387152056617 -0.1267819552668974 -0.12669002090529347 -0.12659806843649735 -0.12650609786123157 -0.12641410918020668 -0.12632210239417763 -0.12623007750385762 -0.12613803450999717 -0.1260459734133179 -0.1259538942145806 -0.12586179691448418 -0.1257696815137863 -0.12567754801322595 -0.12558539641354516 -0.12549322671547358 -0.12540103891975862 -0.1253088330271468 -0.12521660903837395 -0.1251243669541915 -0.1250321067753486 -0.12493982850257845 -0.12484753213664579 -0.12475521767829889 -0.12466288512826562 -0.12457053448731692 -0.12447816575620863 -0.12438577893568326 -0.12429337402649931 -0.12420095102941975 -0.12410850994518086 -0.12401605077456512 -0.1239235735183093 -0.12383107817718919 -0.12373856475196465 -0.12364603324338619 -0.12355348365222385 -0.12346091597925657 -0.12336833022521887 -0.12327572639089945 -0.12318310447706038 -0.12309046448446503 -0.1229978064138959 -0.12290513026611061 -0.12281243604188585 -0.1227197237419908 -0.12262699336720662 -0.12253424491830733 -0.12244147839605901 -0.1223486938012548 -0.12225589113465674 -0.1221630703970531 -0.1220702315892126 -0.12197737471193193 -0.12188449976599003 -0.12179160675215828 -0.1216986956712387 -0.12160576652400445 -0.12151281931124824 -0.12141985403374811 -0.12132687069230608 -0.12123386928770774 -0.1211408498207347 -0.12104781229219252 -0.1209547567028677 -0.12086168305355116 -0.12076859134504936 -0.12067548157814167 -0.12058235375363457 -0.12048920787232875 -0.12039604393502135 -0.12030286194250905 -0.12020966189560545 -0.12011644379509878 -0.12002320764179686 -0.11992995343650747 -0.11983668118002822 -0.11974339087317265 -0.11965008251675968 -0.11955675611158378 -0.11946341165845187 -0.1193700491581815 -0.11927666861158892 -0.11918327001948059 -0.11908985338266787 -0.11899641870198341 -0.11890296597821903 -0.11880949521222117 -0.11871600640477453 -0.11862249955672022 -0.1185289746688798 -0.11843543174206905 -0.11834187077710201 -0.11824829177481577 -0.11815469473604123 -0.11806107966158574 -0.11796744655228775 -0.11787379540897103 -0.11778012623246381 -0.1176864390236032 -0.11759273378321655 -0.11749901051213918 -0.11740526921118732 -0.11731150988121586 -0.11721773252306056 -0.1171239371375341 -0.11703012372549892 -0.11693629228778768 -0.11684244282524148 -0.11674857533869121 -0.11665468982898108 -0.11656078629695799 -0.11646686474347545 -0.11637292516935638 -0.11627896757546985 -0.11618499196264853 -0.11609099833174641 -0.1159969866836077 -0.11590295701907705 -0.11580890933902355 -0.11571484364429319 -0.11562075993572662 -0.11552665821419694 -0.11543253848055679 -0.1153384007356455 -0.11524424498032548 -0.11515007121547871 -0.11505587944194007 -0.11496166966058219 -0.11486744187225595 -0.11477319607784064 -0.11467893227820047 -0.11458465047417654 -0.11449035066664814 -0.11439603285650257 -0.11430169704457516 -0.11420734323175674 -0.11411297141890397 -0.11401858160690104 -0.11392417379661346 -0.11382974798890766 -0.11373530418467714 -0.113640842384787 -0.11354636259010631 -0.11345186480152458 -0.11335734901992378 -0.11326281524616189 -0.11316826348114617 -0.11307369372573861 -0.11297910598082916 -0.11288450024731578 -0.11278987652606043 -0.11269523481796062 -0.11260057512390009 -0.11250589744476569 -0.11241120178146113 -0.11231648813486483 -0.11222175650586452 -0.11212700689535637 -0.11203223930423922 -0.11193745373340436 -0.1118426501837475 -0.11174782865616173 -0.11165298915154898 -0.11155813167080098 -0.11146325621483033 -0.11136836278453321 -0.11127345138079736 -0.1111785220045518 -0.11108357465667629 -0.11098860933808652 -0.1108936260496951 -0.110798624792396 -0.11070360556710623 -0.11060856837472155 -0.11051351321617764 -0.11041844009236845 -0.11032334900419993 -0.11022823995260733 -0.11013311293847972 -0.11003796796275633 -0.10994280502633913 -0.10984762413014826 -0.10975242527510254 -0.10965720846212967 -0.10956197369214671 -0.1094667209660587 -0.10937145028480844 -0.10927616164932052 -0.10918085506050623 -0.1090855305193017 -0.1089901880266324 -0.10889482758342206 -0.10879944919060414 -0.108704052849109 -0.10860863855986391 -0.10851320632380945 -0.108417756141868 -0.10832228801498633 -0.10822680194407885 -0.10813129793010612 -0.10803577597399361 -0.10794023607668501 -0.10784467823911825 -0.10774910246223435 -0.10765350874695878 -0.10755789709425567 -0.10746226750507093 -0.10736661998033448 -0.10727095452099666 -0.10717527112800784 -0.10707956980231792 -0.10698385054486259 -0.1068881133566113 -0.10679235823849975 -0.10669658519149605 -0.10660079421653545 -0.10650498531458119 -0.10640915848658095 -0.10631331373350905 -0.10621745105630387 -0.10612157045592463 -0.10602567193334789 -0.10592975548951467 -0.10583382112540285 -0.10573786884196457 -0.10564189864017548 -0.10554591052098106 -0.10544990448535385 -0.10535388053427575 -0.10525783866869576 -0.10516177888959533 -0.10506570119792702 -0.10496960559468471 -0.1048734920808192 -0.1047773606573199 -0.10468121132514963 -0.10458504408529512 -0.10448885893873117 -0.10439265588641389 -0.10429643492933938 -0.10420019606848507 -0.10410393930483197 -0.10400766463936195 -0.10391137207305245 -0.10381506160688625 -0.10371873324184921 -0.10362238697893922 -0.10352602281912526 -0.10342964076340477 -0.10333324081276007 -0.10323682296818726 -0.10314038723066776 -0.10304393360119901 -0.10294746208077976 -0.10285097267039678 -0.10275446537105104 -0.10265794018371732 -0.10256139710942191 -0.10246483614914048 -0.10236825730388421 -0.10227166057465364 -0.10217504596244353 -0.10207841346825486 -0.10198176309309526 -0.1018850948379515 -0.10178840870385919 -0.10169170469181088 -0.10159498280280799 -0.10149824303786792 -0.1014014853979881 -0.10130470988419882 -0.10120791649748995 -0.10111110523887401 -0.10101427610938307 -0.10091742911001766 -0.10082056424179564 -0.10072368150574063 -0.10062678090286203 -0.10052986243418083 -0.1004329261007122 -0.1003359719034882 -0.10023899984351292 -0.10014200992182865 -0.10004500213943635 -0.09994797649738585 -0.0998509329966879 -0.0997538716383719 -0.09965679242346859 -0.09955969535301046 -0.09946258042800782 -0.09936544764950606 -0.0992682970185439 -0.09917112853614762 -0.09907394220334043 -0.09897673802117346 -0.09887951599068101 -0.0987822761128827 -0.09868501838884569 -0.0985877428195856 -0.09849044940613849 -0.09839313814957595 -0.09829580905090962 -0.09819846211119332 -0.09810109733148309 -0.09800371471280744 -0.0979063142562211 -0.09780889596276765 -0.0977114598334925 -0.09761400586945701 -0.09751653407169458 -0.09741904444127059 -0.09732153697923662 -0.09722401168663364 -0.09712646856453189 -0.09702890761399185 -0.09693132883604472 -0.0968337322317514 -0.09673611780220082 -0.09663848554842858 -0.09654083547149206 -0.09644316757246951 -0.09634548185240144 -0.09624777831238474 -0.09615005695345324 -0.09605231777667989 -0.0959545607831469 -0.0958567859738948 -0.09575899335000893 -0.09566118291257242 -0.09556335466263466 -0.09546550860127345 -0.09536764472956749 -0.09526976304858525 -0.09517186355940765 -0.09507394626309962 -0.09497601116075183 -0.09487805825342477 -0.09478008754222156 -0.09468209902820313 -0.09458409271245216 -0.0944860685960558 -0.09438802668009805 -0.09428996696566205 -0.09419188945383405 -0.09409379414569896 -0.09399568104235057 -0.09389755014485202 -0.09379940145432464 -0.09370123497183647 -0.0936030506984884 -0.09350484863538577 -0.09340662878358152 -0.09330839114422318 -0.09321013571836323 -0.09311186250712167 -0.09301357151157408 -0.09291526273285022 -0.09281693617202746 -0.09271859183020936 -0.09262022970850614 -0.09252184980799694 -0.0924234521298275 -0.09232503667505876 -0.09222660344480804 -0.09212815244020156 -0.0920296836623331 -0.09193119711230624 -0.09183269279122541 -0.09173417070023149 -0.0916356308404156 -0.09153707321287463 -0.09143849781874369 -0.09133990465914055 -0.09124129373517587 -0.09114266504795143 -0.09104401859860678 -0.09094535438824325 -0.09084667241798972 -0.09074797268897017 -0.09064925520229306 -0.09055051995910102 -0.09045176696050472 -0.09035299620761883 -0.09025420770158687 -0.09015540144352485 -0.0900565774345714 -0.08995773567585497 -0.08985887616848576 -0.0897599989136233 -0.08966110391238757 -0.0895621911658866 -0.08946326067529231 -0.08936431244171938 -0.0892653464663149 -0.08916636275021173 -0.0890673612945303 -0.08896834210043592 -0.08886930516904457 -0.08877025050151666 -0.08867117809899616 -0.08857208796261107 -0.08847298009351379 -0.08837385449283985 -0.08827471116174657 -0.08817555010137967 -0.08807637131288093 -0.08797717479739608 -0.08787796055609132 -0.0877787285901035 -0.08767947890058814 -0.08758021148869588 -0.08748092635558269 -0.08738162350242096 -0.08728230293034578 -0.08718296464051134 -0.08708360863407982 -0.08698423491222851 -0.08688484347610403 -0.08678543432684815 -0.08668600746565591 -0.08658656289366862 -0.08648710061205955 -0.08638762062199534 -0.08628812292461996 -0.08618860752115642 -0.08608907441270697 -0.08598952360047107 -0.08588995508562691 -0.08579036886931979 -0.08569076495275407 -0.08559114333707774 -0.08549150402347516 -0.08539184701313429 -0.08529217230719688 -0.08519247990686729 -0.08509276981332192 -0.08499304202772251 -0.08489329655127342 -0.08479353338514173 -0.08469375253049405 -0.08459395398854941 -0.08449413776046244 -0.08439430384742153 -0.08429445225064525 -0.08419458297127047 -0.08409469601052644 -0.08399479136958021 -0.0838948690496304 -0.08379492905186492 -0.08369497137747972 -0.0835949960276614 -0.08349500300360146 -0.08339499230651848 -0.0832949639375653 -0.08319491789798317 -0.08309485418894713 -0.08299477281165579 -0.08289467376730775 -0.0827945570571269 -0.08269442268229454 -0.08259427064401903 -0.08249410094349585 -0.08239391358193293 -0.08229370856055018 -0.08219348588055553 -0.08209324554312358 -0.08199298754950668 -0.08189271190087943 -0.08179241859848307 -0.08169210764350598 -0.08159177903716808 -0.0814914327806826 -0.08139106887526815 -0.08129068732214728 -0.0811902881225195 -0.08108987127762157 -0.080989436788661 -0.08088898465686167 -0.08078851488342487 -0.08068802746960424 -0.08058752241661393 -0.0804869997256632 -0.08038645939799904 -0.08028590143481384 -0.08018532583737814 -0.08008473260687854 -0.07998412174456293 -0.079883493251665 -0.07978284712941486 -0.07968218337904398 -0.07958150200176783 -0.07948080299883342 -0.07938008637149396 -0.07927935212095161 -0.07917860024845869 -0.07907783075527197 -0.07897704364259228 -0.07887623891168305 -0.07877541656376374 -0.07867457660011423 -0.07857371902194776 -0.07847284383050557 -0.0783719510270644 -0.07827104061282775 -0.07817011258906881 -0.07806916695703503 -0.07796820371795876 -0.07786722287309722 -0.07776622442369874 -0.07766520837103297 -0.07756417471633226 -0.07746312346084672 -0.0773620546058571 -0.07726096815259531 -0.07715986410231856 -0.07705874245628586 -0.07695760321576417 -0.07685644638201561 -0.0767552719562894 -0.07665407993985118 -0.07655287033396263 -0.07645164313987607 -0.07635039835887225 -0.07624913599222571 -0.07614785604116525 -0.07604655850698716 -0.0759452433909571 -0.07584391069433716 -0.07574256041841387 -0.07564119256442181 -0.07553980713367725 -0.07543840412741565 -0.07533698354693863 -0.07523554539351185 -0.07513408966839208 -0.07503261637289427 -0.07493112550825609 -0.07482961707580049 -0.07472809107676959 -0.074626547512461 -0.07452498638415506 -0.07442340769311695 -0.07432181144066785 -0.07422019762805254 -0.0741185662565993 -0.074016917327548 -0.07391525084222961 -0.07381356680189377 -0.07371186520785233 -0.07361014606140337 -0.07350840936382452 -0.07340665511640632 -0.07330488332043927 -0.07320309397724323 -0.07310128708809582 -0.0729994626542827 -0.07289762067710814 -0.07279576115790709 -0.07269388409791011 -0.07259198949846679 -0.0724900773608721 -0.07238814768642365 -0.07228620047642087 -0.07218423573216182 -0.07208225345496988 -0.07198025364613558 -0.07187823630697654 -0.07177620143880059 -0.07167414904290847 -0.07157207912061381 -0.07146999167323731 -0.07136788670206995 -0.07126576420844177 -0.07116362419365352 -0.07106146665904456 -0.07095929160589165 -0.07085709903555593 -0.07075488894932347 -0.07065266134851456 -0.07055041623447522 -0.07044815360850398 -0.07034587347192867 -0.07024357582605667 -0.07014126067223891 -0.07003892801178369 -0.06993657784601748 -0.0698342101762699 -0.0697318250038581 -0.0696294223301197 -0.06952700215639362 -0.06942456448400414 -0.0693221093142653 -0.06921963664852937 -0.06911714648812461 -0.06901463883437353 -0.06891211368863193 -0.06880957105221874 -0.06870701092647602 -0.06860443331275246 -0.06850183821236078 -0.0683992256266821 -0.0682965955570154 -0.068193948004724 -0.06809128297113887 -0.06798860045762689 -0.06788590046551013 -0.06778318299613728 -0.06768044805087436 -0.06757769563103677 -0.06747492573800562 -0.06737213837309453 -0.06726933353769393 -0.06716651123313078 -0.06706367146076353 -0.06696081422195066 -0.06685793951803509 -0.06675504735037219 -0.06665213772033951 -0.06654921062925556 -0.06644626607851434 -0.06634330406946942 -0.06624032460346285 -0.06613732768186997 -0.0660343133060497 -0.06593128147735605 -0.06582823219716527 -0.06572516546685492 -0.06562208128775548 -0.0655189796612583 -0.06541586058871962 -0.065312724071525 -0.0652095701110289 -0.06510639870858803 -0.06500320986561992 -0.06490000358345593 -0.0647967798634701 -0.0646935387070613 -0.06459028011558976 -0.06448700409043173 -0.06438371063297099 -0.06428039974458155 -0.06417707142663787 -0.06407372568053082 -0.06397036250762644 -0.06386698190933204 -0.06376358388699499 -0.06366016844203148 -0.06355673557580577 -0.0634532852897074 -0.06334981758513036 -0.06324633246345979 -0.0631428299260901 -0.06303930997439311 -0.06293577260977523 -0.06283221783362647 -0.0627286456473235 -0.0626250560522843 -0.06252144904989265 -0.06241782464152612 -0.06231418282860712 -0.06221052361251056 -0.06210684699465485 -0.06200315297642556 -0.06189944155922955 -0.06179571274446616 -0.06169196653353737 -0.06158820292783673 -0.06148442192878667 -0.061380623537781176 -0.06127680775621558 -0.06117297458549764 -0.061069124027062216 -0.06096525608230241 -0.06086137075261222 -0.0607574680394265 -0.06065354794413702 -0.06054961046816354 -0.060445655612914706 -0.060341683379814715 -0.060237693770272216 -0.060133686785696305 -0.06002966242752317 -0.05992562069715035 -0.0598215615960096 -0.05971748512550423 -0.059613391287075324 -0.059509280082142624 -0.05940515151210857 -0.059301005578413335 -0.05919684228248512 -0.0590926616257379 -0.05898846360959853 -0.058884248235503645 -0.05878001550487211 -0.05867576541913344 -0.0585714979797185 -0.05846721318806969 -0.05836291104559832 -0.058258591553750794 -0.058154254713967735 -0.058049900527662235 -0.05794552899629357 -0.05784114012126862 -0.057736733904056425 -0.05763231034607719 -0.057527869448787516 -0.05742341121360184 -0.057318935641972324 -0.057214442735354254 -0.057109932495170046 -0.05700540492287276 -0.056900860019923005 -0.05679629778774098 -0.05669171822778196 -0.0565871213415039 -0.056482507130347415 -0.056377875595747806 -0.056273226739181226 -0.05616856056208164 -0.0560638770659172 -0.055959176252123655 -0.05585445812217582 -0.055749722677497004 -0.055644969919579346 -0.05554019984985059 -0.055435412469780676 -0.05533060778083376 -0.05522578578446646 -0.055120946482141164 -0.05501608987530959 -0.05491121596544035 -0.054806324753995384 -0.05470141624243707 -0.05459649043224912 -0.054491547324882816 -0.0543865869217961 -0.05428160922446823 -0.05417661423437137 -0.05407160195296257 -0.05396657238172642 -0.05386152552212664 -0.053756461375646936 -0.053651379943739474 -0.053546281227902615 -0.05344116522960185 -0.053336031950303564 -0.053230881391502116 -0.053125713554661225 -0.05302052844127614 -0.05291532605281324 -0.052810106390763334 -0.05270486945659947 -0.05259961525180046 -0.052494343777873986 -0.052389055036276666 -0.05228374902850774 -0.05217842575605047 -0.05207308522038945 -0.05196772742302702 -0.051862352365440234 -0.05175696004912744 -0.05165155047555725 -0.05154612364625111 -0.051440679562686054 -0.05133521822636 -0.05122973963876998 -0.0511242438014019 -0.051018730715760796 -0.05091320038334057 -0.05080765280564359 -0.05070208798418285 -0.05059650592042608 -0.05049090661589162 -0.05038529007207915 -0.05027965629050657 -0.0501740052726487 -0.05006833702003233 -0.04996265153415402 -0.049856948816532576 -0.04975122886866279 -0.04964549169205856 -0.04953973728822536 -0.04943396565866642 -0.04932817680491519 -0.04922237072847535 -0.049116547430847035 -0.04901070691355569 -0.048904849178106335 -0.04879897422602042 -0.04869308205882206 -0.04858717267801982 -0.048481246085142704 -0.04837530228169884 -0.04826934126920479 -0.048163363049182895 -0.04805736762316881 -0.047951354992683104 -0.047845325159244556 -0.04773927812436529 -0.047633213889601844 -0.0475271324564468 -0.047421033826447356 -0.04731491800112453 -0.047208784982022856 -0.047102634770650464 -0.04699646736854746 -0.046890282777245496 -0.0467840809982909 -0.04667786203320157 -0.04657162588351138 -0.04646537255076 -0.04635910203648619 -0.04625281434222872 -0.04614650946953036 -0.04604018741990945 -0.04593384819491897 -0.04582749179611101 -0.045721118225020785 -0.04561472748318085 -0.04550831957213086 -0.045401894493443784 -0.04529545224864506 -0.045188992839284126 -0.04508251626690418 -0.04497602253305111 -0.04486951163929387 -0.044762983587148586 -0.04465643837820732 -0.04454987601398841 -0.04444329649606926 -0.04433669982598465 -0.0442300860052951 -0.04412345503556514 -0.04401680691833265 -0.04391014165517548 -0.04380345924763285 -0.0436967596972746 -0.043590043005655055 -0.04348330917434318 -0.04337655820489417 -0.04326979009886811 -0.043163004857838416 -0.04305620248336561 -0.04294938297700224 -0.04284254634032614 -0.04273569257489829 -0.042628821682304974 -0.04252193366409429 -0.04241502852185253 -0.04230810625713044 -0.04220116687150366 -0.042094210366562024 -0.04198723674387139 -0.04188024600499585 -0.04177323815150613 -0.04166621318499031 -0.041559171107036 -0.0414521119192095 -0.04134503562307312 -0.04123794222023358 -0.0411308317122554 -0.04102370410071643 -0.04091655938720873 -0.04080939757331903 -0.040702218660611855 -0.0405950226506957 -0.04048780954514397 -0.040380579345548284 -0.04027333205349004 -0.04016606767055597 -0.04005878619833014 -0.039951487638416605 -0.039844171992411415 -0.039736839261889756 -0.03962948944843969 -0.03952212255368437 -0.039414738579192754 -0.039307337526567565 -0.039199919397406635 -0.03909248419329625 -0.038985031915849344 -0.03887756256664998 -0.038770076147323085 -0.03866257265944517 -0.03855505210461985 -0.03844751448445427 -0.038339959800561374 -0.038232388054537214 -0.03812479924798362 -0.0380171933825042 -0.03790957045971455 -0.03780193048122005 -0.037694273448624305 -0.0375865993635367 -0.03747890822757949 -0.037371200042353614 -0.03726347480946002 -0.03715573253053339 -0.03704797320718267 -0.03694019684101679 -0.036832403433649574 -0.036724592986709936 -0.03661676550180237 -0.036508920980540704 -0.03640105942455385 -0.03629318083545474 -0.03618528521487985 -0.03607737256443455 -0.035969442885745107 -0.035861496180447094 -0.03575353245015078 -0.03564555169647621 -0.03553755392106517 -0.03542953912552571 -0.03532150731152184 -0.03521345848064428 -0.03510539263453616 -0.03499730977481175 -0.034889209903149254 -0.03478109302112964 -0.0346729591304098 -0.03456480823261687 -0.03445664032939222 -0.03434845542236875 -0.03424025351317983 -0.034132034603457484 -0.03402379869484973 -0.033915545789004575 -0.033807275887544286 -0.033698988992114653 -0.0335906851043517 -0.03348236422590789 -0.033374026358437 -0.033265671503546645 -0.03315729966291814 -0.033048910838177736 -0.032940505030985445 -0.03283208224297951 -0.032723642475807946 -0.03261518573111699 -0.03250671201056177 -0.03239822131581427 -0.032289713648491425 -0.03218118901025635 -0.03207264740277482 -0.03196408882770019 -0.0318555132866698 -0.03174692078135921 -0.03163831131341599 -0.03152968488450547 -0.03142104149627212 -0.03131238115039414 -0.031203703848522668 -0.03109500959230127 -0.030986298383428146 -0.030877570223553086 -0.030768825114320553 -0.030660063057414977 -0.030551284054491035 -0.030442488107242927 -0.030333675217293354 -0.03022484538635295 -0.03011599861605685 -0.030007134908084154 -0.029898254264133506 -0.02978935668584226 -0.029680442174895294 -0.02957151073296549 -0.029462562361731504 -0.029353597062851566 -0.02924461483802565 -0.029135615688915983 -0.029026599617218096 -0.028917566624561797 -0.028808516712691468 -0.028699449883250683 -0.028590366137915435 -0.02848126547837948 -0.028372147906330802 -0.028263013423445393 -0.028153862031400134 -0.0280446937319061 -0.027935508526616637 -0.027826306417233493 -0.027717087405448648 -0.027607851492971403 -0.027498598681428454 -0.02738932897256019 -0.027280042368058144 -0.027170738869599198 -0.02706141847886867 -0.026952081197577193 -0.02684272702741408 -0.026733355970080197 -0.02662396802726663 -0.02651456320065071 -0.026405141491957274 -0.026295702902889406 -0.026186247435129317 -0.0260767750903792 -0.025967285870346135 -0.025857779776726098 -0.025748256811214176 -0.025638716975547204 -0.025529160271391405 -0.025419586700468066 -0.025309996264503365 -0.025200388965177734 -0.02509076480420136 -0.024981123783288428 -0.024871465904158896 -0.024761791168497194 -0.024652099578043707 -0.024542391134499297 -0.02443266583957593 -0.02432292369498157 -0.02421316470243795 -0.024103388863663255 -0.023993596180361454 -0.02388378665426094 -0.02377396028708345 -0.02366411708054228 -0.023554257036351167 -0.02344438015622563 -0.023334486441911384 -0.023224575895112842 -0.023114648517551295 -0.023004704310970236 -0.022894743277072305 -0.022784765417593 -0.022674770734251393 -0.022564759228782094 -0.022454730902913056 -0.022344685758370453 -0.022234623796876907 -0.022124545020186126 -0.022014449430010075 -0.021904337028077148 -0.021794207816131728 -0.021684061795897325 -0.021573898969122318 -0.02146371933754132 -0.021353522902882727 -0.021243309666869603 -0.021133079631274754 -0.021022832797807478 -0.020912569168225925 -0.020802288744260267 -0.020691991527646003 -0.020581677520141728 -0.02047134672348072 -0.020360999139413583 -0.020250634769671816 -0.0201402536160038 -0.020029855680176567 -0.019919440963904744 -0.019809009468961136 -0.0196985611970808 -0.01958809615002588 -0.019477614329529214 -0.019367115737368046 -0.019256600375265442 -0.019146068244989767 -0.019035519348283625 -0.018924953686924706 -0.018814371262633856 -0.018703772077195424 -0.018593156132372002 -0.01848252342987866 -0.018371873971528174 -0.018261207759047604 -0.018150524794185774 -0.01803982507872881 -0.017929108614449962 -0.01781837540307718 -0.01770762544638682 -0.017596858746151245 -0.01748607530412638 -0.017375275122085032 -0.017264458201786237 -0.017153624544996582 -0.01704277415350175 -0.016931907029048787 -0.016821023173425154 -0.016710122588382337 -0.01659920527572023 -0.016488271237182772 -0.016377320474557422 -0.016266352989620536 -0.016155368784130708 -0.016044367859890052 -0.015933350218652276 -0.015822315862206615 -0.015711264792310775 -0.015600197010774863 -0.015489112519357917 -0.015378011319837182 -0.015266893414020988 -0.015155758803656383 -0.015044607490560136 -0.014933439476480626 -0.014822254763226184 -0.014711053352580716 -0.014599835246322357 -0.014488600446239008 -0.014377348954131453 -0.014266080771768053 -0.014154795900955364 -0.01404349434345864 -0.013932176101109306 -0.013820841175654408 -0.013709489568920485 -0.013598121282688336 -0.01348673631874453 -0.013375334678904949 -0.01326391636493307 -0.0131524813786692 -0.01304102972186394 -0.012929561396343825 -0.012818076403912748 -0.01270657474634973 -0.012595056425470652 -0.012483521443058976 -0.012371969800947902 -0.012260401500904905 -0.012148816544759189 -0.012037214934298657 -0.011925596671350291 -0.011813961757687341 -0.011702310195158994 -0.011590641985535832 -0.01147895713064262 -0.011367255632284579 -0.011255537492271817 -0.011143802712422435 -0.011032051294543876 -0.010920283240454243 -0.010808498551930334 -0.010696697230855978 -0.010584879278985326 -0.01047304469816579 -0.010361193490192822 -0.010249325656896513 -0.010137441200088748 -0.010025540121601395 -0.009913622423239232 -0.009801688106835016 -0.009689737174182422 -0.009577769627155952 -0.009465785467521304 -0.009353784697137879 -0.00924176731781401 -0.009129733331398437 -0.009017682739676847 -0.008905615544513523 -0.00879353174771813 -0.008681431351122537 -0.008569314356547064 -0.008457180765842232 -0.008345030580815926 -0.00823286380331334 -0.008120680435164562 -0.008008480478198798 -0.007896263934257242 -0.007784030805166431 -0.0076717810927546815 -0.007559514798895606 -0.007447231925378439 -0.007334932474067468 -0.007222616446795449 -0.007110283845405352 -0.006997934671727268 -0.006885568927607277 -0.006773186614890125 -0.006660787735421003 -0.006548372291033555 -0.006435940283572972 -0.006323491714896434 -0.006211026586836255 -0.006098544901235403 -0.005986046659970157 -0.0058735318648581725 -0.005761000517752635 -0.0056484526205062835 -0.005535888174962089 -0.005423307182991888 -0.005310709646430656 -0.005198095567148009 -0.00508546494696871 -0.00497281778776415 -0.004860154091400393 -0.004747473859708862 -0.004634777094549403 -0.004522063797804954 -0.004409333971313156 -0.004296587616926306 -0.004183824736520236 -0.004071045331941026 -0.003958249405066283 -0.0038454369577456404 -0.0037326079918504895 -0.003619762509226021 -0.003506900511749844 -0.0033940220013017885 -0.0032811269797119458 -0.0031682154488703596 -0.003055287410644869 -0.002942342866886438 -0.0028293818194851106 -0.0027164042702989555 -0.0026034102212175725 -0.002490399674079047 -0.0023773726307689813 -0.002264329093173867 -0.0021512690631451115 -0.002038192542564321 -0.001925099533319763 -0.001811990037267286 -0.001698864056312921 -0.0015857215922960854 -0.0014725626471050468 -0.0013593872226334014 -0.0012461953207631993 -0.0011329869433507334 -0.0010197620923011463 -9.065207694760602e-4 -7.932629767752886e-4 -6.799887160671148e-4 -5.666979892486879e-4 -4.533907981931762e-4 -3.40067144798617e-4 -2.2672703094706037e-4 -1.1337045852588545e-4 2.570605950324989e-9)
